YJコード,品名,成分名,規格,薬価,経過措置期限
1121001X1018,ブロモバレリル尿素,ブロモバレリル尿素,１ｇ,7.5,
1123001X1012,抱水クロラール,抱水クロラール,１ｇ,36.9,
1124001B1039,ユーロジン散１％,エスタゾラム,１％１ｇ,36,
1124001F1022,ユーロジン１ｍｇ錠,エスタゾラム,１ｍｇ１錠,6.3,
1124001F1030,エスタゾラム錠１ｍｇ「アメル」,エスタゾラム,１ｍｇ１錠,6.3,
1124001F2029,ユーロジン２ｍｇ錠,エスタゾラム,２ｍｇ１錠,7.4,
1124001F2037,エスタゾラム錠２ｍｇ「アメル」,エスタゾラム,２ｍｇ１錠,6.3,
1124002M2022,ダルメートカプセル１５,フルラゼパム塩酸塩,１５ｍｇ１カプセル,6.3,
1124003C1017,ニトラゼパム１％細粒,ニトラゼパム,１％１ｇ,16.2,
1124003C1092,ベンザリン細粒１％,ニトラゼパム,１％１ｇ,21.1,
1124003F1021,ベンザリン錠２,ニトラゼパム,２ｍｇ１錠,7.9,
1124003F2010,ニトラゼパム５ｍｇ錠,ニトラゼパム,５ｍｇ１錠,6.3,
1124003F2222,ベンザリン錠５,ニトラゼパム,５ｍｇ１錠,7.2,
1124003F3016,ニトラゼパム１０ｍｇ錠,ニトラゼパム,１０ｍｇ１錠,6.3,
1124003F3121,ベンザリン錠１０,ニトラゼパム,１０ｍｇ１錠,11.7,
1124007F1011,トリアゾラム０．１２５ｍｇ錠,トリアゾラム,０．１２５ｍｇ１錠,6.1,
1124007F1020,ハルシオン０．１２５ｍｇ錠,トリアゾラム,０．１２５ｍｇ１錠,6.3,
1124007F2018,トリアゾラム０．２５ｍｇ錠,トリアゾラム,０．２５ｍｇ１錠,6.3,
1124007F2026,ハルシオン０．２５ｍｇ錠,トリアゾラム,０．２５ｍｇ１錠,6.4,
1124008F1016,フルニトラゼパム１ｍｇ錠,フルニトラゼパム,１ｍｇ１錠,6.1,
1124008F1024,サイレース錠１ｍｇ,フルニトラゼパム,１ｍｇ１錠,6.4,
1124008F2012,フルニトラゼパム２ｍｇ錠,フルニトラゼパム,２ｍｇ１錠,6.3,
1124008F2020,サイレース錠２ｍｇ,フルニトラゼパム,２ｍｇ１錠,7.4,
1124009F1010,ブロチゾラム０．２５ｍｇ錠,ブロチゾラム,０．２５ｍｇ１錠,10.8,
1124009F1223,レンドルミン錠０．２５ｍｇ,ブロチゾラム,０．２５ｍｇ１錠,10.8,
1124009F2017,ブロチゾラム０．２５ｍｇ口腔内崩壊錠,ブロチゾラム,０．２５ｍｇ１錠,10.8,
1124009F2025,レンドルミンＤ錠０．２５ｍｇ,ブロチゾラム,０．２５ｍｇ１錠,10.8,
1124010F1021,エバミール錠１．０,ロルメタゼパム,１ｍｇ１錠,9.5,
1124010F1030,ロラメット錠１．０,ロルメタゼパム,１ｍｇ１錠,12.5,
1124013B1031,セレナール散１０％,オキサゾラム,１０％１ｇ,22.5,
1124013F1033,セレナール錠５,オキサゾラム,５ｍｇ１錠,6.3,
1124013F2064,セレナール錠１０,オキサゾラム,１０ｍｇ１錠,6.3,
1124014B1036,セパゾン散１％,クロキサゾラム,１％１ｇ,16.6,
1124014F1038,セパゾン錠１,クロキサゾラム,１ｍｇ１錠,6.3,
1124014F2034,セパゾン錠２,クロキサゾラム,２ｍｇ１錠,6.3,
1124015M2038,メンドンカプセル７．５ｍｇ,クロラゼプ酸二カリウム,７．５ｍｇ１カプセル,10.8,
1124017B1129,セルシン散１％,ジアゼパム,１％１ｇ,9.4,
1124017B1145,ホリゾン散１％,ジアゼパム,１％１ｇ,10.6,
1124017F2011,ジアゼパム２ｍｇ錠,ジアゼパム,２ｍｇ１錠,6.1,
1124017F2135,２ｍｇセルシン錠,ジアゼパム,２ｍｇ１錠,6.4,
1124017F2151,ホリゾン錠２ｍｇ,ジアゼパム,２ｍｇ１錠,6.4,
1124017F4014,ジアゼパム５ｍｇ錠,ジアゼパム,５ｍｇ１錠,6.2,
1124017F4049,５ｍｇセルシン錠,ジアゼパム,５ｍｇ１錠,10,
1124017F4162,ホリゾン錠５ｍｇ,ジアゼパム,５ｍｇ１錠,10,
1124017F5037,１０ｍｇセルシン錠,ジアゼパム,１０ｍｇ１錠,10.8,
1124017F5096,ジアゼパム錠１０ｍｇ「ツルハラ」,ジアゼパム,１０ｍｇ１錠,6.1,
1124020C1045,レキソタン細粒１％,ブロマゼパム,１％１ｇ,14.9,
1124020C1061,ブロマゼパム細粒１％「サンド」,ブロマゼパム,１％１ｇ,15.5,
1124020F1025,レキソタン錠１,ブロマゼパム,１ｍｇ１錠,6.3,
1124020F1041,ブロマゼパム錠１ｍｇ「サンド」,ブロマゼパム,１ｍｇ１錠,6.3,
1124020F2030,レキソタン錠２,ブロマゼパム,２ｍｇ１錠,6.3,
1124020F2056,ブロマゼパム錠２ｍｇ「サンド」,ブロマゼパム,２ｍｇ１錠,6.3,
1124020F3044,ブロマゼパム錠３ｍｇ「サンド」,ブロマゼパム,３ｍｇ１錠,6.3,
1124020F4032,レキソタン錠５,ブロマゼパム,５ｍｇ１錠,6.3,
1124020F4059,ブロマゼパム錠５ｍｇ「サンド」,ブロマゼパム,５ｍｇ１錠,6.3,
1124021F1046,メダゼパム錠２（ツルハラ）,メダゼパム,２ｍｇ１錠,8.3,
1124021F1054,レスミット錠２,メダゼパム,２ｍｇ１錠,6.3,
1124021F2123,メダゼパム錠５（ツルハラ）,メダゼパム,５ｍｇ１錠,6.3,
1124021F2166,レスミット錠５,メダゼパム,５ｍｇ１錠,6.3,
1124022F1067,ワイパックス錠０．５,ロラゼパム,０．５ｍｇ１錠,6.3,
1124022F1083,ロラゼパム錠０．５ｍｇ「サワイ」,ロラゼパム,０．５ｍｇ１錠,6.3,
1124022F2071,ワイパックス錠１．０,ロラゼパム,１ｍｇ１錠,6.3,
1124022F2110,ロラゼパム錠１ｍｇ「サワイ」,ロラゼパム,１ｍｇ１錠,6.3,
1124023F1010,アルプラゾラム０．４ｍｇ錠,アルプラゾラム,０．４ｍｇ１錠,6.3,
1124023F1029,コンスタン０．４ｍｇ錠,アルプラゾラム,０．４ｍｇ１錠,6.3,
1124023F1037,ソラナックス０．４ｍｇ錠,アルプラゾラム,０．４ｍｇ１錠,6.3,
1124023F2017,アルプラゾラム０．８ｍｇ錠,アルプラゾラム,０．８ｍｇ１錠,6.3,
1124023F2025,コンスタン０．８ｍｇ錠,アルプラゾラム,０．８ｍｇ１錠,6.8,
1124023F2033,ソラナックス０．８ｍｇ錠,アルプラゾラム,０．８ｍｇ１錠,6.4,
1124023F2084,アルプラゾラム錠０．８ｍｇ「アメル」,アルプラゾラム,０．８ｍｇ１錠,8.1,
1124026C1115,トフィソパム細粒１０％「ツルハラ」,トフィソパム,１０％１ｇ,10.4,
1124026F1014,トフィソパム５０ｍｇ錠,トフィソパム,５０ｍｇ１錠,6.3,
1124026F1022,グランダキシン錠５０,トフィソパム,５０ｍｇ１錠,6.9,
1124028B1011,クロルジアゼポキシド散,クロルジアゼポキシド,１％１ｇ,8,
1124028B1062,クロルジアゼポキシド散１％「ツルハラ」,クロルジアゼポキシド,１％１ｇ,11,
1124028B2018,クロルジアゼポキシド散,クロルジアゼポキシド,１０％１ｇ,27.6,
1124028F1013,クロルジアゼポキシド錠,クロルジアゼポキシド,５ｍｇ１錠,10.8,
1124028F2010,クロルジアゼポキシド錠,クロルジアゼポキシド,１０ｍｇ１錠,10.8,
1124029C1038,メイラックス細粒１％,ロフラゼプ酸エチル,１％１ｇ,101.6,
1124029F1018,ロフラゼプ酸エチル１ｍｇ錠,ロフラゼプ酸エチル,１ｍｇ１錠,10.8,
1124029F1026,メイラックス錠１ｍｇ,ロフラゼプ酸エチル,１ｍｇ１錠,10.8,
1124029F2014,ロフラゼプ酸エチル２ｍｇ錠,ロフラゼプ酸エチル,２ｍｇ１錠,10.8,
1124029F2022,メイラックス錠２ｍｇ,ロフラゼプ酸エチル,２ｍｇ１錠,12.7,
1124030F1010,クアゼパム１５ｍｇ錠,クアゼパム,１５ｍｇ１錠,20.6,
1124030F1029,ドラール錠１５,クアゼパム,１５ｍｇ１錠,30.9,
1124030F2017,クアゼパム２０ｍｇ錠,クアゼパム,２０ｍｇ１錠,26.7,
1124030F2025,ドラール錠２０,クアゼパム,２０ｍｇ１錠,40.1,
1124031Q1024,ドルミカムシロップ２ｍｇ／ｍＬ,ミダゾラム,０．２％１ｍＬ,1117.8,
1125001X1017,アモバルビタール,アモバルビタール,１ｇ,39.5,
1125002X1011,バルビタール,バルビタール,１ｇ,10,
1125003B2015,フェノバルビタール散１０％,フェノバルビタール,１０％１ｇ,8,
1125003B2031,フェノバール散１０％,フェノバルビタール,１０％１ｇ,10,
1125003X1016,フェノバルビタール,フェノバルビタール,１ｇ,46.3,
1125004F1023,フェノバール錠３０ｍｇ,フェノバルビタール,３０ｍｇ１錠,10.8,
1125004S1030,フェノバールエリキシル０．４％,フェノバルビタール,０．４％１ｍＬ,2,
1125006F1030,ラボナ錠５０ｍｇ,ペントバルビタールカルシウム,５０ｍｇ１錠,10.8,
1126001X1014,臭化カリウム,臭化カリウム,１０ｇ,82.6,
1126002X1019,臭化ナトリウム,臭化ナトリウム,１０ｇ,83.5,
1129004Q1031,トリクロリールシロップ１０％,トリクロホスナトリウム,１０％１ｍＬ,10.9,
1129006F1021,リスミー錠１ｍｇ,リルマザホン塩酸塩水和物,１ｍｇ１錠,10.8,
1129006F2028,リスミー錠２ｍｇ,リルマザホン塩酸塩水和物,２ｍｇ１錠,13.8,
1129007F1018,ゾピクロン７．５ｍｇ錠,ゾピクロン,７．５ｍｇ１錠,10.8,
1129007F1026,アモバン錠７．５,ゾピクロン,７．５ｍｇ１錠,10.9,R9.3.31まで
1129007F2014,ゾピクロン１０ｍｇ錠,ゾピクロン,１０ｍｇ１錠,10.8,
1129007F2022,アモバン錠１０,ゾピクロン,１０ｍｇ１錠,11.5,R9.3.31まで
1129008F1012,タンドスピロンクエン酸塩５ｍｇ錠,タンドスピロンクエン酸塩,５ｍｇ１錠,6.3,
1129008F1039,セディール錠５ｍｇ,タンドスピロンクエン酸塩,５ｍｇ１錠,7.4,
1129008F2019,タンドスピロンクエン酸塩１０ｍｇ錠,タンドスピロンクエン酸塩,１０ｍｇ１錠,8.4,
1129008F2035,セディール錠１０ｍｇ,タンドスピロンクエン酸塩,１０ｍｇ１錠,12.2,
1129008F3015,タンドスピロンクエン酸塩２０ｍｇ錠,タンドスピロンクエン酸塩,２０ｍｇ１錠,16.5,
1129008F3023,セディール錠２０ｍｇ,タンドスピロンクエン酸塩,２０ｍｇ１錠,21.3,R9.3.31まで
1129009F1017,ゾルピデム酒石酸塩５ｍｇ錠,ゾルピデム酒石酸塩,５ｍｇ１錠,10.8,
1129009F1025,マイスリー錠５ｍｇ,ゾルピデム酒石酸塩,５ｍｇ１錠,13.8,
1129009F2013,ゾルピデム酒石酸塩１０ｍｇ錠,ゾルピデム酒石酸塩,１０ｍｇ１錠,10.8,
1129009F2021,マイスリー錠１０ｍｇ,ゾルピデム酒石酸塩,１０ｍｇ１錠,21.5,
1129009F2048,ゾルピデム酒石酸塩錠１０ｍｇ「ＡＦＰ」,ゾルピデム酒石酸塩,１０ｍｇ１錠,14.1,
1129009F2110,ゾルピデム酒石酸塩錠１０ｍｇ「ＪＧ」,ゾルピデム酒石酸塩,１０ｍｇ１錠,14.1,
1129009F2234,ゾルピデム酒石酸塩錠１０ｍｇ「ケミファ」,ゾルピデム酒石酸塩,１０ｍｇ１錠,14.1,
1129009F2285,ゾルピデム酒石酸塩錠１０ｍｇ「トーワ」,ゾルピデム酒石酸塩,１０ｍｇ１錠,14.1,
1129009F2293,ゾルピデム酒石酸塩錠１０ｍｇ「日医工」,ゾルピデム酒石酸塩,１０ｍｇ１錠,14.1,
1129009F2366,ゾルピデム酒石酸塩錠１０ｍｇ「ＮＰＩ」,ゾルピデム酒石酸塩,１０ｍｇ１錠,14.1,
1129009F2374,ゾルピデム酒石酸塩錠１０ｍｇ「ＮＩＧ」,ゾルピデム酒石酸塩,１０ｍｇ１錠,13,
1129009F3010,ゾルピデム酒石酸塩５ｍｇ口腔内崩壊錠,ゾルピデム酒石酸塩,５ｍｇ１錠,10.8,
1129009F4040,ゾルピデム酒石酸塩ＯＤ錠１０ｍｇ「サワイ」,ゾルピデム酒石酸塩,１０ｍｇ１錠,10.8,
1129009F4059,ゾルピデム酒石酸塩ＯＤフィルム１０ｍｇ「モチダ」,ゾルピデム酒石酸塩,１０ｍｇ１錠,14.1,
1129009F4067,ゾルピデム酒石酸塩ＯＤ錠１０ｍｇ「トーワ」,ゾルピデム酒石酸塩,１０ｍｇ１錠,14.1,
1129009F4075,ゾルピデム酒石酸塩ＯＤ錠１０ｍｇ「日医工」,ゾルピデム酒石酸塩,１０ｍｇ１錠,14.1,R9.3.31まで
1129009S1023,ゾルピデム酒石酸塩内用液５ｍｇ「タカタ」,ゾルピデム酒石酸塩,５ｍｇ１ｍＬ１包,26.6,
1129009S2020,ゾルピデム酒石酸塩内用液１０ｍｇ「タカタ」,ゾルピデム酒石酸塩,１０ｍｇ２ｍＬ１包,30.7,
1129010F1010,エスゾピクロン１ｍｇ錠,エスゾピクロン,１ｍｇ１錠,6.7,
1129010F1028,ルネスタ錠１ｍｇ,エスゾピクロン,１ｍｇ１錠,24.2,
1129010F1044,エスゾピクロン錠１ｍｇ「ＫＭＰ」,エスゾピクロン,１ｍｇ１錠,9.1,
1129010F1052,エスゾピクロン錠１ｍｇ「ＮＰＩ」,エスゾピクロン,１ｍｇ１錠,8.7,
1129010F1079,エスゾピクロン錠１ｍｇ「ＹＤ」,エスゾピクロン,１ｍｇ１錠,8.3,
1129010F1150,エスゾピクロン錠１ｍｇ「明治」,エスゾピクロン,１ｍｇ１錠,8.3,
1129010F2016,エスゾピクロン２ｍｇ錠,エスゾピクロン,２ｍｇ１錠,10.8,
1129010F2024,ルネスタ錠２ｍｇ,エスゾピクロン,２ｍｇ１錠,40.3,
1129010F2040,エスゾピクロン錠２ｍｇ「ＫＭＰ」,エスゾピクロン,２ｍｇ１錠,15.3,
1129010F2059,エスゾピクロン錠２ｍｇ「ＮＰＩ」,エスゾピクロン,２ｍｇ１錠,14.4,
1129010F2156,エスゾピクロン錠２ｍｇ「明治」,エスゾピクロン,２ｍｇ１錠,12.9,
1129010F3012,エスゾピクロン３ｍｇ錠,エスゾピクロン,３ｍｇ１錠,12.2,
1129010F3020,ルネスタ錠３ｍｇ,エスゾピクロン,３ｍｇ１錠,45.6,
1129010F3047,エスゾピクロン錠３ｍｇ「ＫＭＰ」,エスゾピクロン,３ｍｇ１錠,19.4,
1129010F3055,エスゾピクロン錠３ｍｇ「ＮＰＩ」,エスゾピクロン,３ｍｇ１錠,17.4,
1129010F3071,エスゾピクロン錠３ｍｇ「ＹＤ」,エスゾピクロン,３ｍｇ１錠,16.7,
1129010F3080,エスゾピクロン錠３ｍｇ「アメル」,エスゾピクロン,３ｍｇ１錠,16.7,
1129010F3098,エスゾピクロン錠３ｍｇ「杏林」,エスゾピクロン,３ｍｇ１錠,17.9,
1129010F3128,エスゾピクロン錠３ｍｇ「トーワ」,エスゾピクロン,３ｍｇ１錠,16.7,
1129010F3136,エスゾピクロン錠３ｍｇ「日新」,エスゾピクロン,３ｍｇ１錠,16.7,
1129010F3152,エスゾピクロン錠３ｍｇ「明治」,エスゾピクロン,３ｍｇ１錠,16.7,
1131001A1038,クランポール末,アセチルフェネトライド,１ｇ,164.6,
1131001F1035,クランポール錠２００ｍｇ,アセチルフェネトライド,２００ｍｇ１錠,55.8,
1132001A1035,アクセノン末,エトトイン,１ｇ,201.2,
1132002B1019,フェニトイン散,フェニトイン,１０％１ｇ,15.7,
1132002F1010,フェニトイン錠,フェニトイン,２５ｍｇ１錠,11.9,
1132002F1037,アレビアチン錠２５ｍｇ,フェニトイン,２５ｍｇ１錠,12.1,
1132002F2017,フェニトイン錠,フェニトイン,１００ｍｇ１錠,12.8,
1132002F2041,アレビアチン錠１００ｍｇ,フェニトイン,１００ｍｇ１錠,12.9,
1133002B1032,ミノアレ散６６．７％,トリメタジオン,６６．７％１ｇ,36.2,
1135002C1059,プリミドン細粒９９．５％「日医工」,プリミドン,９９．５％１ｇ,72.4,
1135002F1055,プリミドン錠２５０ｍｇ「日医工」,プリミドン,２５０ｍｇ１錠,22.5,
1137001F1039,オスポロット錠５０ｍｇ,スルチアム,５０ｍｇ１錠,25,
1137001F2035,オスポロット錠２００ｍｇ,スルチアム,２００ｍｇ１錠,64,
1139001B1031,エピレオプチマル散５０％,エトスクシミド,５０％１ｇ,20.8,
1139001Q1042,ザロンチンシロップ５％,エトスクシミド,５％１ｍＬ,7.1,
1139002C1066,カルバマゼピン細粒５０％「アメル」,カルバマゼピン,５０％１ｇ,25.1,
1139002C1082,テグレトール細粒５０％,カルバマゼピン,５０％１ｇ,25.1,
1139002C1090,カルバマゼピン細粒５０％「フジナガ」,カルバマゼピン,５０％１ｇ,25.1,
1139002F1011,カルバマゼピン２００ｍｇ錠,カルバマゼピン,２００ｍｇ１錠,7.4,
1139002F1062,テグレトール錠２００ｍｇ,カルバマゼピン,２００ｍｇ１錠,7.4,
1139002F1070,カルバマゼピン錠２００ｍｇ「アメル」,カルバマゼピン,２００ｍｇ１錠,10,
1139002F2018,カルバマゼピン１００ｍｇ錠,カルバマゼピン,１００ｍｇ１錠,6.3,
1139002F2026,テグレトール錠１００ｍｇ,カルバマゼピン,１００ｍｇ１錠,6.3,
1139002F2042,カルバマゼピン錠１００ｍｇ「アメル」,カルバマゼピン,１００ｍｇ１錠,6.3,
1139003C1044,リボトリール細粒０．１％,クロナゼパム,０．１％１ｇ,8,
1139003C1052,ランドセン細粒０．１％,クロナゼパム,０．１％１ｇ,8,R9.3.31まで
1139003C2040,リボトリール細粒０．５％,クロナゼパム,０．５％１ｇ,32.5,
1139003C2059,ランドセン細粒０．５％,クロナゼパム,０．５％１ｇ,28.8,R9.3.31まで
1139003F1040,リボトリール錠０．５ｍｇ,クロナゼパム,０．５ｍｇ１錠,9.9,
1139003F1059,ランドセン錠０．５ｍｇ,クロナゼパム,０．５ｍｇ１錠,9.9,
1139003F2047,リボトリール錠１ｍｇ,クロナゼパム,１ｍｇ１錠,10.8,
1139003F2055,ランドセン錠１ｍｇ,クロナゼパム,１ｍｇ１錠,10.8,
1139003F3043,リボトリール錠２ｍｇ,クロナゼパム,２ｍｇ１錠,11,
1139003F3051,ランドセン錠２ｍｇ,クロナゼパム,２ｍｇ１錠,11.6,
1139004C1049,バルプロ酸ナトリウム細粒２０％「ＥＭＥＣ」,バルプロ酸ナトリウム,２０％１ｇ,18.1,
1139004C2061,デパケン細粒４０％,バルプロ酸ナトリウム,４０％１ｇ,19,
1139004C2070,バルプロ酸ナトリウム細粒４０％「ＥＭＥＣ」,バルプロ酸ナトリウム,４０％１ｇ,25.9,
1139004D1010,バルプロ酸ナトリウム４０％徐放顆粒,バルプロ酸ナトリウム,４０％１ｇ,23.6,
1139004D1052,セレニカＲ顆粒４０％,バルプロ酸ナトリウム,４０％１ｇ,36.7,
1139004F1010,バルプロ酸ナトリウム１００ｍｇ錠,バルプロ酸ナトリウム,１００ｍｇ１錠,10.8,
1139004F1096,デパケン錠１００ｍｇ,バルプロ酸ナトリウム,１００ｍｇ１錠,10.8,
1139004F2165,バルプロ酸ナトリウム錠２００ｍｇ「アメル」,バルプロ酸ナトリウム,２００ｍｇ１錠,14.1,
1139004F2173,デパケン錠２００ｍｇ,バルプロ酸ナトリウム,２００ｍｇ１錠,10.8,
1139004F2190,バルプロ酸Ｎａ錠２００ｍｇ「フジナガ」,バルプロ酸ナトリウム,２００ｍｇ１錠,11.2,
1139004F2203,バルプロ酸ナトリウム錠２００ｍｇ「ＤＳＰ」,バルプロ酸ナトリウム,２００ｍｇ１錠,14.1,
1139004G1016,バルプロ酸ナトリウム１００ｍｇ徐放錠,バルプロ酸ナトリウム,１００ｍｇ１錠,10.8,
1139004G1040,デパケンＲ錠１００ｍｇ,バルプロ酸ナトリウム,１００ｍｇ１錠,10.8,
1139004G2039,セレニカＲ錠２００ｍｇ,バルプロ酸ナトリウム,２００ｍｇ１錠,10.8,
1139004G2055,バルプロ酸ナトリウムＳＲ錠２００ｍｇ「アメル」,バルプロ酸ナトリウム,２００ｍｇ１錠,12.3,
1139004G2063,デパケンＲ錠２００ｍｇ,バルプロ酸ナトリウム,２００ｍｇ１錠,10.8,
1139004G2080,バルプロ酸ナトリウム徐放錠Ａ２００ｍｇ「トーワ」,バルプロ酸ナトリウム,２００ｍｇ１錠,10.8,
1139004G3027,セレニカＲ錠４００ｍｇ,バルプロ酸ナトリウム,４００ｍｇ１錠,16.6,
1139004Q1011,バルプロ酸ナトリウム５％シロップ,バルプロ酸ナトリウム,５％１ｍＬ,10.9,
1139004Q1100,デパケンシロップ５％,バルプロ酸ナトリウム,５％１ｍＬ,10.9,
1139004Q1119,バルプロ酸ナトリウムシロップ５％「日医工」,バルプロ酸ナトリウム,５％１ｍＬ,10.9,
1139004Q1127,バルプロ酸Ｎａシロップ５％「フジナガ」,バルプロ酸ナトリウム,５％１ｍＬ,10.9,
1139005B1048,エクセグラン散２０％,ゾニサミド,２０％１ｇ,25.2,
1139005B1056,ゾニサミド散２０％「アメル」,ゾニサミド,２０％１ｇ,23.8,
1139005F1015,ゾニサミド１００ｍｇ錠,ゾニサミド,１００ｍｇ１錠,10.8,
1139005F1023,エクセグラン錠１００ｍｇ,ゾニサミド,１００ｍｇ１錠,12.6,
1139006C1030,マイスタン細粒１％,クロバザム,１％１ｇ,20.2,
1139006F1028,マイスタン錠５ｍｇ,クロバザム,５ｍｇ１錠,11.4,
1139006F2024,マイスタン錠１０ｍｇ,クロバザム,１０ｍｇ１錠,20.7,
1139007F1022,ガバペン錠２００ｍｇ,ガバペンチン,２００ｍｇ１錠,24.2,
1139007F2029,ガバペン錠３００ｍｇ,ガバペンチン,３００ｍｇ１錠,31,
1139007F3025,ガバペン錠４００ｍｇ,ガバペンチン,４００ｍｇ１錠,40.1,
1139007Q1023,ガバペンシロップ５％,ガバペンチン,５％１ｍＬ,17,
1139008C1020,トピナ細粒１０％,トピラマート,１０％１ｇ,92.8,
1139008F1027,トピナ錠５０ｍｇ,トピラマート,５０ｍｇ１錠,36.1,
1139008F1035,トピラマート錠５０ｍｇ「アメル」,トピラマート,５０ｍｇ１錠,18.4,
1139008F2023,トピナ錠１００ｍｇ,トピラマート,１００ｍｇ１錠,59.9,
1139008F2031,トピラマート錠１００ｍｇ「アメル」,トピラマート,１００ｍｇ１錠,25.6,
1139008F3020,トピナ錠２５ｍｇ,トピラマート,２５ｍｇ１錠,16.5,
1139008F3038,トピラマート錠２５ｍｇ「アメル」,トピラマート,２５ｍｇ１錠,8.6,
1139009F1013,ラモトリギン２ｍｇ錠,ラモトリギン,２ｍｇ１錠,6.3,
1139009F1021,ラミクタール錠小児用２ｍｇ,ラモトリギン,２ｍｇ１錠,6.3,
1139009F2010,ラモトリギン５ｍｇ錠,ラモトリギン,５ｍｇ１錠,6.3,
1139009F2028,ラミクタール錠小児用５ｍｇ,ラモトリギン,５ｍｇ１錠,6.3,
1139009F3016,ラモトリギン２５ｍｇ錠,ラモトリギン,２５ｍｇ１錠,6.3,
1139009F3024,ラミクタール錠２５ｍｇ,ラモトリギン,２５ｍｇ１錠,21.3,
1139009F3032,ラモトリギン錠２５ｍｇ「ＪＧ」,ラモトリギン,２５ｍｇ１錠,26.9,
1139009F3040,ラモトリギン錠２５ｍｇ「アメル」,ラモトリギン,２５ｍｇ１錠,10.4,
1139009F3059,ラモトリギン錠２５ｍｇ「サワイ」,ラモトリギン,２５ｍｇ１錠,10.4,
1139009F3067,ラモトリギン錠２５ｍｇ「トーワ」,ラモトリギン,２５ｍｇ１錠,10.4,
1139009F4012,ラモトリギン１００ｍｇ錠,ラモトリギン,１００ｍｇ１錠,21.7,
1139009F4020,ラミクタール錠１００ｍｇ,ラモトリギン,１００ｍｇ１錠,54.4,
1139009F4039,ラモトリギン錠１００ｍｇ「ＪＧ」,ラモトリギン,１００ｍｇ１錠,73,
1139009F4047,ラモトリギン錠１００ｍｇ「アメル」,ラモトリギン,１００ｍｇ１錠,25.3,
1139009F4055,ラモトリギン錠１００ｍｇ「サワイ」,ラモトリギン,１００ｍｇ１錠,25.3,
1139009F4063,ラモトリギン錠１００ｍｇ「トーワ」,ラモトリギン,１００ｍｇ１錠,25.3,
1139010F1024,イーケプラ錠２５０ｍｇ,レベチラセタム,２５０ｍｇ１錠,61.2,
1139010F1032,レベチラセタム錠２５０ｍｇ「ＪＧ」,レベチラセタム,２５０ｍｇ１錠,22.7,
1139010F1040,レベチラセタム錠２５０ｍｇ「ＶＴＲＳ」,レベチラセタム,２５０ｍｇ１錠,22.7,
1139010F1059,レベチラセタム錠２５０ｍｇ「アメル」,レベチラセタム,２５０ｍｇ１錠,22.7,
1139010F1067,レベチラセタム錠２５０ｍｇ「杏林」,レベチラセタム,２５０ｍｇ１錠,24,
1139010F1075,レベチラセタム錠２５０ｍｇ「サワイ」,レベチラセタム,２５０ｍｇ１錠,22.7,
1139010F1083,レベチラセタム錠２５０ｍｇ「タカタ」,レベチラセタム,２５０ｍｇ１錠,22.7,
1139010F1091,レベチラセタム錠２５０ｍｇ「トーワ」,レベチラセタム,２５０ｍｇ１錠,22.7,
1139010F1105,レベチラセタム錠２５０ｍｇ「日医工」,レベチラセタム,２５０ｍｇ１錠,22.7,
1139010F1113,レベチラセタム錠２５０ｍｇ「日新」,レベチラセタム,２５０ｍｇ１錠,24.7,
1139010F1121,レベチラセタム錠２５０ｍｇ「フェルゼン」,レベチラセタム,２５０ｍｇ１錠,24.2,
1139010F1130,レベチラセタム錠２５０ｍｇ「明治」,レベチラセタム,２５０ｍｇ１錠,22.7,
1139010F1148,レベチラセタム錠２５０ｍｇ「サンド」,レベチラセタム,２５０ｍｇ１錠,22.7,
1139010F2020,イーケプラ錠５００ｍｇ,レベチラセタム,５００ｍｇ１錠,100.3,
1139010F2039,レベチラセタム錠５００ｍｇ「ＪＧ」,レベチラセタム,５００ｍｇ１錠,36.8,
1139010F2047,レベチラセタム錠５００ｍｇ「ＶＴＲＳ」,レベチラセタム,５００ｍｇ１錠,36.8,
1139010F2055,レベチラセタム錠５００ｍｇ「アメル」,レベチラセタム,５００ｍｇ１錠,36.8,
1139010F2063,レベチラセタム錠５００ｍｇ「杏林」,レベチラセタム,５００ｍｇ１錠,43.6,
1139010F2071,レベチラセタム錠５００ｍｇ「サワイ」,レベチラセタム,５００ｍｇ１錠,36.8,
1139010F2080,レベチラセタム錠５００ｍｇ「タカタ」,レベチラセタム,５００ｍｇ１錠,36.8,
1139010F2098,レベチラセタム錠５００ｍｇ「トーワ」,レベチラセタム,５００ｍｇ１錠,36.8,
1139010F2101,レベチラセタム錠５００ｍｇ「日医工」,レベチラセタム,５００ｍｇ１錠,36.8,
1139010F2110,レベチラセタム錠５００ｍｇ「日新」,レベチラセタム,５００ｍｇ１錠,38.9,
1139010F2128,レベチラセタム錠５００ｍｇ「フェルゼン」,レベチラセタム,５００ｍｇ１錠,40.1,
1139010F2136,レベチラセタム錠５００ｍｇ「明治」,レベチラセタム,５００ｍｇ１錠,36.8,
1139010F2144,レベチラセタム錠５００ｍｇ「サンド」,レベチラセタム,５００ｍｇ１錠,36.8,
1139010F3027,レベチラセタム粒状錠２５０ｍｇ「サワイ」,レベチラセタム,２５０ｍｇ１包,24.6,
1139010F4023,レベチラセタム粒状錠５００ｍｇ「サワイ」,レベチラセタム,５００ｍｇ１包,36.8,
1139010R1020,イーケプラドライシロップ５０％,レベチラセタム,５０％１ｇ,119.6,
1139010R1039,レベチラセタムドライシロップ５０％「ＪＧ」,レベチラセタム,５０％１ｇ,57.9,
1139010R1047,レベチラセタムドライシロップ５０％「ＹＤ」,レベチラセタム,５０％１ｇ,57.9,
1139010R1055,レベチラセタムＤＳ５０％「杏林」,レベチラセタム,５０％１ｇ,60.9,
1139010R1063,レベチラセタムＤＳ５０％「サワイ」,レベチラセタム,５０％１ｇ,57.9,
1139010R1071,レベチラセタムＤＳ５０％「タカタ」,レベチラセタム,５０％１ｇ,60.9,
1139010R1080,レベチラセタムＤＳ５０％「トーワ」,レベチラセタム,５０％１ｇ,57.9,
1139010R1098,レベチラセタムドライシロップ５０％「日医工」,レベチラセタム,５０％１ｇ,57.9,
1139010R1101,レベチラセタムドライシロップ５０％「日新」,レベチラセタム,５０％１ｇ,60.9,
1139010R1110,レベチラセタムドライシロップ５０％「明治」,レベチラセタム,５０％１ｇ,57.9,
1139011M1028,ディアコミットカプセル２５０ｍｇ,スチリペントール,２５０ｍｇ１カプセル,793.7,
1139011R1025,ディアコミットドライシロップ分包２５０ｍｇ,スチリペントール,２５０ｍｇ１包,791.1,
1139011R2021,ディアコミットドライシロップ分包５００ｍｇ,スチリペントール,５００ｍｇ１包,1580.7,
1139012F1023,イノベロン錠１００ｍｇ,ルフィナミド,１００ｍｇ１錠,83.2,
1139012F2020,イノベロン錠２００ｍｇ,ルフィナミド,２００ｍｇ１錠,136.1,
1139013B1026,サブリル散分包５００ｍｇ,ビガバトリン,５００ｍｇ１包,1514.5,
1139014C1026,フィコンパ細粒１％,ペランパネル水和物,１％１ｇ,1065.6,
1139014F1022,フィコンパ錠２ｍｇ,ペランパネル水和物,２ｍｇ１錠,190.3,
1139014F2029,フィコンパ錠４ｍｇ,ペランパネル水和物,４ｍｇ１錠,319.7,
1139015F1027,ビムパット錠５０ｍｇ,ラコサミド,５０ｍｇ１錠,186,
1139015F1035,ラコサミド錠５０ｍｇ「ＪＧ」,ラコサミド,５０ｍｇ１錠,74.2,
1139015F1043,ラコサミド錠５０ｍｇ「ＶＴＲＳ」,ラコサミド,５０ｍｇ１錠,74.2,
1139015F1051,ラコサミド錠５０ｍｇ「ＹＤ」,ラコサミド,５０ｍｇ１錠,74.2,
1139015F1060,ラコサミド錠５０ｍｇ「アメル」,ラコサミド,５０ｍｇ１錠,74.2,
1139015F1078,ラコサミド錠５０ｍｇ「ケミファ」,ラコサミド,５０ｍｇ１錠,74.2,
1139015F1086,ラコサミド錠５０ｍｇ「サワイ」,ラコサミド,５０ｍｇ１錠,74.2,
1139015F1094,ラコサミド錠５０ｍｇ「サンド」,ラコサミド,５０ｍｇ１錠,74.2,
1139015F1108,ラコサミド錠５０ｍｇ「ダイト」,ラコサミド,５０ｍｇ１錠,74.2,
1139015F1116,ラコサミド錠５０ｍｇ「タカタ」,ラコサミド,５０ｍｇ１錠,74.2,
1139015F1124,ラコサミド錠５０ｍｇ「日新」,ラコサミド,５０ｍｇ１錠,74.2,
1139015F2023,ビムパット錠１００ｍｇ,ラコサミド,１００ｍｇ１錠,303,
1139015F2031,ラコサミド錠１００ｍｇ「ＪＧ」,ラコサミド,１００ｍｇ１錠,121.1,
1139015F2040,ラコサミド錠１００ｍｇ「ＶＴＲＳ」,ラコサミド,１００ｍｇ１錠,121.1,
1139015F2058,ラコサミド錠１００ｍｇ「ＹＤ」,ラコサミド,１００ｍｇ１錠,121.1,
1139015F2066,ラコサミド錠１００ｍｇ「アメル」,ラコサミド,１００ｍｇ１錠,121.1,
1139015F2074,ラコサミド錠１００ｍｇ「ケミファ」,ラコサミド,１００ｍｇ１錠,121.1,
1139015F2082,ラコサミド錠１００ｍｇ「サワイ」,ラコサミド,１００ｍｇ１錠,121.1,
1139015F2090,ラコサミド錠１００ｍｇ「サンド」,ラコサミド,１００ｍｇ１錠,121.1,
1139015F2104,ラコサミド錠１００ｍｇ「ダイト」,ラコサミド,１００ｍｇ１錠,121.1,
1139015F2112,ラコサミド錠１００ｍｇ「タカタ」,ラコサミド,１００ｍｇ１錠,121.1,
1139015F2120,ラコサミド錠１００ｍｇ「日新」,ラコサミド,１００ｍｇ１錠,121.1,
1139015R1023,ビムパットドライシロップ１０％,ラコサミド,１０％１ｇ,333.9,
1139015R1031,ラコサミドドライシロップ１０％「ＪＧ」,ラコサミド,１０％１ｇ,133.3,
1139015R1040,ラコサミドドライシロップ１０％「ＹＤ」,ラコサミド,１０％１ｇ,133.3,
1139015R1058,ラコサミドＤＳ１０％「アメル」,ラコサミド,１０％１ｇ,133.3,
1139015R1066,ラコサミドドライシロップ１０％「ケミファ」,ラコサミド,１０％１ｇ,133.3,
1139015R1074,ラコサミドＤＳ１０％「サワイ」,ラコサミド,１０％１ｇ,133.3,
1139015R1082,ラコサミドドライシロップ１０％「サンド」,ラコサミド,１０％１ｇ,133.3,
1139015R1090,ラコサミドドライシロップ１０％「ダイト」,ラコサミド,１０％１ｇ,133.3,
1139015R1104,ラコサミドＤＳ１０％「タカタ」,ラコサミド,１０％１ｇ,133.3,
1139015R1112,ラコサミドドライシロップ１０％「日新」,ラコサミド,１０％１ｇ,133.3,
1139016S1020,フィンテプラ内用液２．２ｍｇ／ｍＬ,フェンフルラミン塩酸塩,０．２２％１ｍＬ,1618.7,
1139017F1026,ブリィビアクト錠２５ｍｇ,ブリーバラセタム,２５ｍｇ１錠,373.3,
1139017F2022,ブリィビアクト錠５０ｍｇ,ブリーバラセタム,５０ｍｇ１錠,609.3,
1139100F1037,複合アレビアチン配合錠,フェニトイン・フェノバルビタール,１錠,14.6,
1139103X1036,ヒダントールＤ配合錠,フェニトイン・フェノバルビタール配合剤,１錠,6.3,
1139104X1030,ヒダントールＥ配合錠,フェニトイン・フェノバルビタール配合剤,１錠,6.3,
1139105X1035,ヒダントールＦ配合錠,フェニトイン・フェノバルビタール配合剤,１錠,6.3,
1141001X1010,アセトアミノフェン,アセトアミノフェン,１ｇ,8,
1141005B1062,ポンタール散５０％,メフェナム酸,５０％１ｇ,8.3,
1141005C2030,ポンタール細粒９８．５％,メフェナム酸,９８．５％１ｇ,12.4,
1141005M2094,ポンタールカプセル２５０ｍｇ,メフェナム酸,２５０ｍｇ１カプセル,6.3,
1141005Q1081,ポンタールシロップ３．２５％,メフェナム酸,３．２５％１ｍＬ,7.1,
1141007C1016,アセトアミノフェン２０％細粒,アセトアミノフェン,２０％１ｇ,6.9,R9.3.31まで
1141007C1075,カロナール細粒２０％,アセトアミノフェン,２０％１ｇ,12.2,
1141007C1156,アセトアミノフェン細粒２０％「トーワ」,アセトアミノフェン,２０％１ｇ,12.2,
1141007C2020,カロナール細粒５０％,アセトアミノフェン,５０％１ｇ,13.6,
1141007F1012,アセトアミノフェン２００ｍｇ錠,アセトアミノフェン,２００ｍｇ１錠,6.3,
1141007F1063,カロナール錠２００,アセトアミノフェン,２００ｍｇ１錠,6.5,
1141007F1152,アセトアミノフェン錠２００ｍｇ「ＪＧ」,アセトアミノフェン,２００ｍｇ１錠,6.5,
1141007F1225,アセトアミノフェン錠２００ｍｇ「ＴＣＫ」,アセトアミノフェン,２００ｍｇ１錠,6.5,
1141007F2019,アセトアミノフェン３００ｍｇ錠,アセトアミノフェン,３００ｍｇ１錠,6.3,
1141007F2027,カロナール錠３００,アセトアミノフェン,３００ｍｇ１錠,6.9,
1141007F2043,アセトアミノフェン錠３００ｍｇ「ＪＧ」,アセトアミノフェン,３００ｍｇ１錠,6.9,
1141007F3023,カロナール錠５００,アセトアミノフェン,５００ｍｇ１錠,11.2,
1141007F3031,アセトアミノフェン錠５００ｍｇ「マルイシ」,アセトアミノフェン,５００ｍｇ１錠,11.2,
1141007F3040,アセトアミノフェン錠５００ｍｇ「ケンエー」,アセトアミノフェン,５００ｍｇ１錠,11.2,
1141007Q1013,アセトアミノフェン２％シロップ,アセトアミノフェン,２％１ｍＬ,7.1,
1141007R1060,アセトアミノフェンＤＳ小児用２０％「タカタ」,アセトアミノフェン,２０％１ｇ,6.9,
1141007R1078,アセトアミノフェンＤＳ小児用２０％「トーワ」,アセトアミノフェン,２０％１ｇ,17,
1141007R1086,アセトアミノフェンＤＳ小児用２０％「三和」,アセトアミノフェン,２０％１ｇ,17,
1141007R2031,アセトアミノフェンＤＳ４０％「三和」,アセトアミノフェン,４０％１ｇ,14.8,
1143001X1040,アスピリン「ケンエー」,アスピリン,１０ｇ,43.8,
1143001X1112,アスピリン「ホエイ」,アスピリン,１０ｇ,35.6,
1143001X1147,アスピリン（山善）,アスピリン,１０ｇ,49.1,
1143001X1201,アスピリン「ヨシダ」,アスピリン,１０ｇ,49.1,
1143001X1236,アスピリン原末「マルイシ」,アスピリン,１０ｇ,49.1,
1143005X1013,エテンザミド,エテンザミド,１ｇ,11.7,
1144002X1017,イソプロピルアンチピリン,イソプロピルアンチピリン,１ｇ,12.3,
1144005X1010,スルピリン水和物,スルピリン水和物,１ｇ,7.5,
1144007X1010,ミグレニン,ミグレニン,１ｇ,7.7,
1145001M1013,インドメタシンカプセル,インドメタシン,２５ｍｇ１カプセル,9.8,
1145003F1030,ランツジールコーワ錠３０ｍｇ,アセメタシン,３０ｍｇ１錠,10.8,
1145005M1020,インフリーカプセル１００ｍｇ,インドメタシン　ファルネシル,１００ｍｇ１カプセル,9,
1145005M2026,インフリーＳカプセル２００ｍｇ,インドメタシン　ファルネシル,２００ｍｇ１カプセル,16.2,
1147002F1013,ジクロフェナクナトリウム２５ｍｇ錠,ジクロフェナクナトリウム,２５ｍｇ１錠,6.1,
1147002F1560,ボルタレン錠２５ｍｇ,ジクロフェナクナトリウム,２５ｍｇ１錠,6.5,
1147002N1123,ナボールＳＲカプセル３７．５,ジクロフェナクナトリウム,３７．５ｍｇ１カプセル,9.1,
1147002N1174,ボルタレンＳＲカプセル３７．５ｍｇ,ジクロフェナクナトリウム,３７．５ｍｇ１カプセル,6.3,
1148001F1059,ソランタール錠５０ｍｇ,チアラミド塩酸塩,５０ｍｇ１錠,10.8,
1148001F2101,ソランタール錠１００ｍｇ,チアラミド塩酸塩,１００ｍｇ１錠,10.8,
1149001D1160,ブルフェン顆粒２０％,イブプロフェン,２０％１ｇ,6.9,
1149001D1187,イブプロフェン顆粒２０％「ツルハラ」,イブプロフェン,２０％１ｇ,6.9,
1149001F1013,イブプロフェン１００ｍｇ錠,イブプロフェン,１００ｍｇ１錠,6.3,
1149001F1455,ブルフェン錠１００,イブプロフェン,１００ｍｇ１錠,6.3,
1149001F2168,ブルフェン錠２００,イブプロフェン,２００ｍｇ１錠,6.3,
1149001F2214,イブプロフェン錠２００ｍｇ「ＴＣＫ」,イブプロフェン,２００ｍｇ１錠,8.9,
1149001F2222,イブプロフェン錠２００ｍｇ「ＮＩＧ」,イブプロフェン,２００ｍｇ１錠,8.9,
1149007F1142,ナイキサン錠１００ｍｇ,ナプロキセン,１００ｍｇ１錠,6.3,
1149009M1035,パラミヂンカプセル３００ｍｇ,ブコローム,３００ｍｇ１カプセル,8.6,
1149011F1076,フロベン錠４０,フルルビプロフェン,４０ｍｇ１錠,15.7,
1149013F1091,ミグリステン錠２０,ジメトチアジンメシル酸塩,２０ｍｇ１錠,8.2,
1149019C1149,ロキソニン細粒１０％,ロキソプロフェンナトリウム水和物,１０％１ｇ,11.4,
1149019C1157,ロキソプロフェンＮａ細粒１０％「サワイ」,ロキソプロフェンナトリウム水和物,１０％１ｇ,21.6,
1149019F1013,ロキソプロフェンナトリウム６０ｍｇ錠,ロキソプロフェンナトリウム水和物,６０ｍｇ１錠,10.5,
1149019F1560,ロキソニン錠６０ｍｇ,ロキソプロフェンナトリウム水和物,６０ｍｇ１錠,10.8,
1149023F1036,ノイロトロピン錠４単位,ワクシニアウイルス接種家兎炎症皮膚抽出液,４単位１錠,28.1,
1149026F1056,アルボ錠１００ｍｇ,オキサプロジン,１００ｍｇ１錠,17.5,
1149026F2206,アルボ錠２００ｍｇ,オキサプロジン,２００ｍｇ１錠,18.4,
1149027F1034,レリフェン錠４００ｍｇ,ナブメトン,４００ｍｇ１錠,16.6,
1149029F1017,ザルトプロフェン８０ｍｇ錠,ザルトプロフェン,８０ｍｇ１錠,10.8,
1149029F1025,ソレトン錠８０,ザルトプロフェン,８０ｍｇ１錠,14,
1149029F1033,ペオン錠８０,ザルトプロフェン,８０ｍｇ１錠,10.8,
1149031F1022,モーバー錠１００ｍｇ,アクタリット,１００ｍｇ１錠,23.2,R9.3.31まで
1149031F1030,オークル錠１００ｍｇ,アクタリット,１００ｍｇ１錠,24.2,R9.3.31まで
1149032F1027,ハイペン錠１００ｍｇ,エトドラク,１００ｍｇ１錠,6.8,
1149032F1132,エトドラク錠１００ｍｇ「ＳＷ」,エトドラク,１００ｍｇ１錠,6.3,
1149032F2023,ハイペン錠２００ｍｇ,エトドラク,２００ｍｇ１錠,10.5,
1149032F2171,エトドラク錠２００ｍｇ「ＳＷ」,エトドラク,２００ｍｇ１錠,11.5,
1149034F1026,ソセゴン錠２５ｍｇ,塩酸ペンタゾシン,２５ｍｇ１錠,23.5,R9.3.31まで
1149035F1012,メロキシカム５ｍｇ錠,メロキシカム,５ｍｇ１錠,7.3,
1149035F1020,モービック錠５ｍｇ,メロキシカム,５ｍｇ１錠,10.5,
1149035F1136,メロキシカム錠５ｍｇ「ケミファ」,メロキシカム,５ｍｇ１錠,9.5,
1149035F1144,メロキシカム錠５ｍｇ「サワイ」,メロキシカム,５ｍｇ１錠,9.5,
1149035F1195,メロキシカム錠５ｍｇ「日医工」,メロキシカム,５ｍｇ１錠,9.5,
1149035F2027,モービック錠１０ｍｇ,メロキシカム,１０ｍｇ１錠,19,
1149035F2051,メロキシカム錠１０ｍｇ「ＮＰ」,メロキシカム,１０ｍｇ１錠,10.1,R9.3.31まで
1149035F2060,メロキシカム錠１０ｍｇ「ＮＰＩ」,メロキシカム,１０ｍｇ１錠,10.1,
1149035F2132,メロキシカム錠１０ｍｇ「ケミファ」,メロキシカム,１０ｍｇ１錠,14.4,
1149035F2140,メロキシカム錠１０ｍｇ「サワイ」,メロキシカム,１０ｍｇ１錠,14.4,
1149035F2183,メロキシカム錠１０ｍｇ「トーワ」,メロキシカム,１０ｍｇ１錠,14.4,
1149035F2191,メロキシカム錠１０ｍｇ「日医工」,メロキシカム,１０ｍｇ１錠,9.2,
1149035F2221,メロキシカム錠１０ｍｇ「クニヒロ」,メロキシカム,１０ｍｇ１錠,10.1,
1149036F1025,ロルカム錠２ｍｇ,ロルノキシカム,２ｍｇ１錠,10.8,
1149036F1033,ロルノキシカム錠２ｍｇ「ＫＯ」,ロルノキシカム,２ｍｇ１錠,10.8,
1149036F2021,ロルカム錠４ｍｇ,ロルノキシカム,４ｍｇ１錠,10.8,
1149036F2030,ロルノキシカム錠４ｍｇ「ＫＯ」,ロルノキシカム,４ｍｇ１錠,10.8,
1149037F1011,セレコキシブ１００ｍｇ錠,セレコキシブ,１００ｍｇ１錠,6.3,
1149037F1020,セレコックス錠１００ｍｇ,セレコキシブ,１００ｍｇ１錠,15.7,
1149037F1097,セレコキシブ錠１００ｍｇ「杏林」,セレコキシブ,１００ｍｇ１錠,8.3,
1149037F1100,セレコキシブ錠１００ｍｇ「ケミファ」,セレコキシブ,１００ｍｇ１錠,8.3,
1149037F1119,セレコキシブ錠１００ｍｇ「サワイ」,セレコキシブ,１００ｍｇ１錠,8.3,
1149037F1143,セレコキシブ錠１００ｍｇ「トーワ」,セレコキシブ,１００ｍｇ１錠,8.3,
1149037F1160,セレコキシブ錠１００ｍｇ「日新」,セレコキシブ,１００ｍｇ１錠,8.3,
1149037F1194,セレコキシブ錠１００ｍｇ「フェルゼン」,セレコキシブ,１００ｍｇ１錠,8.3,
1149037F1208,セレコキシブ錠１００ｍｇ「三笠」,セレコキシブ,１００ｍｇ１錠,8.3,
1149037F1216,セレコキシブ錠１００ｍｇ「明治」,セレコキシブ,１００ｍｇ１錠,8.3,
1149037F1224,セレコキシブ錠１００ｍｇ「ＶＴＲＳ」,セレコキシブ,１００ｍｇ１錠,8.3,
1149037F2018,セレコキシブ２００ｍｇ錠,セレコキシブ,２００ｍｇ１錠,6.7,
1149037F2026,セレコックス錠２００ｍｇ,セレコキシブ,２００ｍｇ１錠,23,
1149037F2042,セレコキシブ錠２００ｍｇ「ＪＧ」,セレコキシブ,２００ｍｇ１錠,12.5,
1149037F2085,セレコキシブ錠２００ｍｇ「オーハラ」,セレコキシブ,２００ｍｇ１錠,12.5,
1149037F2093,セレコキシブ錠２００ｍｇ「杏林」,セレコキシブ,２００ｍｇ１錠,12.5,
1149037F2107,セレコキシブ錠２００ｍｇ「ケミファ」,セレコキシブ,２００ｍｇ１錠,12.5,
1149037F2115,セレコキシブ錠２００ｍｇ「サワイ」,セレコキシブ,２００ｍｇ１錠,11.1,
1149037F2131,セレコキシブ錠２００ｍｇ「武田テバ」,セレコキシブ,２００ｍｇ１錠,12.5,R9.3.31まで
1149037F2140,セレコキシブ錠２００ｍｇ「トーワ」,セレコキシブ,２００ｍｇ１錠,12.5,
1149037F2166,セレコキシブ錠２００ｍｇ「日新」,セレコキシブ,２００ｍｇ１錠,12.5,
1149037F2190,セレコキシブ錠２００ｍｇ「フェルゼン」,セレコキシブ,２００ｍｇ１錠,12.5,
1149037F2204,セレコキシブ錠２００ｍｇ「三笠」,セレコキシブ,２００ｍｇ１錠,12.5,
1149037F2212,セレコキシブ錠２００ｍｇ「明治」,セレコキシブ,２００ｍｇ１錠,12.5,
1149037F2220,セレコキシブ錠２００ｍｇ「ＶＴＲＳ」,セレコキシブ,２００ｍｇ１錠,12.5,
1149038F1024,トラマールＯＤ錠２５ｍｇ,トラマドール塩酸塩,２５ｍｇ１錠,13.9,
1149038F1032,トラマドール塩酸塩ＯＤ錠２５ｍｇ「ＫＯ」,トラマドール塩酸塩,２５ｍｇ１錠,8.4,
1149038F2020,トラマールＯＤ錠５０ｍｇ,トラマドール塩酸塩,５０ｍｇ１錠,23.6,
1149038F2039,トラマドール塩酸塩ＯＤ錠５０ｍｇ「ＫＯ」,トラマドール塩酸塩,５０ｍｇ１錠,14.3,
1149038G1020,ワントラム錠１００ｍｇ,トラマドール塩酸塩,１００ｍｇ１錠,41.6,
1149038G2026,ツートラム錠５０ｍｇ,トラマドール塩酸塩,５０ｍｇ１錠,42.3,
1149038G3022,ツートラム錠１００ｍｇ,トラマドール塩酸塩,１００ｍｇ１錠,74.6,
1149038G4029,ツートラム錠１５０ｍｇ,トラマドール塩酸塩,１５０ｍｇ１錠,102.8,
1149038G5025,ツートラム錠２５ｍｇ,トラマドール塩酸塩,２５ｍｇ１錠,25.8,
1149109F1034,クリアミン配合錠Ａ１．０,エルゴタミン酒石酸塩・無水カフェイン配合剤,１錠,12.9,
1149115F1030,クリアミン配合錠Ｓ０．５,エルゴタミン酒石酸塩・無水カフェイン配合剤,１錠,9.3,
1149116D1033,ＳＧ配合顆粒,ピラゾロン系解熱鎮痛消炎配合剤,１ｇ,7.3,
1149117F1012,トラマドール塩酸塩・アセトアミノフェン錠,トラマドール塩酸塩・アセトアミノフェン,１錠,6.3,
1149117F1020,トラムセット配合錠,トラマドール塩酸塩・アセトアミノフェン,１錠,21.4,
1149117F1055,トアラセット配合錠「ＪＧ」,トラマドール塩酸塩・アセトアミノフェン,１錠,9.9,
1149117F1071,トアラセット配合錠「ＳＮ」,トラマドール塩酸塩・アセトアミノフェン,１錠,9.9,
1149117F1080,トアラセット配合錠「ＴＣ」,トラマドール塩酸塩・アセトアミノフェン,１錠,14.3,
1149117F1098,トアラセット配合錠「ＴＣＫ」,トラマドール塩酸塩・アセトアミノフェン,１錠,9.9,
1149117F1152,トアラセット配合錠「ケミファ」,トラマドール塩酸塩・アセトアミノフェン,１錠,14.3,
1149117F1160,トアラセット配合錠「サワイ」,トラマドール塩酸塩・アセトアミノフェン,１錠,14.3,
1149117F1179,トアラセット配合錠「サンド」,トラマドール塩酸塩・アセトアミノフェン,１錠,9.9,
1149117F1195,トアラセット配合錠「トーワ」,トラマドール塩酸塩・アセトアミノフェン,１錠,9.9,
1149117F1250,トアラセット配合錠「三笠」,トラマドール塩酸塩・アセトアミノフェン,１錠,9.9,
1149117F1276,トアラセット配合錠「ＮＩＧ」,トラマドール塩酸塩・アセトアミノフェン,１錠,9.9,
1149117F1284,トアラセット配合錠「ＫＭＰ」,トラマドール塩酸塩・アセトアミノフェン,１錠,9.9,
1161001C1011,アマンタジン塩酸塩１０％細粒,アマンタジン塩酸塩,１０％１ｇ,6.9,
1161001F1018,アマンタジン塩酸塩５０ｍｇ錠,アマンタジン塩酸塩,５０ｍｇ１錠,6.3,
1161001F1050,シンメトレル錠５０ｍｇ,アマンタジン塩酸塩,５０ｍｇ１錠,7.4,
1161001F2014,アマンタジン塩酸塩１００ｍｇ錠,アマンタジン塩酸塩,１００ｍｇ１錠,6.3,
1161001F2057,シンメトレル錠１００ｍｇ,アマンタジン塩酸塩,１００ｍｇ１錠,6.3,
1162001B1048,ビペリデン塩酸塩散１％「ヨシトミ」,ビペリデン塩酸塩,１％１ｇ,11.7,
1162001C1043,アキネトン細粒１％,ビペリデン塩酸塩,１％１ｇ,19.2,
1162001C1051,ビペリデン塩酸塩細粒１％「アメル」,ビペリデン塩酸塩,１％１ｇ,11,
1162001F1015,ビペリデン塩酸塩１ｍｇ錠,ビペリデン塩酸塩,１ｍｇ１錠,6.1,
1162001F1066,アキネトン錠１ｍｇ,ビペリデン塩酸塩,１ｍｇ１錠,6.1,
1162001F2046,ビペリデン塩酸塩錠２ｍｇ「サワイ」,ビペリデン塩酸塩,２ｍｇ１錠,6.1,
1164001B1034,ドパストン散９８．５％,レボドパ,９８．５％１ｇ,44.1,
1169001F1016,トリヘキシフェニジル塩酸塩錠,トリヘキシフェニジル塩酸塩,２ｍｇ１錠,10.8,
1169001F1253,トリヘキシフェニジル塩酸塩錠２ｍｇ「杏林」,トリヘキシフェニジル塩酸塩,２ｍｇ１錠,10.4,
1169002B1078,アーテン散１％,トリヘキシフェニジル塩酸塩,１％１ｇ,10.5,
1169002B1116,トリヘキシフェニジル塩酸塩散１％「ＣＨ」,トリヘキシフェニジル塩酸塩,１％１ｇ,14.7,
1169005F1014,ブロモクリプチンメシル酸塩２．５ｍｇ錠,ブロモクリプチンメシル酸塩,２．５ｍｇ１錠,10.8,
1169005F1200,パーロデル錠２．５ｍｇ,ブロモクリプチンメシル酸塩,２．５ｍｇ１錠,26,
1169005F1260,ブロモクリプチン錠２．５ｍｇ「フソー」,ブロモクリプチンメシル酸塩,２．５ｍｇ１錠,30.8,R9.3.31まで
1169006F1027,ドプスＯＤ錠１００ｍｇ,ドロキシドパ,１００ｍｇ１錠,28.2,
1169006F2023,ドプスＯＤ錠２００ｍｇ,ドロキシドパ,２００ｍｇ１錠,53.7,
1169006M1034,ドロキシドパカプセル１００ｍｇ「アメル」,ドロキシドパ,１００ｍｇ１カプセル,49.7,
1169006M2030,ドロキシドパカプセル２００ｍｇ「アメル」,ドロキシドパ,２００ｍｇ１カプセル,99.3,
1169008F1026,ペルマックス錠５０μｇ,ペルゴリドメシル酸塩,５０μｇ１錠,16.9,
1169008F1069,ペルゴリド錠５０μｇ「サワイ」,ペルゴリドメシル酸塩,５０μｇ１錠,13.9,
1169008F2022,ペルマックス錠２５０μｇ,ペルゴリドメシル酸塩,２５０μｇ１錠,60.2,
1169008F2065,ペルゴリド錠２５０μｇ「サワイ」,ペルゴリドメシル酸塩,２５０μｇ１錠,57.8,
1169010F1015,セレギリン塩酸塩２．５ｍｇ錠,セレギリン塩酸塩,２．５ｍｇ１錠,135,
1169010F2020,エフピーＯＤ錠２．５,セレギリン塩酸塩,２．５ｍｇ１錠,225.2,
1169011F1028,カバサール錠０．２５ｍｇ,カベルゴリン,０．２５ｍｇ１錠,30.6,
1169011F1044,カベルゴリン錠０．２５ｍｇ「サワイ」,カベルゴリン,０．２５ｍｇ１錠,44.1,
1169011F2024,カバサール錠１．０ｍｇ,カベルゴリン,１ｍｇ１錠,90.1,
1169011F2040,カベルゴリン錠１．０ｍｇ「サワイ」,カベルゴリン,１ｍｇ１錠,141.9,
1169012F1022,ビ・シフロール錠０．１２５ｍｇ,プラミペキソール塩酸塩水和物,０．１２５ｍｇ１錠,15.7,
1169012F1049,プラミペキソール塩酸塩錠０．１２５ｍｇ「ＤＳＥＰ」,プラミペキソール塩酸塩水和物,０．１２５ｍｇ１錠,7.7,
1169012F1065,プラミペキソール塩酸塩錠０．１２５ｍｇ「ＦＦＰ」,プラミペキソール塩酸塩水和物,０．１２５ｍｇ１錠,8.9,
1169012F1073,プラミペキソール塩酸塩錠０．１２５ｍｇ「ＪＧ」,プラミペキソール塩酸塩水和物,０．１２５ｍｇ１錠,8.9,
1169012F1120,プラミペキソール塩酸塩錠０．１２５ｍｇ「ＹＤ」,プラミペキソール塩酸塩水和物,０．１２５ｍｇ１錠,8.9,
1169012F1170,プラミペキソール塩酸塩錠０．１２５ｍｇ「日医工」,プラミペキソール塩酸塩水和物,０．１２５ｍｇ１錠,8.9,
1169012F1189,プラミペキソール塩酸塩錠０．１２５ｍｇ「日新」,プラミペキソール塩酸塩水和物,０．１２５ｍｇ１錠,8.9,
1169012F2029,ビ・シフロール錠０．５ｍｇ,プラミペキソール塩酸塩水和物,０．５ｍｇ１錠,57.6,
1169012F2045,プラミペキソール塩酸塩錠０．５ｍｇ「ＤＳＥＰ」,プラミペキソール塩酸塩水和物,０．５ｍｇ１錠,27.8,
1169012F2061,プラミペキソール塩酸塩錠０．５ｍｇ「ＦＦＰ」,プラミペキソール塩酸塩水和物,０．５ｍｇ１錠,33.1,
1169012F2070,プラミペキソール塩酸塩錠０．５ｍｇ「ＪＧ」,プラミペキソール塩酸塩水和物,０．５ｍｇ１錠,33.1,
1169012F2126,プラミペキソール塩酸塩錠０．５ｍｇ「ＹＤ」,プラミペキソール塩酸塩水和物,０．５ｍｇ１錠,30.8,
1169012F2177,プラミペキソール塩酸塩錠０．５ｍｇ「日医工」,プラミペキソール塩酸塩水和物,０．５ｍｇ１錠,27.8,
1169012F2185,プラミペキソール塩酸塩錠０．５ｍｇ「日新」,プラミペキソール塩酸塩水和物,０．５ｍｇ１錠,33.1,
1169012F3025,プラミペキソール塩酸塩ＯＤ錠０．１２５ｍｇ「トーワ」,プラミペキソール塩酸塩水和物,０．１２５ｍｇ１錠,8.9,
1169012F4021,プラミペキソール塩酸塩ＯＤ錠０．５ｍｇ「トーワ」,プラミペキソール塩酸塩水和物,０．５ｍｇ１錠,30.8,
1169012G1028,ミラペックスＬＡ錠０．３７５ｍｇ,プラミペキソール塩酸塩水和物,０．３７５ｍｇ１錠,31.9,
1169012G1036,プラミペキソール塩酸塩ＬＡ錠０．３７５ｍｇＭＩ「ＤＳＥＰ」,プラミペキソール塩酸塩水和物,０．３７５ｍｇ１錠,18.9,
1169012G1060,プラミペキソール塩酸塩ＬＡ錠０．３７５ｍｇＭＩ「オーハラ」,プラミペキソール塩酸塩水和物,０．３７５ｍｇ１錠,18.9,
1169012G1079,プラミペキソール塩酸塩ＬＡ錠０．３７５ｍｇＭＩ「サワイ」,プラミペキソール塩酸塩水和物,０．３７５ｍｇ１錠,18.9,
1169012G1087,プラミペキソール塩酸塩ＬＡ錠０．３７５ｍｇＭＩ「トーワ」,プラミペキソール塩酸塩水和物,０．３７５ｍｇ１錠,18.9,
1169012G2024,ミラペックスＬＡ錠１．５ｍｇ,プラミペキソール塩酸塩水和物,１．５ｍｇ１錠,118.1,
1169012G2032,プラミペキソール塩酸塩ＬＡ錠１．５ｍｇＭＩ「ＤＳＥＰ」,プラミペキソール塩酸塩水和物,１．５ｍｇ１錠,67.4,
1169012G2067,プラミペキソール塩酸塩ＬＡ錠１．５ｍｇＭＩ「オーハラ」,プラミペキソール塩酸塩水和物,１．５ｍｇ１錠,67.4,
1169012G2075,プラミペキソール塩酸塩ＬＡ錠１．５ｍｇＭＩ「サワイ」,プラミペキソール塩酸塩水和物,１．５ｍｇ１錠,67.4,
1169012G2083,プラミペキソール塩酸塩ＬＡ錠１．５ｍｇＭＩ「トーワ」,プラミペキソール塩酸塩水和物,１．５ｍｇ１錠,67.4,
1169013F1027,レキップ錠０．２５ｍｇ,ロピニロール塩酸塩,０．２５ｍｇ１錠,15.7,
1169013F1035,ロピニロール錠０．２５ｍｇ「ＪＧ」,ロピニロール塩酸塩,０．２５ｍｇ１錠,14.7,
1169013F2023,レキップ錠１ｍｇ,ロピニロール塩酸塩,１ｍｇ１錠,51.5,
1169013F2031,ロピニロール錠１ｍｇ「ＪＧ」,ロピニロール塩酸塩,１ｍｇ１錠,27.1,
1169013F3020,レキップ錠２ｍｇ,ロピニロール塩酸塩,２ｍｇ１錠,88.3,
1169013F3038,ロピニロール錠２ｍｇ「ＪＧ」,ロピニロール塩酸塩,２ｍｇ１錠,48.9,
1169013F4026,ロピニロールＯＤ錠０．２５ｍｇ「アメル」,ロピニロール塩酸塩,０．２５ｍｇ１錠,6.7,
1169013F5022,ロピニロールＯＤ錠１ｍｇ「アメル」,ロピニロール塩酸塩,１ｍｇ１錠,27.1,
1169013F6029,ロピニロールＯＤ錠２ｍｇ「アメル」,ロピニロール塩酸塩,２ｍｇ１錠,48.9,
1169013G1022,レキップＣＲ錠２ｍｇ,ロピニロール塩酸塩,２ｍｇ１錠,67.3,
1169013G1049,ロピニロール徐放錠２ｍｇ「トーワ」,ロピニロール塩酸塩,２ｍｇ１錠,43.3,
1169013G1057,ロピニロール徐放錠２ｍｇ「サワイ」,ロピニロール塩酸塩,２ｍｇ１錠,43.3,
1169013G1065,ロピニロール徐放錠２ｍｇ「ＫＭＰ」,ロピニロール塩酸塩,２ｍｇ１錠,43.3,
1169013G2029,レキップＣＲ錠８ｍｇ,ロピニロール塩酸塩,８ｍｇ１錠,217.5,
1169013G2045,ロピニロール徐放錠８ｍｇ「トーワ」,ロピニロール塩酸塩,８ｍｇ１錠,145.6,
1169013G2053,ロピニロール徐放錠８ｍｇ「サワイ」,ロピニロール塩酸塩,８ｍｇ１錠,145.6,
1169013G2061,ロピニロール徐放錠８ｍｇ「ＫＭＰ」,ロピニロール塩酸塩,８ｍｇ１錠,145.6,
1169014F1021,コムタン錠１００ｍｇ,エンタカポン,１００ｍｇ１錠,60.3,
1169014F1030,エンタカポン錠１００ｍｇ「ＪＧ」,エンタカポン,１００ｍｇ１錠,24.1,
1169014F1056,エンタカポン錠１００ｍｇ「アメル」,エンタカポン,１００ｍｇ１錠,24.1,
1169014F1064,エンタカポン錠１００ｍｇ「トーワ」,エンタカポン,１００ｍｇ１錠,24.1,
1169014F1072,エンタカポン錠１００ｍｇ「サンド」,エンタカポン,１００ｍｇ１錠,24.1,
1169015F2022,トレリーフＯＤ錠２５ｍｇ,ゾニサミド,２５ｍｇ１錠,513.1,
1169015F2030,ゾニサミドＯＤ錠２５ｍｇＴＲＥ「ＳＭＰＰ」,ゾニサミド,２５ｍｇ１錠,231,
1169015F2049,ゾニサミドＯＤ錠２５ｍｇＴＲＥ「ＤＳＥＰ」,ゾニサミド,２５ｍｇ１錠,231,
1169015F2057,ゾニサミドＯＤ錠２５ｍｇＴＲＥ「ＫＯ」,ゾニサミド,２５ｍｇ１錠,231,
1169015F2065,ゾニサミドＯＤ錠２５ｍｇＴＲＥ「ＺＥ」,ゾニサミド,２５ｍｇ１錠,267,
1169015F2073,ゾニサミドＯＤ錠２５ｍｇＴＲＥ「アメル」,ゾニサミド,２５ｍｇ１錠,231,
1169015F2081,ゾニサミドＯＤ錠２５ｍｇＴＲＥ「杏林」,ゾニサミド,２５ｍｇ１錠,231,
1169015F2090,ゾニサミドＯＤ錠２５ｍｇＴＲＥ「ケミファ」,ゾニサミド,２５ｍｇ１錠,231,
1169015F2103,ゾニサミドＯＤ錠２５ｍｇＴＲＥ「サワイ」,ゾニサミド,２５ｍｇ１錠,231,
1169015F2111,ゾニサミドＯＤ錠２５ｍｇＴＲＥ「サンド」,ゾニサミド,２５ｍｇ１錠,231,
1169015F2120,ゾニサミドＯＤ錠２５ｍｇＴＲＥ「ダイト」,ゾニサミド,２５ｍｇ１錠,231,
1169015F2138,ゾニサミドＯＤ錠２５ｍｇＴＲＥ「トーワ」,ゾニサミド,２５ｍｇ１錠,231,
1169015F2146,ゾニサミドＯＤ錠２５ｍｇＴＲＥ「日医工」,ゾニサミド,２５ｍｇ１錠,231,
1169015F2154,ゾニサミドＯＤ錠２５ｍｇＴＲＥ「日新」,ゾニサミド,２５ｍｇ１錠,231,
1169015F2162,ゾニサミドＯＤ錠２５ｍｇＴＲＥ「ニプロ」,ゾニサミド,２５ｍｇ１錠,231,
1169015F2170,ゾニサミドＯＤ錠２５ｍｇＴＲＥ「フェルゼン」,ゾニサミド,２５ｍｇ１錠,267,
1169015F3029,トレリーフＯＤ錠５０ｍｇ,ゾニサミド,５０ｍｇ１錠,733.6,
1169015F3037,ゾニサミドＯＤ錠５０ｍｇＴＲＥ「ＳＭＰＰ」,ゾニサミド,５０ｍｇ１錠,342.7,
1169015F3045,ゾニサミドＯＤ錠５０ｍｇＴＲＥ「ＤＳＥＰ」,ゾニサミド,５０ｍｇ１錠,342.7,
1169015F3053,ゾニサミドＯＤ錠５０ｍｇＴＲＥ「ＫＯ」,ゾニサミド,５０ｍｇ１錠,379.3,
1169015F3061,ゾニサミドＯＤ錠５０ｍｇＴＲＥ「ＺＥ」,ゾニサミド,５０ｍｇ１錠,379.3,
1169015F3070,ゾニサミドＯＤ錠５０ｍｇＴＲＥ「アメル」,ゾニサミド,５０ｍｇ１錠,342.7,
1169015F3088,ゾニサミドＯＤ錠５０ｍｇＴＲＥ「杏林」,ゾニサミド,５０ｍｇ１錠,342.7,
1169015F3096,ゾニサミドＯＤ錠５０ｍｇＴＲＥ「ケミファ」,ゾニサミド,５０ｍｇ１錠,379.3,
1169015F3100,ゾニサミドＯＤ錠５０ｍｇＴＲＥ「サワイ」,ゾニサミド,５０ｍｇ１錠,342.7,
1169015F3118,ゾニサミドＯＤ錠５０ｍｇＴＲＥ「サンド」,ゾニサミド,５０ｍｇ１錠,342.7,
1169015F3126,ゾニサミドＯＤ錠５０ｍｇＴＲＥ「ダイト」,ゾニサミド,５０ｍｇ１錠,379.3,
1169015F3134,ゾニサミドＯＤ錠５０ｍｇＴＲＥ「トーワ」,ゾニサミド,５０ｍｇ１錠,379.3,
1169015F3142,ゾニサミドＯＤ錠５０ｍｇＴＲＥ「日医工」,ゾニサミド,５０ｍｇ１錠,342.7,
1169015F3150,ゾニサミドＯＤ錠５０ｍｇＴＲＥ「日新」,ゾニサミド,５０ｍｇ１錠,342.7,
1169015F3169,ゾニサミドＯＤ錠５０ｍｇＴＲＥ「ニプロ」,ゾニサミド,５０ｍｇ１錠,379.3,
1169015F3177,ゾニサミドＯＤ錠５０ｍｇＴＲＥ「フェルゼン」,ゾニサミド,５０ｍｇ１錠,401.6,
1169016F1020,ノウリアスト錠２０ｍｇ,イストラデフィリン,２０ｍｇ１錠,747.7,
1169017F1025,アジレクト錠０．５ｍｇ,ラサギリンメシル酸塩,０．５ｍｇ１錠,503.5,
1169017F2021,アジレクト錠１ｍｇ,ラサギリンメシル酸塩,１ｍｇ１錠,928.8,
1169018F1020,エクフィナ錠５０ｍｇ,サフィナミドメシル酸塩,５０ｍｇ１錠,848.8,
1169019F1024,オンジェンティス錠２５ｍｇ,オピカポン,２５ｍｇ１錠,932.4,
1169100F1052,イーシー・ドパール配合錠,レボドパ・ベンセラジド塩酸塩,１錠,14.4,
1169100F1060,ネオドパゾール配合錠,レボドパ・ベンセラジド塩酸塩,１錠,15.6,
1169100F1087,マドパー配合錠Ｌ１００,レボドパ・ベンセラジド塩酸塩,１錠,16.7,
1169100F2024,マドパー配合錠Ｌ５０,レボドパ・ベンセラジド塩酸塩,１錠,11.4,
1169101F1120,ネオドパストン配合錠Ｌ１００,レボドパ・カルビドパ水和物,１錠,12.3,
1169101F1146,メネシット配合錠１００,レボドパ・カルビドパ水和物,１錠,8.3,R9.3.31まで
1169101F1154,カルコーパ配合錠Ｌ１００,レボドパ・カルビドパ水和物,１錠,11.3,
1169101F1170,ドパコール配合錠Ｌ１００,レボドパ・カルビドパ水和物,１錠,7.9,
1169101F2045,ネオドパストン配合錠Ｌ２５０,レボドパ・カルビドパ水和物,１錠,36.5,
1169101F2053,メネシット配合錠２５０,レボドパ・カルビドパ水和物,１錠,24.1,R9.3.31まで
1169101F2061,カルコーパ配合錠Ｌ２５０,レボドパ・カルビドパ水和物,１錠,30,
1169101F2070,ドパコール配合錠Ｌ２５０,レボドパ・カルビドパ水和物,１錠,29.8,
1169101F3033,ドパコール配合錠Ｌ５０,レボドパ・カルビドパ水和物,１錠,6.3,
1169101S1020,デュオドーパ配合経腸用液,レボドパ・カルビドパ水和物,１００ｍＬ１カセット,15282.2,
1169102F1027,スタレボ配合錠Ｌ５０,レボドパ・カルビドパ水和物・エンタカポン,１錠,60.3,
1169102F2023,スタレボ配合錠Ｌ１００,レボドパ・カルビドパ水和物・エンタカポン,１錠,60.3,
1171001F1014,クロルプロマジン塩酸塩錠,クロルプロマジン塩酸塩,１２．５ｍｇ１錠,10,
1171001F2010,クロルプロマジン塩酸塩錠,クロルプロマジン塩酸塩,２５ｍｇ１錠,10,
1171001F3017,クロルプロマジン塩酸塩錠,クロルプロマジン塩酸塩,５０ｍｇ１錠,10,
1171001F4013,クロルプロマジン塩酸塩錠,クロルプロマジン塩酸塩,１００ｍｇ１錠,10,
1171005C1024,ウインタミン細粒（１０％）,クロルプロマジンフェノールフタリン酸塩,１０％１ｇ,9.8,
1172004B1030,ピーゼットシー散１％,ペルフェナジンフェンジゾ酸塩,１％１ｇ,6.9,
1172005C1064,ニューレプチル細粒１０％,プロペリシアジン,１０％１ｇ,36.5,
1172005F1044,ニューレプチル錠５ｍｇ,プロペリシアジン,５ｍｇ１錠,6.3,
1172005F2067,ニューレプチル錠１０ｍｇ,プロペリシアジン,１０ｍｇ１錠,6.7,
1172005F3047,ニューレプチル錠２５ｍｇ,プロペリシアジン,２５ｍｇ１錠,9.2,
1172005S1034,ニューレプチル内服液１％,プロペリシアジン,１％１ｍＬ,17.4,
1172006F1014,ペルフェナジン錠,ペルフェナジン,２ｍｇ１錠,10.8,
1172006F2010,ペルフェナジン錠,ペルフェナジン,４ｍｇ１錠,10.8,
1172006F3017,ペルフェナジン錠,ペルフェナジン,８ｍｇ１錠,10.8,
1172007B1033,トリラホン散１％,ペルフェナジン,１％１ｇ,7.5,R9.3.31まで
1172009B1032,フルメジン散０．２％,フルフェナジンマレイン酸塩,０．２％１ｇ,8.6,
1172009F1026,フルメジン糖衣錠（０．２５）,フルフェナジンマレイン酸塩,０．２５ｍｇ１錠,6.3,
1172009F2022,フルメジン糖衣錠（０．５）,フルフェナジンマレイン酸塩,０．５ｍｇ１錠,6.3,
1172009F3029,フルメジン糖衣錠（１）,フルフェナジンマレイン酸塩,１ｍｇ１錠,6.3,
1172010F1010,プロクロルペラジンマレイン酸塩錠,プロクロルペラジンマレイン酸塩,５ｍｇ１錠,10.8,
1172013F1014,ペルフェナジンマレイン酸塩錠,ペルフェナジンマレイン酸塩,２ｍｇ１錠,10.8,
1172013F2010,ペルフェナジンマレイン酸塩錠,ペルフェナジンマレイン酸塩,４ｍｇ１錠,10.8,
1172013F3017,ペルフェナジンマレイン酸塩錠,ペルフェナジンマレイン酸塩,８ｍｇ１錠,10.8,
1172014B1033,レボトミン散１０％,レボメプロマジンマレイン酸塩,１０％１ｇ,14.3,
1172014B2048,レボトミン散５０％,レボメプロマジンマレイン酸塩,５０％１ｇ,95.3,
1172014B2056,ヒルナミン散５０％,レボメプロマジンマレイン酸塩,５０％１ｇ,46.7,
1172014C1055,ヒルナミン細粒１０％,レボメプロマジンマレイン酸塩,１０％１ｇ,14.3,
1172014D1077,レボトミン顆粒１０％,レボメプロマジンマレイン酸塩,１０％１ｇ,14.3,
1172014F1027,ヒルナミン錠（５ｍｇ）,レボメプロマジンマレイン酸塩,５ｍｇ１錠,6.3,
1172014F1043,レボトミン錠５ｍｇ,レボメプロマジンマレイン酸塩,５ｍｇ１錠,6.3,
1172014F2120,レボトミン錠２５ｍｇ,レボメプロマジンマレイン酸塩,２５ｍｇ１錠,8.6,
1172014F2139,ヒルナミン錠（２５ｍｇ）,レボメプロマジンマレイン酸塩,２５ｍｇ１錠,6.3,
1172014F2163,レボメプロマジン錠２５ｍｇ「ツルハラ」,レボメプロマジンマレイン酸塩,２５ｍｇ１錠,6.3,
1172014F3038,ヒルナミン錠（５０ｍｇ）,レボメプロマジンマレイン酸塩,５０ｍｇ１錠,8.9,
1172014F3070,レボトミン錠５０ｍｇ,レボメプロマジンマレイン酸塩,５０ｍｇ１錠,8.9,
1174002F1029,アナフラニール錠１０ｍｇ,クロミプラミン塩酸塩,１０ｍｇ１錠,10.2,
1174002F2025,アナフラニール錠２５ｍｇ,クロミプラミン塩酸塩,２５ｍｇ１錠,10.8,
1174005B1020,スルモンチール散１０％,トリミプラミンマレイン酸塩,１０％１ｇ,40.2,R9.3.31まで
1174005F1022,スルモンチール錠１０ｍｇ,トリミプラミンマレイン酸塩,１０ｍｇ１錠,6.3,R9.3.31まで
1174005F2029,スルモンチール錠２５ｍｇ,トリミプラミンマレイン酸塩,２５ｍｇ１錠,10,R9.3.31まで
1174006F1019,イミプラミン塩酸塩錠,イミプラミン塩酸塩,１０ｍｇ１錠,10.8,
1174006F2015,イミプラミン塩酸塩錠,イミプラミン塩酸塩,２５ｍｇ１錠,10.8,
1179001C1024,アモキサン細粒１０％,アモキサピン,１０％１ｇ,24.3,R9.3.31まで
1179001M1020,アモキサンカプセル１０ｍｇ,アモキサピン,１０ｍｇ１カプセル,6.3,R9.3.31まで
1179001M2026,アモキサンカプセル２５ｍｇ,アモキサピン,２５ｍｇ１カプセル,7.5,R9.3.31まで
1179001M3022,アモキサンカプセル５０ｍｇ,アモキサピン,５０ｍｇ１カプセル,11.1,R9.3.31まで
1179002F1017,アミトリプチリン塩酸塩錠,アミトリプチリン塩酸塩,１０ｍｇ１錠,10.8,
1179002F2013,アミトリプチリン塩酸塩錠,アミトリプチリン塩酸塩,２５ｍｇ１錠,10.8,
1179004F1024,ノリトレン錠１０ｍｇ,ノルトリプチリン塩酸塩,１０ｍｇ１錠,10.8,
1179004F2039,ノリトレン錠２５ｍｇ,ノルトリプチリン塩酸塩,２５ｍｇ１錠,10.8,
1179005F1053,アタラックス錠１０ｍｇ,ヒドロキシジン塩酸塩,１０ｍｇ１錠,6.3,
1179005F2025,アタラックス錠２５ｍｇ,ヒドロキシジン塩酸塩,２５ｍｇ１錠,6.3,
1179006F1031,プロピタン錠５０ｍｇ,ピパンペロン塩酸塩,５０ｍｇ１錠,10.3,
1179008F1022,ルジオミール錠１０ｍｇ,マプロチリン塩酸塩,１０ｍｇ１錠,6.3,
1179008F1081,マプロチリン塩酸塩錠１０ｍｇ「アメル」,マプロチリン塩酸塩,１０ｍｇ１錠,6.3,
1179008F2029,ルジオミール錠２５ｍｇ,マプロチリン塩酸塩,２５ｍｇ１錠,10.2,
1179008F2070,マプロチリン塩酸塩錠２５ｍｇ「アメル」,マプロチリン塩酸塩,２５ｍｇ１錠,7.2,
1179009F1035,リタリン錠１０ｍｇ,メチルフェニデート塩酸塩,１０ｍｇ１錠,6.3,
1179009G1022,コンサータ錠１８ｍｇ,メチルフェニデート塩酸塩,１８ｍｇ１錠,232,
1179009G2029,コンサータ錠２７ｍｇ,メチルフェニデート塩酸塩,２７ｍｇ１錠,257.7,
1179009G3025,コンサータ錠３６ｍｇ,メチルフェニデート塩酸塩,３６ｍｇ１錠,270.2,
1179012D1036,リーゼ顆粒１０％,クロチアゼパム,１０％１ｇ,66.4,
1179012F1010,クロチアゼパム５ｍｇ錠,クロチアゼパム,５ｍｇ１錠,10.8,
1179012F1118,リーゼ錠５ｍｇ,クロチアゼパム,５ｍｇ１錠,10.8,
1179012F2017,クロチアゼパム１０ｍｇ錠,クロチアゼパム,１０ｍｇ１錠,10.8,
1179012F2033,リーゼ錠１０ｍｇ,クロチアゼパム,１０ｍｇ１錠,10.8,
1179015F1030,スピロピタン錠０．２５ｍｇ,スピペロン,０．２５ｍｇ１錠,8.9,
1179015F2029,スピロピタン錠１ｍｇ,スピペロン,１ｍｇ１錠,13.7,
1179016F1019,スルピリド１００ｍｇ錠,スルピリド,１００ｍｇ１錠,10.8,
1179016F1124,ドグマチール錠１００ｍｇ,スルピリド,１００ｍｇ１錠,10.8,
1179016F2015,スルピリド２００ｍｇ錠,スルピリド,２００ｍｇ１錠,10.8,
1179016F2090,ドグマチール錠２００ｍｇ,スルピリド,２００ｍｇ１錠,10.8,
1179017F1013,炭酸リチウム１００ｍｇ錠,炭酸リチウム,１００ｍｇ１錠,10.8,
1179017F1056,リーマス錠１００,炭酸リチウム,１００ｍｇ１錠,10.8,
1179017F1080,炭酸リチウム錠１００ｍｇ「大正」,炭酸リチウム,１００ｍｇ１錠,10.8,
1179017F2010,炭酸リチウム２００ｍｇ錠,炭酸リチウム,２００ｍｇ１錠,10.8,
1179017F2052,リーマス錠２００,炭酸リチウム,２００ｍｇ１錠,11.6,
1179017F2087,炭酸リチウム錠２００ｍｇ「大正」,炭酸リチウム,２００ｍｇ１錠,12.6,
1179019B1037,アタラックス－Ｐ散１０％,ヒドロキシジンパモ酸塩,１０％１ｇ,14.6,
1179019F1071,ヒドロキシジンパモ酸塩錠２５ｍｇ「日新」,ヒドロキシジンパモ酸塩,２５ｍｇ１錠,6.1,
1179019M1046,アタラックス－Ｐカプセル２５ｍｇ,ヒドロキシジンパモ酸塩,２５ｍｇ１カプセル,6.3,
1179019M2034,アタラックス－Ｐカプセル５０ｍｇ,ヒドロキシジンパモ酸塩,５０ｍｇ１カプセル,6.3,
1179019Q1030,アタラックス－Ｐシロップ０．５％,ヒドロキシジンパモ酸塩,０．５％１ｍＬ,1.8,
1179019R1035,アタラックス－Ｐドライシロップ２．５％,ヒドロキシジンパモ酸塩,２．５％１ｇ,6.9,
1179020C1019,ハロペリドール１％細粒,ハロペリドール,１％１ｇ,8,
1179020C1191,セレネース細粒１％,ハロペリドール,１％１ｇ,27.2,
1179020C1299,ハロペリドール細粒１％「ヨシトミ」,ハロペリドール,１％１ｇ,8.7,
1179020C1302,ハロペリドール細粒１％「タカタ」,ハロペリドール,１％１ｇ,14.9,
1179020F1015,ハロペリドール０．７５ｍｇ錠,ハロペリドール,０．７５ｍｇ１錠,10.8,
1179020F1210,セレネース錠０．７５ｍｇ,ハロペリドール,０．７５ｍｇ１錠,10.8,
1179020F2011,ハロペリドール１ｍｇ錠,ハロペリドール,１ｍｇ１錠,10.8,
1179020F2038,セレネース錠１ｍｇ,ハロペリドール,１ｍｇ１錠,10.8,
1179020F3018,ハロペリドール１．５ｍｇ錠,ハロペリドール,１．５ｍｇ１錠,10.8,
1179020F3255,セレネース錠１．５ｍｇ,ハロペリドール,１．５ｍｇ１錠,10.8,
1179020F4014,ハロペリドール２ｍｇ錠,ハロペリドール,２ｍｇ１錠,10.8,
1179020F5010,ハロペリドール３ｍｇ錠,ハロペリドール,３ｍｇ１錠,10.8,
1179020F5037,セレネース錠３ｍｇ,ハロペリドール,３ｍｇ１錠,10.8,
1179020S1030,セレネース内服液０．２％,ハロペリドール,０．２％１ｍＬ,13.9,
1179023F1035,ベタナミン錠１０ｍｇ,ペモリン,１０ｍｇ１錠,6.5,
1179023F2023,ベタナミン錠２５ｍｇ,ペモリン,２５ｍｇ１錠,13,
1179023F3020,ベタナミン錠５０ｍｇ,ペモリン,５０ｍｇ１錠,29,
1179024C1033,ロドピン細粒１０％,ゾテピン,１０％１ｇ,39.9,
1179024C1106,ゾテピン細粒１０％「タカタ」,ゾテピン,１０％１ｇ,42.8,R9.3.31まで
1179024C2021,ロドピン細粒５０％,ゾテピン,５０％１ｇ,201.1,
1179024F1030,ロドピン錠２５ｍｇ,ゾテピン,２５ｍｇ１錠,9.6,
1179024F1099,ゾテピン錠２５ｍｇ「タカタ」,ゾテピン,２５ｍｇ１錠,7.5,R9.3.31まで
1179024F2036,ロドピン錠５０ｍｇ,ゾテピン,５０ｍｇ１錠,17.9,
1179024F2095,ゾテピン錠５０ｍｇ「タカタ」,ゾテピン,５０ｍｇ１錠,23.1,R9.3.31まで
1179024F3024,ロドピン錠１００ｍｇ,ゾテピン,１００ｍｇ１錠,66.3,
1179024F3083,ゾテピン錠１００ｍｇ「タカタ」,ゾテピン,１００ｍｇ１錠,66.3,R9.3.31まで
1179025C1054,デパス細粒１％,エチゾラム,１％１ｇ,29.5,
1179025F1018,エチゾラム０．５ｍｇ錠,エチゾラム,０．５ｍｇ１錠,10.8,
1179025F1026,デパス錠０．５ｍｇ,エチゾラム,０．５ｍｇ１錠,10.8,
1179025F2014,エチゾラム１ｍｇ錠,エチゾラム,１ｍｇ１錠,10.8,
1179025F2022,デパス錠１ｍｇ,エチゾラム,１ｍｇ１錠,10.8,
1179025F2308,エチゾラム錠１ｍｇ「クニヒロ」,エチゾラム,１ｍｇ１錠,10.4,
1179025F3010,エチゾラム０．２５ｍｇ錠,エチゾラム,０．２５ｍｇ１錠,10.8,
1179025F3029,デパス錠０．２５ｍｇ,エチゾラム,０．２５ｍｇ１錠,10.8,
1179028C1090,ブロムペリドール細粒１％「アメル」,ブロムペリドール,１％１ｇ,25.8,
1179028C1104,ブロムペリドール細粒１％「サワイ」,ブロムペリドール,１％１ｇ,25.8,
1179028F1011,ブロムペリドール１ｍｇ錠,ブロムペリドール,１ｍｇ１錠,6.1,
1179028F2018,ブロムペリドール３ｍｇ錠,ブロムペリドール,３ｍｇ１錠,6.3,
1179028F3065,ブロムペリドール錠６ｍｇ「アメル」,ブロムペリドール,６ｍｇ１錠,12.5,
1179028F3073,ブロムペリドール錠６ｍｇ「サワイ」,ブロムペリドール,６ｍｇ１錠,12.5,
1179030D1050,クロフェクトン顆粒１０％,クロカプラミン塩酸塩水和物,１０％１ｇ,45.1,
1179030F1035,クロフェクトン錠１０ｍｇ,クロカプラミン塩酸塩水和物,１０ｍｇ１錠,6.3,
1179030F2066,クロフェクトン錠２５ｍｇ,クロカプラミン塩酸塩水和物,２５ｍｇ１錠,14.5,
1179030F3020,クロフェクトン錠５０ｍｇ,クロカプラミン塩酸塩水和物,５０ｍｇ１錠,32.3,
1179032C1046,バルネチール細粒５０％,スルトプリド塩酸塩,５０％１ｇ,44.1,
1179032F1026,バルネチール錠５０,スルトプリド塩酸塩,５０ｍｇ１錠,17.1,
1179032F2022,バルネチール錠１００,スルトプリド塩酸塩,１００ｍｇ１錠,24.8,
1179032F3029,バルネチール錠２００,スルトプリド塩酸塩,２００ｍｇ１錠,23.6,
1179033F1020,テトラミド錠１０ｍｇ,ミアンセリン塩酸塩,１０ｍｇ１錠,7.8,
1179033F2027,テトラミド錠３０ｍｇ,ミアンセリン塩酸塩,３０ｍｇ１錠,21.3,
1179034F1050,テシプール錠１ｍｇ,セチプチリンマレイン酸塩,１ｍｇ１錠,7,
1179034F1068,セチプチリンマレイン酸塩錠１ｍｇ「サワイ」,セチプチリンマレイン酸塩,１ｍｇ１錠,6.3,
1179035D1029,クレミン顆粒１０％,モサプラミン塩酸塩,１０％１ｇ,100.8,
1179035F1020,クレミン錠１０ｍｇ,モサプラミン塩酸塩,１０ｍｇ１錠,9.7,
1179035F3022,クレミン錠２５ｍｇ,モサプラミン塩酸塩,２５ｍｇ１錠,23.2,
1179035F4029,クレミン錠５０ｍｇ,モサプラミン塩酸塩,５０ｍｇ１錠,48.7,
1179036F1024,エミレース錠３ｍｇ,ネモナプリド,３ｍｇ１錠,11.8,R9.3.31まで
1179036F2020,エミレース錠１０ｍｇ,ネモナプリド,１０ｍｇ１錠,38.3,R9.3.31まで
1179037F1029,レスリン錠２５,トラゾドン塩酸塩,２５ｍｇ１錠,6.3,
1179037F1053,トラゾドン塩酸塩錠２５ｍｇ「アメル」,トラゾドン塩酸塩,２５ｍｇ１錠,6.3,
1179037F2025,レスリン錠５０,トラゾドン塩酸塩,５０ｍｇ１錠,10.4,
1179037F2050,トラゾドン塩酸塩錠５０ｍｇ「アメル」,トラゾドン塩酸塩,５０ｍｇ１錠,6.3,
1179038C1019,リスペリドン１％細粒,リスペリドン,１％１ｇ,45.6,
1179038C1027,リスパダール細粒１％,リスペリドン,１％１ｇ,62.5,
1179038C1051,リスペリドン細粒１％「ＮＰ」,リスペリドン,１％１ｇ,50.4,R9.3.31まで
1179038C1094,リスペリドン細粒１％「サワイ」,リスペリドン,１％１ｇ,50.4,
1179038C1140,リスペリドン細粒１％「ヨシトミ」,リスペリドン,１％１ｇ,50.4,R9.3.31まで
1179038C1183,リスペリドン細粒１％「ニプロ」,リスペリドン,１％１ｇ,50.4,
1179038F1015,リスペリドン１ｍｇ錠,リスペリドン,１ｍｇ１錠,10.8,
1179038F1023,リスパダール錠１ｍｇ,リスペリドン,１ｍｇ１錠,10.8,
1179038F2011,リスペリドン２ｍｇ錠,リスペリドン,２ｍｇ１錠,10.8,
1179038F2020,リスパダール錠２ｍｇ,リスペリドン,２ｍｇ１錠,16,
1179038F3018,リスペリドン３ｍｇ錠,リスペリドン,３ｍｇ１錠,10.8,
1179038F3026,リスパダール錠３ｍｇ,リスペリドン,３ｍｇ１錠,19.3,
1179038F3069,リスペリドン錠３ｍｇ「ＮＰ」,リスペリドン,３ｍｇ１錠,15.1,R9.3.31まで
1179038F3085,リスペリドン錠３ｍｇ「サワイ」,リスペリドン,３ｍｇ１錠,15.1,
1179038F3115,リスペリドン錠３ｍｇ「ヨシトミ」,リスペリドン,３ｍｇ１錠,15.1,R9.3.31まで
1179038F3123,リスペリドン錠３ｍｇ「トーワ」,リスペリドン,３ｍｇ１錠,15.1,
1179038F3190,リスペリドン錠３ｍｇ「ニプロ」,リスペリドン,３ｍｇ１錠,15.1,
1179038F4014,リスペリドン０．５ｍｇ錠,リスペリドン,０．５ｍｇ１錠,10.8,
1179038F5010,リスペリドン１ｍｇ口腔内崩壊錠,リスペリドン,１ｍｇ１錠,10.8,
1179038F5029,リスパダールＯＤ錠１ｍｇ,リスペリドン,１ｍｇ１錠,10.8,
1179038F6017,リスペリドン２ｍｇ口腔内崩壊錠,リスペリドン,２ｍｇ１錠,10.8,
1179038F6025,リスパダールＯＤ錠２ｍｇ,リスペリドン,２ｍｇ１錠,16,
1179038F7013,リスペリドン０．５ｍｇ口腔内崩壊錠,リスペリドン,０．５ｍｇ１錠,10.8,
1179038F7021,リスパダールＯＤ錠０．５ｍｇ,リスペリドン,０．５ｍｇ１錠,10.8,
1179038F8010,リスペリドン３ｍｇ口腔内崩壊錠,リスペリドン,３ｍｇ１錠,10.8,
1179038F8036,リスペリドンＯＤ錠３ｍｇ「サワイ」,リスペリドン,３ｍｇ１錠,15.1,
1179038F8044,リスペリドンＯＤ錠３ｍｇ「トーワ」,リスペリドン,３ｍｇ１錠,15.1,
1179038S1021,リスパダール内用液１ｍｇ／ｍＬ,リスペリドン,０．１％１ｍＬ,25,
1179038S1030,リスペリドン内用液１ｍｇ／ｍＬ「アメル」,リスペリドン,０．１％１ｍＬ,25.4,
1179038S1056,リスペリドン内用液１ｍｇ／ｍＬ「ヨシトミ」,リスペリドン,０．１％１ｍＬ,25.4,R9.3.31まで
1179038S1064,リスペリドン内用液１ｍｇ／ｍＬ「タカタ」,リスペリドン,０．１％１ｍＬ,20.4,
1179038S1072,リスペリドン内用液１ｍｇ／ｍＬ「トーワ」,リスペリドン,０．１％１ｍＬ,25.4,
1179038S1099,リスペリドン内用液１ｍｇ／ｍＬ「杏林」,リスペリドン,０．１％１ｍＬ,25.4,
1179038S2044,リスペリドン内用液分包０．５ｍｇ「アメル」,リスペリドン,０．１％０．５ｍＬ１包,13.1,
1179038S3024,リスペリドン内用液分包１ｍｇ「アメル」,リスペリドン,０．１％１ｍＬ１包,25.5,
1179038S4047,リスペリドン内用液分包２ｍｇ「アメル」,リスペリドン,０．１％２ｍＬ１包,31.9,
1179038S5027,リスペリドン内用液分包３ｍｇ「アメル」,リスペリドン,０．１％３ｍＬ１包,46.1,
1179039F1010,フルボキサミンマレイン酸塩２５ｍｇ錠,フルボキサミンマレイン酸塩,２５ｍｇ１錠,10.8,
1179039F1028,デプロメール錠２５,フルボキサミンマレイン酸塩,２５ｍｇ１錠,15.4,
1179039F1036,ルボックス錠２５,フルボキサミンマレイン酸塩,２５ｍｇ１錠,11.4,
1179039F2016,フルボキサミンマレイン酸塩５０ｍｇ錠,フルボキサミンマレイン酸塩,５０ｍｇ１錠,10.9,
1179039F2024,デプロメール錠５０,フルボキサミンマレイン酸塩,５０ｍｇ１錠,22.7,
1179039F2032,ルボックス錠５０,フルボキサミンマレイン酸塩,５０ｍｇ１錠,17.1,
1179039F2083,フルボキサミンマレイン酸塩錠５０ｍｇ「ＮＰ」,フルボキサミンマレイン酸塩,５０ｍｇ１錠,12.3,R9.3.31まで
1179039F2148,フルボキサミンマレイン酸塩錠５０ｍｇ「サワイ」,フルボキサミンマレイン酸塩,５０ｍｇ１錠,12.3,
1179039F2156,フルボキサミンマレイン酸塩錠５０ｍｇ「タカタ」,フルボキサミンマレイン酸塩,５０ｍｇ１錠,12.3,
1179039F2180,フルボキサミンマレイン酸塩錠５０ｍｇ「トーワ」,フルボキサミンマレイン酸塩,５０ｍｇ１錠,12.3,
1179039F3012,フルボキサミンマレイン酸塩７５ｍｇ錠,フルボキサミンマレイン酸塩,７５ｍｇ１錠,15.5,
1179039F3020,デプロメール錠７５,フルボキサミンマレイン酸塩,７５ｍｇ１錠,32.8,
1179039F3039,ルボックス錠７５,フルボキサミンマレイン酸塩,７５ｍｇ１錠,18.5,
1179039F3144,フルボキサミンマレイン酸塩錠７５ｍｇ「サワイ」,フルボキサミンマレイン酸塩,７５ｍｇ１錠,17.5,
1179039F3160,フルボキサミンマレイン酸塩錠７５ｍｇ「日医工」,フルボキサミンマレイン酸塩,７５ｍｇ１錠,17.5,
1179039F3187,フルボキサミンマレイン酸塩錠７５ｍｇ「トーワ」,フルボキサミンマレイン酸塩,７５ｍｇ１錠,17.5,
1179040F1012,ミルナシプラン塩酸塩１５ｍｇ錠,ミルナシプラン塩酸塩,１５ｍｇ１錠,7,
1179040F1136,トレドミン錠１５ｍｇ,ミルナシプラン塩酸塩,１５ｍｇ１錠,7.4,
1179040F2051,ミルナシプラン塩酸塩錠２５ｍｇ「ＮＰ」,ミルナシプラン塩酸塩,２５ｍｇ１錠,6.4,R9.3.31まで
1179040F2086,ミルナシプラン塩酸塩錠２５ｍｇ「アメル」,ミルナシプラン塩酸塩,２５ｍｇ１錠,8.9,
1179040F2132,トレドミン錠２５ｍｇ,ミルナシプラン塩酸塩,２５ｍｇ１錠,10.1,
1179040F3023,トレドミン錠１２．５ｍｇ,ミルナシプラン塩酸塩,１２．５ｍｇ１錠,6.3,
1179040F3031,ミルナシプラン塩酸塩錠１２．５ｍｇ「アメル」,ミルナシプラン塩酸塩,１２．５ｍｇ１錠,6.3,
1179040F4020,トレドミン錠５０ｍｇ,ミルナシプラン塩酸塩,５０ｍｇ１錠,17.3,
1179040F4062,ミルナシプラン塩酸塩錠５０ｍｇ「アメル」,ミルナシプラン塩酸塩,５０ｍｇ１錠,15.5,
1179041F1017,パロキセチン塩酸塩１０ｍｇ錠,パロキセチン塩酸塩水和物,１０ｍｇ１錠,10.8,
1179041F1033,パロキセチン錠１０ｍｇ「ＡＡ」,パロキセチン塩酸塩水和物,１０ｍｇ１錠,12.7,
1179041F1050,パロキセチン錠１０ｍｇ「ＤＳＥＰ」,パロキセチン塩酸塩水和物,１０ｍｇ１錠,12.7,
1179041F1149,パロキセチン錠１０ｍｇ「ＴＣＫ」,パロキセチン塩酸塩水和物,１０ｍｇ１錠,12.7,
1179041F1181,パロキセチン錠１０ｍｇ「オーハラ」,パロキセチン塩酸塩水和物,１０ｍｇ１錠,12.7,
1179041F1190,パロキセチン錠１０ｍｇ「科研」,パロキセチン塩酸塩水和物,１０ｍｇ１錠,12.7,
1179041F1203,パロキセチン錠１０ｍｇ「ケミファ」,パロキセチン塩酸塩水和物,１０ｍｇ１錠,26.1,
1179041F1211,パロキセチン錠１０ｍｇ「サワイ」,パロキセチン塩酸塩水和物,１０ｍｇ１錠,12.7,
1179041F1238,パロキセチン錠１０ｍｇ「タカタ」,パロキセチン塩酸塩水和物,１０ｍｇ１錠,12.7,
1179041F1254,パロキセチン錠１０ｍｇ「トーワ」,パロキセチン塩酸塩水和物,１０ｍｇ１錠,12.7,
1179041F1300,パロキセチン錠１０ｍｇ「明治」,パロキセチン塩酸塩水和物,１０ｍｇ１錠,12.7,
1179041F1378,パロキセチン錠１０ｍｇ「ＶＴＲＳ」,パロキセチン塩酸塩水和物,１０ｍｇ１錠,12.7,
1179041F1386,パロキセチン錠１０ｍｇ「ニプロ」,パロキセチン塩酸塩水和物,１０ｍｇ１錠,12.7,
1179041F1394,パロキセチン錠１０ｍｇ「ＮＩＧ」,パロキセチン塩酸塩水和物,１０ｍｇ１錠,12.7,
1179041F2013,パロキセチン塩酸塩２０ｍｇ錠,パロキセチン塩酸塩水和物,２０ｍｇ１錠,17,
1179041F2030,パロキセチン錠２０ｍｇ「ＡＡ」,パロキセチン塩酸塩水和物,２０ｍｇ１錠,23,
1179041F2056,パロキセチン錠２０ｍｇ「ＤＳＥＰ」,パロキセチン塩酸塩水和物,２０ｍｇ１錠,23,
1179041F2099,パロキセチン錠２０ｍｇ「ＪＧ」,パロキセチン塩酸塩水和物,２０ｍｇ１錠,23,
1179041F2145,パロキセチン錠２０ｍｇ「ＴＣＫ」,パロキセチン塩酸塩水和物,２０ｍｇ１錠,23,
1179041F2188,パロキセチン錠２０ｍｇ「オーハラ」,パロキセチン塩酸塩水和物,２０ｍｇ１錠,23,
1179041F2196,パロキセチン錠２０ｍｇ「科研」,パロキセチン塩酸塩水和物,２０ｍｇ１錠,23,
1179041F2200,パロキセチン錠２０ｍｇ「ケミファ」,パロキセチン塩酸塩水和物,２０ｍｇ１錠,46.6,
1179041F2218,パロキセチン錠２０ｍｇ「サワイ」,パロキセチン塩酸塩水和物,２０ｍｇ１錠,23,
1179041F2234,パロキセチン錠２０ｍｇ「タカタ」,パロキセチン塩酸塩水和物,２０ｍｇ１錠,23,
1179041F2250,パロキセチン錠２０ｍｇ「トーワ」,パロキセチン塩酸塩水和物,２０ｍｇ１錠,23,
1179041F2307,パロキセチン錠２０ｍｇ「明治」,パロキセチン塩酸塩水和物,２０ｍｇ１錠,23,
1179041F2374,パロキセチン錠２０ｍｇ「ＶＴＲＳ」,パロキセチン塩酸塩水和物,２０ｍｇ１錠,23,
1179041F2382,パロキセチン錠２０ｍｇ「ニプロ」,パロキセチン塩酸塩水和物,２０ｍｇ１錠,23,
1179041F2390,パロキセチン錠２０ｍｇ「ＮＩＧ」,パロキセチン塩酸塩水和物,２０ｍｇ１錠,23,
1179041F3010,パロキセチン塩酸塩５ｍｇ錠,パロキセチン塩酸塩水和物,５ｍｇ１錠,10.8,
1179041F3141,パロキセチン錠５ｍｇ「ケミファ」,パロキセチン塩酸塩水和物,５ｍｇ１錠,16.8,
1179041F3370,パロキセチン錠５ｍｇ「ニプロ」,パロキセチン塩酸塩水和物,５ｍｇ１錠,16.8,
1179041F4024,パロキセチンＯＤ錠１０ｍｇ「トーワ」,パロキセチン塩酸塩水和物,１０ｍｇ１錠,12.7,R9.3.31まで
1179041F5020,パロキセチンＯＤ錠２０ｍｇ「トーワ」,パロキセチン塩酸塩水和物,２０ｍｇ１錠,23,R9.3.31まで
1179041F6027,パロキセチンＯＤ錠５ｍｇ「トーワ」,パロキセチン塩酸塩水和物,５ｍｇ１錠,10.8,R9.3.31まで
1179041G1020,パキシルＣＲ錠１２．５ｍｇ,パロキセチン塩酸塩水和物,１２．５ｍｇ１錠,25.1,
1179041G2027,パキシルＣＲ錠２５ｍｇ,パロキセチン塩酸塩水和物,２５ｍｇ１錠,42.6,
1179041G3023,パキシルＣＲ錠６．２５ｍｇ,パロキセチン塩酸塩水和物,６．２５ｍｇ１錠,12.8,
1179042C1023,セロクエル細粒５０％,クエチアピンフマル酸塩,５０％１ｇ,185.4,
1179042C1040,クエチアピン細粒５０％「アメル」,クエチアピンフマル酸塩,５０％１ｇ,123.1,
1179042C1082,クエチアピン細粒５０％「トーワ」,クエチアピンフマル酸塩,５０％１ｇ,123.1,
1179042C1139,クエチアピン細粒５０％「タカタ」,クエチアピンフマル酸塩,５０％１ｇ,123.1,
1179042C2020,クエチアピン細粒１０％「アメル」,クエチアピンフマル酸塩,１０％１ｇ,22.8,
1179042F1011,クエチアピンフマル酸塩２５ｍｇ錠,クエチアピンフマル酸塩,２５ｍｇ１錠,10.8,
1179042F1020,セロクエル２５ｍｇ錠,クエチアピンフマル酸塩,２５ｍｇ１錠,13.7,
1179042F2026,セロクエル１００ｍｇ錠,クエチアピンフマル酸塩,１００ｍｇ１錠,26.2,
1179042F2042,クエチアピン錠１００ｍｇ「ＤＳＥＰ」,クエチアピンフマル酸塩,１００ｍｇ１錠,19.8,
1179042F2077,クエチアピン錠１００ｍｇ「ＪＧ」,クエチアピンフマル酸塩,１００ｍｇ１錠,19.8,R9.3.31まで
1179042F2107,クエチアピン錠１００ｍｇ「アメル」,クエチアピンフマル酸塩,１００ｍｇ１錠,14.8,
1179042F2158,クエチアピン錠１００ｍｇ「トーワ」,クエチアピンフマル酸塩,１００ｍｇ１錠,14.8,
1179042F2174,クエチアピン錠１００ｍｇ「日新」,クエチアピンフマル酸塩,１００ｍｇ１錠,19.8,
1179042F2190,クエチアピン錠１００ｍｇ「明治」,クエチアピンフマル酸塩,１００ｍｇ１錠,19.8,
1179042F2212,クエチアピン錠１００ｍｇ「タカタ」,クエチアピンフマル酸塩,１００ｍｇ１錠,19.8,
1179042F2220,クエチアピン錠１００ｍｇ「ＶＴＲＳ」,クエチアピンフマル酸塩,１００ｍｇ１錠,14.8,
1179042F2239,クエチアピン錠１００ｍｇ「ニプロ」,クエチアピンフマル酸塩,１００ｍｇ１錠,19.8,
1179042F3022,セロクエル２００ｍｇ錠,クエチアピンフマル酸塩,２００ｍｇ１錠,48.1,
1179042F3049,クエチアピン錠２００ｍｇ「ＤＳＥＰ」,クエチアピンフマル酸塩,２００ｍｇ１錠,37,
1179042F3073,クエチアピン錠２００ｍｇ「ＪＧ」,クエチアピンフマル酸塩,２００ｍｇ１錠,37,R9.3.31まで
1179042F3103,クエチアピン錠２００ｍｇ「アメル」,クエチアピンフマル酸塩,２００ｍｇ１錠,25.6,
1179042F3154,クエチアピン錠２００ｍｇ「トーワ」,クエチアピンフマル酸塩,２００ｍｇ１錠,37,
1179042F3170,クエチアピン錠２００ｍｇ「日新」,クエチアピンフマル酸塩,２００ｍｇ１錠,37,
1179042F3197,クエチアピン錠２００ｍｇ「明治」,クエチアピンフマル酸塩,２００ｍｇ１錠,37,
1179042F3219,クエチアピン錠２００ｍｇ「タカタ」,クエチアピンフマル酸塩,２００ｍｇ１錠,37,
1179042F3227,クエチアピン錠２００ｍｇ「ＶＴＲＳ」,クエチアピンフマル酸塩,２００ｍｇ１錠,25.6,
1179042F3235,クエチアピン錠２００ｍｇ「ニプロ」,クエチアピンフマル酸塩,２００ｍｇ１錠,37,
1179042F4010,クエチアピンフマル酸塩１２．５ｍｇ錠,クエチアピンフマル酸塩,１２．５ｍｇ１錠,10.8,
1179042F5017,クエチアピンフマル酸塩５０ｍｇ錠,クエチアピンフマル酸塩,５０ｍｇ１錠,10.8,
1179042G1025,ビプレッソ徐放錠５０ｍｇ,クエチアピンフマル酸塩,５０ｍｇ１錠,41.9,
1179042G2021,ビプレッソ徐放錠１５０ｍｇ,クエチアピンフマル酸塩,１５０ｍｇ１錠,113.2,
1179043F1032,ルーラン錠４ｍｇ,ペロスピロン塩酸塩水和物,４ｍｇ１錠,8.3,
1179043F1040,ペロスピロン塩酸塩錠４ｍｇ「アメル」,ペロスピロン塩酸塩水和物,４ｍｇ１錠,6.3,
1179043F2039,ルーラン錠８ｍｇ,ペロスピロン塩酸塩水和物,８ｍｇ１錠,16.5,
1179043F2047,ペロスピロン塩酸塩錠８ｍｇ「アメル」,ペロスピロン塩酸塩水和物,８ｍｇ１錠,9.2,
1179043F3027,ルーラン錠１６ｍｇ,ペロスピロン塩酸塩水和物,１６ｍｇ１錠,28.8,
1179043F3035,ペロスピロン塩酸塩錠１６ｍｇ「アメル」,ペロスピロン塩酸塩水和物,１６ｍｇ１錠,14.4,
1179044C1014,オランザピン１％細粒,オランザピン,１％１ｇ,35.3,
1179044C1022,ジプレキサ細粒１％,オランザピン,１％１ｇ,118.4,
1179044C1030,オランザピン細粒１％「ＤＳＥＰ」,オランザピン,１％１ｇ,36.5,
1179044C1065,オランザピン細粒１％「サワイ」,オランザピン,１％１ｇ,36.5,
1179044C1073,オランザピン細粒１％「トーワ」,オランザピン,１％１ｇ,60.3,
1179044C1081,オランザピン細粒１％「日医工」,オランザピン,１％１ｇ,36.5,R9.3.31まで
1179044C1090,オランザピン細粒１％「ニプロ」,オランザピン,１％１ｇ,36.5,
1179044C1138,オランザピン細粒１％「杏林」,オランザピン,１％１ｇ,36.5,
1179044C1146,オランザピン細粒１％「タカタ」,オランザピン,１％１ｇ,36.5,
1179044C1154,オランザピン細粒１％「日新」,オランザピン,１％１ｇ,36.5,
1179044F1010,オランザピン２．５ｍｇ錠,オランザピン,２．５ｍｇ１錠,7.1,
1179044F1029,ジプレキサ錠２．５ｍｇ,オランザピン,２．５ｍｇ１錠,27.9,
1179044F1193,オランザピン錠２．５ｍｇ「明治」,オランザピン,２．５ｍｇ１錠,12.8,
1179044F2017,オランザピン５ｍｇ錠,オランザピン,５ｍｇ１錠,14.3,
1179044F2025,ジプレキサ錠５ｍｇ,オランザピン,５ｍｇ１錠,52.1,
1179044F2076,オランザピン錠５ｍｇ「ＹＤ」,オランザピン,５ｍｇ１錠,16,
1179044F2114,オランザピン錠５ｍｇ「サワイ」,オランザピン,５ｍｇ１錠,16,
1179044F2149,オランザピン錠５ｍｇ「トーワ」,オランザピン,５ｍｇ１錠,16,
1179044F2165,オランザピン錠５ｍｇ「日新」,オランザピン,５ｍｇ１錠,16,
1179044F3013,オランザピン１０ｍｇ錠,オランザピン,１０ｍｇ１錠,27.1,
1179044F3021,ジプレキサ錠１０ｍｇ,オランザピン,１０ｍｇ１錠,104.5,
1179044F3196,オランザピン錠１０ｍｇ「明治」,オランザピン,１０ｍｇ１錠,47,
1179044F4010,オランザピン５ｍｇ口腔内崩壊錠,オランザピン,５ｍｇ１錠,14.3,
1179044F4028,ジプレキサザイディス錠５ｍｇ,オランザピン,５ｍｇ１錠,52.1,
1179044F4044,オランザピンＯＤ錠５ｍｇ「ＪＧ」,オランザピン,５ｍｇ１錠,16,
1179044F4087,オランザピンＯＤ錠５ｍｇ「タカタ」,オランザピン,５ｍｇ１錠,16,
1179044F4109,オランザピンＯＤ錠５ｍｇ「トーワ」,オランザピン,５ｍｇ１錠,16,
1179044F5016,オランザピン１０ｍｇ口腔内崩壊錠,オランザピン,１０ｍｇ１錠,27.1,
1179044F5024,ジプレキサザイディス錠１０ｍｇ,オランザピン,１０ｍｇ１錠,104.5,
1179044F6012,オランザピン２．５ｍｇ口腔内崩壊錠,オランザピン,２．５ｍｇ１錠,7.1,
1179044F6020,ジプレキサザイディス錠２．５ｍｇ,オランザピン,２．５ｍｇ１錠,27.9,
1179044F6128,オランザピンＯＤ錠２．５ｍｇ「明治」,オランザピン,２．５ｍｇ１錠,12.8,
1179044F7027,オランザピン錠１．２５ｍｇ「アメル」,オランザピン,１．２５ｍｇ１錠,6.3,
1179044F8040,オランザピン錠２０ｍｇ「アメル」,オランザピン,２０ｍｇ１錠,38.8,
1179044F9020,オランザピンＯＤ錠１．２５ｍｇ「アメル」,オランザピン,１．２５ｍｇ１錠,6.3,
1179045B1013,アリピプラゾール１％散,アリピプラゾール,１％１ｇ,16.9,
1179045B1021,エビリファイ散１％,アリピプラゾール,１％１ｇ,46.4,
1179045B1056,アリピプラゾール散１％「トーワ」,アリピプラゾール,１％１ｇ,23.6,
1179045C1019,アリピプラゾール１％細粒,アリピプラゾール,１％１ｇ,13.4,
1179045F1015,アリピプラゾール３ｍｇ錠,アリピプラゾール,３ｍｇ１錠,6.3,
1179045F1023,エビリファイ錠３ｍｇ,アリピプラゾール,３ｍｇ１錠,16.3,
1179045F1104,アリピプラゾール錠３ｍｇ「日医工」,アリピプラゾール,３ｍｇ１錠,9.7,
1179045F2011,アリピプラゾール６ｍｇ錠,アリピプラゾール,６ｍｇ１錠,10.8,
1179045F2020,エビリファイ錠６ｍｇ,アリピプラゾール,６ｍｇ１錠,32,
1179045F2070,アリピプラゾール錠６ｍｇ「サワイ」,アリピプラゾール,６ｍｇ１錠,14.4,
1179045F3018,アリピプラゾール１２ｍｇ錠,アリピプラゾール,１２ｍｇ１錠,20.9,
1179045F3026,エビリファイ錠１２ｍｇ,アリピプラゾール,１２ｍｇ１錠,60.1,
1179045F3077,アリピプラゾール錠１２ｍｇ「サワイ」,アリピプラゾール,１２ｍｇ１錠,26.6,
1179045F4014,アリピプラゾール３ｍｇ口腔内崩壊錠,アリピプラゾール,３ｍｇ１錠,6.3,
1179045F4022,エビリファイＯＤ錠３ｍｇ,アリピプラゾール,３ｍｇ１錠,16.3,
1179045F4030,アリピプラゾールＯＤ錠３ｍｇ「ＪＧ」,アリピプラゾール,３ｍｇ１錠,9.7,
1179045F4103,アリピプラゾールＯＤ錠３ｍｇ「日医工」,アリピプラゾール,３ｍｇ１錠,9.7,
1179045F5010,アリピプラゾール６ｍｇ口腔内崩壊錠,アリピプラゾール,６ｍｇ１錠,10.8,
1179045F5029,エビリファイＯＤ錠６ｍｇ,アリピプラゾール,６ｍｇ１錠,32,
1179045F5037,アリピプラゾールＯＤ錠６ｍｇ「ＪＧ」,アリピプラゾール,６ｍｇ１錠,21.5,
1179045F5100,アリピプラゾールＯＤ錠６ｍｇ「日医工」,アリピプラゾール,６ｍｇ１錠,14.4,
1179045F6017,アリピプラゾール１２ｍｇ口腔内崩壊錠,アリピプラゾール,１２ｍｇ１錠,20.9,
1179045F6025,エビリファイＯＤ錠１２ｍｇ,アリピプラゾール,１２ｍｇ１錠,60.1,
1179045F6033,アリピプラゾールＯＤ錠１２ｍｇ「ＪＧ」,アリピプラゾール,１２ｍｇ１錠,43.2,
1179045F6106,アリピプラゾールＯＤ錠１２ｍｇ「日医工」,アリピプラゾール,１２ｍｇ１錠,26.6,
1179045F7013,アリピプラゾール２４ｍｇ口腔内崩壊錠,アリピプラゾール,２４ｍｇ１錠,44.3,
1179045F7021,エビリファイＯＤ錠２４ｍｇ,アリピプラゾール,２４ｍｇ１錠,115.7,
1179045F7102,アリピプラゾールＯＤ錠２４ｍｇ「日医工」,アリピプラゾール,２４ｍｇ１錠,63.5,
1179045F8028,エビリファイ錠１ｍｇ,アリピプラゾール,１ｍｇ１錠,9.5,
1179045F8036,アリピプラゾール錠１ｍｇ「サワイ」,アリピプラゾール,１ｍｇ１錠,6.3,
1179045F9016,アリピプラゾール２４ｍｇ錠,アリピプラゾール,２４ｍｇ１錠,44.3,
1179045F9032,アリピプラゾール錠２４ｍｇ「アメル」,アリピプラゾール,２４ｍｇ１錠,63.5,R9.3.31まで
1179045S1021,エビリファイ内用液０．１％,アリピプラゾール,０．１％１ｍＬ,27,
1179045S2036,アリピプラゾール内用液分包３ｍｇ「ニプロ」,アリピプラゾール,０．１％３ｍＬ１包,28.8,R9.3.31まで
1179045S2052,アリピプラゾール内用液３ｍｇ分包「サワイ」,アリピプラゾール,０．１％３ｍＬ１包,48.3,
1179045S2060,アリピプラゾール内用液３ｍｇ分包「タカタ」,アリピプラゾール,０．１％３ｍＬ１包,28.8,R9.3.31まで
1179045S2079,アリピプラゾール内用液３ｍｇ分包「トーワ」,アリピプラゾール,０．１％３ｍＬ１包,28.8,
1179045S3032,アリピプラゾール内用液分包６ｍｇ「ニプロ」,アリピプラゾール,０．１％６ｍＬ１包,61.3,R9.3.31まで
1179045S3059,アリピプラゾール内用液６ｍｇ分包「サワイ」,アリピプラゾール,０．１％６ｍＬ１包,88.8,
1179045S3067,アリピプラゾール内用液６ｍｇ分包「タカタ」,アリピプラゾール,０．１％６ｍＬ１包,61.3,R9.3.31まで
1179045S3075,アリピプラゾール内用液６ｍｇ分包「トーワ」,アリピプラゾール,０．１％６ｍＬ１包,61.3,
1179045S4039,アリピプラゾール内用液分包１２ｍｇ「ニプロ」,アリピプラゾール,０．１％１２ｍＬ１包,141,R9.3.31まで
1179045S4055,アリピプラゾール内用液１２ｍｇ分包「サワイ」,アリピプラゾール,０．１％１２ｍＬ１包,161.3,
1179045S4063,アリピプラゾール内用液１２ｍｇ分包「タカタ」,アリピプラゾール,０．１％１２ｍＬ１包,133.1,R9.3.31まで
1179045S4071,アリピプラゾール内用液１２ｍｇ分包「トーワ」,アリピプラゾール,０．１％１２ｍＬ１包,141,
1179045S5027,アリピプラゾール内用液１ｍｇ分包「サワイ」,アリピプラゾール,０．１％１ｍＬ１包,18.6,
1179046F1010,セルトラリン塩酸塩２５ｍｇ錠,セルトラリン塩酸塩,２５ｍｇ１錠,9.5,
1179046F1028,ジェイゾロフト錠２５ｍｇ,セルトラリン塩酸塩,２５ｍｇ１錠,23.8,
1179046F2016,セルトラリン塩酸塩５０ｍｇ錠,セルトラリン塩酸塩,５０ｍｇ１錠,12.2,
1179046F2024,ジェイゾロフト錠５０ｍｇ,セルトラリン塩酸塩,５０ｍｇ１錠,42.3,
1179046F2172,セルトラリン錠５０ｍｇ「トーワ」,セルトラリン塩酸塩,５０ｍｇ１錠,23.6,
1179046F2202,セルトラリン錠５０ｍｇ「明治」,セルトラリン塩酸塩,５０ｍｇ１錠,19.7,
1179046F3012,セルトラリン塩酸塩１００ｍｇ錠,セルトラリン塩酸塩,１００ｍｇ１錠,19.9,
1179046F3020,ジェイゾロフト錠１００ｍｇ,セルトラリン塩酸塩,１００ｍｇ１錠,67.4,
1179046F3071,セルトラリン錠１００ｍｇ「明治」,セルトラリン塩酸塩,１００ｍｇ１錠,30.1,
1179046F3098,セルトラリン錠１００ｍｇ「ＪＧ」,セルトラリン塩酸塩,１００ｍｇ１錠,30.1,
1179046F3101,セルトラリン錠１００ｍｇ「ＴＣＫ」,セルトラリン塩酸塩,１００ｍｇ１錠,37.6,
1179046F3128,セルトラリン錠１００ｍｇ「杏林」,セルトラリン塩酸塩,１００ｍｇ１錠,37.6,
1179046F3195,セルトラリン錠１００ｍｇ「トーワ」,セルトラリン塩酸塩,１００ｍｇ１錠,37.6,
1179046F4019,セルトラリン塩酸塩２５ｍｇ口腔内崩壊錠,セルトラリン塩酸塩,２５ｍｇ１錠,9.5,
1179046F4027,ジェイゾロフトＯＤ錠２５ｍｇ,セルトラリン塩酸塩,２５ｍｇ１錠,23.8,
1179046F5015,セルトラリン塩酸塩５０ｍｇ口腔内崩壊錠,セルトラリン塩酸塩,５０ｍｇ１錠,12.2,
1179046F5023,ジェイゾロフトＯＤ錠５０ｍｇ,セルトラリン塩酸塩,５０ｍｇ１錠,42.3,
1179046F5040,セルトラリンＯＤ錠５０ｍｇ「トーワ」,セルトラリン塩酸塩,５０ｍｇ１錠,23.6,R9.3.31まで
1179046F6020,ジェイゾロフトＯＤ錠１００ｍｇ,セルトラリン塩酸塩,１００ｍｇ１錠,67.4,
1179046F6038,セルトラリンＯＤ錠１００ｍｇ「トーワ」,セルトラリン塩酸塩,１００ｍｇ１錠,37.6,R9.3.31まで
1179047F1022,モディオダール錠１００ｍｇ,モダフィニル,１００ｍｇ１錠,290.9,
1179048B1017,ブロナンセリン２％散,ブロナンセリン,２％１ｇ,85.2,
1179048B1025,ロナセン散２％,ブロナンセリン,２％１ｇ,226.1,
1179048B1041,ブロナンセリン散２％「アメル」,ブロナンセリン,２％１ｇ,120.3,
1179048F1019,ブロナンセリン２ｍｇ錠,ブロナンセリン,２ｍｇ１錠,7.6,
1179048F1027,ロナセン錠２ｍｇ,ブロナンセリン,２ｍｇ１錠,19.5,
1179048F1060,ブロナンセリン錠２ｍｇ「ＹＤ」,ブロナンセリン,２ｍｇ１錠,11.3,
1179048F2015,ブロナンセリン４ｍｇ錠,ブロナンセリン,４ｍｇ１錠,15.1,
1179048F2023,ロナセン錠４ｍｇ,ブロナンセリン,４ｍｇ１錠,37.8,
1179048F3011,ブロナンセリン８ｍｇ錠,ブロナンセリン,８ｍｇ１錠,18.8,
1179048F3020,ロナセン錠８ｍｇ,ブロナンセリン,８ｍｇ１錠,65.9,
1179048F3038,ブロナンセリン錠８ｍｇ「ＤＳＥＰ」,ブロナンセリン,８ｍｇ１錠,26.1,
1179048F3046,ブロナンセリン錠８ｍｇ「ＤＳＰＢ」,ブロナンセリン,８ｍｇ１錠,26.1,
1179048F3062,ブロナンセリン錠８ｍｇ「ＹＤ」,ブロナンセリン,８ｍｇ１錠,26.1,
1179048F3070,ブロナンセリン錠８ｍｇ「アメル」,ブロナンセリン,８ｍｇ１錠,26.1,
1179048F3089,ブロナンセリン錠８ｍｇ「サワイ」,ブロナンセリン,８ｍｇ１錠,26.1,
1179048F3100,ブロナンセリン錠８ｍｇ「トーワ」,ブロナンセリン,８ｍｇ１錠,26.1,
1179048F3127,ブロナンセリン錠８ｍｇ「ニプロ」,ブロナンセリン,８ｍｇ１錠,26.1,
1179049F1021,クロザリル錠２５ｍｇ,クロザピン,２５ｍｇ１錠,63.1,
1179049F2028,クロザリル錠１００ｍｇ,クロザピン,１００ｍｇ１錠,221.1,
1179050F1024,アトモキセチン錠５ｍｇ「ＤＳＥＰ」,アトモキセチン塩酸塩,５ｍｇ１錠,38.3,
1179050F1032,アトモキセチン錠５ｍｇ「タカタ」,アトモキセチン塩酸塩,５ｍｇ１錠,38.3,
1179050F1040,アトモキセチン錠５ｍｇ「トーワ」,アトモキセチン塩酸塩,５ｍｇ１錠,38.3,
1179050F1059,アトモキセチン錠５ｍｇ「ニプロ」,アトモキセチン塩酸塩,５ｍｇ１錠,38.3,
1179050F1067,アトモキセチン錠５ｍｇ「ＪＧ」,アトモキセチン塩酸塩,５ｍｇ１錠,38.3,
1179050F2020,アトモキセチン錠１０ｍｇ「ＤＳＥＰ」,アトモキセチン塩酸塩,１０ｍｇ１錠,43.5,
1179050F2039,アトモキセチン錠１０ｍｇ「タカタ」,アトモキセチン塩酸塩,１０ｍｇ１錠,43.5,
1179050F2047,アトモキセチン錠１０ｍｇ「トーワ」,アトモキセチン塩酸塩,１０ｍｇ１錠,43.5,
1179050F2055,アトモキセチン錠１０ｍｇ「ニプロ」,アトモキセチン塩酸塩,１０ｍｇ１錠,43.5,
1179050F2063,アトモキセチン錠１０ｍｇ「ＪＧ」,アトモキセチン塩酸塩,１０ｍｇ１錠,61.5,
1179050F3027,アトモキセチン錠２５ｍｇ「ＤＳＥＰ」,アトモキセチン塩酸塩,２５ｍｇ１錠,53.6,
1179050F3035,アトモキセチン錠２５ｍｇ「タカタ」,アトモキセチン塩酸塩,２５ｍｇ１錠,53.6,
1179050F3043,アトモキセチン錠２５ｍｇ「トーワ」,アトモキセチン塩酸塩,２５ｍｇ１錠,53.6,
1179050F3051,アトモキセチン錠２５ｍｇ「ニプロ」,アトモキセチン塩酸塩,２５ｍｇ１錠,53.6,
1179050F3060,アトモキセチン錠２５ｍｇ「ＪＧ」,アトモキセチン塩酸塩,２５ｍｇ１錠,82,
1179050F4023,アトモキセチン錠４０ｍｇ「ＤＳＥＰ」,アトモキセチン塩酸塩,４０ｍｇ１錠,55.1,
1179050F4031,アトモキセチン錠４０ｍｇ「タカタ」,アトモキセチン塩酸塩,４０ｍｇ１錠,55.1,
1179050F4040,アトモキセチン錠４０ｍｇ「トーワ」,アトモキセチン塩酸塩,４０ｍｇ１錠,55.1,
1179050F4058,アトモキセチン錠４０ｍｇ「ニプロ」,アトモキセチン塩酸塩,４０ｍｇ１錠,55.1,
1179050F4066,アトモキセチン錠４０ｍｇ「ＪＧ」,アトモキセチン塩酸塩,４０ｍｇ１錠,84.9,
1179050M1023,ストラテラカプセル５ｍｇ,アトモキセチン塩酸塩,５ｍｇ１カプセル,61.7,
1179050M1031,アトモキセチンカプセル５ｍｇ「サワイ」,アトモキセチン塩酸塩,５ｍｇ１カプセル,38.3,
1179050M1040,アトモキセチンカプセル５ｍｇ「日医工」,アトモキセチン塩酸塩,５ｍｇ１カプセル,38.3,
1179050M1066,アトモキセチンカプセル５ｍｇ「アメル」,アトモキセチン塩酸塩,５ｍｇ１カプセル,38.3,
1179050M1074,アトモキセチンカプセル５ｍｇ「ＶＴＲＳ」,アトモキセチン塩酸塩,５ｍｇ１カプセル,38.3,
1179050M2020,ストラテラカプセル１０ｍｇ,アトモキセチン塩酸塩,１０ｍｇ１カプセル,93,
1179050M2038,アトモキセチンカプセル１０ｍｇ「サワイ」,アトモキセチン塩酸塩,１０ｍｇ１カプセル,43.5,
1179050M2046,アトモキセチンカプセル１０ｍｇ「日医工」,アトモキセチン塩酸塩,１０ｍｇ１カプセル,43.5,
1179050M2062,アトモキセチンカプセル１０ｍｇ「アメル」,アトモキセチン塩酸塩,１０ｍｇ１カプセル,43.5,
1179050M2070,アトモキセチンカプセル１０ｍｇ「ＶＴＲＳ」,アトモキセチン塩酸塩,１０ｍｇ１カプセル,43.5,
1179050M3026,ストラテラカプセル２５ｍｇ,アトモキセチン塩酸塩,２５ｍｇ１カプセル,125.1,
1179050M3034,アトモキセチンカプセル２５ｍｇ「サワイ」,アトモキセチン塩酸塩,２５ｍｇ１カプセル,53.6,
1179050M3042,アトモキセチンカプセル２５ｍｇ「日医工」,アトモキセチン塩酸塩,２５ｍｇ１カプセル,53.6,
1179050M3069,アトモキセチンカプセル２５ｍｇ「アメル」,アトモキセチン塩酸塩,２５ｍｇ１カプセル,53.6,
1179050M3077,アトモキセチンカプセル２５ｍｇ「ＶＴＲＳ」,アトモキセチン塩酸塩,２５ｍｇ１カプセル,53.6,
1179050M4022,ストラテラカプセル４０ｍｇ,アトモキセチン塩酸塩,４０ｍｇ１カプセル,140.3,
1179050M4030,アトモキセチンカプセル４０ｍｇ「サワイ」,アトモキセチン塩酸塩,４０ｍｇ１カプセル,55.1,
1179050M4049,アトモキセチンカプセル４０ｍｇ「日医工」,アトモキセチン塩酸塩,４０ｍｇ１カプセル,55.1,
1179050M4065,アトモキセチンカプセル４０ｍｇ「アメル」,アトモキセチン塩酸塩,４０ｍｇ１カプセル,55.1,
1179050M4073,アトモキセチンカプセル４０ｍｇ「ＶＴＲＳ」,アトモキセチン塩酸塩,４０ｍｇ１カプセル,55.1,
1179050S1022,ストラテラ内用液０．４％,アトモキセチン塩酸塩,０．４％１ｍＬ,46.6,
1179050S1030,アトモキセチン内用液０．４％「トーワ」,アトモキセチン塩酸塩,０．４％１ｍＬ,37.2,
1179050S1049,アトモキセチン内用液０．４％「ニプロ」,アトモキセチン塩酸塩,０．４％１ｍＬ,37.2,
1179050S1057,アトモキセチン内用液０．４％「ＪＧ」,アトモキセチン塩酸塩,０．４％１ｍＬ,37.2,
1179051F1010,ミルタザピン１５ｍｇ錠,ミルタザピン,１５ｍｇ１錠,7.8,
1179051F1029,リフレックス錠１５ｍｇ,ミルタザピン,１５ｍｇ１錠,33.4,
1179051F1037,レメロン錠１５ｍｇ,ミルタザピン,１５ｍｇ１錠,33.4,
1179051F1045,ミルタザピン錠１５ｍｇ「ＥＥ」,ミルタザピン,１５ｍｇ１錠,13.2,
1179051F1053,ミルタザピン錠１５ｍｇ「ＪＧ」,ミルタザピン,１５ｍｇ１錠,23.9,
1179051F1061,ミルタザピン錠１５ｍｇ「ＴＣＫ」,ミルタザピン,１５ｍｇ１錠,13.2,
1179051F1070,ミルタザピン錠１５ｍｇ「ＹＤ」,ミルタザピン,１５ｍｇ１錠,13.2,
1179051F1118,ミルタザピン錠１５ｍｇ「ケミファ」,ミルタザピン,１５ｍｇ１錠,13.2,
1179051F1126,ミルタザピン錠１５ｍｇ「サワイ」,ミルタザピン,１５ｍｇ１錠,13.2,
1179051F1142,ミルタザピン錠１５ｍｇ「トーワ」,ミルタザピン,１５ｍｇ１錠,13.2,
1179051F1169,ミルタザピン錠１５ｍｇ「日新」,ミルタザピン,１５ｍｇ１錠,13.2,
1179051F1177,ミルタザピン錠１５ｍｇ「ニプロ」,ミルタザピン,１５ｍｇ１錠,13.2,
1179051F1193,ミルタザピン錠１５ｍｇ「フェルゼン」,ミルタザピン,１５ｍｇ１錠,13.2,
1179051F1207,ミルタザピン錠１５ｍｇ「明治」,ミルタザピン,１５ｍｇ１錠,13.2,
1179051F1215,ミルタザピン錠１５ｍｇ「ＶＴＲＳ」,ミルタザピン,１５ｍｇ１錠,13.2,
1179051F1223,ミルタザピン錠１５ｍｇ「ＫＭＰ」,ミルタザピン,１５ｍｇ１錠,23.9,
1179051F2017,ミルタザピン３０ｍｇ錠,ミルタザピン,３０ｍｇ１錠,13.4,
1179051F2025,リフレックス錠３０ｍｇ,ミルタザピン,３０ｍｇ１錠,57.3,
1179051F2033,レメロン錠３０ｍｇ,ミルタザピン,３０ｍｇ１錠,57.3,
1179051F2041,ミルタザピン錠３０ｍｇ「ＥＥ」,ミルタザピン,３０ｍｇ１錠,23.2,
1179051F2050,ミルタザピン錠３０ｍｇ「ＪＧ」,ミルタザピン,３０ｍｇ１錠,36.1,
1179051F2068,ミルタザピン錠３０ｍｇ「ＴＣＫ」,ミルタザピン,３０ｍｇ１錠,36.1,
1179051F2076,ミルタザピン錠３０ｍｇ「ＹＤ」,ミルタザピン,３０ｍｇ１錠,23.2,
1179051F2114,ミルタザピン錠３０ｍｇ「ケミファ」,ミルタザピン,３０ｍｇ１錠,23.2,
1179051F2122,ミルタザピン錠３０ｍｇ「サワイ」,ミルタザピン,３０ｍｇ１錠,23.2,
1179051F2149,ミルタザピン錠３０ｍｇ「トーワ」,ミルタザピン,３０ｍｇ１錠,23.2,
1179051F2165,ミルタザピン錠３０ｍｇ「日新」,ミルタザピン,３０ｍｇ１錠,23.2,
1179051F2173,ミルタザピン錠３０ｍｇ「ニプロ」,ミルタザピン,３０ｍｇ１錠,23.2,
1179051F2190,ミルタザピン錠３０ｍｇ「フェルゼン」,ミルタザピン,３０ｍｇ１錠,23.2,
1179051F2203,ミルタザピン錠３０ｍｇ「明治」,ミルタザピン,３０ｍｇ１錠,23.2,
1179051F2211,ミルタザピン錠３０ｍｇ「ＶＴＲＳ」,ミルタザピン,３０ｍｇ１錠,23.2,
1179051F2220,ミルタザピン錠３０ｍｇ「ＫＭＰ」,ミルタザピン,３０ｍｇ１錠,36.1,
1179051F3013,ミルタザピン１５ｍｇ口腔内崩壊錠,ミルタザピン,１５ｍｇ１錠,13.2,
1179051F3021,ミルタザピンＯＤ錠１５ｍｇ「ＤＳＥＰ」,ミルタザピン,１５ｍｇ１錠,23.9,
1179051F4010,ミルタザピン３０ｍｇ口腔内崩壊錠,ミルタザピン,３０ｍｇ１錠,23.2,
1179051F4028,ミルタザピンＯＤ錠３０ｍｇ「ＤＳＥＰ」,ミルタザピン,３０ｍｇ１錠,36.1,
1179052F1023,デュロキセチン錠２０ｍｇ「ケミファ」,デュロキセチン塩酸塩,２０ｍｇ１錠,23,
1179052F1031,デュロキセチン錠２０ｍｇ「トーワ」,デュロキセチン塩酸塩,２０ｍｇ１錠,23.5,
1179052F2020,デュロキセチン錠３０ｍｇ「ケミファ」,デュロキセチン塩酸塩,３０ｍｇ１錠,30.5,
1179052F2038,デュロキセチン錠３０ｍｇ「トーワ」,デュロキセチン塩酸塩,３０ｍｇ１錠,31.6,
1179052F3026,デュロキセチンＯＤ錠２０ｍｇ「ニプロ」,デュロキセチン塩酸塩,２０ｍｇ１錠,23,
1179052F3034,デュロキセチンＯＤ錠２０ｍｇ「明治」,デュロキセチン塩酸塩,２０ｍｇ１錠,23,
1179052F4022,デュロキセチンＯＤ錠３０ｍｇ「ニプロ」,デュロキセチン塩酸塩,３０ｍｇ１錠,30.5,
1179052F4030,デュロキセチンＯＤ錠３０ｍｇ「明治」,デュロキセチン塩酸塩,３０ｍｇ１錠,30.5,
1179052M1014,デュロキセチン塩酸塩２０ｍｇカプセル,デュロキセチン塩酸塩,２０ｍｇ１カプセル,20.5,
1179052M1022,サインバルタカプセル２０ｍｇ,デュロキセチン塩酸塩,２０ｍｇ１カプセル,62.3,
1179052M1030,デュロキセチンカプセル２０ｍｇ「ＤＳＥＰ」,デュロキセチン塩酸塩,２０ｍｇ１カプセル,23,
1179052M1049,デュロキセチンカプセル２０ｍｇ「ＪＧ」,デュロキセチン塩酸塩,２０ｍｇ１カプセル,23,
1179052M1057,デュロキセチンカプセル２０ｍｇ「ＫＭＰ」,デュロキセチン塩酸塩,２０ｍｇ１カプセル,24.1,
1179052M1065,デュロキセチンカプセル２０ｍｇ「ＹＤ」,デュロキセチン塩酸塩,２０ｍｇ１カプセル,23,
1179052M1073,デュロキセチンカプセル２０ｍｇ「アメル」,デュロキセチン塩酸塩,２０ｍｇ１カプセル,23,
1179052M1081,デュロキセチンカプセル２０ｍｇ「オーハラ」,デュロキセチン塩酸塩,２０ｍｇ１カプセル,23,
1179052M1090,デュロキセチンカプセル２０ｍｇ「サワイ」,デュロキセチン塩酸塩,２０ｍｇ１カプセル,23,
1179052M1103,デュロキセチンカプセル２０ｍｇ「タカタ」,デュロキセチン塩酸塩,２０ｍｇ１カプセル,23,
1179052M1111,デュロキセチンカプセル２０ｍｇ「トーワ」,デュロキセチン塩酸塩,２０ｍｇ１カプセル,23,
1179052M1120,デュロキセチンカプセル２０ｍｇ「日新」,デュロキセチン塩酸塩,２０ｍｇ１カプセル,23,
1179052M1138,デュロキセチンカプセル２０ｍｇ「ニプロ」,デュロキセチン塩酸塩,２０ｍｇ１カプセル,23,
1179052M1146,デュロキセチンカプセル２０ｍｇ「フェルゼン」,デュロキセチン塩酸塩,２０ｍｇ１カプセル,23,
1179052M1154,デュロキセチンカプセル２０ｍｇ「三笠」,デュロキセチン塩酸塩,２０ｍｇ１カプセル,23,
1179052M1162,デュロキセチンカプセル２０ｍｇ「明治」,デュロキセチン塩酸塩,２０ｍｇ１カプセル,23,
1179052M1189,デュロキセチンカプセル２０ｍｇ「杏林」,デュロキセチン塩酸塩,２０ｍｇ１カプセル,25.7,
1179052M2010,デュロキセチン塩酸塩３０ｍｇカプセル,デュロキセチン塩酸塩,３０ｍｇ１カプセル,24.2,
1179052M2029,サインバルタカプセル３０ｍｇ,デュロキセチン塩酸塩,３０ｍｇ１カプセル,77.1,
1179052M2037,デュロキセチンカプセル３０ｍｇ「ＤＳＥＰ」,デュロキセチン塩酸塩,３０ｍｇ１カプセル,30.5,
1179052M2045,デュロキセチンカプセル３０ｍｇ「ＪＧ」,デュロキセチン塩酸塩,３０ｍｇ１カプセル,30.5,
1179052M2053,デュロキセチンカプセル３０ｍｇ「ＫＭＰ」,デュロキセチン塩酸塩,３０ｍｇ１カプセル,30.5,
1179052M2061,デュロキセチンカプセル３０ｍｇ「ＹＤ」,デュロキセチン塩酸塩,３０ｍｇ１カプセル,30.5,
1179052M2070,デュロキセチンカプセル３０ｍｇ「アメル」,デュロキセチン塩酸塩,３０ｍｇ１カプセル,30.5,
1179052M2088,デュロキセチンカプセル３０ｍｇ「オーハラ」,デュロキセチン塩酸塩,３０ｍｇ１カプセル,30.5,
1179052M2096,デュロキセチンカプセル３０ｍｇ「サワイ」,デュロキセチン塩酸塩,３０ｍｇ１カプセル,30.5,
1179052M2100,デュロキセチンカプセル３０ｍｇ「タカタ」,デュロキセチン塩酸塩,３０ｍｇ１カプセル,30.5,
1179052M2118,デュロキセチンカプセル３０ｍｇ「トーワ」,デュロキセチン塩酸塩,３０ｍｇ１カプセル,30.5,
1179052M2126,デュロキセチンカプセル３０ｍｇ「日新」,デュロキセチン塩酸塩,３０ｍｇ１カプセル,30.5,
1179052M2134,デュロキセチンカプセル３０ｍｇ「ニプロ」,デュロキセチン塩酸塩,３０ｍｇ１カプセル,30.5,
1179052M2142,デュロキセチンカプセル３０ｍｇ「フェルゼン」,デュロキセチン塩酸塩,３０ｍｇ１カプセル,30.5,
1179052M2150,デュロキセチンカプセル３０ｍｇ「三笠」,デュロキセチン塩酸塩,３０ｍｇ１カプセル,30.5,
1179052M2169,デュロキセチンカプセル３０ｍｇ「明治」,デュロキセチン塩酸塩,３０ｍｇ１カプセル,30.5,
1179053G1023,インヴェガ錠３ｍｇ,パリペリドン,３ｍｇ１錠,105.5,
1179053G2020,インヴェガ錠６ｍｇ,パリペリドン,６ｍｇ１錠,196.7,
1179053G3026,インヴェガ錠９ｍｇ,パリペリドン,９ｍｇ１錠,249,
1179054F1022,レクサプロ錠１０ｍｇ,エスシタロプラムシュウ酸塩,１０ｍｇ１錠,78.5,
1179054F1030,エスシタロプラム錠１０ｍｇ「ＪＧ」,エスシタロプラムシュウ酸塩,１０ｍｇ１錠,38,
1179054F1049,エスシタロプラム錠１０ｍｇ「ＶＴＲＳ」,エスシタロプラムシュウ酸塩,１０ｍｇ１錠,44.1,
1179054F1057,エスシタロプラム錠１０ｍｇ「サワイ」,エスシタロプラムシュウ酸塩,１０ｍｇ１錠,44.1,
1179054F1065,エスシタロプラム錠１０ｍｇ「タカタ」,エスシタロプラムシュウ酸塩,１０ｍｇ１錠,44.1,
1179054F1073,エスシタロプラム錠１０ｍｇ「トーワ」,エスシタロプラムシュウ酸塩,１０ｍｇ１錠,44.1,
1179054F1081,エスシタロプラム錠１０ｍｇ「日医工」,エスシタロプラムシュウ酸塩,１０ｍｇ１錠,38,
1179054F1090,エスシタロプラム錠１０ｍｇ「ニプロ」,エスシタロプラムシュウ酸塩,１０ｍｇ１錠,44.1,
1179054F1103,エスシタロプラム錠１０ｍｇ「明治」,エスシタロプラムシュウ酸塩,１０ｍｇ１錠,44.1,
1179054F1111,エスシタロプラム錠１０ｍｇ「ＴＣＫ」,エスシタロプラムシュウ酸塩,１０ｍｇ１錠,44.1,
1179054F2029,レクサプロ錠２０ｍｇ,エスシタロプラムシュウ酸塩,２０ｍｇ１錠,103.2,
1179054F2037,エスシタロプラム錠２０ｍｇ「ＪＧ」,エスシタロプラムシュウ酸塩,２０ｍｇ１錠,65.6,
1179054F2045,エスシタロプラム錠２０ｍｇ「ＶＴＲＳ」,エスシタロプラムシュウ酸塩,２０ｍｇ１錠,65.6,
1179054F2053,エスシタロプラム錠２０ｍｇ「サワイ」,エスシタロプラムシュウ酸塩,２０ｍｇ１錠,65.6,
1179054F2061,エスシタロプラム錠２０ｍｇ「タカタ」,エスシタロプラムシュウ酸塩,２０ｍｇ１錠,65.6,
1179054F2070,エスシタロプラム錠２０ｍｇ「トーワ」,エスシタロプラムシュウ酸塩,２０ｍｇ１錠,65.6,
1179054F2088,エスシタロプラム錠２０ｍｇ「日医工」,エスシタロプラムシュウ酸塩,２０ｍｇ１錠,65.6,
1179054F2096,エスシタロプラム錠２０ｍｇ「ニプロ」,エスシタロプラムシュウ酸塩,２０ｍｇ１錠,65.6,
1179054F2100,エスシタロプラム錠２０ｍｇ「明治」,エスシタロプラムシュウ酸塩,２０ｍｇ１錠,65.6,
1179054F2118,エスシタロプラム錠２０ｍｇ「ＴＣＫ」,エスシタロプラムシュウ酸塩,２０ｍｇ１錠,65.6,
1179054F3025,エスシタロプラムＯＤ錠１０ｍｇ「ＤＳＥＰ」,エスシタロプラムシュウ酸塩,１０ｍｇ１錠,44.1,
1179054F3033,エスシタロプラムＯＤ錠１０ｍｇ「サワイ」,エスシタロプラムシュウ酸塩,１０ｍｇ１錠,44.1,
1179054F3041,エスシタロプラムＯＤ錠１０ｍｇ「トーワ」,エスシタロプラムシュウ酸塩,１０ｍｇ１錠,44.1,
1179054F4021,エスシタロプラムＯＤ錠２０ｍｇ「ＤＳＥＰ」,エスシタロプラムシュウ酸塩,２０ｍｇ１錠,65.6,
1179054F4030,エスシタロプラムＯＤ錠２０ｍｇ「サワイ」,エスシタロプラムシュウ酸塩,２０ｍｇ１錠,65.6,
1179054F4048,エスシタロプラムＯＤ錠２０ｍｇ「トーワ」,エスシタロプラムシュウ酸塩,２０ｍｇ１錠,65.6,
1179055N1021,イフェクサーＳＲカプセル３７．５ｍｇ,ベンラファキシン塩酸塩,３７．５ｍｇ１カプセル,98,
1179055N2028,イフェクサーＳＲカプセル７５ｍｇ,ベンラファキシン塩酸塩,７５ｍｇ１カプセル,160.8,
1179056F1021,シクレスト舌下錠５ｍｇ,アセナピンマレイン酸塩,５ｍｇ１錠,174.4,
1179056F2028,シクレスト舌下錠１０ｍｇ,アセナピンマレイン酸塩,１０ｍｇ１錠,271.3,
1179057G1021,インチュニブ錠１ｍｇ,グアンファシン塩酸塩,１ｍｇ１錠,390.6,
1179057G2028,インチュニブ錠３ｍｇ,グアンファシン塩酸塩,３ｍｇ１錠,516.3,
1179058F3023,レキサルティＯＤ錠０．５ｍｇ,ブレクスピプラゾール,０．５ｍｇ１錠,109.4,
1179058F4020,レキサルティＯＤ錠１ｍｇ,ブレクスピプラゾール,１ｍｇ１錠,205.5,
1179058F5026,レキサルティＯＤ錠２ｍｇ,ブレクスピプラゾール,２ｍｇ１錠,392.6,
1179059M1024,ビバンセカプセル２０ｍｇ,リスデキサンフェタミンメシル酸塩,２０ｍｇ１カプセル,660.5,
1179059M2020,ビバンセカプセル３０ｍｇ,リスデキサンフェタミンメシル酸塩,３０ｍｇ１カプセル,731.4,
1179060F1028,トリンテリックス錠１０ｍｇ,ボルチオキセチン臭化水素酸塩,１０ｍｇ１錠,161.7,
1179060F2024,トリンテリックス錠２０ｍｇ,ボルチオキセチン臭化水素酸塩,２０ｍｇ１錠,242.5,
1179061F1022,ラツーダ錠２０ｍｇ,ルラシドン塩酸塩,２０ｍｇ１錠,154.6,
1179061F2029,ラツーダ錠４０ｍｇ,ルラシドン塩酸塩,４０ｍｇ１錠,288.1,
1179061F3025,ラツーダ錠６０ｍｇ,ルラシドン塩酸塩,６０ｍｇ１錠,408.8,
1179061F4021,ラツーダ錠８０ｍｇ,ルラシドン塩酸塩,８０ｍｇ１錠,428.2,
1179062M1026,ザズベイカプセル３０ｍｇ,ズラノロン,３０ｍｇ１カプセル,646.8,
1180101D1037,小児用ペレックス配合顆粒,非ピリン系感冒剤,１ｇ,6.9,
1180105D1035,ペレックス配合顆粒,非ピリン系感冒剤,１ｇ,6.9,
1180107D1107,サラザック配合顆粒,非ピリン系感冒剤,１ｇ,6.9,
1180107D1115,セラピナ配合顆粒,非ピリン系感冒剤,１ｇ,6.9,
1180107D1123,トーワチーム配合顆粒,非ピリン系感冒剤,１ｇ,6.9,
1180107D1131,ＰＬ配合顆粒,非ピリン系感冒剤,１ｇ,6.9,
1180107D1158,マリキナ配合顆粒,非ピリン系感冒剤,１ｇ,9.1,
1180108D1039,幼児用ＰＬ配合顆粒,非ピリン系感冒剤,１ｇ,6.9,
1180109F1034,ピーエイ配合錠,非ピリン系感冒剤,１錠,6.3,
1190004C1025,グラマリール細粒１０％,チアプリド塩酸塩,１０％１ｇ,15.2,
1190004C1106,チアプリド細粒１０％「サワイ」,チアプリド塩酸塩,１０％１ｇ,10.1,
1190004F1013,チアプリド塩酸塩２５ｍｇ錠,チアプリド塩酸塩,２５ｍｇ１錠,10.8,
1190004F1021,グラマリール錠２５ｍｇ,チアプリド塩酸塩,２５ｍｇ１錠,11.5,
1190004F2010,チアプリド塩酸塩５０ｍｇ錠,チアプリド塩酸塩,５０ｍｇ１錠,10.8,
1190004F2028,グラマリール錠５０ｍｇ,チアプリド塩酸塩,５０ｍｇ１錠,14.9,
1190008F1020,サノレックス錠０．５ｍｇ,マジンドール,０．５ｍｇ１錠,156.5,
1190011F1021,リルテック錠５０,リルゾール,５０ｍｇ１錠,886.6,
1190011F1030,リルゾール錠５０ｍｇ「ＡＡ」,リルゾール,５０ｍｇ１錠,335.5,
1190011F1056,リルゾール錠５０ｍｇ「ニプロ」,リルゾール,５０ｍｇ１錠,335.5,
1190012C1020,アリセプト細粒０．５％,ドネペジル塩酸塩,０．５％１ｇ,64.2,
1190012C1046,ドネペジル塩酸塩細粒０．５％「サワイ」,ドネペジル塩酸塩,０．５％１ｇ,35.9,
1190012F1018,ドネペジル塩酸塩３ｍｇ錠,ドネペジル塩酸塩,３ｍｇ１錠,10.8,
1190012F1026,アリセプト錠３ｍｇ,ドネペジル塩酸塩,３ｍｇ１錠,36.7,
1190012F1042,ドネペジル塩酸塩錠３ｍｇ「ＤＳＥＰ」,ドネペジル塩酸塩,３ｍｇ１錠,25.2,
1190012F1069,ドネペジル塩酸塩錠３ｍｇ「ＦＦＰ」,ドネペジル塩酸塩,３ｍｇ１錠,25.2,
1190012F1107,ドネペジル塩酸塩錠３ｍｇ「ＴＳＵ」,ドネペジル塩酸塩,３ｍｇ１錠,25.2,
1190012F1131,ドネペジル塩酸塩錠３ｍｇ「オーハラ」,ドネペジル塩酸塩,３ｍｇ１錠,25.2,
1190012F1158,ドネペジル塩酸塩錠３ｍｇ「杏林」,ドネペジル塩酸塩,３ｍｇ１錠,25.2,
1190012F1182,ドネペジル塩酸塩錠３ｍｇ「サワイ」,ドネペジル塩酸塩,３ｍｇ１錠,25.2,
1190012F1212,ドネペジル塩酸塩錠３ｍｇ「タカタ」,ドネペジル塩酸塩,３ｍｇ１錠,25.2,
1190012F1239,ドネペジル塩酸塩錠３ｍｇ「トーワ」,ドネペジル塩酸塩,３ｍｇ１錠,25.2,R9.3.31まで
1190012F1247,ドネペジル塩酸塩錠３ｍｇ「日医工」,ドネペジル塩酸塩,３ｍｇ１錠,25.2,
1190012F1255,ドネペジル塩酸塩錠３ｍｇ「日新」,ドネペジル塩酸塩,３ｍｇ１錠,25.2,
1190012F1271,ドネペジル塩酸塩錠３ｍｇ「明治」,ドネペジル塩酸塩,３ｍｇ１錠,25.2,
1190012F2014,ドネペジル塩酸塩５ｍｇ錠,ドネペジル塩酸塩,５ｍｇ１錠,20.5,
1190012F2022,アリセプト錠５ｍｇ,ドネペジル塩酸塩,５ｍｇ１錠,53.1,
1190012F2049,ドネペジル塩酸塩錠５ｍｇ「ＤＳＥＰ」,ドネペジル塩酸塩,５ｍｇ１錠,37.8,
1190012F2065,ドネペジル塩酸塩錠５ｍｇ「ＦＦＰ」,ドネペジル塩酸塩,５ｍｇ１錠,37.8,
1190012F2138,ドネペジル塩酸塩錠５ｍｇ「オーハラ」,ドネペジル塩酸塩,５ｍｇ１錠,37.8,
1190012F2154,ドネペジル塩酸塩錠５ｍｇ「杏林」,ドネペジル塩酸塩,５ｍｇ１錠,37.8,
1190012F2189,ドネペジル塩酸塩錠５ｍｇ「サワイ」,ドネペジル塩酸塩,５ｍｇ１錠,37.8,
1190012F2219,ドネペジル塩酸塩錠５ｍｇ「タカタ」,ドネペジル塩酸塩,５ｍｇ１錠,37.8,
1190012F2235,ドネペジル塩酸塩錠５ｍｇ「トーワ」,ドネペジル塩酸塩,５ｍｇ１錠,37.8,R9.3.31まで
1190012F2251,ドネペジル塩酸塩錠５ｍｇ「日新」,ドネペジル塩酸塩,５ｍｇ１錠,37.8,
1190012F2278,ドネペジル塩酸塩錠５ｍｇ「明治」,ドネペジル塩酸塩,５ｍｇ１錠,37.8,
1190012F3010,ドネペジル塩酸塩３ｍｇ口腔内崩壊錠,ドネペジル塩酸塩,３ｍｇ１錠,10.8,
1190012F3029,アリセプトＤ錠３ｍｇ,ドネペジル塩酸塩,３ｍｇ１錠,36.7,
1190012F3045,ドネペジル塩酸塩ＯＤ錠３ｍｇ「ＦＦＰ」,ドネペジル塩酸塩,３ｍｇ１錠,25.2,
1190012F3070,ドネペジル塩酸塩ＯＤ錠３ｍｇ「ＮＰ」,ドネペジル塩酸塩,３ｍｇ１錠,11.8,R9.3.31まで
1190012F3088,ドネペジル塩酸塩ＯＤ錠３ｍｇ「ＴＣＫ」,ドネペジル塩酸塩,３ｍｇ１錠,25.2,
1190012F3096,ドネペジル塩酸塩ＯＤ錠３ｍｇ「ＹＤ」,ドネペジル塩酸塩,３ｍｇ１錠,25.2,
1190012F3100,ドネペジル塩酸塩ＯＤ錠３ｍｇ「ＺＥ」,ドネペジル塩酸塩,３ｍｇ１錠,25.2,
1190012F3118,ドネペジル塩酸塩ＯＤ錠３ｍｇ「アメル」,ドネペジル塩酸塩,３ｍｇ１錠,25.2,
1190012F3134,ドネペジル塩酸塩ＯＤ錠３ｍｇ「杏林」,ドネペジル塩酸塩,３ｍｇ１錠,25.2,
1190012F3142,ドネペジル塩酸塩ＯＤ錠３ｍｇ「ケミファ」,ドネペジル塩酸塩,３ｍｇ１錠,25.2,
1190012F3169,ドネペジル塩酸塩ＯＤ錠３ｍｇ「サワイ」,ドネペジル塩酸塩,３ｍｇ１錠,25.2,
1190012F3185,ドネペジル塩酸塩ＯＤ錠３ｍｇ「タカタ」,ドネペジル塩酸塩,３ｍｇ１錠,25.2,
1190012F3207,ドネペジル塩酸塩ＯＤ錠３ｍｇ「トーワ」,ドネペジル塩酸塩,３ｍｇ１錠,25.2,
1190012F3215,ドネペジル塩酸塩ＯＤ錠３ｍｇ「日医工」,ドネペジル塩酸塩,３ｍｇ１錠,25.2,
1190012F3223,ドネペジル塩酸塩ＯＤ錠３ｍｇ「日新」,ドネペジル塩酸塩,３ｍｇ１錠,25.2,
1190012F3240,ドネペジル塩酸塩ＯＤ錠３ｍｇ「明治」,ドネペジル塩酸塩,３ｍｇ１錠,25.2,
1190012F3274,ドネペジル塩酸塩ＯＤ錠３ｍｇ「ＤＳＥＰ」,ドネペジル塩酸塩,３ｍｇ１錠,25.2,
1190012F3290,ドネペジル塩酸塩ＯＤ錠３ｍｇ「オーハラ」,ドネペジル塩酸塩,３ｍｇ１錠,25.2,
1190012F3312,ドネペジル塩酸塩ＯＤ錠３ｍｇ「サンド」,ドネペジル塩酸塩,３ｍｇ１錠,11.8,
1190012F3320,ドネペジル塩酸塩ＯＤ錠３ｍｇ「テバ」,ドネペジル塩酸塩,３ｍｇ１錠,25.2,
1190012F3347,ドネペジル塩酸塩ＯＤ錠３ｍｇ「ニプロ」,ドネペジル塩酸塩,３ｍｇ１錠,25.2,
1190012F4017,ドネペジル塩酸塩５ｍｇ口腔内崩壊錠,ドネペジル塩酸塩,５ｍｇ１錠,20.5,
1190012F4025,アリセプトＤ錠５ｍｇ,ドネペジル塩酸塩,５ｍｇ１錠,53.1,
1190012F4041,ドネペジル塩酸塩ＯＤ錠５ｍｇ「ＦＦＰ」,ドネペジル塩酸塩,５ｍｇ１錠,37.8,
1190012F4084,ドネペジル塩酸塩ＯＤ錠５ｍｇ「ＴＣＫ」,ドネペジル塩酸塩,５ｍｇ１錠,37.8,
1190012F4092,ドネペジル塩酸塩ＯＤ錠５ｍｇ「ＹＤ」,ドネペジル塩酸塩,５ｍｇ１錠,37.8,
1190012F4106,ドネペジル塩酸塩ＯＤ錠５ｍｇ「ＺＥ」,ドネペジル塩酸塩,５ｍｇ１錠,37.8,
1190012F4130,ドネペジル塩酸塩ＯＤ錠５ｍｇ「杏林」,ドネペジル塩酸塩,５ｍｇ１錠,37.8,
1190012F4149,ドネペジル塩酸塩ＯＤ錠５ｍｇ「ケミファ」,ドネペジル塩酸塩,５ｍｇ１錠,37.8,
1190012F4165,ドネペジル塩酸塩ＯＤ錠５ｍｇ「サワイ」,ドネペジル塩酸塩,５ｍｇ１錠,37.8,
1190012F4181,ドネペジル塩酸塩ＯＤ錠５ｍｇ「タカタ」,ドネペジル塩酸塩,５ｍｇ１錠,37.8,
1190012F4203,ドネペジル塩酸塩ＯＤ錠５ｍｇ「トーワ」,ドネペジル塩酸塩,５ｍｇ１錠,37.8,
1190012F4220,ドネペジル塩酸塩ＯＤ錠５ｍｇ「日新」,ドネペジル塩酸塩,５ｍｇ１錠,37.8,
1190012F4246,ドネペジル塩酸塩ＯＤ錠５ｍｇ「明治」,ドネペジル塩酸塩,５ｍｇ１錠,37.8,
1190012F4270,ドネペジル塩酸塩ＯＤ錠５ｍｇ「ＤＳＥＰ」,ドネペジル塩酸塩,５ｍｇ１錠,37.8,
1190012F4297,ドネペジル塩酸塩ＯＤ錠５ｍｇ「オーハラ」,ドネペジル塩酸塩,５ｍｇ１錠,37.8,
1190012F4327,ドネペジル塩酸塩ＯＤ錠５ｍｇ「テバ」,ドネペジル塩酸塩,５ｍｇ１錠,37.8,
1190012F4343,ドネペジル塩酸塩ＯＤ錠５ｍｇ「ニプロ」,ドネペジル塩酸塩,５ｍｇ１錠,37.8,
1190012F5013,ドネペジル塩酸塩１０ｍｇ錠,ドネペジル塩酸塩,１０ｍｇ１錠,35.7,
1190012F5021,アリセプト錠１０ｍｇ,ドネペジル塩酸塩,１０ｍｇ１錠,89.1,
1190012F5048,ドネペジル塩酸塩錠１０ｍｇ「ＤＳＥＰ」,ドネペジル塩酸塩,１０ｍｇ１錠,63,
1190012F5064,ドネペジル塩酸塩錠１０ｍｇ「ＦＦＰ」,ドネペジル塩酸塩,１０ｍｇ１錠,63,
1190012F5153,ドネペジル塩酸塩錠１０ｍｇ「オーハラ」,ドネペジル塩酸塩,１０ｍｇ１錠,63,
1190012F5170,ドネペジル塩酸塩錠１０ｍｇ「杏林」,ドネペジル塩酸塩,１０ｍｇ１錠,63,
1190012F5196,ドネペジル塩酸塩錠１０ｍｇ「サワイ」,ドネペジル塩酸塩,１０ｍｇ１錠,63,
1190012F5200,ドネペジル塩酸塩錠１０ｍｇ「タカタ」,ドネペジル塩酸塩,１０ｍｇ１錠,63,
1190012F5234,ドネペジル塩酸塩錠１０ｍｇ「トーワ」,ドネペジル塩酸塩,１０ｍｇ１錠,63,R9.3.31まで
1190012F5250,ドネペジル塩酸塩錠１０ｍｇ「日新」,ドネペジル塩酸塩,１０ｍｇ１錠,63,
1190012F5269,ドネペジル塩酸塩錠１０ｍｇ「明治」,ドネペジル塩酸塩,１０ｍｇ１錠,63,
1190012F6010,ドネペジル塩酸塩１０ｍｇ口腔内崩壊錠,ドネペジル塩酸塩,１０ｍｇ１錠,35.7,
1190012F6028,アリセプトＤ錠１０ｍｇ,ドネペジル塩酸塩,１０ｍｇ１錠,89.1,
1190012F6036,ドネペジル塩酸塩ＯＤ錠１０ｍｇ「ＤＳＥＰ」,ドネペジル塩酸塩,１０ｍｇ１錠,63,
1190012F6052,ドネペジル塩酸塩ＯＤ錠１０ｍｇ「ＦＦＰ」,ドネペジル塩酸塩,１０ｍｇ１錠,63,
1190012F6109,ドネペジル塩酸塩ＯＤ錠１０ｍｇ「ＴＣＫ」,ドネペジル塩酸塩,１０ｍｇ１錠,63,
1190012F6125,ドネペジル塩酸塩ＯＤ錠１０ｍｇ「ＹＤ」,ドネペジル塩酸塩,１０ｍｇ１錠,63,
1190012F6133,ドネペジル塩酸塩ＯＤ錠１０ｍｇ「ＺＥ」,ドネペジル塩酸塩,１０ｍｇ１錠,63,
1190012F6150,ドネペジル塩酸塩ＯＤ錠１０ｍｇ「オーハラ」,ドネペジル塩酸塩,１０ｍｇ１錠,63,
1190012F6176,ドネペジル塩酸塩ＯＤ錠１０ｍｇ「杏林」,ドネペジル塩酸塩,１０ｍｇ１錠,63,
1190012F6184,ドネペジル塩酸塩ＯＤ錠１０ｍｇ「ケミファ」,ドネペジル塩酸塩,１０ｍｇ１錠,63,
1190012F6192,ドネペジル塩酸塩ＯＤ錠１０ｍｇ「サワイ」,ドネペジル塩酸塩,１０ｍｇ１錠,63,
1190012F6214,ドネペジル塩酸塩ＯＤ錠１０ｍｇ「タカタ」,ドネペジル塩酸塩,１０ｍｇ１錠,63,
1190012F6230,ドネペジル塩酸塩ＯＤ錠１０ｍｇ「テバ」,ドネペジル塩酸塩,１０ｍｇ１錠,63,
1190012F6249,ドネペジル塩酸塩ＯＤ錠１０ｍｇ「トーワ」,ドネペジル塩酸塩,１０ｍｇ１錠,63,
1190012F6265,ドネペジル塩酸塩ＯＤ錠１０ｍｇ「日新」,ドネペジル塩酸塩,１０ｍｇ１錠,63,
1190012F6273,ドネペジル塩酸塩ＯＤ錠１０ｍｇ「明治」,ドネペジル塩酸塩,１０ｍｇ１錠,63,
1190012F6311,ドネペジル塩酸塩ＯＤ錠１０ｍｇ「ニプロ」,ドネペジル塩酸塩,１０ｍｇ１錠,63,
1190012Q1027,アリセプト内服ゼリー３ｍｇ,ドネペジル塩酸塩,３ｍｇ１個,80.7,R9.3.31まで
1190012Q1043,ドネペジル塩酸塩内服ゼリー３ｍｇ「日医工」,ドネペジル塩酸塩,３ｍｇ１個,61.1,
1190012Q2023,アリセプト内服ゼリー５ｍｇ,ドネペジル塩酸塩,５ｍｇ１個,94.2,R9.3.31まで
1190012Q2040,ドネペジル塩酸塩内服ゼリー５ｍｇ「日医工」,ドネペジル塩酸塩,５ｍｇ１個,108.2,
1190012Q3020,アリセプト内服ゼリー１０ｍｇ,ドネペジル塩酸塩,１０ｍｇ１個,148.1,R9.3.31まで
1190012Q3046,ドネペジル塩酸塩内服ゼリー１０ｍｇ「日医工」,ドネペジル塩酸塩,１０ｍｇ１個,246.6,
1190012R1022,アリセプトドライシロップ１％,ドネペジル塩酸塩,１％１ｇ,169.7,
1190012S1024,ドネペジル塩酸塩内用液３ｍｇ「トーワ」,ドネペジル塩酸塩,３ｍｇ１．５ｍＬ１包,41,
1190012S2020,ドネペジル塩酸塩内用液５ｍｇ「トーワ」,ドネペジル塩酸塩,５ｍｇ２．５ｍＬ１包,108.2,
1190012S3035,ドネペジル塩酸塩内用液１０ｍｇ「トーワ」,ドネペジル塩酸塩,１０ｍｇ５ｍＬ１包,116.4,
1190013S1037,ミオカーム内服液　３３．３％,ピラセタム,３３．３％１ｍＬ,22.3,
1190014F1017,タルチレリン５ｍｇ錠,タルチレリン水和物,５ｍｇ１錠,147.7,
1190014F1033,セレジスト錠５ｍｇ,タルチレリン水和物,５ｍｇ１錠,574.3,
1190014F1041,タルチレリン錠５ｍｇ「ＪＧ」,タルチレリン水和物,５ｍｇ１錠,176.2,
1190014F1068,タルチレリン錠５ｍｇ「サワイ」,タルチレリン水和物,５ｍｇ１錠,176.2,
1190014F2013,タルチレリン５ｍｇ口腔内崩壊錠,タルチレリン水和物,５ｍｇ１錠,147.7,
1190014F2021,セレジストＯＤ錠５ｍｇ,タルチレリン水和物,５ｍｇ１錠,574.3,
1190014F2048,タルチレリンＯＤ錠５ｍｇ「ＪＧ」,タルチレリン水和物,５ｍｇ１錠,176.2,
1190014F2064,タルチレリンＯＤ錠５ｍｇ「サワイ」,タルチレリン水和物,５ｍｇ１錠,176.2,
1190015F1020,レミッチＯＤ錠２．５μｇ,ナルフラフィン塩酸塩,２．５μｇ１錠,394.1,
1190015F1038,ナルフラフィン塩酸塩ＯＤ錠２．５μｇ「サワイ」,ナルフラフィン塩酸塩,２．５μｇ１錠,204.4,
1190015F1046,ナルフラフィン塩酸塩ＯＤ錠２．５μｇ「フソー」,ナルフラフィン塩酸塩,２．５μｇ１錠,204.4,
1190015F1054,ナルフラフィン塩酸塩ＯＤフィルム２．５μｇ「ニプロ」,ナルフラフィン塩酸塩,２．５μｇ１錠,204.4,R9.3.31まで
1190015M1010,ナルフラフィン塩酸塩２．５μｇカプセル,ナルフラフィン塩酸塩,２．５μｇ１カプセル,97.6,
1190015M1070,ナルフラフィン塩酸塩カプセル２．５μｇ「キッセイ」,ナルフラフィン塩酸塩,２．５μｇ１カプセル,204.4,R9.3.31まで
1190015M1088,ナルフラフィン塩酸塩カプセル２．５μｇ「ケミファ」,ナルフラフィン塩酸塩,２．５μｇ１カプセル,204.4,
1190015M1118,ナルフラフィン塩酸塩カプセル２．５μｇ「ニプロ」,ナルフラフィン塩酸塩,２．５μｇ１カプセル,204.4,R9.3.31まで
1190016F1024,ロゼレム錠８ｍｇ,ラメルテオン,８ｍｇ１錠,36.8,
1190016F1032,ラメルテオン錠８ｍｇ「武田テバ」,ラメルテオン,８ｍｇ１錠,20.9,
1190016F1040,ラメルテオン錠８ｍｇ「ＪＧ」,ラメルテオン,８ｍｇ１錠,16.4,
1190016F1059,ラメルテオン錠８ｍｇ「杏林」,ラメルテオン,８ｍｇ１錠,20.9,
1190016F1067,ラメルテオン錠８ｍｇ「サワイ」,ラメルテオン,８ｍｇ１錠,16.4,
1190016F1075,ラメルテオン錠８ｍｇ「トーワ」,ラメルテオン,８ｍｇ１錠,16.4,
1190016F1083,ラメルテオン錠８ｍｇ「日新」,ラメルテオン,８ｍｇ１錠,20.9,
1190017F1010,プレガバリン２５ｍｇ口腔内崩壊錠,プレガバリン,２５ｍｇ１錠,6.4,
1190017F1029,リリカＯＤ錠２５ｍｇ,プレガバリン,２５ｍｇ１錠,23.7,
1190017F1053,プレガバリンＯＤ錠２５ｍｇ「ＫＭＰ」,プレガバリン,２５ｍｇ１錠,10.2,
1190017F1096,プレガバリンＯＤ錠２５ｍｇ「ＺＥ」,プレガバリン,２５ｍｇ１錠,10.2,
1190017F1118,プレガバリンＯＤ錠２５ｍｇ「オーハラ」,プレガバリン,２５ｍｇ１錠,10.2,
1190017F1126,プレガバリンＯＤ錠２５ｍｇ「科研」,プレガバリン,２５ｍｇ１錠,10.2,
1190017F1142,プレガバリンＯＤ錠２５ｍｇ「ケミファ」,プレガバリン,２５ｍｇ１錠,10.2,
1190017F1150,プレガバリンＯＤ錠２５ｍｇ「サワイ」,プレガバリン,２５ｍｇ１錠,10.2,
1190017F1185,プレガバリンＯＤ錠２５ｍｇ「トーワ」,プレガバリン,２５ｍｇ１錠,10.2,
1190017F1193,プレガバリンＯＤ錠２５ｍｇ「日医工」,プレガバリン,２５ｍｇ１錠,10.2,
1190017F1223,プレガバリンＯＤ錠２５ｍｇ「フェルゼン」,プレガバリン,２５ｍｇ１錠,10.2,
1190017F1231,プレガバリンＯＤ錠２５ｍｇ「三笠」,プレガバリン,２５ｍｇ１錠,10.2,
1190017F1240,プレガバリンＯＤ錠２５ｍｇ「明治」,プレガバリン,２５ｍｇ１錠,10.2,
1190017F1258,プレガバリンＯＤ錠２５ｍｇ「ＴＣＫ」,プレガバリン,２５ｍｇ１錠,10.2,
1190017F1266,プレガバリンＯＤ錠２５ｍｇ「ＶＴＲＳ」,プレガバリン,２５ｍｇ１錠,10.2,
1190017F2017,プレガバリン７５ｍｇ口腔内崩壊錠,プレガバリン,７５ｍｇ１錠,11.1,
1190017F2025,リリカＯＤ錠７５ｍｇ,プレガバリン,７５ｍｇ１錠,38.4,
1190017F2033,プレガバリンＯＤ錠７５ｍｇ「ＤＳＥＰ」,プレガバリン,７５ｍｇ１錠,16.1,
1190017F2050,プレガバリンＯＤ錠７５ｍｇ「ＫＭＰ」,プレガバリン,７５ｍｇ１錠,16.1,
1190017F2092,プレガバリンＯＤ錠７５ｍｇ「ＺＥ」,プレガバリン,７５ｍｇ１錠,16.1,
1190017F2114,プレガバリンＯＤ錠７５ｍｇ「オーハラ」,プレガバリン,７５ｍｇ１錠,16.1,
1190017F2122,プレガバリンＯＤ錠７５ｍｇ「科研」,プレガバリン,７５ｍｇ１錠,16.1,
1190017F2149,プレガバリンＯＤ錠７５ｍｇ「ケミファ」,プレガバリン,７５ｍｇ１錠,16.1,
1190017F2157,プレガバリンＯＤ錠７５ｍｇ「サワイ」,プレガバリン,７５ｍｇ１錠,16.1,
1190017F2181,プレガバリンＯＤ錠７５ｍｇ「トーワ」,プレガバリン,７５ｍｇ１錠,16.1,
1190017F2190,プレガバリンＯＤ錠７５ｍｇ「日医工」,プレガバリン,７５ｍｇ１錠,16.1,
1190017F2220,プレガバリンＯＤ錠７５ｍｇ「フェルゼン」,プレガバリン,７５ｍｇ１錠,16.1,
1190017F2238,プレガバリンＯＤ錠７５ｍｇ「三笠」,プレガバリン,７５ｍｇ１錠,16.1,
1190017F2246,プレガバリンＯＤ錠７５ｍｇ「明治」,プレガバリン,７５ｍｇ１錠,16.1,
1190017F2254,プレガバリンＯＤ錠７５ｍｇ「ＴＣＫ」,プレガバリン,７５ｍｇ１錠,16.1,
1190017F2262,プレガバリンＯＤ錠７５ｍｇ「ＶＴＲＳ」,プレガバリン,７５ｍｇ１錠,16.1,
1190017F3013,プレガバリン１５０ｍｇ口腔内崩壊錠,プレガバリン,１５０ｍｇ１錠,15.1,
1190017F3021,リリカＯＤ錠１５０ｍｇ,プレガバリン,１５０ｍｇ１錠,53.2,
1190017F3030,プレガバリンＯＤ錠１５０ｍｇ「ＤＳＥＰ」,プレガバリン,１５０ｍｇ１錠,22.1,
1190017F3056,プレガバリンＯＤ錠１５０ｍｇ「ＫＭＰ」,プレガバリン,１５０ｍｇ１錠,22.1,
1190017F3072,プレガバリンＯＤ錠１５０ｍｇ「ＮＰＩ」,プレガバリン,１５０ｍｇ１錠,29.2,
1190017F3080,プレガバリンＯＤ錠１５０ｍｇ「ＹＤ」,プレガバリン,１５０ｍｇ１錠,22.1,
1190017F3110,プレガバリンＯＤ錠１５０ｍｇ「オーハラ」,プレガバリン,１５０ｍｇ１錠,22.1,
1190017F3129,プレガバリンＯＤ錠１５０ｍｇ「科研」,プレガバリン,１５０ｍｇ１錠,22.1,
1190017F3145,プレガバリンＯＤ錠１５０ｍｇ「ケミファ」,プレガバリン,１５０ｍｇ１錠,22.1,
1190017F3153,プレガバリンＯＤ錠１５０ｍｇ「サワイ」,プレガバリン,１５０ｍｇ１錠,22.1,
1190017F3161,プレガバリンＯＤ錠１５０ｍｇ「サンド」,プレガバリン,１５０ｍｇ１錠,22.1,
1190017F3188,プレガバリンＯＤ錠１５０ｍｇ「トーワ」,プレガバリン,１５０ｍｇ１錠,22.1,
1190017F3196,プレガバリンＯＤ錠１５０ｍｇ「日医工」,プレガバリン,１５０ｍｇ１錠,22.1,
1190017F3226,プレガバリンＯＤ錠１５０ｍｇ「フェルゼン」,プレガバリン,１５０ｍｇ１錠,22.1,
1190017F3234,プレガバリンＯＤ錠１５０ｍｇ「三笠」,プレガバリン,１５０ｍｇ１錠,29,
1190017F3242,プレガバリンＯＤ錠１５０ｍｇ「明治」,プレガバリン,１５０ｍｇ１錠,22.1,
1190017F3269,プレガバリンＯＤ錠１５０ｍｇ「ＶＴＲＳ」,プレガバリン,１５０ｍｇ１錠,22.1,
1190017F4036,プレガバリンＯＤ錠５０ｍｇ「ＹＤ」,プレガバリン,５０ｍｇ１錠,11.1,
1190017F4044,プレガバリンＯＤ錠５０ｍｇ「武田テバ」,プレガバリン,５０ｍｇ１錠,11.1,
1190017F4052,プレガバリンＯＤ錠５０ｍｇ「日医工」,プレガバリン,５０ｍｇ１錠,11.1,
1190017F4060,プレガバリンＯＤ錠５０ｍｇ「三笠」,プレガバリン,５０ｍｇ１錠,11.1,
1190017M1028,リリカカプセル２５ｍｇ,プレガバリン,２５ｍｇ１カプセル,23.7,
1190017M1036,プレガバリンカプセル２５ｍｇ「サワイ」,プレガバリン,２５ｍｇ１カプセル,10.2,
1190017M1044,プレガバリンカプセル２５ｍｇ「トーワ」,プレガバリン,２５ｍｇ１カプセル,10.2,
1190017M1052,プレガバリンカプセル２５ｍｇ「日医工」,プレガバリン,２５ｍｇ１カプセル,10.2,
1190017M2024,リリカカプセル７５ｍｇ,プレガバリン,７５ｍｇ１カプセル,38.4,
1190017M2032,プレガバリンカプセル７５ｍｇ「サワイ」,プレガバリン,７５ｍｇ１カプセル,16.1,
1190017M2040,プレガバリンカプセル７５ｍｇ「トーワ」,プレガバリン,７５ｍｇ１カプセル,16.1,
1190017M2059,プレガバリンカプセル７５ｍｇ「日医工」,プレガバリン,７５ｍｇ１カプセル,16.1,
1190017M3020,リリカカプセル１５０ｍｇ,プレガバリン,１５０ｍｇ１カプセル,53.2,
1190017M3039,プレガバリンカプセル１５０ｍｇ「サワイ」,プレガバリン,１５０ｍｇ１カプセル,22.1,
1190017M3047,プレガバリンカプセル１５０ｍｇ「トーワ」,プレガバリン,１５０ｍｇ１カプセル,22.1,
1190017M3055,プレガバリンカプセル１５０ｍｇ「日医工」,プレガバリン,１５０ｍｇ１カプセル,22.1,
1190018F1015,メマンチン塩酸塩５ｍｇ錠,メマンチン塩酸塩,５ｍｇ１錠,9.7,
1190018F1023,メマリー錠５ｍｇ,メマンチン塩酸塩,５ｍｇ１錠,36.7,
1190018F1031,メマンチン塩酸塩錠５ｍｇ「ＤＳＥＰ」,メマンチン塩酸塩,５ｍｇ１錠,19.6,
1190018F1066,メマンチン塩酸塩錠５ｍｇ「アメル」,メマンチン塩酸塩,５ｍｇ１錠,12.7,
1190018F1082,メマンチン塩酸塩錠５ｍｇ「サワイ」,メマンチン塩酸塩,５ｍｇ１錠,19.6,
1190018F1090,メマンチン塩酸塩錠５ｍｇ「トーワ」,メマンチン塩酸塩,５ｍｇ１錠,19.6,
1190018F1104,メマンチン塩酸塩錠５ｍｇ「ニプロ」,メマンチン塩酸塩,５ｍｇ１錠,12.7,
1190018F1112,メマンチン塩酸塩錠５ｍｇ「明治」,メマンチン塩酸塩,５ｍｇ１錠,19.6,
1190018F2011,メマンチン塩酸塩１０ｍｇ錠,メマンチン塩酸塩,１０ｍｇ１錠,23.3,
1190018F2020,メマリー錠１０ｍｇ,メマンチン塩酸塩,１０ｍｇ１錠,62.1,
1190018F2038,メマンチン塩酸塩錠１０ｍｇ「ＤＳＥＰ」,メマンチン塩酸塩,１０ｍｇ１錠,33.7,
1190018F2097,メマンチン塩酸塩錠１０ｍｇ「トーワ」,メマンチン塩酸塩,１０ｍｇ１錠,33.7,
1190018F2119,メマンチン塩酸塩錠１０ｍｇ「明治」,メマンチン塩酸塩,１０ｍｇ１錠,33.7,
1190018F3018,メマンチン塩酸塩２０ｍｇ錠,メマンチン塩酸塩,２０ｍｇ１錠,40.5,
1190018F3026,メマリー錠２０ｍｇ,メマンチン塩酸塩,２０ｍｇ１錠,112.7,
1190018F3034,メマンチン塩酸塩錠２０ｍｇ「ＤＳＥＰ」,メマンチン塩酸塩,２０ｍｇ１錠,61.6,
1190018F3093,メマンチン塩酸塩錠２０ｍｇ「トーワ」,メマンチン塩酸塩,２０ｍｇ１錠,61.6,
1190018F3115,メマンチン塩酸塩錠２０ｍｇ「明治」,メマンチン塩酸塩,２０ｍｇ１錠,61.6,
1190018F4014,メマンチン塩酸塩５ｍｇ口腔内崩壊錠,メマンチン塩酸塩,５ｍｇ１錠,9.7,
1190018F4022,メマリーＯＤ錠５ｍｇ,メマンチン塩酸塩,５ｍｇ１錠,36.7,
1190018F4030,メマンチン塩酸塩ＯＤ錠５ｍｇ「ＤＳＥＰ」,メマンチン塩酸塩,５ｍｇ１錠,19.6,
1190018F4049,メマンチン塩酸塩ＯＤ錠５ｍｇ「ＪＧ」,メマンチン塩酸塩,５ｍｇ１錠,19.6,
1190018F4073,メマンチン塩酸塩ＯＤ錠５ｍｇ「ＴＣＫ」,メマンチン塩酸塩,５ｍｇ１錠,19.6,
1190018F4081,メマンチン塩酸塩ＯＤ錠５ｍｇ「ＹＤ」,メマンチン塩酸塩,５ｍｇ１錠,12.7,
1190018F4090,メマンチン塩酸塩ＯＤ錠５ｍｇ「ＺＥ」,メマンチン塩酸塩,５ｍｇ１錠,12.7,
1190018F4103,メマンチン塩酸塩ＯＤ錠５ｍｇ「アメル」,メマンチン塩酸塩,５ｍｇ１錠,12.7,
1190018F4138,メマンチン塩酸塩ＯＤ錠５ｍｇ「クラシエ」,メマンチン塩酸塩,５ｍｇ１錠,19.6,
1190018F4146,メマンチン塩酸塩ＯＤ錠５ｍｇ「ケミファ」,メマンチン塩酸塩,５ｍｇ１錠,12.7,
1190018F4154,メマンチン塩酸塩ＯＤ錠５ｍｇ「サワイ」,メマンチン塩酸塩,５ｍｇ１錠,19.6,
1190018F4162,メマンチン塩酸塩ＯＤ錠５ｍｇ「サンド」,メマンチン塩酸塩,５ｍｇ１錠,12.7,
1190018F4170,メマンチン塩酸塩ＯＤ錠５ｍｇ「タカタ」,メマンチン塩酸塩,５ｍｇ１錠,19.6,
1190018F4197,メマンチン塩酸塩ＯＤ錠５ｍｇ「トーワ」,メマンチン塩酸塩,５ｍｇ１錠,19.6,
1190018F4200,メマンチン塩酸塩ＯＤ錠５ｍｇ「日医工」,メマンチン塩酸塩,５ｍｇ１錠,12.7,
1190018F4219,メマンチン塩酸塩ＯＤ錠５ｍｇ「日新」,メマンチン塩酸塩,５ｍｇ１錠,19.6,
1190018F4227,メマンチン塩酸塩ＯＤ錠５ｍｇ「ニプロ」,メマンチン塩酸塩,５ｍｇ１錠,12.7,
1190018F4235,メマンチン塩酸塩ＯＤ錠５ｍｇ「フェルゼン」,メマンチン塩酸塩,５ｍｇ１錠,19.6,
1190018F4243,メマンチン塩酸塩ＯＤ錠５ｍｇ「明治」,メマンチン塩酸塩,５ｍｇ１錠,19.6,
1190018F4251,メマンチン塩酸塩ＯＤ錠５ｍｇ「ＮＩＧ」,メマンチン塩酸塩,５ｍｇ１錠,12.7,
1190018F5010,メマンチン塩酸塩１０ｍｇ口腔内崩壊錠,メマンチン塩酸塩,１０ｍｇ１錠,23.3,
1190018F5029,メマリーＯＤ錠１０ｍｇ,メマンチン塩酸塩,１０ｍｇ１錠,62.1,
1190018F5037,メマンチン塩酸塩ＯＤ錠１０ｍｇ「ＤＳＥＰ」,メマンチン塩酸塩,１０ｍｇ１錠,33.7,
1190018F5045,メマンチン塩酸塩ＯＤ錠１０ｍｇ「ＪＧ」,メマンチン塩酸塩,１０ｍｇ１錠,33.7,
1190018F5070,メマンチン塩酸塩ＯＤ錠１０ｍｇ「ＴＣＫ」,メマンチン塩酸塩,１０ｍｇ１錠,33.7,
1190018F5134,メマンチン塩酸塩ＯＤ錠１０ｍｇ「クラシエ」,メマンチン塩酸塩,１０ｍｇ１錠,33.7,
1190018F5177,メマンチン塩酸塩ＯＤ錠１０ｍｇ「タカタ」,メマンチン塩酸塩,１０ｍｇ１錠,33.7,
1190018F5193,メマンチン塩酸塩ＯＤ錠１０ｍｇ「トーワ」,メマンチン塩酸塩,１０ｍｇ１錠,33.7,
1190018F5231,メマンチン塩酸塩ＯＤ錠１０ｍｇ「フェルゼン」,メマンチン塩酸塩,１０ｍｇ１錠,33.7,
1190018F5240,メマンチン塩酸塩ＯＤ錠１０ｍｇ「明治」,メマンチン塩酸塩,１０ｍｇ１錠,33.7,
1190018F6017,メマンチン塩酸塩２０ｍｇ口腔内崩壊錠,メマンチン塩酸塩,２０ｍｇ１錠,40.5,
1190018F6025,メマリーＯＤ錠２０ｍｇ,メマンチン塩酸塩,２０ｍｇ１錠,112.7,
1190018F6033,メマンチン塩酸塩ＯＤ錠２０ｍｇ「ＤＳＥＰ」,メマンチン塩酸塩,２０ｍｇ１錠,61.6,
1190018F6041,メマンチン塩酸塩ＯＤ錠２０ｍｇ「ＪＧ」,メマンチン塩酸塩,２０ｍｇ１錠,61.6,
1190018F6076,メマンチン塩酸塩ＯＤ錠２０ｍｇ「ＴＣＫ」,メマンチン塩酸塩,２０ｍｇ１錠,61.6,
1190018F6173,メマンチン塩酸塩ＯＤ錠２０ｍｇ「タカタ」,メマンチン塩酸塩,２０ｍｇ１錠,61.6,
1190018F6190,メマンチン塩酸塩ＯＤ錠２０ｍｇ「トーワ」,メマンチン塩酸塩,２０ｍｇ１錠,61.6,
1190018F6211,メマンチン塩酸塩ＯＤ錠２０ｍｇ「日新」,メマンチン塩酸塩,２０ｍｇ１錠,61.6,
1190018F6238,メマンチン塩酸塩ＯＤ錠２０ｍｇ「フェルゼン」,メマンチン塩酸塩,２０ｍｇ１錠,61.6,
1190018F6246,メマンチン塩酸塩ＯＤ錠２０ｍｇ「明治」,メマンチン塩酸塩,２０ｍｇ１錠,61.6,
1190018F7021,メマンチン塩酸塩ＯＤ錠１５ｍｇ「ＴＣＫ」,メマンチン塩酸塩,１５ｍｇ１錠,37.9,
1190018F7030,メマンチン塩酸塩ＯＤ錠１５ｍｇ「クラシエ」,メマンチン塩酸塩,１５ｍｇ１錠,37.9,
1190018F7048,メマンチン塩酸塩ＯＤ錠１５ｍｇ「ケミファ」,メマンチン塩酸塩,１５ｍｇ１錠,37.9,
1190018F7056,メマンチン塩酸塩ＯＤ錠１５ｍｇ「サンド」,メマンチン塩酸塩,１５ｍｇ１錠,37.9,
1190018F7064,メマンチン塩酸塩ＯＤ錠１５ｍｇ「日新」,メマンチン塩酸塩,１５ｍｇ１錠,37.9,
1190018R1020,メマリードライシロップ２％,メマンチン塩酸塩,２％１ｇ,168,
1190018R1038,メマンチン塩酸塩ＤＳ２％「サワイ」,メマンチン塩酸塩,２％１ｇ,93.2,
1190018R1046,メマンチン塩酸塩ドライシロップ２％「ＤＳＥＰ」,メマンチン塩酸塩,２％１ｇ,93.2,
1190019F1028,レミニール錠４ｍｇ,ガランタミン臭化水素酸塩,４ｍｇ１錠,40.7,R9.3.31まで
1190019F2024,レミニール錠８ｍｇ,ガランタミン臭化水素酸塩,８ｍｇ１錠,61.3,R9.3.31まで
1190019F3020,レミニール錠１２ｍｇ,ガランタミン臭化水素酸塩,１２ｍｇ１錠,74,R9.3.31まで
1190019F4027,レミニールＯＤ錠４ｍｇ,ガランタミン臭化水素酸塩,４ｍｇ１錠,40.7,
1190019F4035,ガランタミンＯＤ錠４ｍｇ「ＤＳＥＰ」,ガランタミン臭化水素酸塩,４ｍｇ１錠,16.1,
1190019F4043,ガランタミンＯＤ錠４ｍｇ「ＪＧ」,ガランタミン臭化水素酸塩,４ｍｇ１錠,16.1,
1190019F4051,ガランタミンＯＤ錠４ｍｇ「ＹＤ」,ガランタミン臭化水素酸塩,４ｍｇ１錠,21.1,
1190019F4060,ガランタミンＯＤ錠４ｍｇ「アメル」,ガランタミン臭化水素酸塩,４ｍｇ１錠,16.1,
1190019F4078,ガランタミンＯＤ錠４ｍｇ「サワイ」,ガランタミン臭化水素酸塩,４ｍｇ１錠,16.1,
1190019F4094,ガランタミンＯＤ錠４ｍｇ「トーワ」,ガランタミン臭化水素酸塩,４ｍｇ１錠,16.1,
1190019F4108,ガランタミンＯＤ錠４ｍｇ「日医工」,ガランタミン臭化水素酸塩,４ｍｇ１錠,16.1,
1190019F4116,ガランタミンＯＤ錠４ｍｇ「ニプロ」,ガランタミン臭化水素酸塩,４ｍｇ１錠,16.1,
1190019F5015,ガランタミン臭化水素酸塩８ｍｇ口腔内崩壊錠,ガランタミン臭化水素酸塩,８ｍｇ１錠,21.4,
1190019F5023,レミニールＯＤ錠８ｍｇ,ガランタミン臭化水素酸塩,８ｍｇ１錠,61.3,
1190019F5040,ガランタミンＯＤ錠８ｍｇ「ＪＧ」,ガランタミン臭化水素酸塩,８ｍｇ１錠,26,
1190019F5058,ガランタミンＯＤ錠８ｍｇ「ＹＤ」,ガランタミン臭化水素酸塩,８ｍｇ１錠,26,
1190019F5074,ガランタミンＯＤ錠８ｍｇ「サワイ」,ガランタミン臭化水素酸塩,８ｍｇ１錠,26,
1190019F5090,ガランタミンＯＤ錠８ｍｇ「トーワ」,ガランタミン臭化水素酸塩,８ｍｇ１錠,26,
1190019F5112,ガランタミンＯＤ錠８ｍｇ「ニプロ」,ガランタミン臭化水素酸塩,８ｍｇ１錠,26,
1190019F6011,ガランタミン臭化水素酸塩１２ｍｇ口腔内崩壊錠,ガランタミン臭化水素酸塩,１２ｍｇ１錠,23.8,
1190019F6020,レミニールＯＤ錠１２ｍｇ,ガランタミン臭化水素酸塩,１２ｍｇ１錠,74,
1190019F6046,ガランタミンＯＤ錠１２ｍｇ「ＪＧ」,ガランタミン臭化水素酸塩,１２ｍｇ１錠,31.4,
1190019F6054,ガランタミンＯＤ錠１２ｍｇ「ＹＤ」,ガランタミン臭化水素酸塩,１２ｍｇ１錠,38.3,
1190019F6062,ガランタミンＯＤ錠１２ｍｇ「アメル」,ガランタミン臭化水素酸塩,１２ｍｇ１錠,31.4,
1190019F6070,ガランタミンＯＤ錠１２ｍｇ「サワイ」,ガランタミン臭化水素酸塩,１２ｍｇ１錠,31.4,
1190019F6097,ガランタミンＯＤ錠１２ｍｇ「トーワ」,ガランタミン臭化水素酸塩,１２ｍｇ１錠,31.4,
1190019F6119,ガランタミンＯＤ錠１２ｍｇ「ニプロ」,ガランタミン臭化水素酸塩,１２ｍｇ１錠,31.4,
1190019S1026,レミニール内用液４ｍｇ／ｍＬ,ガランタミン臭化水素酸塩,０．４％１ｍＬ,42,R9.3.31まで
1190020F1020,レグナイト錠３００ｍｇ,ガバペンチン　エナカルビル,３００ｍｇ１錠,46.7,
1190021F1025,コレアジン錠１２．５ｍｇ,テトラベナジン,１２．５ｍｇ１錠,371.2,
1190022H1020,レグテクト錠３３３ｍｇ,アカンプロサートカルシウム,３３３ｍｇ１錠,32.3,
1190023F1024,ベルソムラ錠１５ｍｇ,スボレキサント,１５ｍｇ１錠,90.8,
1190023F2020,ベルソムラ錠２０ｍｇ,スボレキサント,２０ｍｇ１錠,109.9,
1190023F3027,ベルソムラ錠１０ｍｇ,スボレキサント,１０ｍｇ１錠,69.3,
1190024M1028,テクフィデラカプセル１２０ｍｇ,フマル酸ジメチル,１２０ｍｇ１カプセル,2061.7,
1190024M2024,テクフィデラカプセル２４０ｍｇ,フマル酸ジメチル,２４０ｍｇ１カプセル,4132,
1190025F1023,セリンクロ錠１０ｍｇ,ナルメフェン塩酸塩水和物,１０ｍｇ１錠,301.5,
1190026F1028,タリージェ錠２．５ｍｇ,ミロガバリンベシル酸塩,２．５ｍｇ１錠,67.2,
1190026F2024,タリージェ錠５ｍｇ,ミロガバリンベシル酸塩,５ｍｇ１錠,92.5,
1190026F3020,タリージェ錠１０ｍｇ,ミロガバリンベシル酸塩,１０ｍｇ１錠,127.9,
1190026F4027,タリージェ錠１５ｍｇ,ミロガバリンベシル酸塩,１５ｍｇ１錠,154.8,
1190026F5023,タリージェＯＤ錠２．５ｍｇ,ミロガバリンベシル酸塩,２．５ｍｇ１錠,67.2,
1190026F6020,タリージェＯＤ錠５ｍｇ,ミロガバリンベシル酸塩,５ｍｇ１錠,92.5,
1190026F7026,タリージェＯＤ錠１０ｍｇ,ミロガバリンベシル酸塩,１０ｍｇ１錠,127.9,
1190026F8022,タリージェＯＤ錠１５ｍｇ,ミロガバリンベシル酸塩,１５ｍｇ１錠,154.8,
1190027F1022,デエビゴ錠２．５ｍｇ,レンボレキサント,２．５ｍｇ１錠,43.7,
1190027F2029,デエビゴ錠５ｍｇ,レンボレキサント,５ｍｇ１錠,69.5,
1190027F3025,デエビゴ錠１０ｍｇ,レンボレキサント,１０ｍｇ１錠,103.6,
1190028D1026,メラトベル顆粒小児用０．２％,メラトニン,０．２％１ｇ,207.7,
1190028F1027,メラトベル錠小児用１ｍｇ,メラトニン,１ｍｇ１錠,103.9,
1190028F2023,メラトベル錠小児用２ｍｇ,メラトニン,２ｍｇ１錠,155.9,
1190029F1021,エブリスディ錠５ｍｇ,リスジプラム,５ｍｇ１錠,73831.9,
1190029R1028,エブリスディドライシロップ６０ｍｇ,リスジプラム,６０ｍｇ１瓶,974463.7,
1190030F1024,レイボー錠５０ｍｇ,ラスミジタンコハク酸塩,５０ｍｇ１錠,324.7,
1190030F2020,レイボー錠１００ｍｇ,ラスミジタンコハク酸塩,１００ｍｇ１錠,570.9,
1190031M1028,ジスバルカプセル４０ｍｇ,バルベナジントシル酸塩,４０ｍｇ１カプセル,2297.9,
1190031M2024,ジスバルカプセル２０ｍｇ,バルベナジントシル酸塩,２０ｍｇ１カプセル,1537.5,
1190032S1021,ラジカット内用懸濁液２．１％,エダラボン,２．１％１ｍＬ,2735.4,
1190033F1028,クービビック錠２５ｍｇ,ダリドレキサント塩酸塩,２５ｍｇ１錠,56.9,
1190033F2024,クービビック錠５０ｍｇ,ダリドレキサント塩酸塩,５０ｍｇ１錠,90.2,
1190034F1022,ボルズィ錠２．５ｍｇ,ボルノレキサント水和物,２．５ｍｇ１錠,47.7,
1190034F2029,ボルズィ錠５ｍｇ,ボルノレキサント水和物,５ｍｇ１錠,71.1,
1190034F3025,ボルズィ錠１０ｍｇ,ボルノレキサント水和物,１０ｍｇ１錠,106.2,
1190035F1027,ナルティークＯＤ錠７５ｍｇ,リメゲパント硫酸塩水和物,７５ｍｇ１錠,2923.2,
1190036F1021,アクイプタ錠１０ｍｇ,アトゲパント水和物,１０ｍｇ１錠,339.9,
1190036F2028,アクイプタ錠３０ｍｇ,アトゲパント水和物,３０ｍｇ１錠,831.3,
1190036F3024,アクイプタ錠６０ｍｇ,アトゲパント水和物,６０ｍｇ１錠,1461.6,
1212001X1014,アミノ安息香酸エチル,アミノ安息香酸エチル,１ｇ,8,
1214001S1054,キシロカインビスカス２％,リドカイン塩酸塩,２％１ｍＬ,5.3,
1214001S1062,リドカイン塩酸塩ビスカス２％「日新」,リドカイン塩酸塩,２％１ｍＬ,6.2,
1219002F1065,ストロカイン錠５ｍｇ,オキセサゼイン,５ｍｇ１錠,6.2,
1225001F1017,クロルフェネシンカルバミン酸エステル１２５ｍｇ錠,クロルフェネシンカルバミン酸エステル,１２５ｍｇ１錠,10.8,
1225001F1114,リンラキサー錠１２５ｍｇ,クロルフェネシンカルバミン酸エステル,１２５ｍｇ１錠,10.8,
1225001F2013,クロルフェネシンカルバミン酸エステル２５０ｍｇ錠,クロルフェネシンカルバミン酸エステル,２５０ｍｇ１錠,10.8,
1225001F2250,リンラキサー錠２５０ｍｇ,クロルフェネシンカルバミン酸エステル,２５０ｍｇ１錠,10.8,
1225003D1031,ロバキシン顆粒９０％,メトカルバモール,９０％１ｇ,11.7,
1229002M1036,ダントリウムカプセル２５ｍｇ,ダントロレンナトリウム水和物,２５ｍｇ１カプセル,16.6,
1231001F1030,マイテラーゼ錠１０ｍｇ,アンベノニウム塩化物,１０ｍｇ１錠,9.3,
1231004B1067,ベサコリン散５％,ベタネコール塩化物,５％１ｇ,8.5,
1231008F1032,プロ・バンサイン錠１５ｍｇ,プロパンテリン臭化物,１５ｍｇ１錠,6.3,
1231009F1100,メペンゾラート臭化物錠７．５ｍｇ「ツルハラ」,メペンゾラート臭化物,７．５ｍｇ１錠,6.3,
1231013D1083,チキジウム臭化物顆粒２％「ツルハラ」,チキジウム臭化物,２％１ｇ,7.8,
1231013M1016,チキジウム臭化物５ｍｇカプセル,チキジウム臭化物,５ｍｇ１カプセル,6.3,
1231013M1040,チアトンカプセル５ｍｇ,チキジウム臭化物,５ｍｇ１カプセル,6.3,
1231013M2012,チキジウム臭化物１０ｍｇカプセル,チキジウム臭化物,１０ｍｇ１カプセル,6.3,
1231013M2179,チアトンカプセル１０ｍｇ,チキジウム臭化物,１０ｍｇ１カプセル,7.8,
1231013M2217,チキジウム臭化物カプセル１０ｍｇ「サワイ」,チキジウム臭化物,１０ｍｇ１カプセル,7.6,
1231014F1011,ジスチグミン臭化物錠,ジスチグミン臭化物,５ｍｇ１錠,10.8,
1231014F1054,ウブレチド錠５ｍｇ,ジスチグミン臭化物,５ｍｇ１錠,11.3,
1233001B1025,ワゴスチグミン散（０．５％）,ネオスチグミン臭化物,０．５％１ｇ,13,
1239003F1046,メスチノン錠６０ｍｇ,ピリドスチグミン臭化物,６０ｍｇ１錠,14,
1242002F1330,ブスコパン錠１０ｍｇ,ブチルスコポラミン臭化物,１０ｍｇ１錠,6.3,
1242002F1381,ブチルスコポラミン臭化物錠１０ｍｇ「ツルハラ」,ブチルスコポラミン臭化物,１０ｍｇ１錠,6.6,
1242008X1066,アトロピン硫酸塩水和物「ホエイ」原末,アトロピン硫酸塩水和物,１ｇ,3525.4,
1243001X1010,パパベリン塩酸塩,パパベリン塩酸塩,１ｇ,41.8,
1249004F1080,ダクチル錠５０ｍｇ,ピペリドレート塩酸塩,５０ｍｇ１錠,9.6,
1249005F1122,チメピジウム臭化物錠３０ｍｇ「サワイ」,チメピジウム臭化物水和物,３０ｍｇ１錠,6.3,
1249005M1083,セスデンカプセル３０ｍｇ,チメピジウム臭化物水和物,３０ｍｇ１カプセル,7.8,
1249006F1011,バクロフェン錠,バクロフェン,５ｍｇ１錠,10.8,
1249006F2018,バクロフェン錠,バクロフェン,１０ｍｇ１錠,14.4,
1249007F1032,コスパノン錠４０ｍｇ,フロプロピオン,４０ｍｇ１錠,6.3,
1249007F2020,コスパノン錠８０ｍｇ,フロプロピオン,８０ｍｇ１錠,6.3,
1249007M1252,コスパノンカプセル４０ｍｇ,フロプロピオン,４０ｍｇ１カプセル,9.8,
1249008F1215,アロフト錠２０ｍｇ,アフロクアロン,２０ｍｇ１錠,8.8,
1249009D1030,ミオナール顆粒１０％,エペリゾン塩酸塩,１０％１ｇ,24.7,
1249009F1015,エペリゾン塩酸塩５０ｍｇ錠,エペリゾン塩酸塩,５０ｍｇ１錠,6.3,
1249009F1090,ミオナール錠５０ｍｇ,エペリゾン塩酸塩,５０ｍｇ１錠,7.7,
1249010D1025,テルネリン顆粒０．２％,チザニジン塩酸塩,０．２％１ｇ,17.7,
1249010F1018,チザニジン塩酸塩１ｍｇ錠,チザニジン塩酸塩,１ｍｇ１錠,6.3,
1249010F1026,テルネリン錠１ｍｇ,チザニジン塩酸塩,１ｍｇ１錠,7.3,
1249010F1271,チザニジン錠１ｍｇ「ＪＧ」,チザニジン塩酸塩,１ｍｇ１錠,8.9,
1249351B1010,ロートエキス散,ロートエキス,１ｇ,7.7,
1249351B1117,ロートエキス散〈ハチ〉,ロートエキス,１ｇ,9.7,
1290001M1022,ビンダケルカプセル２０ｍｇ,タファミジスメグルミン,２０ｍｇ１カプセル,9716.5,
1290002F1028,ファダプス錠１０ｍｇ,アミファンプリジンリン酸塩,１０ｍｇ１錠,3848.7,
1319004F1035,アダプチノール錠５ｍｇ,ヘレニエン,５ｍｇ１錠,22.3,
1329100F1031,ストミンＡ配合錠,ニコチン酸アミド・パパベリン塩酸塩,１錠,6.3,
1331001F1010,ジメンヒドリナート錠,ジメンヒドリナート,５０ｍｇ１錠,10.8,
1339001N1039,イソメニールカプセル７．５ｍｇ,ｄｌ－イソプレナリン塩酸塩,７．５ｍｇ１カプセル,7.1,
1339002F1012,ジフェニドール塩酸塩２５ｍｇ錠,ジフェニドール塩酸塩,２５ｍｇ１錠,6.3,
1339002F1438,セファドール錠２５ｍｇ,ジフェニドール塩酸塩,２５ｍｇ１錠,6.3,
1339005F1016,ベタヒスチンメシル酸塩６ｍｇ錠,ベタヒスチンメシル酸塩,６ｍｇ１錠,10.8,
1339005F1296,メリスロン錠６ｍｇ,ベタヒスチンメシル酸塩,６ｍｇ１錠,10.8,
1339005F2012,ベタヒスチンメシル酸塩１２ｍｇ錠,ベタヒスチンメシル酸塩,１２ｍｇ１錠,10.8,
1339005F2128,メリスロン錠１２ｍｇ,ベタヒスチンメシル酸塩,１２ｍｇ１錠,10.8,
1339100F1038,トラベルミン配合錠,ジフェンヒドラミン・ジプロフィリン,１錠,6.3,
1900001G1020,アセノベル徐放錠５００ｍｇ,アセノイラミン酸,５００ｍｇ１錠,2886.2,
2113003F1014,ジゴキシン錠,ジゴキシン,０．２５ｍｇ１錠,10.5,
2113003F2010,ジゴキシン錠,ジゴキシン,０．１２５ｍｇ１錠,10.5,
2113003F3025,ジゴキシン錠０．０６２５「ＫＹＯ」,ジゴキシン,０．０６２５ｍｇ１錠,10.5,
2113004B1033,ジゴシン散０．１％,ジゴキシン,０．１％１ｇ,25.9,
2113004S1033,ジゴシンエリキシル０．０５ｍｇ／ｍＬ,ジゴキシン,０．００５％１０ｍＬ,36.9,
2113005F1056,メチルジゴキシン錠０．１ｍｇ「ＮＩＧ」,メチルジゴキシン,０．１ｍｇ１錠,6.3,
2113005F2028,ラニラピッド錠０．０５ｍｇ,メチルジゴキシン,０．０５ｍｇ１錠,6.1,
2113005F2044,メチルジゴキシン錠０．０５ｍｇ「ＮＩＧ」,メチルジゴキシン,０．０５ｍｇ１錠,6.1,
2115001X1015,アミノフィリン水和物,アミノフィリン水和物,１ｇ,9.6,
2115002F1057,ネオフィリン錠１００ｍｇ,アミノフィリン水和物,１００ｍｇ１錠,6.3,
2115003X1014,安息香酸ナトリウムカフェイン,安息香酸ナトリウムカフェイン,１ｇ,8,
2115003X1170,安息香酸ナトリウムカフェイン原末「マルイシ」,安息香酸ナトリウムカフェイン,１ｇ,8.6,
2115004X1019,カフェイン水和物,カフェイン水和物,１ｇ,9.7,
2115009X1011,無水カフェイン,無水カフェイン,１ｇ,9.7,
2119001F1019,エチレフリン塩酸塩錠,エチレフリン塩酸塩,５ｍｇ１錠,9.4,
2119002G1035,プロタノールＳ錠１５ｍｇ,ｄｌ－イソプレナリン塩酸塩,１５ｍｇ１錠,18.3,
2119003D1173,ユビデカレノン顆粒１％「ツルハラ」,ユビデカレノン,１％１ｇ,6.9,
2119003F1093,ノイキノン錠５ｍｇ,ユビデカレノン,５ｍｇ１錠,7.3,
2119003F2014,ユビデカレノン１０ｍｇ錠,ユビデカレノン,１０ｍｇ１錠,6.3,
2119003F2332,ノイキノン錠１０ｍｇ,ユビデカレノン,１０ｍｇ１錠,7.2,
2119003F2340,ノイキノン糖衣錠１０ｍｇ,ユビデカレノン,１０ｍｇ１錠,7.2,
2119003M1297,ユビデカレノンカプセル５ｍｇ「ツルハラ」,ユビデカレノン,５ｍｇ１カプセル,6.3,
2119004C1032,カルグート細粒５％,デノパミン,５％１ｇ,203.3,R9.3.31まで
2119004F1020,カルグート錠５,デノパミン,５ｍｇ１錠,15.8,R9.3.31まで
2119004F1055,デノパミン錠５ｍｇ「日医工」,デノパミン,５ｍｇ１錠,10.5,
2119004F2027,カルグート錠１０,デノパミン,１０ｍｇ１錠,26,
2119004F2051,デノパミン錠１０ｍｇ「日医工」,デノパミン,１０ｍｇ１錠,17.3,
2119006F1020,ピモベンダン錠１．２５ｍｇ「ＴＥ」,ピモベンダン,１．２５ｍｇ１錠,30.8,
2119006F2026,ピモベンダン錠２．５ｍｇ「ＴＥ」,ピモベンダン,２．５ｍｇ１錠,57.7,
2119006F3022,ピモベンダン錠０．６２５ｍｇ「ＴＥ」,ピモベンダン,０．６２５ｍｇ１錠,18.8,
2119007D1031,タナドーパ顆粒７５％,ドカルパミン,７５％１ｇ,214.8,
2121001F1017,プロカインアミド塩酸塩錠,プロカインアミド塩酸塩,１２５ｍｇ１錠,10.8,
2121001F2013,プロカインアミド塩酸塩錠,プロカインアミド塩酸塩,２５０ｍｇ１錠,10.8,
2122001X1010,キニジン硫酸塩水和物,キニジン硫酸塩水和物,１ｇ,93.1,
2122002F1086,キニジン硫酸塩錠１００ｍｇ「ＶＴＲＳ」,キニジン硫酸塩水和物,１００ｍｇ１錠,17.7,
2123005C1030,小児用ミケラン細粒０．２％,カルテオロール塩酸塩,０．２％１ｇ,6.9,
2123005F1010,カルテオロール塩酸塩５ｍｇ錠,カルテオロール塩酸塩,５ｍｇ１錠,6.3,
2123005F1141,ミケラン錠５ｍｇ,カルテオロール塩酸塩,５ｍｇ１錠,8,
2123008F1013,プロプラノロール塩酸塩１０ｍｇ錠,プロプラノロール塩酸塩,１０ｍｇ１錠,10.8,
2123008F1048,インデラル錠１０ｍｇ,プロプラノロール塩酸塩,１０ｍｇ１錠,10.8,
2123011F1015,アテノロール２５ｍｇ錠,アテノロール,２５ｍｇ１錠,6.3,
2123011F1155,テノーミン錠２５,アテノロール,２５ｍｇ１錠,7.5,
2123011F2011,アテノロール５０ｍｇ錠,アテノロール,５０ｍｇ１錠,6.3,
2123011F2127,アルセノール錠５０,アテノロール,５０ｍｇ１錠,6.1,
2123011F2437,テノーミン錠５０,アテノロール,５０ｍｇ１錠,7.9,
2123011F2623,アテノロール錠５０ｍｇ「ツルハラ」,アテノロール,５０ｍｇ１錠,6.1,
2123014F1019,アロチノロール塩酸塩５ｍｇ錠,アロチノロール塩酸塩,５ｍｇ１錠,6.3,
2123014F1094,アロチノロール塩酸塩錠５ｍｇ「ＤＳＰ」,アロチノロール塩酸塩,５ｍｇ１錠,7.4,
2123014F1116,アロチノロール塩酸塩錠５ｍｇ「サワイ」,アロチノロール塩酸塩,５ｍｇ１錠,8.9,
2123014F2015,アロチノロール塩酸塩１０ｍｇ錠,アロチノロール塩酸塩,１０ｍｇ１錠,7,
2123014F2201,アロチノロール塩酸塩錠１０ｍｇ「ＤＳＰ」,アロチノロール塩酸塩,１０ｍｇ１錠,10.5,
2123015F1021,ナディック錠３０ｍｇ,ナドロール,３０ｍｇ１錠,30.4,
2123016F1018,ビソプロロールフマル酸塩２．５ｍｇ錠,ビソプロロールフマル酸塩,２．５ｍｇ１錠,10.8,
2123016F1107,メインテート錠２．５ｍｇ,ビソプロロールフマル酸塩,２．５ｍｇ１錠,12.2,
2123016F2014,ビソプロロールフマル酸塩５ｍｇ錠,ビソプロロールフマル酸塩,５ｍｇ１錠,10.8,
2123016F2189,メインテート錠５ｍｇ,ビソプロロールフマル酸塩,５ｍｇ１錠,14.8,
2123016F3010,ビソプロロールフマル酸塩０．６２５ｍｇ錠,ビソプロロールフマル酸塩,０．６２５ｍｇ１錠,10.8,
2123016F3037,メインテート錠０．６２５ｍｇ,ビソプロロールフマル酸塩,０．６２５ｍｇ１錠,10.8,
2129002M1060,リスモダンカプセル５０ｍｇ,ジソピラミド,５０ｍｇ１カプセル,18.9,
2129002M2139,リスモダンカプセル１００ｍｇ,ジソピラミド,１００ｍｇ１カプセル,28.3,
2129003F1049,メキシレチン塩酸塩錠５０ｍｇ「杏林」,メキシレチン塩酸塩,５０ｍｇ１錠,6.3,
2129003F1057,メキシレチン塩酸塩錠５０ｍｇ「ＫＣＣ」,メキシレチン塩酸塩,５０ｍｇ１錠,6.4,
2129003F2045,メキシレチン塩酸塩錠１００ｍｇ「杏林」,メキシレチン塩酸塩,１００ｍｇ１錠,6.3,
2129003F2053,メキシレチン塩酸塩錠１００ｍｇ「ＫＣＣ」,メキシレチン塩酸塩,１００ｍｇ１錠,10.7,
2129003M1021,メキシチールカプセル５０ｍｇ,メキシレチン塩酸塩,５０ｍｇ１カプセル,8.2,
2129003M1188,メキシレチン塩酸塩カプセル５０ｍｇ「サワイ」,メキシレチン塩酸塩,５０ｍｇ１カプセル,7.9,
2129003M1200,メキシレチン塩酸塩カプセル５０ｍｇ「トーワ」,メキシレチン塩酸塩,５０ｍｇ１カプセル,6.3,R9.3.31まで
2129003M2028,メキシチールカプセル１００ｍｇ,メキシレチン塩酸塩,１００ｍｇ１カプセル,12.3,
2129003M2192,メキシレチン塩酸塩カプセル１００ｍｇ「サワイ」,メキシレチン塩酸塩,１００ｍｇ１カプセル,10.6,
2129003M2222,メキシレチン塩酸塩カプセル１００ｍｇ「トーワ」,メキシレチン塩酸塩,１００ｍｇ１カプセル,6.6,R9.3.31まで
2129004M1026,アスペノンカプセル１０,アプリンジン塩酸塩,１０ｍｇ１カプセル,15.7,
2129004M1050,アプリンジン塩酸塩カプセル１０ｍｇ「ＮＰ」,アプリンジン塩酸塩,１０ｍｇ１カプセル,11.1,
2129004M2022,アスペノンカプセル２０,アプリンジン塩酸塩,２０ｍｇ１カプセル,23.6,
2129004M2065,アプリンジン塩酸塩カプセル２０ｍｇ「ＮＰ」,アプリンジン塩酸塩,２０ｍｇ１カプセル,17,
2129005F1013,リン酸ジソピラミド１５０ｍｇ徐放錠,リン酸ジソピラミド,１５０ｍｇ１錠,11.4,
2129005F1129,リスモダンＲ錠１５０ｍｇ,リン酸ジソピラミド,１５０ｍｇ１錠,20.2,
2129005F1242,ジソピラミド徐放錠１５０ｍｇ「ＶＴＲＳ」,リン酸ジソピラミド,１５０ｍｇ１錠,13.6,
2129006F1026,プロノン錠１５０ｍｇ,プロパフェノン塩酸塩,１５０ｍｇ１錠,19.2,
2129006F1050,プロパフェノン塩酸塩錠１５０ｍｇ「オーハラ」,プロパフェノン塩酸塩,１５０ｍｇ１錠,12.8,
2129006F2022,プロノン錠１００ｍｇ,プロパフェノン塩酸塩,１００ｍｇ１錠,19.5,
2129006F2057,プロパフェノン塩酸塩錠１００ｍｇ「オーハラ」,プロパフェノン塩酸塩,１００ｍｇ１錠,16.5,
2129007F1012,シベンゾリンコハク酸塩５０ｍｇ錠,シベンゾリンコハク酸塩,５０ｍｇ１錠,10.8,
2129007F1020,シベノール錠５０ｍｇ,シベンゾリンコハク酸塩,５０ｍｇ１錠,15.1,
2129007F2019,シベンゾリンコハク酸塩１００ｍｇ錠,シベンゾリンコハク酸塩,１００ｍｇ１錠,14.2,
2129007F2027,シベノール錠１００ｍｇ,シベンゾリンコハク酸塩,１００ｍｇ１錠,21.3,
2129008M1016,ピルシカイニド塩酸塩２５ｍｇカプセル,ピルシカイニド塩酸塩水和物,２５ｍｇ１カプセル,10.8,
2129008M1024,サンリズムカプセル２５ｍｇ,ピルシカイニド塩酸塩水和物,２５ｍｇ１カプセル,16.2,
2129008M2012,ピルシカイニド塩酸塩５０ｍｇカプセル,ピルシカイニド塩酸塩水和物,５０ｍｇ１カプセル,17.9,
2129008M2020,サンリズムカプセル５０ｍｇ,ピルシカイニド塩酸塩水和物,５０ｍｇ１カプセル,26.9,
2129009C1023,タンボコール細粒１０％,フレカイニド酢酸塩,１０％１ｇ,69.7,
2129009F1020,タンボコール錠５０ｍｇ,フレカイニド酢酸塩,５０ｍｇ１錠,30.8,
2129009F1038,フレカイニド酢酸塩錠５０ｍｇ「ＫＯ」,フレカイニド酢酸塩,５０ｍｇ１錠,12.3,
2129009F1062,フレカイニド酢酸塩錠５０ｍｇ「ＶＴＲＳ」,フレカイニド酢酸塩,５０ｍｇ１錠,12.3,
2129009F2026,タンボコール錠１００ｍｇ,フレカイニド酢酸塩,１００ｍｇ１錠,50.5,
2129009F2034,フレカイニド酢酸塩錠１００ｍｇ「ＫＯ」,フレカイニド酢酸塩,１００ｍｇ１錠,20.2,
2129009F2069,フレカイニド酢酸塩錠１００ｍｇ「ＶＴＲＳ」,フレカイニド酢酸塩,１００ｍｇ１錠,20.2,
2129010F1014,アミオダロン塩酸塩１００ｍｇ錠,アミオダロン塩酸塩,１００ｍｇ１錠,66.6,
2129010F1022,アンカロン錠１００,アミオダロン塩酸塩,１００ｍｇ１錠,66,
2129010F3025,アミオダロン塩酸塩速崩錠５０ｍｇ「ＴＥ」,アミオダロン塩酸塩,５０ｍｇ１錠,41.8,
2129011F1035,ベプリコール錠５０ｍｇ,ベプリジル塩酸塩水和物,５０ｍｇ１錠,28.7,
2129011F1043,ベプリジル塩酸塩錠５０ｍｇ「ＴＥ」,ベプリジル塩酸塩水和物,５０ｍｇ１錠,17.1,
2129011F2031,ベプリコール錠１００ｍｇ,ベプリジル塩酸塩水和物,１００ｍｇ１錠,53,
2129011F2040,ベプリジル塩酸塩錠１００ｍｇ「ＴＥ」,ベプリジル塩酸塩水和物,１００ｍｇ１錠,33.7,
2129012M1020,ピメノールカプセル５０ｍｇ,ピルメノール塩酸塩水和物,５０ｍｇ１カプセル,32.1,
2129012M2027,ピメノールカプセル１００ｍｇ,ピルメノール塩酸塩水和物,１００ｍｇ１カプセル,57.7,
2129013F1034,ソタロール塩酸塩錠４０ｍｇ「ＴＥ」,ソタロール塩酸塩,４０ｍｇ１錠,31.3,
2129013F2030,ソタロール塩酸塩錠８０ｍｇ「ＴＥ」,ソタロール塩酸塩,８０ｍｇ１錠,57.2,
2132003F1010,トリクロルメチアジド２ｍｇ錠,トリクロルメチアジド,２ｍｇ１錠,10.8,
2132003F1257,フルイトラン錠２ｍｇ,トリクロルメチアジド,２ｍｇ１錠,10.8,
2132003F3012,トリクロルメチアジド１ｍｇ錠,トリクロルメチアジド,１ｍｇ１錠,10.8,
2132003F3039,フルイトラン錠１ｍｇ,トリクロルメチアジド,１ｍｇ１錠,10.8,
2132004F1103,ヒドロクロロチアジド錠２５ｍｇ「トーワ」,ヒドロクロロチアジド,２５ｍｇ１錠,6.3,
2132004F2037,ヒドロクロロチアジド錠１２．５ｍｇ「トーワ」,ヒドロクロロチアジド,１２．５ｍｇ１錠,6.3,
2132004F3025,ヒドロクロロチアジドＯＤ錠１２．５ｍｇ「トーワ」,ヒドロクロロチアジド,１２．５ｍｇ１錠,6.3,R9.3.31まで
2133001C1097,アルダクトンＡ細粒１０％,スピロノラクトン,１０％１ｇ,40.8,
2133001F1018,スピロノラクトン２５ｍｇ錠,スピロノラクトン,２５ｍｇ１錠,10.8,
2133001F1522,アルダクトンＡ錠２５ｍｇ,スピロノラクトン,２５ｍｇ１錠,11.5,
2133001F2057,アルダクトンＡ錠５０ｍｇ,スピロノラクトン,５０ｍｇ１錠,22.9,
2134001X1010,アセタゾラミド,アセタゾラミド,１ｇ,80,
2134002F1109,ダイアモックス錠２５０ｍｇ,アセタゾラミド,２５０ｍｇ１錠,17.4,
2135001F1128,バイカロン錠２５ｍｇ,メフルシド,２５ｍｇ１錠,10.8,R9.3.31まで
2135001F1136,メフルシド錠２５ｍｇ「日医工」,メフルシド,２５ｍｇ１錠,10.8,
2139001Q1039,イソソルビド内服ゼリー７０％分包２０ｇ「日医工」,イソソルビド,７０％２０ｇ１個,65.8,
2139001Q2035,イソソルビド内服ゼリー７０％分包３０ｇ「日医工」,イソソルビド,７０％３０ｇ１個,95.6,
2139001S1060,イソバイドシロップ７０％,イソソルビド,７０％１ｍＬ,2.6,
2139001S1079,イソソルビド内用液７０％「ＣＥＯ」,イソソルビド,７０％１ｍＬ,2.6,
2139001S2032,イソバイドシロップ７０％分包３０ｍＬ,イソソルビド,７０％３０ｍＬ１包,70,
2139001S2040,イソソルビド内用液７０％分包３０ｍＬ「ＣＥＯ」,イソソルビド,７０％３０ｍＬ１包,95.6,
2139001S3020,イソバイドシロップ７０％分包２０ｍＬ,イソソルビド,７０％２０ｍＬ１包,52.4,
2139001S4027,イソバイドシロップ７０％分包２３ｍＬ,イソソルビド,７０％２３ｍＬ１包,53.4,
2139001S5023,イソソルビド内用液７０％分包４０ｍＬ「ＣＥＯ」,イソソルビド,７０％４０ｍＬ１包,122.3,R9.3.31まで
2139005C1048,フロセミド細粒４％「ＥＭＥＣ」,フロセミド,４％１ｇ,35.6,
2139005F1010,フロセミド２０ｍｇ錠,フロセミド,２０ｍｇ１錠,6.5,
2139005F1052,ラシックス錠２０ｍｇ,フロセミド,２０ｍｇ１錠,10.5,
2139005F2016,フロセミド４０ｍｇ錠,フロセミド,４０ｍｇ１錠,6.8,
2139005F2342,ラシックス錠４０ｍｇ,フロセミド,４０ｍｇ１錠,10.8,
2139005F3012,フロセミド１０ｍｇ錠,フロセミド,１０ｍｇ１錠,6.5,
2139005F3039,ラシックス錠１０ｍｇ,フロセミド,１０ｍｇ１錠,9.9,
2139008F1013,アゾセミド６０ｍｇ錠,アゾセミド,６０ｍｇ１錠,10.8,
2139008F1056,ダイアート錠６０ｍｇ,アゾセミド,６０ｍｇ１錠,14.1,
2139008F2010,アゾセミド３０ｍｇ錠,アゾセミド,３０ｍｇ１錠,10.8,
2139008F2028,ダイアート錠３０ｍｇ,アゾセミド,３０ｍｇ１錠,10.8,
2139009F1026,ルプラック錠４ｍｇ,トラセミド,４ｍｇ１錠,12.3,R9.3.31まで
2139009F1034,トラセミド錠４ｍｇ「ＫＯ」,トラセミド,４ｍｇ１錠,6.3,
2139009F2022,ルプラック錠８ｍｇ,トラセミド,８ｍｇ１錠,15.8,R9.3.31まで
2139009F2030,トラセミド錠８ｍｇ「ＫＯ」,トラセミド,８ｍｇ１錠,6.3,
2139009F3029,トラセミドＯＤ錠４ｍｇ「ＴＥ」,トラセミド,４ｍｇ１錠,6.3,
2139009F4025,トラセミドＯＤ錠８ｍｇ「ＴＥ」,トラセミド,８ｍｇ１錠,6.3,
2139011D1022,サムスカ顆粒１％,トルバプタン,１％１ｇ,1152.8,
2139011D1030,トルバプタン顆粒１％「トーワ」,トルバプタン,１％１ｇ,532.9,
2139011D1049,トルバプタン顆粒１％「サワイ」,トルバプタン,１％１ｇ,439.2,
2139011F3026,サムスカＯＤ錠７．５ｍｇ,トルバプタン,７．５ｍｇ１錠,715.5,
2139011F3034,トルバプタンＯＤ錠７．５ｍｇ「ＤＳＥＰ」,トルバプタン,７．５ｍｇ１錠,269.6,
2139011F3042,トルバプタンＯＤ錠７．５ｍｇ「ＴＥ」,トルバプタン,７．５ｍｇ１錠,269.6,
2139011F3050,トルバプタンＯＤ錠７．５ｍｇ「オーツカ」,トルバプタン,７．５ｍｇ１錠,269.6,
2139011F3069,トルバプタンＯＤ錠７．５ｍｇ「ニプロ」,トルバプタン,７．５ｍｇ１錠,269.6,
2139011F3085,トルバプタンＯＤ錠７．５ｍｇ「サワイ」,トルバプタン,７．５ｍｇ１錠,269.6,
2139011F3093,トルバプタンＯＤ錠７．５ｍｇ「トーワ」,トルバプタン,７．５ｍｇ１錠,292,
2139011F4022,サムスカＯＤ錠１５ｍｇ,トルバプタン,１５ｍｇ１錠,1056.2,
2139011F4030,トルバプタンＯＤ錠１５ｍｇ「ＤＳＥＰ」,トルバプタン,１５ｍｇ１錠,473.2,
2139011F4057,トルバプタンＯＤ錠１５ｍｇ「ＴＥ」,トルバプタン,１５ｍｇ１錠,473.2,
2139011F4065,トルバプタンＯＤ錠１５ｍｇ「オーツカ」,トルバプタン,１５ｍｇ１錠,473.2,
2139011F4073,トルバプタンＯＤ錠１５ｍｇ「サワイ」,トルバプタン,１５ｍｇ１錠,473.2,
2139011F4081,トルバプタンＯＤ錠１５ｍｇ「トーワ」,トルバプタン,１５ｍｇ１錠,510.3,
2139011F4090,トルバプタンＯＤ錠１５ｍｇ「ニプロ」,トルバプタン,１５ｍｇ１錠,473.2,
2139011F5029,トルバプタンＯＤ錠３．７５ｍｇ「ＴＥ」,トルバプタン,３．７５ｍｇ１錠,145.1,
2139011F5037,トルバプタンＯＤ錠３．７５ｍｇ「ニプロ」,トルバプタン,３．７５ｍｇ１錠,145.1,
2142004B2015,ヒドララジン塩酸塩散,ヒドララジン塩酸塩,１０％１ｇ,8.4,
2142004F1010,ヒドララジン塩酸塩錠,ヒドララジン塩酸塩,１０ｍｇ１錠,10.8,
2142004F2017,ヒドララジン塩酸塩錠,ヒドララジン塩酸塩,２５ｍｇ１錠,10.8,
2142004F3013,ヒドララジン塩酸塩錠,ヒドララジン塩酸塩,５０ｍｇ１錠,9.8,
2143006B2011,レセルピン散０．１％,レセルピン,０．１％１ｇ,7.5,
2143006F2013,レセルピン錠,レセルピン,０．２５ｍｇ１錠,9.8,
2144001C1074,カプトリル細粒５％,カプトプリル,５％１ｇ,14.3,R9.3.31まで
2144001F1020,カプトリル錠１２．５ｍｇ,カプトプリル,１２．５ｍｇ１錠,7.3,
2144001F2026,カプトリル錠２５ｍｇ,カプトプリル,２５ｍｇ１錠,8.2,
2144001N1059,カプトリル－Ｒカプセル１８．７５ｍｇ,カプトプリル,１８．７５ｍｇ１カプセル,17.5,
2144002C1036,エナラプリルマレイン酸塩細粒１％「アメル」,エナラプリルマレイン酸塩,１％１ｇ,41.6,
2144002F1016,エナラプリルマレイン酸塩２．５ｍｇ錠,エナラプリルマレイン酸塩,２．５ｍｇ１錠,10.8,
2144002F1024,レニベース錠２．５,エナラプリルマレイン酸塩,２．５ｍｇ１錠,10.8,R9.3.31まで
2144002F2012,エナラプリルマレイン酸塩５ｍｇ錠,エナラプリルマレイン酸塩,５ｍｇ１錠,10.8,
2144002F2020,レニベース錠５,エナラプリルマレイン酸塩,５ｍｇ１錠,10.8,R9.3.31まで
2144002F3019,エナラプリルマレイン酸塩１０ｍｇ錠,エナラプリルマレイン酸塩,１０ｍｇ１錠,10.8,
2144002F3027,レニベース錠１０,エナラプリルマレイン酸塩,１０ｍｇ１錠,10.8,R9.3.31まで
2144003F1010,アラセプリル１２．５ｍｇ錠,アラセプリル,１２．５ｍｇ１錠,10.8,
2144003F2017,アラセプリル２５ｍｇ錠,アラセプリル,２５ｍｇ１錠,10.8,
2144003F2025,セタプリル錠２５ｍｇ,アラセプリル,２５ｍｇ１錠,13.3,
2144003F3013,アラセプリル５０ｍｇ錠,アラセプリル,５０ｍｇ１錠,10.8,
2144004F1023,アデカット７．５ｍｇ錠,デラプリル塩酸塩,７．５ｍｇ１錠,13.9,
2144004F2020,アデカット１５ｍｇ錠,デラプリル塩酸塩,１５ｍｇ１錠,19.4,
2144004F3026,アデカット３０ｍｇ錠,デラプリル塩酸塩,３０ｍｇ１錠,26.1,
2144006F1014,リシノプリル５ｍｇ錠,リシノプリル水和物,５ｍｇ１錠,10.8,
2144006F1030,ロンゲス錠５ｍｇ,リシノプリル水和物,５ｍｇ１錠,12,
2144006F2010,リシノプリル１０ｍｇ錠,リシノプリル水和物,１０ｍｇ１錠,10.8,
2144006F2037,ロンゲス錠１０ｍｇ,リシノプリル水和物,１０ｍｇ１錠,16.1,
2144006F3033,ロンゲス錠２０ｍｇ,リシノプリル水和物,２０ｍｇ１錠,15.5,
2144006F3041,リシノプリル錠２０ｍｇ「トーワ」,リシノプリル水和物,２０ｍｇ１錠,11.2,
2144006F3122,リシノプリル錠２０ｍｇ「サワイ」,リシノプリル水和物,２０ｍｇ１錠,10.8,
2144006F3149,リシノプリル錠２０ｍｇ「ＮＩＧ」,リシノプリル水和物,２０ｍｇ１錠,11.2,
2144008F1013,イミダプリル塩酸塩２．５ｍｇ錠,イミダプリル塩酸塩,２．５ｍｇ１錠,10.8,
2144008F1021,タナトリル錠２．５,イミダプリル塩酸塩,２．５ｍｇ１錠,15.8,
2144008F2010,イミダプリル塩酸塩５ｍｇ錠,イミダプリル塩酸塩,５ｍｇ１錠,13.8,
2144008F2028,タナトリル錠５,イミダプリル塩酸塩,５ｍｇ１錠,20.7,
2144008F3024,タナトリル錠１０,イミダプリル塩酸塩,１０ｍｇ１錠,41.2,R9.3.31まで
2144008F3059,イミダプリル塩酸塩錠１０ｍｇ「ＪＧ」,イミダプリル塩酸塩,１０ｍｇ１錠,27.5,
2144008F3083,イミダプリル塩酸塩錠１０ｍｇ「オーハラ」,イミダプリル塩酸塩,１０ｍｇ１錠,27.5,
2144008F3105,イミダプリル塩酸塩錠１０ｍｇ「ＰＨ」,イミダプリル塩酸塩,１０ｍｇ１錠,17.8,
2144008F3113,イミダプリル塩酸塩錠１０ｍｇ「ＹＤ」,イミダプリル塩酸塩,１０ｍｇ１錠,27.5,
2144008F3148,イミダプリル塩酸塩錠１０ｍｇ「サワイ」,イミダプリル塩酸塩,１０ｍｇ１錠,27.5,
2144008F3156,イミダプリル塩酸塩錠１０ｍｇ「トーワ」,イミダプリル塩酸塩,１０ｍｇ１錠,27.5,
2144008F3180,イミダプリル塩酸塩錠１０ｍｇ「ＤＳＥＰ」,イミダプリル塩酸塩,１０ｍｇ１錠,27.5,
2144008F3229,イミダプリル塩酸塩錠１０ｍｇ「ＮＩＧ」,イミダプリル塩酸塩,１０ｍｇ１錠,27.5,
2144009F1018,テモカプリル塩酸塩１ｍｇ錠,テモカプリル塩酸塩,１ｍｇ１錠,10.8,
2144009F1026,エースコール錠１ｍｇ,テモカプリル塩酸塩,１ｍｇ１錠,12.6,
2144009F2014,テモカプリル塩酸塩２ｍｇ錠,テモカプリル塩酸塩,２ｍｇ１錠,16.2,
2144009F2022,エースコール錠２ｍｇ,テモカプリル塩酸塩,２ｍｇ１錠,24.3,
2144009F3010,テモカプリル塩酸塩４ｍｇ錠,テモカプリル塩酸塩,４ｍｇ１錠,32.3,
2144009F3029,エースコール錠４ｍｇ,テモカプリル塩酸塩,４ｍｇ１錠,48.5,
2144011F1023,オドリック錠０．５ｍｇ,トランドラプリル,０．５ｍｇ１錠,13.7,
2144011F1090,トランドラプリル錠０．５ｍｇ「サワイ」,トランドラプリル,０．５ｍｇ１錠,13.7,
2144011F2020,オドリック錠１ｍｇ,トランドラプリル,１ｍｇ１錠,14.3,
2144011F2097,トランドラプリル錠１ｍｇ「サワイ」,トランドラプリル,１ｍｇ１錠,14.3,
2144012F1010,ペリンドプリルエルブミン２ｍｇ錠,ペリンドプリルエルブミン,２ｍｇ１錠,14,
2144012F2016,ペリンドプリルエルブミン４ｍｇ錠,ペリンドプリルエルブミン,４ｍｇ１錠,24.6,
2145001F1019,メチルドパ錠,メチルドパ水和物,１２５ｍｇ１錠,10.8,
2145001F1043,メチルドパ錠（ツルハラ）１２５,メチルドパ水和物,１２５ｍｇ１錠,13.7,
2145001F2015,メチルドパ錠,メチルドパ水和物,２５０ｍｇ１錠,16.5,
2145001F2040,アルドメット錠２５０,メチルドパ水和物,２５０ｍｇ１錠,18,
2149001F1034,カタプレス錠７５μｇ,クロニジン塩酸塩,０．０７５ｍｇ１錠,6.3,
2149001F2065,カタプレス錠１５０μｇ,クロニジン塩酸塩,０．１５ｍｇ１錠,6.3,
2149002F1128,ミニプレス錠０．５ｍｇ,プラゾシン塩酸塩,０．５ｍｇ１錠,6.3,
2149002F2159,ミニプレス錠１ｍｇ,プラゾシン塩酸塩,１ｍｇ１錠,6.8,
2149009F1030,トランデート錠５０ｍｇ,ラベタロール塩酸塩,５０ｍｇ１錠,10.8,
2149009F1081,ラベタロール塩酸塩錠５０ｍｇ「トーワ」,ラベタロール塩酸塩,５０ｍｇ１錠,10.8,R9.3.31まで
2149009F2037,トランデート錠１００ｍｇ,ラベタロール塩酸塩,１００ｍｇ１錠,16.2,
2149009F2070,ラベタロール塩酸塩錠１００ｍｇ「トーワ」,ラベタロール塩酸塩,１００ｍｇ１錠,10.8,R9.3.31まで
2149010F1017,メトプロロール酒石酸塩２０ｍｇ錠,メトプロロール酒石酸塩,２０ｍｇ１錠,10.8,
2149010F1025,セロケン錠２０ｍｇ,メトプロロール酒石酸塩,２０ｍｇ１錠,10.8,
2149010F1033,ロプレソール錠２０ｍｇ,メトプロロール酒石酸塩,２０ｍｇ１錠,10.8,
2149010F2013,メトプロロール酒石酸塩４０ｍｇ錠,メトプロロール酒石酸塩,４０ｍｇ１錠,10.8,
2149010F2072,ロプレソール錠４０ｍｇ,メトプロロール酒石酸塩,４０ｍｇ１錠,10.8,
2149010G1047,セロケンＬ錠１２０ｍｇ,メトプロロール酒石酸塩,１２０ｍｇ１錠,57.7,
2149010G1055,ロプレソールＳＲ錠１２０ｍｇ,メトプロロール酒石酸塩,１２０ｍｇ１錠,57,
2149012F1059,ナトリックス錠１,インダパミド,１ｍｇ１錠,10.8,
2149012F2020,ナトリックス錠２,インダパミド,２ｍｇ１錠,11.7,
2149014M1065,プロプラノロール塩酸塩徐放カプセル６０ｍｇ「サワイ」,プロプラノロール塩酸塩,６０ｍｇ１カプセル,18.2,R9.3.31まで
2149015F1028,デタントール錠０．５ｍｇ,ブナゾシン塩酸塩,０．５ｍｇ１錠,8.3,
2149015F2024,デタントール錠１ｍｇ,ブナゾシン塩酸塩,１ｍｇ１錠,12.8,
2149015G1023,デタントールＲ錠３ｍｇ,ブナゾシン塩酸塩,３ｍｇ１錠,22.5,
2149015G2020,デタントールＲ錠６ｍｇ,ブナゾシン塩酸塩,６ｍｇ１錠,43.5,
2149017F1035,ワイテンス錠２ｍｇ,グアナベンズ酢酸塩,２ｍｇ１錠,8.5,
2149018F1021,ローガン錠１０ｍｇ,アモスラロール塩酸塩,１０ｍｇ１錠,15.6,
2149019B1059,ペルジピン散１０％,ニカルジピン塩酸塩,１０％１ｇ,43.5,R9.3.31まで
2149019F1069,ペルジピン錠１０ｍｇ,ニカルジピン塩酸塩,１０ｍｇ１錠,6.3,
2149019F1158,ニカルジピン塩酸塩錠１０ｍｇ「ツルハラ」,ニカルジピン塩酸塩,１０ｍｇ１錠,8.2,
2149019F2170,ペルジピン錠２０ｍｇ,ニカルジピン塩酸塩,２０ｍｇ１錠,8.5,
2149019F2294,ニカルジピン塩酸塩錠２０ｍｇ「ツルハラ」,ニカルジピン塩酸塩,２０ｍｇ１錠,8.6,
2149019N1160,ペルジピンＬＡカプセル２０ｍｇ,ニカルジピン塩酸塩,２０ｍｇ１カプセル,8.7,
2149019N2175,ペルジピンＬＡカプセル４０ｍｇ,ニカルジピン塩酸塩,４０ｍｇ１カプセル,8.9,
2149020N1031,エブランチルカプセル１５ｍｇ,ウラピジル,１５ｍｇ１カプセル,15.8,
2149020N2038,エブランチルカプセル３０ｍｇ,ウラピジル,３０ｍｇ１カプセル,35.4,
2149022F1010,ニルバジピン２ｍｇ錠,ニルバジピン,２ｍｇ１錠,10.8,
2149022F1028,ニバジール錠２ｍｇ,ニルバジピン,２ｍｇ１錠,10.8,
2149022F2016,ニルバジピン４ｍｇ錠,ニルバジピン,４ｍｇ１錠,10.8,
2149022F2024,ニバジール錠４ｍｇ,ニルバジピン,４ｍｇ１錠,14.3,
2149023F1030,バソメット錠０．２５ｍｇ,テラゾシン塩酸塩水和物,０．２５ｍｇ１錠,6.3,R9.3.31まで
2149023F2037,バソメット錠０．５ｍｇ,テラゾシン塩酸塩水和物,０．５ｍｇ１錠,11.3,R9.3.31まで
2149023F3033,バソメット錠１ｍｇ,テラゾシン塩酸塩水和物,１ｍｇ１錠,19.3,R9.3.31まで
2149023F4030,バソメット錠２ｍｇ,テラゾシン塩酸塩水和物,２ｍｇ１錠,35.2,R9.3.31まで
2149025N1034,ミケランＬＡカプセル１５ｍｇ,カルテオロール塩酸塩,１５ｍｇ１カプセル,37.6,
2149026F1018,ドキサゾシンメシル酸塩０．５ｍｇ錠,ドキサゾシンメシル酸塩,０．５ｍｇ１錠,10.8,
2149026F1026,カルデナリン錠０．５ｍｇ,ドキサゾシンメシル酸塩,０．５ｍｇ１錠,10.8,
2149026F2014,ドキサゾシンメシル酸塩１ｍｇ錠,ドキサゾシンメシル酸塩,１ｍｇ１錠,10.8,
2149026F2022,カルデナリン錠１ｍｇ,ドキサゾシンメシル酸塩,１ｍｇ１錠,13.3,
2149026F3010,ドキサゾシンメシル酸塩２ｍｇ錠,ドキサゾシンメシル酸塩,２ｍｇ１錠,10.8,
2149026F3029,カルデナリン錠２ｍｇ,ドキサゾシンメシル酸塩,２ｍｇ１錠,16,
2149026F4017,ドキサゾシンメシル酸塩４ｍｇ錠,ドキサゾシンメシル酸塩,４ｍｇ１錠,10.8,
2149026F4025,カルデナリン錠４ｍｇ,ドキサゾシンメシル酸塩,４ｍｇ１錠,20.4,
2149026F4122,ドキサゾシン錠４ｍｇ「ＥＭＥＣ」,ドキサゾシンメシル酸塩,４ｍｇ１錠,15,
2149026F4130,ドキサゾシン錠４ｍｇ「ＹＤ」,ドキサゾシンメシル酸塩,４ｍｇ１錠,15,
2149026F4149,ドキサゾシン錠４ｍｇ「サワイ」,ドキサゾシンメシル酸塩,４ｍｇ１錠,15,
2149026F4190,ドキサゾシン錠４ｍｇ「トーワ」,ドキサゾシンメシル酸塩,４ｍｇ１錠,15,
2149026F4203,ドキサゾシン錠４ｍｇ「ＪＧ」,ドキサゾシンメシル酸塩,４ｍｇ１錠,15,
2149026F4211,ドキサゾシン錠４ｍｇ「ＮＳ」,ドキサゾシンメシル酸塩,４ｍｇ１錠,15,
2149026F4220,ドキサゾシン錠４ｍｇ「テバ」,ドキサゾシンメシル酸塩,４ｍｇ１錠,15,
2149026F5021,カルデナリンＯＤ錠０．５ｍｇ,ドキサゾシンメシル酸塩,０．５ｍｇ１錠,8.2,
2149026F6028,カルデナリンＯＤ錠１ｍｇ,ドキサゾシンメシル酸塩,１ｍｇ１錠,13.3,
2149026F7024,カルデナリンＯＤ錠２ｍｇ,ドキサゾシンメシル酸塩,２ｍｇ１錠,16,
2149026F8020,カルデナリンＯＤ錠４ｍｇ,ドキサゾシンメシル酸塩,４ｍｇ１錠,20.4,
2149027F1012,マニジピン塩酸塩５ｍｇ錠,マニジピン塩酸塩,５ｍｇ１錠,10.8,
2149027F1020,カルスロット錠５,マニジピン塩酸塩,５ｍｇ１錠,11.6,
2149027F2019,マニジピン塩酸塩１０ｍｇ錠,マニジピン塩酸塩,１０ｍｇ１錠,10.8,
2149027F2027,カルスロット錠１０,マニジピン塩酸塩,１０ｍｇ１錠,14.7,
2149027F3015,マニジピン塩酸塩２０ｍｇ錠,マニジピン塩酸塩,２０ｍｇ１錠,12.1,
2149027F3023,カルスロット錠２０,マニジピン塩酸塩,２０ｍｇ１錠,18.3,
2149029F1020,セレクトール錠１００ｍｇ,セリプロロール塩酸塩,１００ｍｇ１錠,11.1,
2149029F1135,セリプロロール塩酸塩錠１００ｍｇ「ＮＩＧ」,セリプロロール塩酸塩,１００ｍｇ１錠,7.4,
2149029F2026,セレクトール錠２００ｍｇ,セリプロロール塩酸塩,２００ｍｇ１錠,22.2,
2149029F2131,セリプロロール塩酸塩錠２００ｍｇ「ＮＩＧ」,セリプロロール塩酸塩,２００ｍｇ１錠,14.8,
2149030N1027,ヒポカ５ｍｇカプセル,バルニジピン塩酸塩,５ｍｇ１カプセル,20.7,
2149030N2023,ヒポカ１０ｍｇカプセル,バルニジピン塩酸塩,１０ｍｇ１カプセル,33.6,
2149030N3020,ヒポカ１５ｍｇカプセル,バルニジピン塩酸塩,１５ｍｇ１カプセル,48.7,
2149031F1019,ベタキソロール塩酸塩５ｍｇ錠,ベタキソロール塩酸塩,５ｍｇ１錠,11,
2149031F1027,ケルロング錠５ｍｇ,ベタキソロール塩酸塩,５ｍｇ１錠,23,
2149031F2015,ベタキソロール塩酸塩１０ｍｇ錠,ベタキソロール塩酸塩,１０ｍｇ１錠,10.2,
2149031F2023,ケルロング錠１０ｍｇ,ベタキソロール塩酸塩,１０ｍｇ１錠,39.8,
2149031F2090,ベタキソロール塩酸塩錠１０ｍｇ「サワイ」,ベタキソロール塩酸塩,１０ｍｇ１錠,23.9,
2149031F2104,ベタキソロール塩酸塩錠１０ｍｇ「トーワ」,ベタキソロール塩酸塩,１０ｍｇ１錠,23.9,R9.3.31まで
2149032F1013,カルベジロール１０ｍｇ錠,カルベジロール,１０ｍｇ１錠,10.8,
2149032F1021,アーチスト錠１０ｍｇ,カルベジロール,１０ｍｇ１錠,13.2,
2149032F2010,カルベジロール２０ｍｇ錠,カルベジロール,２０ｍｇ１錠,10.8,
2149032F2028,アーチスト錠２０ｍｇ,カルベジロール,２０ｍｇ１錠,23.6,
2149032F2095,カルベジロール錠２０ｍｇ「サワイ」,カルベジロール,２０ｍｇ１錠,15.5,
2149032F2125,カルベジロール錠２０ｍｇ「トーワ」,カルベジロール,２０ｍｇ１錠,15.5,
2149032F2150,カルベジロール錠２０ｍｇ「ＴＣＫ」,カルベジロール,２０ｍｇ１錠,15.5,
2149032F2192,カルベジロール錠２０ｍｇ「ＶＴＲＳ」,カルベジロール,２０ｍｇ１錠,15.5,R9.3.31まで
2149032F2206,カルベジロール錠２０ｍｇ「ニプロ」,カルベジロール,２０ｍｇ１錠,15.5,
2149032F3016,カルベジロール１．２５ｍｇ錠,カルベジロール,１．２５ｍｇ１錠,10.8,
2149032F3024,アーチスト錠１．２５ｍｇ,カルベジロール,１．２５ｍｇ１錠,10.8,
2149032F4012,カルベジロール２．５ｍｇ錠,カルベジロール,２．５ｍｇ１錠,10.8,
2149032F4020,アーチスト錠２．５ｍｇ,カルベジロール,２．５ｍｇ１錠,10.8,
2149034F1020,ランデル錠１０,エホニジピン塩酸塩エタノール付加物,１０ｍｇ１錠,10.7,
2149034F2027,ランデル錠２０,エホニジピン塩酸塩エタノール付加物,２０ｍｇ１錠,17.7,
2149034F3023,ランデル錠４０,エホニジピン塩酸塩エタノール付加物,４０ｍｇ１錠,33.9,
2149035F1025,スプレンジール錠２．５ｍｇ,フェロジピン,２．５ｍｇ１錠,10.8,
2149035F1068,フェロジピン錠２．５ｍｇ「ＮＩＧ」,フェロジピン,２．５ｍｇ１錠,10.8,
2149035F2021,スプレンジール錠５ｍｇ,フェロジピン,５ｍｇ１錠,16.2,
2149035F2064,フェロジピン錠５ｍｇ「ＮＩＧ」,フェロジピン,５ｍｇ１錠,10.8,
2149036F1020,カルバン錠２５,ベバントロール塩酸塩,２５ｍｇ１錠,17.4,
2149036F2026,カルバン錠５０,ベバントロール塩酸塩,５０ｍｇ１錠,29.1,
2149036F3022,カルバン錠１００,ベバントロール塩酸塩,１００ｍｇ１錠,38.8,
2149037F1016,シルニジピン５ｍｇ錠,シルニジピン,５ｍｇ１錠,10.8,
2149037F1032,アテレック錠５,シルニジピン,５ｍｇ１錠,11.4,
2149037F2012,シルニジピン１０ｍｇ錠,シルニジピン,１０ｍｇ１錠,12.2,
2149037F2039,アテレック錠１０,シルニジピン,１０ｍｇ１錠,18.3,
2149037F3019,シルニジピン２０ｍｇ錠,シルニジピン,２０ｍｇ１錠,18.9,
2149037F3027,アテレック錠２０,シルニジピン,２０ｍｇ１錠,26.6,
2149039F1015,ロサルタンカリウム２５ｍｇ錠,ロサルタンカリウム,２５ｍｇ１錠,10.8,
2149039F1031,ニューロタン錠２５ｍｇ,ロサルタンカリウム,２５ｍｇ１錠,18.2,
2149039F1074,ロサルタンＫ錠２５ｍｇ「オーハラ」,ロサルタンカリウム,２５ｍｇ１錠,10.4,
2149039F2011,ロサルタンカリウム５０ｍｇ錠,ロサルタンカリウム,５０ｍｇ１錠,14,
2149039F2038,ニューロタン錠５０ｍｇ,ロサルタンカリウム,５０ｍｇ１錠,33.4,
2149039F2046,ロサルタンＫ錠５０ｍｇ「ＤＳＥＰ」,ロサルタンカリウム,５０ｍｇ１錠,16.3,
2149039F2089,ロサルタンＫ錠５０ｍｇ「科研」,ロサルタンカリウム,５０ｍｇ１錠,18.1,
2149039F2100,ロサルタンＫ錠５０ｍｇ「トーワ」,ロサルタンカリウム,５０ｍｇ１錠,18.1,
2149039F2135,ロサルタンＫ錠５０ｍｇ「明治」,ロサルタンカリウム,５０ｍｇ１錠,18.1,
2149039F2160,ロサルタンカリウム錠５０ｍｇ「ＤＫ」,ロサルタンカリウム,５０ｍｇ１錠,18.1,
2149039F2186,ロサルタンカリウム錠５０ｍｇ「ＪＧ」,ロサルタンカリウム,５０ｍｇ１錠,18.1,
2149039F2232,ロサルタンカリウム錠５０ｍｇ「ＺＥ」,ロサルタンカリウム,５０ｍｇ１錠,18.1,R9.3.31まで
2149039F2259,ロサルタンカリウム錠５０ｍｇ「杏林」,ロサルタンカリウム,５０ｍｇ１錠,18.1,
2149039F2267,ロサルタンカリウム錠５０ｍｇ「ケミファ」,ロサルタンカリウム,５０ｍｇ１錠,18.1,
2149039F2275,ロサルタンカリウム錠５０ｍｇ「サワイ」,ロサルタンカリウム,５０ｍｇ１錠,18.1,
2149039F2372,ロサルタンＫ錠５０ｍｇ「ＶＴＲＳ」,ロサルタンカリウム,５０ｍｇ１錠,16.3,
2149039F3018,ロサルタンカリウム１００ｍｇ錠,ロサルタンカリウム,１００ｍｇ１錠,24.9,
2149039F3026,ニューロタン錠１００ｍｇ,ロサルタンカリウム,１００ｍｇ１錠,48.1,
2149039F3247,ロサルタンカリウム錠１００ｍｇ「杏林」,ロサルタンカリウム,１００ｍｇ１錠,55.1,
2149040F1018,カンデサルタンシレキセチル２ｍｇ錠,カンデサルタンシレキセチル,２ｍｇ１錠,10.8,
2149040F1026,ブロプレス錠２,カンデサルタンシレキセチル,２ｍｇ１錠,14.7,
2149040F2014,カンデサルタンシレキセチル４ｍｇ錠,カンデサルタンシレキセチル,４ｍｇ１錠,10.8,
2149040F2022,ブロプレス錠４,カンデサルタンシレキセチル,４ｍｇ１錠,18.1,
2149040F2030,カンデサルタン錠４ｍｇ「あすか」,カンデサルタンシレキセチル,４ｍｇ１錠,13.7,
2149040F2286,カンデサルタン錠４ｍｇ「ツルハラ」,カンデサルタンシレキセチル,４ｍｇ１錠,13.7,
2149040F3010,カンデサルタンシレキセチル８ｍｇ錠,カンデサルタンシレキセチル,８ｍｇ１錠,10.8,
2149040F3029,ブロプレス錠８,カンデサルタンシレキセチル,８ｍｇ１錠,27,
2149040F3037,カンデサルタン錠８ｍｇ「あすか」,カンデサルタンシレキセチル,８ｍｇ１錠,25.6,
2149040F3215,カンデサルタン錠８ｍｇ「ケミファ」,カンデサルタンシレキセチル,８ｍｇ１錠,25.6,
2149040F4017,カンデサルタンシレキセチル１２ｍｇ錠,カンデサルタンシレキセチル,１２ｍｇ１錠,13.1,
2149040F4025,ブロプレス錠１２,カンデサルタンシレキセチル,１２ｍｇ１錠,31.9,
2149040F4033,カンデサルタン錠１２ｍｇ「あすか」,カンデサルタンシレキセチル,１２ｍｇ１錠,28.4,
2149040F4068,カンデサルタン錠１２ｍｇ「ＤＳＥＰ」,カンデサルタンシレキセチル,１２ｍｇ１錠,28.4,
2149040F4211,カンデサルタン錠１２ｍｇ「ケミファ」,カンデサルタンシレキセチル,１２ｍｇ１錠,28.4,
2149040F5013,カンデサルタンシレキセチル２ｍｇ口腔内崩壊錠,カンデサルタンシレキセチル,２ｍｇ１錠,10.8,
2149040F6010,カンデサルタンシレキセチル４ｍｇ口腔内崩壊錠,カンデサルタンシレキセチル,４ｍｇ１錠,10.8,
2149040F7016,カンデサルタンシレキセチル８ｍｇ口腔内崩壊錠,カンデサルタンシレキセチル,８ｍｇ１錠,10.8,
2149040F8047,カンデサルタンＯＤ錠１２ｍｇ「サワイ」,カンデサルタンシレキセチル,１２ｍｇ１錠,28.4,
2149040F8055,カンデサルタンＯＤ錠１２ｍｇ「トーワ」,カンデサルタンシレキセチル,１２ｍｇ１錠,28.4,
2149041F1012,バルサルタン２０ｍｇ錠,バルサルタン,２０ｍｇ１錠,10.8,
2149041F1020,ディオバン錠２０ｍｇ,バルサルタン,２０ｍｇ１錠,10.8,
2149041F2019,バルサルタン４０ｍｇ錠,バルサルタン,４０ｍｇ１錠,10.8,
2149041F2027,ディオバン錠４０ｍｇ,バルサルタン,４０ｍｇ１錠,13.7,
2149041F3023,ディオバン錠８０ｍｇ,バルサルタン,８０ｍｇ１錠,18.3,
2149041F3058,バルサルタン錠８０ｍｇ「ＤＳＥＰ」,バルサルタン,８０ｍｇ１錠,12.2,
2149041F3074,バルサルタン錠８０ｍｇ「ＦＦＰ」,バルサルタン,８０ｍｇ１錠,12.2,
2149041F3082,バルサルタン錠８０ｍｇ「ＪＧ」,バルサルタン,８０ｍｇ１錠,12.2,R9.3.31まで
2149041F3120,バルサルタン錠８０ｍｇ「ＴＣＫ」,バルサルタン,８０ｍｇ１錠,12.2,
2149041F3171,バルサルタン錠８０ｍｇ「オーハラ」,バルサルタン,８０ｍｇ１錠,12.2,
2149041F3198,バルサルタン錠８０ｍｇ「杏林」,バルサルタン,８０ｍｇ１錠,12.2,
2149041F3201,バルサルタン錠８０ｍｇ「ケミファ」,バルサルタン,８０ｍｇ１錠,12.2,
2149041F3228,バルサルタン錠８０ｍｇ「サワイ」,バルサルタン,８０ｍｇ１錠,12.2,
2149041F3236,バルサルタン錠８０ｍｇ「サンド」,バルサルタン,８０ｍｇ１錠,12.2,
2149041F3260,バルサルタン錠８０ｍｇ「ツルハラ」,バルサルタン,８０ｍｇ１錠,12.2,
2149041F3279,バルサルタン錠８０ｍｇ「トーワ」,バルサルタン,８０ｍｇ１錠,12.2,
2149041F3287,バルサルタン錠８０ｍｇ「日医工」,バルサルタン,８０ｍｇ１錠,12.2,
2149041F3295,バルサルタン錠８０ｍｇ「日新」,バルサルタン,８０ｍｇ１錠,12.2,
2149041F3368,バルサルタン錠８０ｍｇ「Ｍｅ」,バルサルタン,８０ｍｇ１錠,12.2,
2149041F4020,ディオバン錠１６０ｍｇ,バルサルタン,１６０ｍｇ１錠,25.8,
2149041F4054,バルサルタン錠１６０ｍｇ「ＤＳＥＰ」,バルサルタン,１６０ｍｇ１錠,17.3,
2149041F4070,バルサルタン錠１６０ｍｇ「ＦＦＰ」,バルサルタン,１６０ｍｇ１錠,17.3,
2149041F4089,バルサルタン錠１６０ｍｇ「ＪＧ」,バルサルタン,１６０ｍｇ１錠,17.3,R9.3.31まで
2149041F4127,バルサルタン錠１６０ｍｇ「ＴＣＫ」,バルサルタン,１６０ｍｇ１錠,17.3,
2149041F4178,バルサルタン錠１６０ｍｇ「オーハラ」,バルサルタン,１６０ｍｇ１錠,17.3,
2149041F4194,バルサルタン錠１６０ｍｇ「杏林」,バルサルタン,１６０ｍｇ１錠,17.3,
2149041F4208,バルサルタン錠１６０ｍｇ「ケミファ」,バルサルタン,１６０ｍｇ１錠,17.3,
2149041F4224,バルサルタン錠１６０ｍｇ「サワイ」,バルサルタン,１６０ｍｇ１錠,17.3,
2149041F4232,バルサルタン錠１６０ｍｇ「サンド」,バルサルタン,１６０ｍｇ１錠,17.3,
2149041F4267,バルサルタン錠１６０ｍｇ「ツルハラ」,バルサルタン,１６０ｍｇ１錠,17.3,
2149041F4275,バルサルタン錠１６０ｍｇ「トーワ」,バルサルタン,１６０ｍｇ１錠,17.3,
2149041F4283,バルサルタン錠１６０ｍｇ「日医工」,バルサルタン,１６０ｍｇ１錠,17.3,R9.3.31まで
2149041F4291,バルサルタン錠１６０ｍｇ「日新」,バルサルタン,１６０ｍｇ１錠,17.3,
2149041F4364,バルサルタン錠１６０ｍｇ「Ｍｅ」,バルサルタン,１６０ｍｇ１錠,17.3,
2149041F5026,ディオバンＯＤ錠２０ｍｇ,バルサルタン,２０ｍｇ１錠,10.8,
2149041F5034,バルサルタンＯＤ錠２０ｍｇ「トーワ」,バルサルタン,２０ｍｇ１錠,10.8,R9.3.31まで
2149041F6022,ディオバンＯＤ錠４０ｍｇ,バルサルタン,４０ｍｇ１錠,13.7,
2149041F6030,バルサルタンＯＤ錠４０ｍｇ「トーワ」,バルサルタン,４０ｍｇ１錠,10.8,R9.3.31まで
2149041F7029,ディオバンＯＤ錠８０ｍｇ,バルサルタン,８０ｍｇ１錠,18.3,
2149041F7037,バルサルタンＯＤ錠８０ｍｇ「トーワ」,バルサルタン,８０ｍｇ１錠,12.2,R9.3.31まで
2149041F8025,ディオバンＯＤ錠１６０ｍｇ,バルサルタン,１６０ｍｇ１錠,25.8,
2149041F8033,バルサルタンＯＤ錠１６０ｍｇ「トーワ」,バルサルタン,１６０ｍｇ１錠,17.3,R9.3.31まで
2149042F1017,テルミサルタン２０ｍｇ錠,テルミサルタン,２０ｍｇ１錠,10.8,
2149042F1025,ミカルディス錠２０ｍｇ,テルミサルタン,２０ｍｇ１錠,15.8,
2149042F2013,テルミサルタン４０ｍｇ錠,テルミサルタン,４０ｍｇ１錠,10.8,
2149042F2021,ミカルディス錠４０ｍｇ,テルミサルタン,４０ｍｇ１錠,24.8,
2149042F2030,テルミサルタン錠４０ｍｇ「ＤＳＥＰ」,テルミサルタン,４０ｍｇ１錠,16,
2149042F2080,テルミサルタン錠４０ｍｇ「ＮＰＩ」,テルミサルタン,４０ｍｇ１錠,15.3,
2149042F2137,テルミサルタン錠４０ｍｇ「ケミファ」,テルミサルタン,４０ｍｇ１錠,16,
2149042F2200,テルミサルタン錠４０ｍｇ「トーワ」,テルミサルタン,４０ｍｇ１錠,16,
2149042F2242,テルミサルタン錠４０ｍｇ「明治」,テルミサルタン,４０ｍｇ１錠,16,
2149042F3010,テルミサルタン８０ｍｇ錠,テルミサルタン,８０ｍｇ１錠,10.8,
2149042F3028,ミカルディス錠８０ｍｇ,テルミサルタン,８０ｍｇ１錠,31.3,
2149042F3036,テルミサルタン錠８０ｍｇ「ＤＳＥＰ」,テルミサルタン,８０ｍｇ１錠,23.5,
2149042F3060,テルミサルタン錠８０ｍｇ「ＪＧ」,テルミサルタン,８０ｍｇ１錠,23.5,
2149042F3087,テルミサルタン錠８０ｍｇ「ＮＰＩ」,テルミサルタン,８０ｍｇ１錠,22.1,
2149042F3133,テルミサルタン錠８０ｍｇ「ケミファ」,テルミサルタン,８０ｍｇ１錠,23.5,
2149042F3206,テルミサルタン錠８０ｍｇ「トーワ」,テルミサルタン,８０ｍｇ１錠,23.5,
2149042F3249,テルミサルタン錠８０ｍｇ「明治」,テルミサルタン,８０ｍｇ１錠,23.5,
2149042F4016,テルミサルタン２０ｍｇ口腔内崩壊錠,テルミサルタン,２０ｍｇ１錠,10.8,
2149042F5020,テルミサルタンＯＤ錠４０ｍｇ「サワイ」,テルミサルタン,４０ｍｇ１錠,10.8,
2149042F5039,テルミサルタンＯＤ錠４０ｍｇ「トーワ」,テルミサルタン,４０ｍｇ１錠,16,R9.3.31まで
2149043F1011,アゼルニジピン８ｍｇ錠,アゼルニジピン,８ｍｇ１錠,10.8,
2149043F1020,カルブロック錠８ｍｇ,アゼルニジピン,８ｍｇ１錠,10.8,
2149043F2018,アゼルニジピン１６ｍｇ錠,アゼルニジピン,１６ｍｇ１錠,10.8,
2149043F2026,カルブロック錠１６ｍｇ,アゼルニジピン,１６ｍｇ１錠,21.8,
2149043F2077,アゼルニジピン錠１６ｍｇ「ＴＣＫ」,アゼルニジピン,１６ｍｇ１錠,11.9,
2149043F2140,アゼルニジピン錠１６ｍｇ「ＢＭＤ」,アゼルニジピン,１６ｍｇ１錠,11.9,
2149044F1016,オルメサルタンメドキソミル１０ｍｇ錠,オルメサルタンメドキソミル,１０ｍｇ１錠,10.8,
2149044F2012,オルメサルタンメドキソミル２０ｍｇ錠,オルメサルタンメドキソミル,２０ｍｇ１錠,10.8,
2149044F2039,オルメサルタン錠２０ｍｇ「ＪＧ」,オルメサルタンメドキソミル,２０ｍｇ１錠,16.6,
2149044F2098,オルメサルタン錠２０ｍｇ「ケミファ」,オルメサルタンメドキソミル,２０ｍｇ１錠,14.6,
2149044F2110,オルメサルタン錠２０ｍｇ「ツルハラ」,オルメサルタンメドキソミル,２０ｍｇ１錠,16.6,
2149044F3019,オルメサルタンメドキソミル５ｍｇ錠,オルメサルタンメドキソミル,５ｍｇ１錠,10.8,
2149044F4015,オルメサルタンメドキソミル４０ｍｇ錠,オルメサルタンメドキソミル,４０ｍｇ１錠,12.4,
2149044F4031,オルメサルタン錠４０ｍｇ「ＪＧ」,オルメサルタンメドキソミル,４０ｍｇ１錠,23.1,
2149044F4104,オルメサルタン錠４０ｍｇ「ケミファ」,オルメサルタンメドキソミル,４０ｍｇ１錠,23.1,
2149044F5011,オルメサルタンメドキソミル１０ｍｇ口腔内崩壊錠,オルメサルタンメドキソミル,１０ｍｇ１錠,10.8,
2149044F5020,オルメテックＯＤ錠１０ｍｇ,オルメサルタンメドキソミル,１０ｍｇ１錠,13.6,
2149044F6018,オルメサルタンメドキソミル２０ｍｇ口腔内崩壊錠,オルメサルタンメドキソミル,２０ｍｇ１錠,10.8,
2149044F6026,オルメテックＯＤ錠２０ｍｇ,オルメサルタンメドキソミル,２０ｍｇ１錠,23.9,
2149044F6034,オルメサルタンＯＤ錠２０ｍｇ「ＤＳＥＰ」,オルメサルタンメドキソミル,２０ｍｇ１錠,16.6,
2149044F6085,オルメサルタンＯＤ錠２０ｍｇ「トーワ」,オルメサルタンメドキソミル,２０ｍｇ１錠,16.6,
2149044F6123,オルメサルタンＯＤ錠２０ｍｇ「オーハラ」,オルメサルタンメドキソミル,２０ｍｇ１錠,16.6,
2149044F6140,オルメサルタンＯＤ錠２０ｍｇ「ＪＧ」,オルメサルタンメドキソミル,２０ｍｇ１錠,16.6,
2149044F7014,オルメサルタンメドキソミル４０ｍｇ口腔内崩壊錠,オルメサルタンメドキソミル,４０ｍｇ１錠,12.4,
2149044F7022,オルメテックＯＤ錠４０ｍｇ,オルメサルタンメドキソミル,４０ｍｇ１錠,32.1,
2149044F7030,オルメサルタンＯＤ錠４０ｍｇ「ＤＳＥＰ」,オルメサルタンメドキソミル,４０ｍｇ１錠,23.1,
2149044F7073,オルメサルタンＯＤ錠４０ｍｇ「トーワ」,オルメサルタンメドキソミル,４０ｍｇ１錠,23.1,
2149044F7138,オルメサルタンＯＤ錠４０ｍｇ「ＪＧ」,オルメサルタンメドキソミル,４０ｍｇ１錠,23.1,
2149044F8010,オルメサルタンメドキソミル５ｍｇ口腔内崩壊錠,オルメサルタンメドキソミル,５ｍｇ１錠,10.8,
2149044F8029,オルメテックＯＤ錠５ｍｇ,オルメサルタンメドキソミル,５ｍｇ１錠,10.8,
2149045F1029,セララ錠２５ｍｇ,エプレレノン,２５ｍｇ１錠,17.9,
2149045F1037,エプレレノン錠２５ｍｇ「杏林」,エプレレノン,２５ｍｇ１錠,10.8,
2149045F2025,セララ錠５０ｍｇ,エプレレノン,５０ｍｇ１錠,35.8,
2149045F2033,エプレレノン錠５０ｍｇ「杏林」,エプレレノン,５０ｍｇ１錠,18.4,
2149045F3021,セララ錠１００ｍｇ,エプレレノン,１００ｍｇ１錠,60.9,
2149045F3030,エプレレノン錠１００ｍｇ「杏林」,エプレレノン,１００ｍｇ１錠,35,
2149046F1015,イルベサルタン５０ｍｇ錠,イルベサルタン,５０ｍｇ１錠,10.8,
2149046F1023,アバプロ錠５０ｍｇ,イルベサルタン,５０ｍｇ１錠,18.7,
2149046F1031,イルベタン錠５０ｍｇ,イルベサルタン,５０ｍｇ１錠,17.4,
2149046F1120,イルベサルタン錠５０ｍｇ「日医工」,イルベサルタン,５０ｍｇ１錠,10.4,
2149046F2011,イルベサルタン１００ｍｇ錠,イルベサルタン,１００ｍｇ１錠,10.8,
2149046F2020,アバプロ錠１００ｍｇ,イルベサルタン,１００ｍｇ１錠,29.5,
2149046F2038,イルベタン錠１００ｍｇ,イルベサルタン,１００ｍｇ１錠,29.5,
2149046F2046,イルベサルタン錠１００ｍｇ「ＤＳＰＢ」,イルベサルタン,１００ｍｇ１錠,14.6,
2149046F2070,イルベサルタン錠１００ｍｇ「オーハラ」,イルベサルタン,１００ｍｇ１錠,15.9,
2149046F2097,イルベサルタン錠１００ｍｇ「ケミファ」,イルベサルタン,１００ｍｇ１錠,15.9,
2149046F2100,イルベサルタン錠１００ｍｇ「サワイ」,イルベサルタン,１００ｍｇ１錠,15.9,
2149046F2119,イルベサルタン錠１００ｍｇ「トーワ」,イルベサルタン,１００ｍｇ１錠,15.9,
2149046F2143,イルベサルタン錠１００ｍｇ「ＪＧ」,イルベサルタン,１００ｍｇ１錠,15.9,
2149046F2151,イルベサルタン錠１００ｍｇ「ＫＭＰ」,イルベサルタン,１００ｍｇ１錠,15.9,
2149046F3018,イルベサルタン２００ｍｇ錠,イルベサルタン,２００ｍｇ１錠,11.9,
2149046F3026,アバプロ錠２００ｍｇ,イルベサルタン,２００ｍｇ１錠,42.8,
2149046F3034,イルベタン錠２００ｍｇ,イルベサルタン,２００ｍｇ１錠,40.3,
2149046F3042,イルベサルタン錠２００ｍｇ「ＤＳＰＢ」,イルベサルタン,２００ｍｇ１錠,22.9,
2149046F3077,イルベサルタン錠２００ｍｇ「オーハラ」,イルベサルタン,２００ｍｇ１錠,13.5,
2149046F3093,イルベサルタン錠２００ｍｇ「ケミファ」,イルベサルタン,２００ｍｇ１錠,22.9,
2149046F3107,イルベサルタン錠２００ｍｇ「サワイ」,イルベサルタン,２００ｍｇ１錠,22.9,
2149046F3115,イルベサルタン錠２００ｍｇ「トーワ」,イルベサルタン,２００ｍｇ１錠,22.9,
2149046F3131,イルベサルタン錠２００ｍｇ「ニプロ」,イルベサルタン,２００ｍｇ１錠,13.5,R9.3.31まで
2149046F3140,イルベサルタン錠２００ｍｇ「ＪＧ」,イルベサルタン,２００ｍｇ１錠,22.9,
2149046F3158,イルベサルタン錠２００ｍｇ「ＫＭＰ」,イルベサルタン,２００ｍｇ１錠,22.9,
2149046F4022,イルベサルタンＯＤ錠５０ｍｇ「トーワ」,イルベサルタン,５０ｍｇ１錠,10.8,R9.3.31まで
2149046F5029,イルベサルタンＯＤ錠１００ｍｇ「トーワ」,イルベサルタン,１００ｍｇ１錠,15.9,R9.3.31まで
2149046F6025,イルベサルタンＯＤ錠２００ｍｇ「トーワ」,イルベサルタン,２００ｍｇ１錠,22.9,R9.3.31まで
2149047F1028,ラジレス錠１５０ｍｇ,アリスキレンフマル酸塩,１５０ｍｇ１錠,83.5,R9.3.31まで
2149048D1021,アジルバ顆粒１％,アジルサルタン,１％１ｇ,73.3,
2149048F1022,アジルバ錠２０ｍｇ,アジルサルタン,２０ｍｇ１錠,67.2,
2149048F1030,アジルサルタン錠２０ｍｇ「ＪＧ」,アジルサルタン,２０ｍｇ１錠,25.8,
2149048F1049,アジルサルタン錠２０ｍｇ「サワイ」,アジルサルタン,２０ｍｇ１錠,25.8,
2149048F1057,アジルサルタン錠２０ｍｇ「サンド」,アジルサルタン,２０ｍｇ１錠,25.8,
2149048F1065,アジルサルタン錠２０ｍｇ「武田テバ」,アジルサルタン,２０ｍｇ１錠,25.8,
2149048F1073,アジルサルタン錠２０ｍｇ「トーワ」,アジルサルタン,２０ｍｇ１錠,25.8,
2149048F1081,アジルサルタン錠２０ｍｇ「ニプロ」,アジルサルタン,２０ｍｇ１錠,25.8,
2149048F1090,アジルサルタン錠２０ｍｇ「ＴＣＫ」,アジルサルタン,２０ｍｇ１錠,25.8,
2149048F2029,アジルバ錠４０ｍｇ,アジルサルタン,４０ｍｇ１錠,96.5,
2149048F2037,アジルサルタン錠４０ｍｇ「ＪＧ」,アジルサルタン,４０ｍｇ１錠,38.3,
2149048F2045,アジルサルタン錠４０ｍｇ「サワイ」,アジルサルタン,４０ｍｇ１錠,38.3,
2149048F2053,アジルサルタン錠４０ｍｇ「サンド」,アジルサルタン,４０ｍｇ１錠,38.3,
2149048F2061,アジルサルタン錠４０ｍｇ「武田テバ」,アジルサルタン,４０ｍｇ１錠,38.3,
2149048F2070,アジルサルタン錠４０ｍｇ「トーワ」,アジルサルタン,４０ｍｇ１錠,38.3,
2149048F2088,アジルサルタン錠４０ｍｇ「ニプロ」,アジルサルタン,４０ｍｇ１錠,38.3,
2149048F2096,アジルサルタン錠４０ｍｇ「ＴＣＫ」,アジルサルタン,４０ｍｇ１錠,38.3,
2149048F3025,アジルバ錠１０ｍｇ,アジルサルタン,１０ｍｇ１錠,42.2,
2149048F3033,アジルサルタン錠１０ｍｇ「ＪＧ」,アジルサルタン,１０ｍｇ１錠,17.1,
2149048F3041,アジルサルタン錠１０ｍｇ「サワイ」,アジルサルタン,１０ｍｇ１錠,17.1,
2149048F3050,アジルサルタン錠１０ｍｇ「サンド」,アジルサルタン,１０ｍｇ１錠,17.1,
2149048F3068,アジルサルタン錠１０ｍｇ「武田テバ」,アジルサルタン,１０ｍｇ１錠,17.1,
2149048F3076,アジルサルタン錠１０ｍｇ「トーワ」,アジルサルタン,１０ｍｇ１錠,17.1,
2149048F3084,アジルサルタン錠１０ｍｇ「ニプロ」,アジルサルタン,１０ｍｇ１錠,17.1,
2149048F3092,アジルサルタン錠１０ｍｇ「ＴＣＫ」,アジルサルタン,１０ｍｇ１錠,17.1,
2149048F4021,アジルサルタンＯＤ錠１０ｍｇ「ＤＳＥＰ」,アジルサルタン,１０ｍｇ１錠,17.1,
2149048F4030,アジルサルタンＯＤ錠１０ｍｇ「杏林」,アジルサルタン,１０ｍｇ１錠,17.1,
2149048F4048,アジルサルタンＯＤ錠１０ｍｇ「ケミファ」,アジルサルタン,１０ｍｇ１錠,17.1,
2149048F4056,アジルサルタンＯＤ錠１０ｍｇ「サワイ」,アジルサルタン,１０ｍｇ１錠,17.1,
2149048F4064,アジルサルタンＯＤ錠１０ｍｇ「日新」,アジルサルタン,１０ｍｇ１錠,17.1,
2149048F4072,アジルサルタンＯＤ錠１０ｍｇ「フェルゼン」,アジルサルタン,１０ｍｇ１錠,17.1,
2149048F4080,アジルサルタンＯＤ錠１０ｍｇ「明治」,アジルサルタン,１０ｍｇ１錠,17.1,
2149048F5028,アジルサルタンＯＤ錠２０ｍｇ「ＤＳＥＰ」,アジルサルタン,２０ｍｇ１錠,25.8,
2149048F5036,アジルサルタンＯＤ錠２０ｍｇ「杏林」,アジルサルタン,２０ｍｇ１錠,25.8,
2149048F5044,アジルサルタンＯＤ錠２０ｍｇ「ケミファ」,アジルサルタン,２０ｍｇ１錠,25.8,
2149048F5052,アジルサルタンＯＤ錠２０ｍｇ「サワイ」,アジルサルタン,２０ｍｇ１錠,25.8,
2149048F5060,アジルサルタンＯＤ錠２０ｍｇ「日新」,アジルサルタン,２０ｍｇ１錠,25.8,
2149048F5079,アジルサルタンＯＤ錠２０ｍｇ「フェルゼン」,アジルサルタン,２０ｍｇ１錠,25.8,
2149048F5087,アジルサルタンＯＤ錠２０ｍｇ「明治」,アジルサルタン,２０ｍｇ１錠,25.8,
2149048F6024,アジルサルタンＯＤ錠４０ｍｇ「ＤＳＥＰ」,アジルサルタン,４０ｍｇ１錠,38.3,
2149048F6032,アジルサルタンＯＤ錠４０ｍｇ「杏林」,アジルサルタン,４０ｍｇ１錠,38.3,
2149048F6040,アジルサルタンＯＤ錠４０ｍｇ「ケミファ」,アジルサルタン,４０ｍｇ１錠,38.3,
2149048F6059,アジルサルタンＯＤ錠４０ｍｇ「サワイ」,アジルサルタン,４０ｍｇ１錠,38.3,
2149048F6067,アジルサルタンＯＤ錠４０ｍｇ「日新」,アジルサルタン,４０ｍｇ１錠,38.3,
2149048F6075,アジルサルタンＯＤ錠４０ｍｇ「フェルゼン」,アジルサルタン,４０ｍｇ１錠,38.3,
2149048F6083,アジルサルタンＯＤ錠４０ｍｇ「明治」,アジルサルタン,４０ｍｇ１錠,38.3,
2149049F1027,ミネブロ錠１．２５ｍｇ,エサキセレノン,１．２５ｍｇ１錠,47.8,
2149049F2023,ミネブロ錠２．５ｍｇ,エサキセレノン,２．５ｍｇ１錠,91.6,
2149049F3020,ミネブロ錠５ｍｇ,エサキセレノン,５ｍｇ１錠,137.4,
2149049F4026,ミネブロＯＤ錠１．２５ｍｇ,エサキセレノン,１．２５ｍｇ１錠,47.8,
2149049F5022,ミネブロＯＤ錠２．５ｍｇ,エサキセレノン,２．５ｍｇ１錠,91.6,
2149049F6029,ミネブロＯＤ錠５ｍｇ,エサキセレノン,５ｍｇ１錠,137.4,
2149110F1040,プレミネント配合錠ＬＤ,ロサルタンカリウム・ヒドロクロロチアジド,１錠,36.6,
2149110F1082,ロサルヒド配合錠ＬＤ「ＥＰ」,ロサルタンカリウム・ヒドロクロロチアジド,１錠,16.1,
2149110F1104,ロサルヒド配合錠ＬＤ「ＪＧ」,ロサルタンカリウム・ヒドロクロロチアジド,１錠,16.1,
2149110F1155,ロサルヒド配合錠ＬＤ「ＴＣＫ」,ロサルタンカリウム・ヒドロクロロチアジド,１錠,16.1,
2149110F1163,ロサルヒド配合錠ＬＤ「ＹＤ」,ロサルタンカリウム・ヒドロクロロチアジド,１錠,16.1,
2149110F1198,ロサルヒド配合錠ＬＤ「杏林」,ロサルタンカリウム・ヒドロクロロチアジド,１錠,16.1,
2149110F1201,ロサルヒド配合錠ＬＤ「ケミファ」,ロサルタンカリウム・ヒドロクロロチアジド,１錠,16.1,
2149110F1210,ロサルヒド配合錠ＬＤ「サワイ」,ロサルタンカリウム・ヒドロクロロチアジド,１錠,16.1,
2149110F1236,ロサルヒド配合錠ＬＤ「三和」,ロサルタンカリウム・ヒドロクロロチアジド,１錠,16.1,
2149110F1260,ロサルヒド配合錠ＬＤ「ツルハラ」,ロサルタンカリウム・ヒドロクロロチアジド,１錠,16.1,
2149110F1279,ロサルヒド配合錠ＬＤ「トーワ」,ロサルタンカリウム・ヒドロクロロチアジド,１錠,16.1,
2149110F1287,ロサルヒド配合錠ＬＤ「日医工」,ロサルタンカリウム・ヒドロクロロチアジド,１錠,16.1,
2149110F1295,ロサルヒド配合錠ＬＤ「日新」,ロサルタンカリウム・ヒドロクロロチアジド,１錠,16.1,
2149110F1309,ロサルヒド配合錠ＬＤ「ニプロ」,ロサルタンカリウム・ヒドロクロロチアジド,１錠,16.1,R9.3.31まで
2149110F1350,ロサルヒド配合錠ＬＤ「ＮＰＩ」,ロサルタンカリウム・ヒドロクロロチアジド,１錠,22.2,
2149110F1368,ロサルヒド配合錠ＬＤ「ＶＴＲＳ」,ロサルタンカリウム・ヒドロクロロチアジド,１錠,16.1,R9.3.31まで
2149110F1376,ロサルヒド配合錠ＬＤ「ＮＩＧ」,ロサルタンカリウム・ヒドロクロロチアジド,１錠,16.1,
2149110F2011,ロサルタンカリウム・ヒドロクロロチアジドＨＤ錠,ロサルタンカリウム・ヒドロクロロチアジド,１錠,19.8,
2149110F2020,プレミネント配合錠ＨＤ,ロサルタンカリウム・ヒドロクロロチアジド,１錠,50.9,
2149110F2070,ロサルヒド配合錠ＨＤ「三和」,ロサルタンカリウム・ヒドロクロロチアジド,１錠,29.1,
2149110F2100,ロサルヒド配合錠ＨＤ「ＥＰ」,ロサルタンカリウム・ヒドロクロロチアジド,１錠,29.1,
2149110F2151,ロサルヒド配合錠ＨＤ「ＴＣＫ」,ロサルタンカリウム・ヒドロクロロチアジド,１錠,29.1,
2149110F2194,ロサルヒド配合錠ＨＤ「ケミファ」,ロサルタンカリウム・ヒドロクロロチアジド,１錠,29.1,
2149110F2232,ロサルヒド配合錠ＨＤ「トーワ」,ロサルタンカリウム・ヒドロクロロチアジド,１錠,29.1,
2149110F2240,ロサルヒド配合錠ＨＤ「日医工」,ロサルタンカリウム・ヒドロクロロチアジド,１錠,29.1,
2149110F2259,ロサルヒド配合錠ＨＤ「日新」,ロサルタンカリウム・ヒドロクロロチアジド,１錠,29.1,
2149110F2291,ロサルヒド配合錠ＨＤ「サワイ」,ロサルタンカリウム・ヒドロクロロチアジド,１錠,29.1,
2149110F2321,ロサルヒド配合錠ＨＤ「ＮＰＩ」,ロサルタンカリウム・ヒドロクロロチアジド,１錠,45,
2149110F2330,ロサルヒド配合錠ＨＤ「ＶＴＲＳ」,ロサルタンカリウム・ヒドロクロロチアジド,１錠,29.1,R9.3.31まで
2149110F2348,ロサルヒド配合錠ＨＤ「ＮＩＧ」,ロサルタンカリウム・ヒドロクロロチアジド,１錠,29.1,
2149111F1028,エカード配合錠ＬＤ,カンデサルタンシレキセチル・ヒドロクロロチアジド,１錠,19.6,
2149111F1036,カデチア配合錠ＬＤ「あすか」,カンデサルタンシレキセチル・ヒドロクロロチアジド,１錠,11.5,
2149111F1044,カデチア配合錠ＬＤ「テバ」,カンデサルタンシレキセチル・ヒドロクロロチアジド,１錠,11.5,
2149111F2024,エカード配合錠ＨＤ,カンデサルタンシレキセチル・ヒドロクロロチアジド,１錠,28.6,
2149111F2032,カデチア配合錠ＨＤ「あすか」,カンデサルタンシレキセチル・ヒドロクロロチアジド,１錠,21.5,
2149111F2040,カデチア配合錠ＨＤ「テバ」,カンデサルタンシレキセチル・ヒドロクロロチアジド,１錠,21.5,
2149112F1022,コディオ配合錠ＭＤ,バルサルタン・ヒドロクロロチアジド,１錠,21.5,
2149112F1030,バルヒディオ配合錠ＭＤ「サンド」,バルサルタン・ヒドロクロロチアジド,１錠,17.8,
2149112F1057,バルヒディオ配合錠ＭＤ「ＪＧ」,バルサルタン・ヒドロクロロチアジド,１錠,17.8,
2149112F1065,バルヒディオ配合錠ＭＤ「ＴＣＫ」,バルサルタン・ヒドロクロロチアジド,１錠,17.8,
2149112F1073,バルヒディオ配合錠ＭＤ「サワイ」,バルサルタン・ヒドロクロロチアジド,１錠,17.8,
2149112F1090,バルヒディオ配合錠ＭＤ「ツルハラ」,バルサルタン・ヒドロクロロチアジド,１錠,17.8,
2149112F1103,バルヒディオ配合錠ＭＤ「トーワ」,バルサルタン・ヒドロクロロチアジド,１錠,17.8,
2149112F1120,バルヒディオ配合錠ＭＤ「ＮＩＧ」,バルサルタン・ヒドロクロロチアジド,１錠,17.8,
2149112F2029,コディオ配合錠ＥＸ,バルサルタン・ヒドロクロロチアジド,１錠,21.5,
2149112F2037,バルヒディオ配合錠ＥＸ「サンド」,バルサルタン・ヒドロクロロチアジド,１錠,18.9,
2149112F2053,バルヒディオ配合錠ＥＸ「ＪＧ」,バルサルタン・ヒドロクロロチアジド,１錠,18.9,
2149112F2061,バルヒディオ配合錠ＥＸ「ＴＣＫ」,バルサルタン・ヒドロクロロチアジド,１錠,18.9,
2149112F2070,バルヒディオ配合錠ＥＸ「サワイ」,バルサルタン・ヒドロクロロチアジド,１錠,18.9,
2149112F2096,バルヒディオ配合錠ＥＸ「ツルハラ」,バルサルタン・ヒドロクロロチアジド,１錠,44.1,
2149112F2100,バルヒディオ配合錠ＥＸ「トーワ」,バルサルタン・ヒドロクロロチアジド,１錠,18.9,
2149112F2126,バルヒディオ配合錠ＥＸ「ＮＩＧ」,バルサルタン・ヒドロクロロチアジド,１錠,18.9,
2149113F1027,ミコンビ配合錠ＡＰ,テルミサルタン・ヒドロクロロチアジド,１錠,28,
2149113F1035,テルチア配合錠ＡＰ「ＤＳＥＰ」,テルミサルタン・ヒドロクロロチアジド,１錠,19.8,
2149113F1043,テルチア配合錠ＡＰ「サワイ」,テルミサルタン・ヒドロクロロチアジド,１錠,19.8,
2149113F1060,テルチア配合錠ＡＰ「トーワ」,テルミサルタン・ヒドロクロロチアジド,１錠,19.8,
2149113F1078,テルチア配合錠ＡＰ「日医工」,テルミサルタン・ヒドロクロロチアジド,１錠,10.8,
2149113F1086,テルチア配合錠ＡＰ「ＮＩＧ」,テルミサルタン・ヒドロクロロチアジド,１錠,19.8,
2149113F2015,テルミサルタン・ヒドロクロロチアジドＢＰ錠,テルミサルタン・ヒドロクロロチアジド,１錠,10.8,
2149113F2023,ミコンビ配合錠ＢＰ,テルミサルタン・ヒドロクロロチアジド,１錠,38.5,
2149113F2031,テルチア配合錠ＢＰ「ＤＳＥＰ」,テルミサルタン・ヒドロクロロチアジド,１錠,27.6,
2149113F2040,テルチア配合錠ＢＰ「サワイ」,テルミサルタン・ヒドロクロロチアジド,１錠,27.6,
2149113F2066,テルチア配合錠ＢＰ「トーワ」,テルミサルタン・ヒドロクロロチアジド,１錠,27.6,
2149113F2082,テルチア配合錠ＢＰ「ＮＩＧ」,テルミサルタン・ヒドロクロロチアジド,１錠,27.6,
2149114F1021,エックスフォージ配合錠,バルサルタン・アムロジピンベシル酸塩,１錠,20.3,
2149114F1030,アムバロ配合錠「ＤＳＥＰ」,バルサルタン・アムロジピンベシル酸塩,１錠,14,
2149114F1056,アムバロ配合錠「ＦＦＰ」,バルサルタン・アムロジピンベシル酸塩,１錠,14,
2149114F1064,アムバロ配合錠「ＪＧ」,バルサルタン・アムロジピンベシル酸塩,１錠,11.5,
2149114F1099,アムバロ配合錠「ＴＣＫ」,バルサルタン・アムロジピンベシル酸塩,１錠,14,
2149114F1102,アムバロ配合錠「ＹＤ」,バルサルタン・アムロジピンベシル酸塩,１錠,14,
2149114F1137,アムバロ配合錠「オーハラ」,バルサルタン・アムロジピンベシル酸塩,１錠,11.5,
2149114F1153,アムバロ配合錠「杏林」,バルサルタン・アムロジピンベシル酸塩,１錠,11.5,
2149114F1161,アムバロ配合錠「ケミファ」,バルサルタン・アムロジピンベシル酸塩,１錠,14,
2149114F1170,アムバロ配合錠「サワイ」,バルサルタン・アムロジピンベシル酸塩,１錠,14,
2149114F1188,アムバロ配合錠「サンド」,バルサルタン・アムロジピンベシル酸塩,１錠,14,
2149114F1218,アムバロ配合錠「トーワ」,バルサルタン・アムロジピンベシル酸塩,１錠,14,
2149114F1234,アムバロ配合錠「日新」,バルサルタン・アムロジピンベシル酸塩,１錠,11.5,
2149114F1285,アムバロ配合錠「ＮＩＧ」,バルサルタン・アムロジピンベシル酸塩,１錠,11.5,
2149114F2028,エックスフォージ配合ＯＤ錠,バルサルタン・アムロジピンベシル酸塩,１錠,20.3,
2149114F2044,アムバロ配合ＯＤ錠「日医工」,バルサルタン・アムロジピンベシル酸塩,１錠,14,
2149114F2060,アムバロ配合ＯＤ錠「トーワ」,バルサルタン・アムロジピンベシル酸塩,１錠,14,R9.3.31まで
2149115F1026,レザルタス配合錠ＬＤ,オルメサルタンメドキソミル・アゼルニジピン,１錠,19.7,
2149115F2022,レザルタス配合錠ＨＤ,オルメサルタンメドキソミル・アゼルニジピン,１錠,36.7,
2149116F1020,ユニシア配合錠ＬＤ,カンデサルタンシレキセチル・アムロジピンベシル酸塩,１錠,28.6,
2149116F1039,カムシア配合錠ＬＤ「あすか」,カンデサルタンシレキセチル・アムロジピンベシル酸塩,１錠,19,
2149116F1047,カムシア配合錠ＬＤ「サンド」,カンデサルタンシレキセチル・アムロジピンベシル酸塩,１錠,19,
2149116F1055,カムシア配合錠ＬＤ「ニプロ」,カンデサルタンシレキセチル・アムロジピンベシル酸塩,１錠,19,
2149116F1071,カムシア配合錠ＬＤ「日新」,カンデサルタンシレキセチル・アムロジピンベシル酸塩,１錠,19,
2149116F1080,カムシア配合錠ＬＤ「トーワ」,カンデサルタンシレキセチル・アムロジピンベシル酸塩,１錠,19,
2149116F1098,カムシア配合錠ＬＤ「ＮＩＧ」,カンデサルタンシレキセチル・アムロジピンベシル酸塩,１錠,19,
2149116F2027,ユニシア配合錠ＨＤ,カンデサルタンシレキセチル・アムロジピンベシル酸塩,１錠,28.6,
2149116F2035,カムシア配合錠ＨＤ「あすか」,カンデサルタンシレキセチル・アムロジピンベシル酸塩,１錠,19,
2149116F2043,カムシア配合錠ＨＤ「サンド」,カンデサルタンシレキセチル・アムロジピンベシル酸塩,１錠,19,
2149116F2051,カムシア配合錠ＨＤ「ニプロ」,カンデサルタンシレキセチル・アムロジピンベシル酸塩,１錠,19,
2149116F2078,カムシア配合錠ＨＤ「日新」,カンデサルタンシレキセチル・アムロジピンベシル酸塩,１錠,19,
2149116F2086,カムシア配合錠ＨＤ「トーワ」,カンデサルタンシレキセチル・アムロジピンベシル酸塩,１錠,19,
2149116F2094,カムシア配合錠ＨＤ「ＮＩＧ」,カンデサルタンシレキセチル・アムロジピンベシル酸塩,１錠,19,
2149117F1025,ミカムロ配合錠ＡＰ,テルミサルタン・アムロジピンベシル酸塩,１錠,26.4,
2149117F1033,テラムロ配合錠ＡＰ「ＤＳＥＰ」,テルミサルタン・アムロジピンベシル酸塩,１錠,19.5,
2149117F1041,テラムロ配合錠ＡＰ「ＥＥ」,テルミサルタン・アムロジピンベシル酸塩,１錠,19.5,
2149117F1050,テラムロ配合錠ＡＰ「サワイ」,テルミサルタン・アムロジピンベシル酸塩,１錠,19.5,
2149117F1076,テラムロ配合錠ＡＰ「トーワ」,テルミサルタン・アムロジピンベシル酸塩,１錠,19.5,
2149117F1084,テラムロ配合錠ＡＰ「日医工」,テルミサルタン・アムロジピンベシル酸塩,１錠,10.8,R9.3.31まで
2149117F1092,テラムロ配合錠ＡＰ「ニプロ」,テルミサルタン・アムロジピンベシル酸塩,１錠,10.8,
2149117F1114,テラムロ配合錠ＡＰ「ＮＩＧ」,テルミサルタン・アムロジピンベシル酸塩,１錠,19.5,
2149117F2021,ミカムロ配合錠ＢＰ,テルミサルタン・アムロジピンベシル酸塩,１錠,35,
2149117F2030,テラムロ配合錠ＢＰ「ＤＳＥＰ」,テルミサルタン・アムロジピンベシル酸塩,１錠,28.3,
2149117F2048,テラムロ配合錠ＢＰ「ＥＥ」,テルミサルタン・アムロジピンベシル酸塩,１錠,28.3,
2149117F2056,テラムロ配合錠ＢＰ「サワイ」,テルミサルタン・アムロジピンベシル酸塩,１錠,28.3,
2149117F2072,テラムロ配合錠ＢＰ「トーワ」,テルミサルタン・アムロジピンベシル酸塩,１錠,28.3,
2149117F2080,テラムロ配合錠ＢＰ「日医工」,テルミサルタン・アムロジピンベシル酸塩,１錠,12.6,R9.3.31まで
2149117F2099,テラムロ配合錠ＢＰ「ニプロ」,テルミサルタン・アムロジピンベシル酸塩,１錠,12.6,
2149117F2110,テラムロ配合錠ＢＰ「ＮＩＧ」,テルミサルタン・アムロジピンベシル酸塩,１錠,28.3,
2149118F1011,イルベサルタン・アムロジピンベシル酸塩ＬＤ錠,イルベサルタン・アムロジピンベシル酸塩,１錠,10.8,
2149118F1020,アイミクス配合錠ＬＤ,イルベサルタン・アムロジピンベシル酸塩,１錠,30.3,
2149118F1038,イルアミクス配合錠ＬＤ「ＤＳＰＢ」,イルベサルタン・アムロジピンベシル酸塩,１錠,15.6,
2149118F1054,イルアミクス配合錠ＬＤ「ＪＧ」,イルベサルタン・アムロジピンベシル酸塩,１錠,15.6,
2149118F1062,イルアミクス配合錠ＬＤ「ＴＣＫ」,イルベサルタン・アムロジピンベシル酸塩,１錠,15.6,
2149118F1089,イルアミクス配合錠ＬＤ「オーハラ」,イルベサルタン・アムロジピンベシル酸塩,１錠,15.6,
2149118F1100,イルアミクス配合錠ＬＤ「ケミファ」,イルベサルタン・アムロジピンベシル酸塩,１錠,15.6,
2149118F1119,イルアミクス配合錠ＬＤ「サワイ」,イルベサルタン・アムロジピンベシル酸塩,１錠,15,
2149118F1151,イルアミクス配合錠ＬＤ「トーワ」,イルベサルタン・アムロジピンベシル酸塩,１錠,15.6,
2149118F1194,イルアミクス配合錠ＬＤ「ＮＩＧ」,イルベサルタン・アムロジピンベシル酸塩,１錠,15,
2149118F1208,イルアミクス配合錠ＬＤ「ダイト」,イルベサルタン・アムロジピンベシル酸塩,１錠,15.6,
2149118F2018,イルベサルタン・アムロジピンベシル酸塩ＨＤ錠,イルベサルタン・アムロジピンベシル酸塩,１錠,10.8,
2149118F2026,アイミクス配合錠ＨＤ,イルベサルタン・アムロジピンベシル酸塩,１錠,32.2,
2149118F2034,イルアミクス配合錠ＨＤ「ＤＳＰＢ」,イルベサルタン・アムロジピンベシル酸塩,１錠,17.9,
2149118F2050,イルアミクス配合錠ＨＤ「ＪＧ」,イルベサルタン・アムロジピンベシル酸塩,１錠,17.9,
2149118F2069,イルアミクス配合錠ＨＤ「ＴＣＫ」,イルベサルタン・アムロジピンベシル酸塩,１錠,17.9,
2149118F2077,イルアミクス配合錠ＨＤ「ＹＤ」,イルベサルタン・アムロジピンベシル酸塩,１錠,13.4,
2149118F2085,イルアミクス配合錠ＨＤ「オーハラ」,イルベサルタン・アムロジピンベシル酸塩,１錠,17.9,
2149118F2093,イルアミクス配合錠ＨＤ「杏林」,イルベサルタン・アムロジピンベシル酸塩,１錠,13.4,
2149118F2107,イルアミクス配合錠ＨＤ「ケミファ」,イルベサルタン・アムロジピンベシル酸塩,１錠,17.9,
2149118F2115,イルアミクス配合錠ＨＤ「サワイ」,イルベサルタン・アムロジピンベシル酸塩,１錠,17.9,
2149118F2123,イルアミクス配合錠ＨＤ「サンド」,イルベサルタン・アムロジピンベシル酸塩,１錠,13.4,
2149118F2158,イルアミクス配合錠ＨＤ「トーワ」,イルベサルタン・アムロジピンベシル酸塩,１錠,17.9,
2149118F2190,イルアミクス配合錠ＨＤ「ＮＩＧ」,イルベサルタン・アムロジピンベシル酸塩,１錠,17.9,
2149118F2204,イルアミクス配合錠ＨＤ「ダイト」,イルベサルタン・アムロジピンベシル酸塩,１錠,13.4,
2149119F1024,イルトラ配合錠ＬＤ,イルベサルタン・トリクロルメチアジド,１錠,32.2,
2149119F2020,イルトラ配合錠ＨＤ,イルベサルタン・トリクロルメチアジド,１錠,44,
2149120F1027,アテディオ配合錠,バルサルタン・シルニジピン,１錠,29.3,
2149121F1021,ザクラス配合錠ＬＤ,アジルサルタン・アムロジピンベシル酸塩,１錠,59.8,
2149121F1030,ジルムロ配合錠ＬＤ「ＪＧ」,アジルサルタン・アムロジピンベシル酸塩,１錠,23.9,
2149121F1048,ジルムロ配合錠ＬＤ「ＴＣＫ」,アジルサルタン・アムロジピンベシル酸塩,１錠,23.9,
2149121F1056,ジルムロ配合錠ＬＤ「ＹＤ」,アジルサルタン・アムロジピンベシル酸塩,１錠,23.9,
2149121F1064,ジルムロ配合錠ＬＤ「サワイ」,アジルサルタン・アムロジピンベシル酸塩,１錠,23.9,
2149121F1072,ジルムロ配合錠ＬＤ「武田テバ」,アジルサルタン・アムロジピンベシル酸塩,１錠,23.9,
2149121F1080,ジルムロ配合錠ＬＤ「ツルハラ」,アジルサルタン・アムロジピンベシル酸塩,１錠,23.9,
2149121F1099,ジルムロ配合錠ＬＤ「トーワ」,アジルサルタン・アムロジピンベシル酸塩,１錠,23.9,
2149121F1102,ジルムロ配合錠ＬＤ「ニプロ」,アジルサルタン・アムロジピンベシル酸塩,１錠,23.9,
2149121F2028,ザクラス配合錠ＨＤ,アジルサルタン・アムロジピンベシル酸塩,１錠,62,
2149121F2036,ジルムロ配合錠ＨＤ「ＪＧ」,アジルサルタン・アムロジピンベシル酸塩,１錠,24.8,
2149121F2044,ジルムロ配合錠ＨＤ「ＴＣＫ」,アジルサルタン・アムロジピンベシル酸塩,１錠,24.8,
2149121F2052,ジルムロ配合錠ＨＤ「ＹＤ」,アジルサルタン・アムロジピンベシル酸塩,１錠,24.8,
2149121F2060,ジルムロ配合錠ＨＤ「サワイ」,アジルサルタン・アムロジピンベシル酸塩,１錠,24.8,
2149121F2079,ジルムロ配合錠ＨＤ「武田テバ」,アジルサルタン・アムロジピンベシル酸塩,１錠,24.8,
2149121F2087,ジルムロ配合錠ＨＤ「ツルハラ」,アジルサルタン・アムロジピンベシル酸塩,１錠,24.8,
2149121F2095,ジルムロ配合錠ＨＤ「トーワ」,アジルサルタン・アムロジピンベシル酸塩,１錠,24.8,
2149121F2109,ジルムロ配合錠ＨＤ「ニプロ」,アジルサルタン・アムロジピンベシル酸塩,１錠,24.8,
2149121F3024,ジルムロ配合ＯＤ錠ＬＤ「サワイ」,アジルサルタン・アムロジピンベシル酸塩,１錠,23.9,
2149121F3032,ジルムロ配合ＯＤ錠ＬＤ「トーワ」,アジルサルタン・アムロジピンベシル酸塩,１錠,23.9,
2149121F3040,ジルムロ配合ＯＤ錠ＬＤ「日医工」,アジルサルタン・アムロジピンベシル酸塩,１錠,23.9,
2149121F4020,ジルムロ配合ＯＤ錠ＨＤ「サワイ」,アジルサルタン・アムロジピンベシル酸塩,１錠,24.8,
2149121F4039,ジルムロ配合ＯＤ錠ＨＤ「トーワ」,アジルサルタン・アムロジピンベシル酸塩,１錠,24.8,
2149121F4047,ジルムロ配合ＯＤ錠ＨＤ「日医工」,アジルサルタン・アムロジピンベシル酸塩,１錠,24.8,
2149122F1026,ミカトリオ配合錠,テルミサルタン・アムロジピンベシル酸塩・ヒドロクロロチアジド,１錠,38.7,
2160002F1028,メトリジン錠２ｍｇ,ミドドリン塩酸塩,２ｍｇ１錠,10.9,
2160002F1087,ミドドリン塩酸塩錠２ｍｇ「ＪＧ」,ミドドリン塩酸塩,２ｍｇ１錠,7.4,
2160002F1095,ミドドリン塩酸塩錠２ｍｇ「オーハラ」,ミドドリン塩酸塩,２ｍｇ１錠,7.4,
2160002F1109,ミドドリン塩酸塩錠２ｍｇ「サワイ」,ミドドリン塩酸塩,２ｍｇ１錠,7.4,
2160002F1125,ミドドリン塩酸塩錠２ｍｇ「トーワ」,ミドドリン塩酸塩,２ｍｇ１錠,7.4,
2160002F1133,ミドドリン塩酸塩錠２ｍｇ「ＮＩＧ」,ミドドリン塩酸塩,２ｍｇ１錠,6.3,
2160002F2024,メトリジンＤ錠２ｍｇ,ミドドリン塩酸塩,２ｍｇ１錠,10.9,
2160003F1014,スマトリプタンコハク酸塩５０ｍｇ錠,スマトリプタンコハク酸塩,５０ｍｇ１錠,84.6,
2160003F1022,イミグラン錠５０,スマトリプタンコハク酸塩,５０ｍｇ１錠,211.8,
2160003F1081,スマトリプタン錠５０ｍｇ「ＴＣＫ」,スマトリプタンコハク酸塩,５０ｍｇ１錠,119.6,
2160003F1090,スマトリプタン錠５０ｍｇ「ＹＤ」,スマトリプタンコハク酸塩,５０ｍｇ１錠,119.6,
2160003F1120,スマトリプタン錠５０ｍｇ「トーワ」,スマトリプタンコハク酸塩,５０ｍｇ１錠,119.6,R9.3.31まで
2160003F1162,スマトリプタン錠５０ｍｇ「ＳＰＫＫ」,スマトリプタンコハク酸塩,５０ｍｇ１錠,119.6,
2160003F1189,スマトリプタン錠５０ｍｇ「ＴＷ」,スマトリプタンコハク酸塩,５０ｍｇ１錠,119.6,
2160003S1020,スマトリプタン内用液５０ｍｇ「タカタ」,スマトリプタンコハク酸塩,５０ｍｇ２ｍＬ１包,299.3,
2160004F1027,ゾーミッグ錠２．５ｍｇ,ゾルミトリプタン,２．５ｍｇ１錠,266.4,
2160004F2015,ゾルミトリプタン２．５ｍｇ口腔内崩壊錠,ゾルミトリプタン,２．５ｍｇ１錠,102.1,
2160004F2023,ゾーミッグＲＭ錠２．５ｍｇ,ゾルミトリプタン,２．５ｍｇ１錠,266.4,
2160004F2082,ゾルミトリプタンＯＤ錠２．５ｍｇ「日新」,ゾルミトリプタン,２．５ｍｇ１錠,146.9,
2160005F1021,レルパックス錠２０ｍｇ,エレトリプタン臭化水素酸塩,２０ｍｇ１錠,261.7,
2160005F1030,エレトリプタン錠２０ｍｇ「ＤＳＥＰ」,エレトリプタン臭化水素酸塩,２０ｍｇ１錠,102.5,
2160005F1048,エレトリプタン錠２０ｍｇ「ＴＣＫ」,エレトリプタン臭化水素酸塩,２０ｍｇ１錠,102.5,
2160005F1056,エレトリプタン錠２０ｍｇ「ＹＤ」,エレトリプタン臭化水素酸塩,２０ｍｇ１錠,102.5,
2160005F1064,エレトリプタン錠２０ｍｇ「サンド」,エレトリプタン臭化水素酸塩,２０ｍｇ１錠,102.5,
2160005F1072,エレトリプタン錠２０ｍｇ「トーワ」,エレトリプタン臭化水素酸塩,２０ｍｇ１錠,102.5,
2160005F1080,エレトリプタン錠２０ｍｇ「日医工」,エレトリプタン臭化水素酸塩,２０ｍｇ１錠,102.5,R9.3.31まで
2160005F1099,エレトリプタン錠２０ｍｇ「日新」,エレトリプタン臭化水素酸塩,２０ｍｇ１錠,146.9,
2160005F1110,エレトリプタン錠２０ｍｇ「ＶＴＲＳ」,エレトリプタン臭化水素酸塩,２０ｍｇ１錠,102.5,
2160006F1026,マクサルト錠１０ｍｇ,リザトリプタン安息香酸塩,１０ｍｇ１錠,177.6,
2160006F2022,マクサルトＲＰＤ錠１０ｍｇ,リザトリプタン安息香酸塩,１０ｍｇ１錠,177.6,
2160006F2030,リザトリプタンＯＤ錠１０ｍｇ「ＴＣＫ」,リザトリプタン安息香酸塩,１０ｍｇ１錠,116.6,
2160006F2057,リザトリプタンＯＤ錠１０ｍｇ「トーワ」,リザトリプタン安息香酸塩,１０ｍｇ１錠,116.6,
2160006F2073,リザトリプタンＯＤ錠１０ｍｇ「ＶＴＲＳ」,リザトリプタン安息香酸塩,１０ｍｇ１錠,54.5,
2160007F1020,アマージ錠２．５ｍｇ,ナラトリプタン塩酸塩,２．５ｍｇ１錠,202.7,
2160007F1039,ナラトリプタン錠２．５ｍｇ「ＫＯ」,ナラトリプタン塩酸塩,２．５ｍｇ１錠,153.3,
2171005F1068,コメリアンコーワ錠５０,ジラゼプ塩酸塩水和物,５０ｍｇ１錠,6.3,
2171005F1335,ジラゼプ塩酸塩錠５０ｍｇ「サワイ」,ジラゼプ塩酸塩水和物,５０ｍｇ１錠,6.3,
2171005F2021,コメリアンコーワ錠１００,ジラゼプ塩酸塩水和物,１００ｍｇ１錠,8.1,
2171005F2153,ジラゼプ塩酸塩錠１００ｍｇ「サワイ」,ジラゼプ塩酸塩水和物,１００ｍｇ１錠,6.3,
2171006F1011,ジルチアゼム塩酸塩３０ｍｇ錠,ジルチアゼム塩酸塩,３０ｍｇ１錠,6.3,
2171006F1224,ヘルベッサー錠３０,ジルチアゼム塩酸塩,３０ｍｇ１錠,6.3,
2171006F2018,ジルチアゼム塩酸塩６０ｍｇ錠,ジルチアゼム塩酸塩,６０ｍｇ１錠,6.3,
2171006F2026,ヘルベッサー錠６０,ジルチアゼム塩酸塩,６０ｍｇ１錠,7.9,
2171006F2107,ジルチアゼム塩酸塩錠６０ｍｇ「サワイ」,ジルチアゼム塩酸塩,６０ｍｇ１錠,7.3,
2171006N1105,ヘルベッサーＲカプセル１００ｍｇ,ジルチアゼム塩酸塩,１００ｍｇ１カプセル,14.1,
2171006N1148,ジルチアゼム塩酸塩Ｒカプセル１００ｍｇ「サワイ」,ジルチアゼム塩酸塩,１００ｍｇ１カプセル,11.3,
2171006N1156,ジルチアゼム塩酸塩徐放カプセル１００ｍｇ「日医工」,ジルチアゼム塩酸塩,１００ｍｇ１カプセル,11.3,
2171006N1164,ジルチアゼム塩酸塩徐放カプセル１００ｍｇ「トーワ」,ジルチアゼム塩酸塩,１００ｍｇ１カプセル,10.8,
2171006N2012,ジルチアゼム塩酸塩２００ｍｇ徐放カプセル,ジルチアゼム塩酸塩,２００ｍｇ１カプセル,16,
2171006N2039,ヘルベッサーＲカプセル２００ｍｇ,ジルチアゼム塩酸塩,２００ｍｇ１カプセル,26.2,
2171006N2055,ジルチアゼム塩酸塩Ｒカプセル２００ｍｇ「サワイ」,ジルチアゼム塩酸塩,２００ｍｇ１カプセル,27.2,
2171008F1010,ベラパミル塩酸塩４０ｍｇ錠,ベラパミル塩酸塩,４０ｍｇ１錠,6.8,
2171008F1070,ワソラン錠４０ｍｇ,ベラパミル塩酸塩,４０ｍｇ１錠,7.7,
2171010B1067,ジピリダモール散１２．５％「ＪＧ」,ジピリダモール,１２．５％１ｇ,14.8,
2171010F1018,ジピリダモール１２．５ｍｇ錠,ジピリダモール,１２．５ｍｇ１錠,6.3,
2171010F1409,ペルサンチン錠１２．５ｍｇ,ジピリダモール,１２．５ｍｇ１錠,6.1,
2171010F2014,ジピリダモール２５ｍｇ錠,ジピリダモール,２５ｍｇ１錠,6.3,
2171010F2553,ペルサンチン錠２５ｍｇ,ジピリダモール,２５ｍｇ１錠,6.3,
2171010F3010,ジピリダモール１００ｍｇ錠,ジピリダモール,１００ｍｇ１錠,6.3,
2171010F3053,ペルサンチン錠１００ｍｇ,ジピリダモール,１００ｍｇ１錠,6.3,
2171010F3088,ジピリダモール錠１００ｍｇ「ツルハラ」,ジピリダモール,１００ｍｇ１錠,8.4,
2171011G1018,硝酸イソソルビド２０ｍｇ徐放錠,硝酸イソソルビド,２０ｍｇ１錠,6.3,
2171011N1050,ニトロールＲカプセル２０ｍｇ,硝酸イソソルビド,２０ｍｇ１カプセル,7.4,
2171011N1149,硝酸イソソルビド徐放カプセル２０ｍｇ「Ｓｔ」,硝酸イソソルビド,２０ｍｇ１カプセル,6.3,
2171012F1017,トラピジル５０ｍｇ錠,トラピジル,５０ｍｇ１錠,6.3,
2171012F1181,ロコルナール錠５０ｍｇ,トラピジル,５０ｍｇ１錠,7,
2171012F2013,トラピジル１００ｍｇ錠,トラピジル,１００ｍｇ１錠,6.3,
2171012F2315,ロコルナール錠１００ｍｇ,トラピジル,１００ｍｇ１錠,7.5,
2171013K1010,ニトログリセリン錠,ニトログリセリン,０．３ｍｇ１錠,15.4,
2171014C1044,セパミット細粒１％,ニフェジピン,１％１ｇ,13.4,
2171014C1060,ニフェジピン細粒１％「ツルハラ」,ニフェジピン,１％１ｇ,8,
2171014C2032,セパミット－Ｒ細粒２％,ニフェジピン,２％１ｇ,35.6,
2171014F1113,ニフェジピン錠１０ｍｇ「ツルハラ」,ニフェジピン,１０ｍｇ１錠,6.3,
2171014G1011,ニフェジピン１０ｍｇ徐放Ｌ錠,ニフェジピン,１０ｍｇ１錠,6.3,
2171014G1232,ニフェジピンＬ錠１０ｍｇ「サワイ」,ニフェジピン,１０ｍｇ１錠,6.3,
2171014G1267,ニフェジピンＬ錠１０ｍｇ「日医工」,ニフェジピン,１０ｍｇ１錠,6.3,
2171014G2018,ニフェジピン２０ｍｇ徐放Ｌ錠,ニフェジピン,２０ｍｇ１錠,6.3,
2171014G2280,ニフェジピンＬ錠２０ｍｇ「サワイ」,ニフェジピン,２０ｍｇ１錠,6.3,
2171014G2301,ニフェジピンＬ錠２０ｍｇ「日医工」,ニフェジピン,２０ｍｇ１錠,6.3,
2171014G3014,ニフェジピン１０ｍｇ徐放ＣＲ錠,ニフェジピン,１０ｍｇ１錠,6.4,
2171014G3022,アダラートＣＲ錠１０ｍｇ,ニフェジピン,１０ｍｇ１錠,6.5,
2171014G3065,ニフェジピンＣＲ錠１０ｍｇ「サワイ」,ニフェジピン,１０ｍｇ１錠,8.9,
2171014G3081,ニフェジピンＣＲ錠１０ｍｇ「ＮＰ」,ニフェジピン,１０ｍｇ１錠,8.9,
2171014G3090,ニフェジピンＣＲ錠１０ｍｇ「トーワ」,ニフェジピン,１０ｍｇ１錠,8.9,
2171014G3103,ニフェジピンＣＲ錠１０ｍｇ「日医工」,ニフェジピン,１０ｍｇ１錠,8.9,
2171014G3111,ニフェジピンＣＲ錠１０ｍｇ「ＺＥ」,ニフェジピン,１０ｍｇ１錠,8.9,
2171014G4010,ニフェジピン２０ｍｇ徐放ＣＲ錠,ニフェジピン,２０ｍｇ１錠,6.9,
2171014G4029,アダラートＣＲ錠２０ｍｇ,ニフェジピン,２０ｍｇ１錠,9.5,
2171014G4061,ニフェジピンＣＲ錠２０ｍｇ「サワイ」,ニフェジピン,２０ｍｇ１錠,9.1,
2171014G4088,ニフェジピンＣＲ錠２０ｍｇ「ＮＰ」,ニフェジピン,２０ｍｇ１錠,9.1,
2171014G4096,ニフェジピンＣＲ錠２０ｍｇ「トーワ」,ニフェジピン,２０ｍｇ１錠,9.1,
2171014G4100,ニフェジピンＣＲ錠２０ｍｇ「日医工」,ニフェジピン,２０ｍｇ１錠,9.1,
2171014G4118,ニフェジピンＣＲ錠２０ｍｇ「ＺＥ」,ニフェジピン,２０ｍｇ１錠,9.1,
2171014G5017,ニフェジピン４０ｍｇ徐放ＣＲ錠,ニフェジピン,４０ｍｇ１錠,13.3,
2171014G5025,アダラートＣＲ錠４０ｍｇ,ニフェジピン,４０ｍｇ１錠,16.8,
2171014G5068,ニフェジピンＣＲ錠４０ｍｇ「サワイ」,ニフェジピン,４０ｍｇ１錠,17,
2171014G5084,ニフェジピンＣＲ錠４０ｍｇ「ＮＰ」,ニフェジピン,４０ｍｇ１錠,17,
2171014G5092,ニフェジピンＣＲ錠４０ｍｇ「トーワ」,ニフェジピン,４０ｍｇ１錠,17,
2171014G5106,ニフェジピンＣＲ錠４０ｍｇ「日医工」,ニフェジピン,４０ｍｇ１錠,17,
2171014G5114,ニフェジピンＣＲ錠４０ｍｇ「ＺＥ」,ニフェジピン,４０ｍｇ１錠,17,
2171014M1015,ニフェジピン５ｍｇカプセル,ニフェジピン,５ｍｇ１カプセル,6.3,
2171014M2291,ニフェジピンカプセル１０ｍｇ「サワイ」,ニフェジピン,１０ｍｇ１カプセル,8.3,
2171016F1015,硝酸イソソルビド錠,硝酸イソソルビド,５ｍｇ１錠,10.8,
2171017F1010,ニコランジル２．５ｍｇ錠,ニコランジル,２．５ｍｇ１錠,6.3,
2171017F1028,シグマート錠２．５ｍｇ,ニコランジル,２．５ｍｇ１錠,6.3,
2171017F2016,ニコランジル５ｍｇ錠,ニコランジル,５ｍｇ１錠,6.3,
2171017F2024,シグマート錠５ｍｇ,ニコランジル,５ｍｇ１錠,6.3,
2171018K1039,ニトロペン舌下錠０．３ｍｇ,ニトログリセリン,０．３ｍｇ１錠,9.8,
2171020F1011,ニトレンジピン５ｍｇ錠,ニトレンジピン,５ｍｇ１錠,10.8,
2171020F1020,バイロテンシン錠５ｍｇ,ニトレンジピン,５ｍｇ１錠,10.8,
2171020F2018,ニトレンジピン１０ｍｇ錠,ニトレンジピン,１０ｍｇ１錠,10.8,
2171020F2026,バイロテンシン錠１０ｍｇ,ニトレンジピン,１０ｍｇ１錠,10.8,
2171021F1016,ベニジピン塩酸塩２ｍｇ錠,ベニジピン塩酸塩,２ｍｇ１錠,10.8,
2171021F1024,コニール錠２,ベニジピン塩酸塩,２ｍｇ１錠,10.8,
2171021F2012,ベニジピン塩酸塩４ｍｇ錠,ベニジピン塩酸塩,４ｍｇ１錠,10.8,
2171021F2020,コニール錠４,ベニジピン塩酸塩,４ｍｇ１錠,14.5,
2171021F3019,ベニジピン塩酸塩８ｍｇ錠,ベニジピン塩酸塩,８ｍｇ１錠,15,
2171021F3027,コニール錠８,ベニジピン塩酸塩,８ｍｇ１錠,29.8,
2171021F3043,ベニジピン塩酸塩錠８ｍｇ「サワイ」,ベニジピン塩酸塩,８ｍｇ１錠,17.7,
2171021F3116,ベニジピン塩酸塩錠８ｍｇ「ＮＰＩ」,ベニジピン塩酸塩,８ｍｇ１錠,32.2,
2171021F3124,ベニジピン塩酸塩錠８ｍｇ「ＯＭＥ」,ベニジピン塩酸塩,８ｍｇ１錠,17.7,
2171021F3159,ベニジピン塩酸塩錠８ｍｇ「ＹＤ」,ベニジピン塩酸塩,８ｍｇ１錠,17.7,
2171021F3248,ベニジピン塩酸塩錠８ｍｇ「トーワ」,ベニジピン塩酸塩,８ｍｇ１錠,17.7,
2171021F3264,ベニジピン塩酸塩錠８ｍｇ「ＮＳ」,ベニジピン塩酸塩,８ｍｇ１錠,17.7,
2171021F3280,ベニジピン塩酸塩錠８ｍｇ「ＴＣＫ」,ベニジピン塩酸塩,８ｍｇ１錠,17.7,
2171022F1010,アムロジピンベシル酸塩２．５ｍｇ錠,アムロジピンベシル酸塩,２．５ｍｇ１錠,10.8,
2171022F1029,ノルバスク錠２．５ｍｇ,アムロジピンベシル酸塩,２．５ｍｇ１錠,10.8,
2171022F1045,アムロジン錠２．５ｍｇ,アムロジピンベシル酸塩,２．５ｍｇ１錠,10.8,
2171022F2017,アムロジピンベシル酸塩５ｍｇ錠,アムロジピンベシル酸塩,５ｍｇ１錠,10.8,
2171022F2025,ノルバスク錠５ｍｇ,アムロジピンベシル酸塩,５ｍｇ１錠,10.8,
2171022F2041,アムロジン錠５ｍｇ,アムロジピンベシル酸塩,５ｍｇ１錠,10.8,
2171022F3013,アムロジピンベシル酸塩２．５ｍｇ口腔内崩壊錠,アムロジピンベシル酸塩,２．５ｍｇ１錠,10.8,
2171022F3021,アムロジンＯＤ錠２．５ｍｇ,アムロジピンベシル酸塩,２．５ｍｇ１錠,10.8,
2171022F3048,ノルバスクＯＤ錠２．５ｍｇ,アムロジピンベシル酸塩,２．５ｍｇ１錠,10.8,
2171022F4010,アムロジピンベシル酸塩５ｍｇ口腔内崩壊錠,アムロジピンベシル酸塩,５ｍｇ１錠,10.8,
2171022F4028,アムロジンＯＤ錠５ｍｇ,アムロジピンベシル酸塩,５ｍｇ１錠,10.8,
2171022F4044,ノルバスクＯＤ錠５ｍｇ,アムロジピンベシル酸塩,５ｍｇ１錠,10.8,
2171022F5016,アムロジピンベシル酸塩１０ｍｇ錠,アムロジピンベシル酸塩,１０ｍｇ１錠,10.8,
2171022F5024,アムロジン錠１０ｍｇ,アムロジピンベシル酸塩,１０ｍｇ１錠,10.9,R9.3.31まで
2171022F5032,ノルバスク錠１０ｍｇ,アムロジピンベシル酸塩,１０ｍｇ１錠,10.9,
2171022F5067,アムロジピン錠１０ｍｇ「ツルハラ」,アムロジピンベシル酸塩,１０ｍｇ１錠,10.9,
2171022F5075,アムロジピン錠１０ｍｇ「トーワ」,アムロジピンベシル酸塩,１０ｍｇ１錠,10.9,
2171022F5113,アムロジピン錠１０ｍｇ「ＮＳ」,アムロジピンベシル酸塩,１０ｍｇ１錠,10.9,
2171022F5130,アムロジピン錠１０ｍｇ「あすか」,アムロジピンベシル酸塩,１０ｍｇ１錠,10.9,
2171022F5148,アムロジピン錠１０ｍｇ「アメル」,アムロジピンベシル酸塩,１０ｍｇ１錠,10.9,
2171022F5156,アムロジピン錠１０ｍｇ「科研」,アムロジピンベシル酸塩,１０ｍｇ１錠,10.9,
2171022F5164,アムロジピン錠１０ｍｇ「杏林」,アムロジピンベシル酸塩,１０ｍｇ１錠,10.9,
2171022F5172,アムロジピン錠１０ｍｇ「ケミファ」,アムロジピンベシル酸塩,１０ｍｇ１錠,10.9,
2171022F5180,アムロジピン錠１０ｍｇ「サワイ」,アムロジピンベシル酸塩,１０ｍｇ１錠,10.9,
2171022F5199,アムロジピン錠１０ｍｇ「タカタ」,アムロジピンベシル酸塩,１０ｍｇ１錠,10.9,R9.3.31まで
2171022F5210,アムロジピン錠１０ｍｇ「日医工」,アムロジピンベシル酸塩,１０ｍｇ１錠,10.9,
2171022F5229,アムロジピン錠１０ｍｇ「明治」,アムロジピンベシル酸塩,１０ｍｇ１錠,10.9,
2171022F5245,アムロジピン錠１０ｍｇ「ＣＨ」,アムロジピンベシル酸塩,１０ｍｇ１錠,10.9,
2171022F5253,アムロジピン錠１０ｍｇ「ＤＳＥＰ」,アムロジピンベシル酸塩,１０ｍｇ１錠,10.9,
2171022F5296,アムロジピン錠１０ｍｇ「ＴＣＫ」,アムロジピンベシル酸塩,１０ｍｇ１錠,10.9,
2171022F5318,アムロジピン錠１０ｍｇ「ＹＤ」,アムロジピンベシル酸塩,１０ｍｇ１錠,10.9,
2171022F5326,アムロジピン錠１０ｍｇ「イセイ」,アムロジピンベシル酸塩,１０ｍｇ１錠,10.9,
2171022F6020,アムロジンＯＤ錠１０ｍｇ,アムロジピンベシル酸塩,１０ｍｇ１錠,10.9,
2171022F6039,ノルバスクＯＤ錠１０ｍｇ,アムロジピンベシル酸塩,１０ｍｇ１錠,10.9,
2171022F6047,アムロジピンＯＤ錠１０ｍｇ「トーワ」,アムロジピンベシル酸塩,１０ｍｇ１錠,10.9,
2171022F6071,アムロジピンＯＤ錠１０ｍｇ「ＮＰ」,アムロジピンベシル酸塩,１０ｍｇ１錠,10.9,
2171022F6080,アムロジピンＯＤ錠１０ｍｇ「ＴＣＫ」,アムロジピンベシル酸塩,１０ｍｇ１錠,10.9,
2171022F6098,アムロジピンＯＤ錠１０ｍｇ「ＺＥ」,アムロジピンベシル酸塩,１０ｍｇ１錠,10.9,
2171022F6101,アムロジピンＯＤ錠１０ｍｇ「アメル」,アムロジピンベシル酸塩,１０ｍｇ１錠,10.9,
2171022F6110,アムロジピンＯＤ錠１０ｍｇ「杏林」,アムロジピンベシル酸塩,１０ｍｇ１錠,10.9,
2171022F6128,アムロジピンＯＤ錠１０ｍｇ「サワイ」,アムロジピンベシル酸塩,１０ｍｇ１錠,10.9,
2171022F6136,アムロジピンＯＤ錠１０ｍｇ「サンド」,アムロジピンベシル酸塩,１０ｍｇ１錠,10.9,R9.3.31まで
2171022F6144,アムロジピンＯＤ錠１０ｍｇ「タカタ」,アムロジピンベシル酸塩,１０ｍｇ１錠,10.9,
2171022F6152,アムロジピンＯＤ錠１０ｍｇ「日医工」,アムロジピンベシル酸塩,１０ｍｇ１錠,10.9,
2171022F6160,アムロジピンＯＤ錠１０ｍｇ「ＣＨ」,アムロジピンベシル酸塩,１０ｍｇ１錠,10.9,
2171022F6187,アムロジピンＯＤ錠１０ｍｇ「ＮＳ」,アムロジピンベシル酸塩,１０ｍｇ１錠,10.9,
2171022F6209,アムロジピンＯＤ錠１０ｍｇ「ＹＤ」,アムロジピンベシル酸塩,１０ｍｇ１錠,10.9,
2171022F6225,アムロジピンＯＤ錠１０ｍｇ「ケミファ」,アムロジピンベシル酸塩,１０ｍｇ１錠,10.9,
2171022F6250,アムロジピンＯＤ錠１０ｍｇ「明治」,アムロジピンベシル酸塩,１０ｍｇ１錠,10.9,
2171022F6276,アムロジピンＯＤ錠１０ｍｇ「あすか」,アムロジピンベシル酸塩,１０ｍｇ１錠,10.9,
2171022F6284,アムロジピンＯＤ錠１０ｍｇ「武田テバ」,アムロジピンベシル酸塩,１０ｍｇ１錠,10.9,
2171022F6306,アムロジピンＯＤ錠１０ｍｇ「ＶＴＲＳ」,アムロジピンベシル酸塩,１０ｍｇ１錠,10.8,
2171023F1015,一硝酸イソソルビド１０ｍｇ錠,一硝酸イソソルビド,１０ｍｇ１錠,10.8,
2171023F1023,アイトロール錠１０ｍｇ,一硝酸イソソルビド,１０ｍｇ１錠,10.8,
2171023F1112,一硝酸イソソルビド錠１０ｍｇ「ＮＩＧ」,一硝酸イソソルビド,１０ｍｇ１錠,10.4,
2171023F2011,一硝酸イソソルビド２０ｍｇ錠,一硝酸イソソルビド,２０ｍｇ１錠,10.8,
2171023F2020,アイトロール錠２０ｍｇ,一硝酸イソソルビド,２０ｍｇ１錠,10.8,
2172002F1053,ズファジラン錠１０ｍｇ,イソクスプリン塩酸塩,１０ｍｇ１錠,10.8,
2183002M1013,クロフィブラートカプセル,クロフィブラート,２５０ｍｇ１カプセル,10.8,
2183002M2010,クロフィブラートカプセル,クロフィブラート,５００ｍｇ１カプセル,9.8,
2183005G1013,ベザフィブラート２００ｍｇ徐放錠,ベザフィブラート,２００ｍｇ１錠,10.8,
2183005G1234,ベザトールＳＲ錠２００ｍｇ,ベザフィブラート,２００ｍｇ１錠,10.8,
2183005G2010,ベザフィブラート１００ｍｇ徐放錠,ベザフィブラート,１００ｍｇ１錠,10.8,
2183005G2028,ベザトールＳＲ錠１００ｍｇ,ベザフィブラート,１００ｍｇ１錠,10.8,
2183006F3023,リピディル錠５３．３ｍｇ,フェノフィブラート,５３．３ｍｇ１錠,13.2,
2183006F3031,トライコア錠５３．３ｍｇ,フェノフィブラート,５３．３ｍｇ１錠,13.6,
2183006F3040,フェノフィブラート錠５３．３ｍｇ「武田テバ」,フェノフィブラート,５３．３ｍｇ１錠,9.1,
2183006F4020,リピディル錠８０ｍｇ,フェノフィブラート,８０ｍｇ１錠,16.2,
2183006F4038,トライコア錠８０ｍｇ,フェノフィブラート,８０ｍｇ１錠,16.2,
2183006F4046,フェノフィブラート錠８０ｍｇ「武田テバ」,フェノフィブラート,８０ｍｇ１錠,10.8,
2183007F1025,パルモディア錠０．１ｍｇ,ペマフィブラート,０．１ｍｇ１錠,27.5,
2183007G1020,パルモディアＸＲ錠０．２ｍｇ,ペマフィブラート,０．２ｍｇ１錠,51,
2183007G2027,パルモディアＸＲ錠０．４ｍｇ,ペマフィブラート,０．４ｍｇ１錠,94.4,
2189001F1200,エラスチーム錠１８００,エラスターゼ,１，８００単位１錠,8.3,
2189004F1017,ニコモール錠,ニコモール,２００ｍｇ１錠,9.3,
2189008F1287,ロレルコ錠２５０ｍｇ,プロブコール,２５０ｍｇ１錠,10.8,
2189008F1376,シンレスタール錠２５０ｍｇ,プロブコール,２５０ｍｇ１錠,10.8,
2189008F1465,プロブコール錠２５０ｍｇ「サワイ」,プロブコール,２５０ｍｇ１錠,10.8,
2189009R1032,クエストラン粉末４４．４％,コレスチラミン,４４．４％１ｇ,19.7,
2189010C1032,メバロチン細粒０．５％,プラバスタチンナトリウム,０．５％１ｇ,19.7,
2189010C2020,メバロチン細粒１％,プラバスタチンナトリウム,１％１ｇ,31.4,
2189010F1012,プラバスタチンナトリウム５ｍｇ錠,プラバスタチンナトリウム,５ｍｇ１錠,10.8,
2189010F1039,メバロチン錠５,プラバスタチンナトリウム,５ｍｇ１錠,10.8,
2189010F2027,メバロチン錠１０,プラバスタチンナトリウム,１０ｍｇ１錠,14.8,
2189010F2167,メバレクト錠１０ｍｇ,プラバスタチンナトリウム,１０ｍｇ１錠,12.7,R9.3.31まで
2189010F2272,プラバスタチンＮａ錠１０ｍｇ「チョーセイ」,プラバスタチンナトリウム,１０ｍｇ１錠,12.7,
2189010F2302,プラバスタチンナトリウム錠１０ｍｇ「ツルハラ」,プラバスタチンナトリウム,１０ｍｇ１錠,20,
2189010F2353,プラバスタチンＮａ錠１０ｍｇ「サワイ」,プラバスタチンナトリウム,１０ｍｇ１錠,12.7,
2189010F2361,プラバスタチンＮａ錠１０ｍｇ「ケミファ」,プラバスタチンナトリウム,１０ｍｇ１錠,12.7,
2189010F2370,プラバスタチンＮａ錠１０ｍｇ「トーワ」,プラバスタチンナトリウム,１０ｍｇ１錠,12.7,
2189010F2396,プラバスタチンＮａ錠１０ｍｇ「オーハラ」,プラバスタチンナトリウム,１０ｍｇ１錠,12.7,
2189010F2426,プラバスタチンＮａ錠１０ｍｇ「ＴＣＫ」,プラバスタチンナトリウム,１０ｍｇ１錠,12.7,
2189010F2450,プラバスタチンＮａ錠１０ｍｇ「ＮＳ」,プラバスタチンナトリウム,１０ｍｇ１錠,12.7,
2189010F2485,プラバスタチンＮａ錠１０ｍｇ「Ｍｅ」,プラバスタチンナトリウム,１０ｍｇ１錠,10.4,
2189010F2507,プラバスタチンナトリウム錠１０ｍｇ「ＹＤ」,プラバスタチンナトリウム,１０ｍｇ１錠,12.7,
2189010F2515,プラバスタチンＮａ錠１０ｍｇ「ＮＩＧ」,プラバスタチンナトリウム,１０ｍｇ１錠,12.7,
2189011F1017,シンバスタチン５ｍｇ錠,シンバスタチン,５ｍｇ１錠,10.8,
2189011F1025,リポバス錠５,シンバスタチン,５ｍｇ１錠,14.8,R9.3.31まで
2189011F1203,シンバスタチン錠５ｍｇ「ＳＷ」,シンバスタチン,５ｍｇ１錠,14.8,
2189011F1220,シンバスタチン錠５ｍｇ「トーワ」,シンバスタチン,５ｍｇ１錠,14.8,
2189011F1246,シンバスタチン錠５ｍｇ「ＹＤ」,シンバスタチン,５ｍｇ１錠,14.8,
2189011F1289,シンバスタチン錠５ｍｇ「あすか」,シンバスタチン,５ｍｇ１錠,14.8,
2189011F1300,シンバスタチン錠５ｍｇ「ＶＴＲＳ」,シンバスタチン,５ｍｇ１錠,14.8,
2189011F2013,シンバスタチン１０ｍｇ錠,シンバスタチン,１０ｍｇ１錠,21.6,
2189011F2021,リポバス錠１０,シンバスタチン,１０ｍｇ１錠,30.6,R9.3.31まで
2189011F2170,シンバスタチン錠１０ｍｇ「ＳＷ」,シンバスタチン,１０ｍｇ１錠,30.6,
2189011F2196,シンバスタチン錠１０ｍｇ「トーワ」,シンバスタチン,１０ｍｇ１錠,30.6,
2189011F2242,シンバスタチン錠１０ｍｇ「あすか」,シンバスタチン,１０ｍｇ１錠,30.6,
2189011F2250,シンバスタチン錠１０ｍｇ「武田テバ」,シンバスタチン,１０ｍｇ１錠,30.6,
2189011F3028,リポバス錠２０,シンバスタチン,２０ｍｇ１錠,61.4,R9.3.31まで
2189011F3095,シンバスタチン錠２０ｍｇ「ＳＷ」,シンバスタチン,２０ｍｇ１錠,61.4,
2189011F3184,シンバスタチン錠２０ｍｇ「トーワ」,シンバスタチン,２０ｍｇ１錠,61.4,
2189011F3192,シンバスタチン錠２０ｍｇ「ＹＤ」,シンバスタチン,２０ｍｇ１錠,34.8,
2189011F3214,シンバスタチン錠２０ｍｇ「あすか」,シンバスタチン,２０ｍｇ１錠,61.4,
2189011F3230,シンバスタチン錠２０ｍｇ「ＶＴＲＳ」,シンバスタチン,２０ｍｇ１錠,61.4,R9.3.31まで
2189012F1020,ローコール錠１０ｍｇ,フルバスタチンナトリウム,１０ｍｇ１錠,18.7,R9.3.31まで
2189012F1038,フルバスタチン錠１０ｍｇ「サワイ」,フルバスタチンナトリウム,１０ｍｇ１錠,9.8,
2189012F1070,フルバスタチン錠１０ｍｇ「ＮＩＧ」,フルバスタチンナトリウム,１０ｍｇ１錠,7.6,
2189012F2026,ローコール錠２０ｍｇ,フルバスタチンナトリウム,２０ｍｇ１錠,34.3,R9.3.31まで
2189012F2034,フルバスタチン錠２０ｍｇ「サワイ」,フルバスタチンナトリウム,２０ｍｇ１錠,19.9,
2189012F2077,フルバスタチン錠２０ｍｇ「ＮＩＧ」,フルバスタチンナトリウム,２０ｍｇ１錠,12.9,
2189012F3022,ローコール錠３０ｍｇ,フルバスタチンナトリウム,３０ｍｇ１錠,48.2,R9.3.31まで
2189012F3030,フルバスタチン錠３０ｍｇ「サワイ」,フルバスタチンナトリウム,３０ｍｇ１錠,24.6,
2189012F3073,フルバスタチン錠３０ｍｇ「ＮＩＧ」,フルバスタチンナトリウム,３０ｍｇ１錠,19.2,
2189014D2024,コレバインミニ８３％,コレスチミド,８３％１ｇ,26.4,
2189014F1029,コレバイン錠５００ｍｇ,コレスチミド,５００ｍｇ１錠,15.3,
2189015F1015,アトルバスタチンカルシウム５ｍｇ錠,アトルバスタチンカルシウム水和物,５ｍｇ１錠,10.8,
2189015F1023,リピトール錠５ｍｇ,アトルバスタチンカルシウム水和物,５ｍｇ１錠,13.6,
2189015F2011,アトルバスタチンカルシウム１０ｍｇ錠,アトルバスタチンカルシウム水和物,１０ｍｇ１錠,10.8,
2189015F2020,リピトール錠１０ｍｇ,アトルバスタチンカルシウム水和物,１０ｍｇ１錠,16.9,
2189015F2054,アトルバスタチン錠１０ｍｇ「サワイ」,アトルバスタチンカルシウム水和物,１０ｍｇ１錠,11.5,
2189015F2070,アトルバスタチン錠１０ｍｇ「トーワ」,アトルバスタチンカルシウム水和物,１０ｍｇ１錠,11.5,
2189015F2089,アトルバスタチン錠１０ｍｇ「ＤＳＥＰ」,アトルバスタチンカルシウム水和物,１０ｍｇ１錠,11.5,
2189015F2100,アトルバスタチン錠１０ｍｇ「ＺＥ」,アトルバスタチンカルシウム水和物,１０ｍｇ１錠,11.5,
2189015F2143,アトルバスタチン錠１０ｍｇ「ＪＧ」,アトルバスタチンカルシウム水和物,１０ｍｇ１錠,11.5,
2189015F2151,アトルバスタチン錠１０ｍｇ「ＴＳＵ」,アトルバスタチンカルシウム水和物,１０ｍｇ１錠,11.5,
2189015F2178,アトルバスタチン錠１０ｍｇ「杏林」,アトルバスタチンカルシウム水和物,１０ｍｇ１錠,11.5,
2189015F2194,アトルバスタチン錠１０ｍｇ「ＮＳ」,アトルバスタチンカルシウム水和物,１０ｍｇ１錠,11.5,
2189015F2216,アトルバスタチン錠１０ｍｇ「ケミファ」,アトルバスタチンカルシウム水和物,１０ｍｇ１錠,11.5,
2189015F2232,アトルバスタチン錠１０ｍｇ「Ｍｅ」,アトルバスタチンカルシウム水和物,１０ｍｇ１錠,11.5,
2189015F3026,アトルバスタチンＯＤ錠５ｍｇ「トーワ」,アトルバスタチンカルシウム水和物,５ｍｇ１錠,10.8,
2189015F4022,アトルバスタチンＯＤ錠１０ｍｇ「トーワ」,アトルバスタチンカルシウム水和物,１０ｍｇ１錠,11.5,
2189016F1010,ピタバスタチンカルシウム１ｍｇ錠,ピタバスタチンカルシウム,１ｍｇ１錠,10.8,
2189016F1028,リバロ錠１ｍｇ,ピタバスタチンカルシウム,１ｍｇ１錠,15.8,
2189016F1125,ピタバスタチンＣａ錠１ｍｇ「ケミファ」,ピタバスタチンカルシウム,１ｍｇ１錠,13.6,
2189016F2016,ピタバスタチンカルシウム２ｍｇ錠,ピタバスタチンカルシウム,２ｍｇ１錠,11.6,
2189016F2024,リバロ錠２ｍｇ,ピタバスタチンカルシウム,２ｍｇ１錠,26.5,
2189016F2040,ピタバスタチンＣａ錠２ｍｇ「ＦＦＰ」,ピタバスタチンカルシウム,２ｍｇ１錠,14.2,
2189016F2075,ピタバスタチンＣａ錠２ｍｇ「ＴＣＫ」,ピタバスタチンカルシウム,２ｍｇ１錠,14.2,
2189016F2105,ピタバスタチンＣａ錠２ｍｇ「科研」,ピタバスタチンカルシウム,２ｍｇ１錠,14.2,
2189016F2121,ピタバスタチンＣａ錠２ｍｇ「ケミファ」,ピタバスタチンカルシウム,２ｍｇ１錠,25.4,
2189016F2130,ピタバスタチンＣａ錠２ｍｇ「サワイ」,ピタバスタチンカルシウム,２ｍｇ１錠,14.2,
2189016F2156,ピタバスタチンＣａ錠２ｍｇ「三和」,ピタバスタチンカルシウム,２ｍｇ１錠,14.2,
2189016F2172,ピタバスタチンＣａ錠２ｍｇ「ツルハラ」,ピタバスタチンカルシウム,２ｍｇ１錠,14.2,
2189016F2180,ピタバスタチンＣａ錠２ｍｇ「トーワ」,ピタバスタチンカルシウム,２ｍｇ１錠,14.2,
2189016F2237,ピタバスタチンカルシウム錠２ｍｇ「ＺＥ」,ピタバスタチンカルシウム,２ｍｇ１錠,14.2,
2189016F2296,ピタバスタチンカルシウム錠２ｍｇ「ＫＯＧ」,ピタバスタチンカルシウム,２ｍｇ１錠,14.2,
2189016F2318,ピタバスタチンカルシウム錠２ｍｇ「フェルゼン」,ピタバスタチンカルシウム,２ｍｇ１錠,14.2,
2189016F3012,ピタバスタチンカルシウム４ｍｇ錠,ピタバスタチンカルシウム,４ｍｇ１錠,21,
2189016F3020,リバロ錠４ｍｇ,ピタバスタチンカルシウム,４ｍｇ１錠,48.7,
2189016F3047,ピタバスタチンＣａ錠４ｍｇ「ＦＦＰ」,ピタバスタチンカルシウム,４ｍｇ１錠,22.7,
2189016F3071,ピタバスタチンＣａ錠４ｍｇ「アメル」,ピタバスタチンカルシウム,４ｍｇ１錠,22.7,
2189016F3080,ピタバスタチンＣａ錠４ｍｇ「サワイ」,ピタバスタチンカルシウム,４ｍｇ１錠,22.7,
2189016F3098,ピタバスタチンＣａ錠４ｍｇ「タカタ」,ピタバスタチンカルシウム,４ｍｇ１錠,22.7,R9.3.31まで
2189016F3101,ピタバスタチンＣａ錠４ｍｇ「トーワ」,ピタバスタチンカルシウム,４ｍｇ１錠,22.7,
2189016F3136,ピタバスタチンカルシウム錠４ｍｇ「ＺＥ」,ピタバスタチンカルシウム,４ｍｇ１錠,22.7,
2189016F3144,ピタバスタチンＣａ錠４ｍｇ「科研」,ピタバスタチンカルシウム,４ｍｇ１錠,69.2,
2189016F3179,ピタバスタチンＣａ錠４ｍｇ「ＴＣＫ」,ピタバスタチンカルシウム,４ｍｇ１錠,22.7,
2189016F3187,ピタバスタチンＣａ錠４ｍｇ「杏林」,ピタバスタチンカルシウム,４ｍｇ１錠,22.7,
2189016F3217,ピタバスタチンカルシウム錠４ｍｇ「日医工」,ピタバスタチンカルシウム,４ｍｇ１錠,22.7,
2189016F3225,ピタバスタチンＣａ錠４ｍｇ「ＪＧ」,ピタバスタチンカルシウム,４ｍｇ１錠,22.7,
2189016F3241,ピタバスタチンＣａ錠４ｍｇ「ケミファ」,ピタバスタチンカルシウム,４ｍｇ１錠,69.2,
2189016F3268,ピタバスタチンＣａ錠４ｍｇ「ツルハラ」,ピタバスタチンカルシウム,４ｍｇ１錠,22.7,
2189016F3276,ピタバスタチンＣａ錠４ｍｇ「日新」,ピタバスタチンカルシウム,４ｍｇ１錠,22.7,
2189016F3292,ピタバスタチンカルシウム錠４ｍｇ「ＫＯＧ」,ピタバスタチンカルシウム,４ｍｇ１錠,22.7,
2189016F3306,ピタバスタチンＣａ錠４ｍｇ「ＶＴＲＳ」,ピタバスタチンカルシウム,４ｍｇ１錠,22.7,
2189016F3314,ピタバスタチンカルシウム錠４ｍｇ「フェルゼン」,ピタバスタチンカルシウム,４ｍｇ１錠,22.7,
2189016F4019,ピタバスタチンカルシウム１ｍｇ口腔内崩壊錠,ピタバスタチンカルシウム,１ｍｇ１錠,10.8,
2189016F4027,リバロＯＤ錠１ｍｇ,ピタバスタチンカルシウム,１ｍｇ１錠,15.8,
2189016F5023,リバロＯＤ錠２ｍｇ,ピタバスタチンカルシウム,２ｍｇ１錠,26.5,
2189016F5031,ピタバスタチンＣａ・ＯＤ錠２ｍｇ「トーワ」,ピタバスタチンカルシウム,２ｍｇ１錠,14.2,
2189016F5066,ピタバスタチンＣａ・ＯＤ錠２ｍｇ「サワイ」,ピタバスタチンカルシウム,２ｍｇ１錠,14.2,
2189016F5074,ピタバスタチンＣａ・ＯＤ錠２ｍｇ「ＪＧ」,ピタバスタチンカルシウム,２ｍｇ１錠,14.2,
2189016F5082,ピタバスタチンＣａ・ＯＤ錠２ｍｇ「杏林」,ピタバスタチンカルシウム,２ｍｇ１錠,11.6,
2189016F5112,ピタバスタチンカルシウムＯＤ錠２ｍｇ「ＫＯＧ」,ピタバスタチンカルシウム,２ｍｇ１錠,14.2,
2189016F6020,リバロＯＤ錠４ｍｇ,ピタバスタチンカルシウム,４ｍｇ１錠,48.7,
2189016F6038,ピタバスタチンＣａ・ＯＤ錠４ｍｇ「トーワ」,ピタバスタチンカルシウム,４ｍｇ１錠,22.7,
2189016F6054,ピタバスタチンＣａ・ＯＤ錠４ｍｇ「サワイ」,ピタバスタチンカルシウム,４ｍｇ１錠,22.7,
2189016F6062,ピタバスタチンＣａ・ＯＤ錠４ｍｇ「ＪＧ」,ピタバスタチンカルシウム,４ｍｇ１錠,22.7,
2189016F6070,ピタバスタチンＣａ・ＯＤ錠４ｍｇ「杏林」,ピタバスタチンカルシウム,４ｍｇ１錠,22.7,
2189016F6100,ピタバスタチンカルシウムＯＤ錠４ｍｇ「ＫＯＧ」,ピタバスタチンカルシウム,４ｍｇ１錠,22.7,
2189017F1014,ロスバスタチンカルシウム２．５ｍｇ錠,ロスバスタチンカルシウム,２．５ｍｇ１錠,10.8,
2189017F1022,クレストール錠２．５ｍｇ,ロスバスタチンカルシウム,２．５ｍｇ１錠,15.1,
2189017F2010,ロスバスタチンカルシウム５ｍｇ錠,ロスバスタチンカルシウム,５ｍｇ１錠,10.8,
2189017F2029,クレストール錠５ｍｇ,ロスバスタチンカルシウム,５ｍｇ１錠,23.5,
2189017F2037,ロスバスタチン錠５ｍｇ「ＤＳＥＰ」,ロスバスタチンカルシウム,５ｍｇ１錠,16.9,
2189017F2053,ロスバスタチン錠５ｍｇ「ＪＧ」,ロスバスタチンカルシウム,５ｍｇ１錠,16.9,
2189017F2070,ロスバスタチン錠５ｍｇ「ＴＣＫ」,ロスバスタチンカルシウム,５ｍｇ１錠,16.9,
2189017F2142,ロスバスタチン錠５ｍｇ「ケミファ」,ロスバスタチンカルシウム,５ｍｇ１錠,16.9,
2189017F2215,ロスバスタチン錠５ｍｇ「トーワ」,ロスバスタチンカルシウム,５ｍｇ１錠,16.9,
2189017F2304,ロスバスタチン錠５ｍｇ「ＫＭＰ」,ロスバスタチンカルシウム,５ｍｇ１錠,16.9,
2189017F3017,ロスバスタチンカルシウム２．５ｍｇ口腔内崩壊錠,ロスバスタチンカルシウム,２．５ｍｇ１錠,10.8,
2189017F4013,ロスバスタチンカルシウム５ｍｇ口腔内崩壊錠,ロスバスタチンカルシウム,５ｍｇ１錠,10.8,
2189017F4030,ロスバスタチンＯＤ錠５ｍｇ「ＤＳＥＰ」,ロスバスタチンカルシウム,５ｍｇ１錠,16.9,
2189017F4056,ロスバスタチンＯＤ錠５ｍｇ「ＪＧ」,ロスバスタチンカルシウム,５ｍｇ１錠,16.9,
2189017F4080,ロスバスタチンＯＤ錠５ｍｇ「ＹＤ」,ロスバスタチンカルシウム,５ｍｇ１錠,16.9,
2189017F4110,ロスバスタチンＯＤ錠５ｍｇ「科研」,ロスバスタチンカルシウム,５ｍｇ１錠,16.9,
2189017F4137,ロスバスタチンＯＤ錠５ｍｇ「ケミファ」,ロスバスタチンカルシウム,５ｍｇ１錠,16.9,
2189017F4170,ロスバスタチンＯＤ錠５ｍｇ「トーワ」,ロスバスタチンカルシウム,５ｍｇ１錠,16.9,
2189017F4218,ロスバスタチンＯＤ錠５ｍｇ「ＫＭＰ」,ロスバスタチンカルシウム,５ｍｇ１錠,16.9,
2189017F5036,ロスバスタチン錠１０ｍｇ「トーワ」,ロスバスタチンカルシウム,１０ｍｇ１錠,14.7,R9.3.31まで
2189017F6024,ロスバスタチンＯＤ錠１０ｍｇ「トーワ」,ロスバスタチンカルシウム,１０ｍｇ１錠,14.7,R9.3.31まで
2189018F1019,エゼチミブ１０ｍｇ錠,エゼチミブ,１０ｍｇ１錠,14.6,
2189018F1027,ゼチーア錠１０ｍｇ,エゼチミブ,１０ｍｇ１錠,49.5,
2189018F1035,エゼチミブ錠１０ｍｇ「ＤＳＥＰ」,エゼチミブ,１０ｍｇ１錠,28.2,
2189018F1043,エゼチミブ錠１０ｍｇ「ＪＧ」,エゼチミブ,１０ｍｇ１錠,17,
2189018F1051,エゼチミブ錠１０ｍｇ「ＫＭＰ」,エゼチミブ,１０ｍｇ１錠,28.2,
2189018F1078,エゼチミブ錠１０ｍｇ「ＴＣＫ」,エゼチミブ,１０ｍｇ１錠,28.2,
2189018F1086,エゼチミブ錠１０ｍｇ「ＴＥ」,エゼチミブ,１０ｍｇ１錠,28.2,
2189018F1094,エゼチミブ錠１０ｍｇ「ＹＤ」,エゼチミブ,１０ｍｇ１錠,17,
2189018F1108,エゼチミブ錠１０ｍｇ「アメル」,エゼチミブ,１０ｍｇ１錠,17,
2189018F1116,エゼチミブ錠１０ｍｇ「杏林」,エゼチミブ,１０ｍｇ１錠,17,
2189018F1124,エゼチミブ錠１０ｍｇ「ケミファ」,エゼチミブ,１０ｍｇ１錠,17,
2189018F1132,エゼチミブ錠１０ｍｇ「サワイ」,エゼチミブ,１０ｍｇ１錠,17,
2189018F1140,エゼチミブ錠１０ｍｇ「サンド」,エゼチミブ,１０ｍｇ１錠,17,
2189018F1167,エゼチミブ錠１０ｍｇ「トーワ」,エゼチミブ,１０ｍｇ１錠,28.2,
2189018F1175,エゼチミブ錠１０ｍｇ「日医工」,エゼチミブ,１０ｍｇ１錠,17,
2189018F1183,エゼチミブ錠１０ｍｇ「日新」,エゼチミブ,１０ｍｇ１錠,17,
2189018F1205,エゼチミブ錠１０ｍｇ「フェルゼン」,エゼチミブ,１０ｍｇ１錠,28.2,
2189018F1213,エゼチミブ錠１０ｍｇ「明治」,エゼチミブ,１０ｍｇ１錠,28.2,
2189018F2023,エゼチミブＯＤ錠１０ｍｇ「トーワ」,エゼチミブ,１０ｍｇ１錠,28.2,
2189019M1020,ロトリガ粒状カプセル２ｇ,オメガ－３脂肪酸エチル,２ｇ１包,122.5,
2189019M1039,オメガ－３脂肪酸エチル粒状カプセル２ｇ「ＭＪＴ」,オメガ－３脂肪酸エチル,２ｇ１包,72.3,
2189019M1047,オメガ－３脂肪酸エチル粒状カプセル２ｇ「ＹＤ」,オメガ－３脂肪酸エチル,２ｇ１包,72.3,
2189019M1055,オメガ－３脂肪酸エチル粒状カプセル２ｇ「武田テバ」,オメガ－３脂肪酸エチル,２ｇ１包,72.3,
2189019M1063,オメガ－３脂肪酸エチル粒状カプセル２ｇ「トーワ」,オメガ－３脂肪酸エチル,２ｇ１包,72.3,
2189019M1071,オメガ－３脂肪酸エチル粒状カプセル２ｇ「ニプロ」,オメガ－３脂肪酸エチル,２ｇ１包,64.9,
2189020M1023,ジャクスタピッドカプセル５ｍｇ,ロミタピドメシル酸塩,５ｍｇ１カプセル,81160.4,
2189020M2020,ジャクスタピッドカプセル１０ｍｇ,ロミタピドメシル酸塩,１０ｍｇ１カプセル,92815.6,
2189020M3026,ジャクスタピッドカプセル２０ｍｇ,ロミタピドメシル酸塩,２０ｍｇ１カプセル,105660.9,
2189021M1028,エパデールＥＭカプセル２ｇ,イコサペント酸エチル,２ｇ１包,112.2,
2189022F1023,ネクセトール錠１８０ｍｇ,ベムペド酸,１８０ｍｇ１錠,371.5,
2189101F1020,アトーゼット配合錠ＬＤ,エゼチミブ・アトルバスタチンカルシウム水和物,１錠,50.4,
2189101F1038,エゼアト配合錠ＬＤ「ＪＧ」,エゼチミブ・アトルバスタチンカルシウム水和物,１錠,50,
2189101F2026,アトーゼット配合錠ＨＤ,エゼチミブ・アトルバスタチンカルシウム水和物,１錠,53.1,
2189101F2034,エゼアト配合錠ＨＤ「ＪＧ」,エゼチミブ・アトルバスタチンカルシウム水和物,１錠,49,
2189102F1024,ロスーゼット配合錠ＬＤ,エゼチミブ・ロスバスタチンカルシウム,１錠,50.4,
2189102F1032,エゼロス配合錠ＬＤ「ＪＧ」,エゼチミブ・ロスバスタチンカルシウム,１錠,31.6,
2189102F1040,エゼロス配合錠ＬＤ「サワイ」,エゼチミブ・ロスバスタチンカルシウム,１錠,31.6,
2189102F2020,ロスーゼット配合錠ＨＤ,エゼチミブ・ロスバスタチンカルシウム,１錠,56,
2189102F2039,エゼロス配合錠ＨＤ「ＪＧ」,エゼチミブ・ロスバスタチンカルシウム,１錠,31.3,
2189102F2047,エゼロス配合錠ＨＤ「サワイ」,エゼチミブ・ロスバスタチンカルシウム,１錠,31.3,
2189103F1029,リバゼブ配合錠ＬＤ,ピタバスタチンカルシウム水和物・エゼチミブ,１錠,38.2,
2189103F2025,リバゼブ配合錠ＨＤ,ピタバスタチンカルシウム水和物・エゼチミブ,１錠,48.8,
2190005F1012,イフェンプロジル酒石酸塩１０ｍｇ錠,イフェンプロジル酒石酸塩,１０ｍｇ１錠,10.8,
2190005F1225,セロクラール錠１０ｍｇ,イフェンプロジル酒石酸塩,１０ｍｇ１錠,10.8,
2190005F2019,イフェンプロジル酒石酸塩２０ｍｇ錠,イフェンプロジル酒石酸塩,２０ｍｇ１錠,10.8,
2190005F2051,セロクラール錠２０ｍｇ,イフェンプロジル酒石酸塩,２０ｍｇ１錠,10.8,
2190006M1156,ユベラＮカプセル１００ｍｇ,トコフェロールニコチン酸エステル,１００ｍｇ１カプセル,6.3,
2190006M1210,トコフェロールニコチン酸エステルカプセル１００ｍｇ「トーワ」,トコフェロールニコチン酸エステル,１００ｍｇ１カプセル,6.3,
2190006M2179,ユベラＮソフトカプセル２００ｍｇ,トコフェロールニコチン酸エステル,２００ｍｇ１カプセル,6.3,
2190006M2225,トコフェロールニコチン酸エステルカプセル２００ｍｇ「サワイ」,トコフェロールニコチン酸エステル,２００ｍｇ１カプセル,7.5,
2190006M2233,トコフェロールニコチン酸エステルカプセル２００ｍｇ「日医工」,トコフェロールニコチン酸エステル,２００ｍｇ１カプセル,7.5,
2190006M2241,トコフェロールニコチン酸エステルカプセル２００ｍｇ「ＴＣ」,トコフェロールニコチン酸エステル,２００ｍｇ１カプセル,7.5,
2190006M2250,トコフェロールニコチン酸エステルカプセル２００ｍｇ「ホリイ」,トコフェロールニコチン酸エステル,２００ｍｇ１カプセル,6.3,
2190009A1048,ケイキサレート散,ポリスチレンスルホン酸ナトリウム,１ｇ,8,
2190009A1056,ポリスチレンスルホン酸Ｎａ「フソー」原末,ポリスチレンスルホン酸ナトリウム,１ｇ,8,
2190009R1025,ケイキサレートドライシロップ７６％,ポリスチレンスルホン酸ナトリウム,７６％１ｇ,6.9,
2190016B1043,ポリスチレンスルホン酸Ｃａ散９６．７％分包５．１７ｇ〈ハチ〉,ポリスチレンスルホン酸カルシウム,９６．７％１ｇ,6.9,R9.3.31まで
2190016D1036,ポリスチレンスルホン酸Ｃａ顆粒８９．２９％分包５．６ｇ「三和」,ポリスチレンスルホン酸カルシウム,８９．２９％１ｇ,13.1,
2190016Q2034,ポリスチレンスルホン酸Ｃａ経口ゼリー２０％分包２５ｇ「三和」,ポリスチレンスルホン酸カルシウム,２０％２５ｇ１個,77.8,
2190016R2021,カリメートドライシロップ９２．５９％,ポリスチレンスルホン酸カルシウム,９２．５９％１ｇ,8.4,R9.3.31まで
2190016S1027,カリメート経口液２０％,ポリスチレンスルホン酸カルシウム,２０％２５ｇ１包,77.8,
2190016X1016,ポリスチレンスルホン酸カルシウム,ポリスチレンスルホン酸カルシウム,１ｇ,8.1,
2190016X1113,カリエード散,ポリスチレンスルホン酸カルシウム,１ｇ,17,R9.3.31まで
2190016X1156,ポリスチレンスルホン酸Ｃａ「フソー」原末,ポリスチレンスルホン酸カルシウム,１ｇ,11.1,
2190021B1095,サアミオン散１％,ニセルゴリン,１％１ｇ,14.6,
2190021C1058,ニセルゴリン細粒１％「サワイ」,ニセルゴリン,１％１ｇ,9.7,
2190021F1011,ニセルゴリン５ｍｇ錠,ニセルゴリン,５ｍｇ１錠,10.8,
2190021F1348,サアミオン錠５ｍｇ,ニセルゴリン,５ｍｇ１錠,12.3,
2190022F1016,アメジニウムメチル硫酸塩１０ｍｇ錠,アメジニウムメチル硫酸塩,１０ｍｇ１錠,6.3,
2190022F1024,リズミック錠１０ｍｇ,アメジニウムメチル硫酸塩,１０ｍｇ１錠,9.5,
2190023F1037,ミグシス錠５ｍｇ,ロメリジン塩酸塩,５ｍｇ１錠,12,
2190024F1023,カルタン錠５００,沈降炭酸カルシウム,５００ｍｇ１錠,6.8,
2190024F1040,沈降炭酸カルシウム錠５００ｍｇ「三和」,沈降炭酸カルシウム,５００ｍｇ１錠,6.2,
2190024F1066,沈降炭酸カルシウム錠５００ｍｇ「ＮＩＧ」,沈降炭酸カルシウム,５００ｍｇ１錠,6.2,
2190024F2020,カルタン錠２５０,沈降炭酸カルシウム,２５０ｍｇ１錠,6.3,
2190024F2038,沈降炭酸カルシウム錠２５０ｍｇ「三和」,沈降炭酸カルシウム,２５０ｍｇ１錠,6.1,
2190024F2062,沈降炭酸カルシウム錠２５０ｍｇ「ＮＩＧ」,沈降炭酸カルシウム,２５０ｍｇ１錠,12,
2190024F3026,カルタンＯＤ錠２５０ｍｇ,沈降炭酸カルシウム,２５０ｍｇ１錠,6.3,
2190024F4022,カルタンＯＤ錠５００ｍｇ,沈降炭酸カルシウム,５００ｍｇ１錠,6.8,
2190025F1028,フォスブロック錠２５０ｍｇ,セベラマー塩酸塩,２５０ｍｇ１錠,10.5,
2190025F1036,レナジェル錠２５０ｍｇ,セベラマー塩酸塩,２５０ｍｇ１錠,10.4,
2190026F1014,ボセンタン６２．５ｍｇ錠,ボセンタン水和物,６２．５ｍｇ１錠,393.1,
2190026F1022,トラクリア錠６２．５ｍｇ,ボセンタン水和物,６２．５ｍｇ１錠,2913.1,
2190026R1029,ボセンタン成人用ＤＳ６．２５％「モチダ」,ボセンタン水和物,６．２５％１ｇ,523.7,
2190026X1028,トラクリア小児用分散錠３２ｍｇ,ボセンタン水和物,３２ｍｇ１錠,4576.2,
2190027G1022,ケアロードＬＡ錠６０μｇ,ベラプロストナトリウム,６０μｇ１錠,71.5,
2190027G1030,ベラサスＬＡ錠６０μｇ,ベラプロストナトリウム,６０μｇ１錠,94.4,
2190028F1021,レバチオ錠２０ｍｇ,シルデナフィルクエン酸塩,２０ｍｇ１錠,577,
2190028F1030,シルデナフィル錠２０ｍｇＲＥ「ＪＧ」,シルデナフィルクエン酸塩,２０ｍｇ１錠,307.1,
2190028F2028,レバチオＯＤフィルム２０ｍｇ,シルデナフィルクエン酸塩,２０ｍｇ１錠,577,
2190028R1028,レバチオ懸濁用ドライシロップ９００ｍｇ,シルデナフィルクエン酸塩,１０ｍｇ１ｍＬ（懸濁後の内用液として）,561.8,
2190029D1025,ホスレノール顆粒分包２５０ｍｇ,炭酸ランタン水和物,２５０ｍｇ１包,53,
2190029D1033,炭酸ランタン顆粒分包２５０ｍｇ「ＹＤ」,炭酸ランタン水和物,２５０ｍｇ１包,29,
2190029D1041,炭酸ランタン顆粒分包２５０ｍｇ「ケミファ」,炭酸ランタン水和物,２５０ｍｇ１包,29,
2190029D1050,炭酸ランタン顆粒分包２５０ｍｇ「サワイ」,炭酸ランタン水和物,２５０ｍｇ１包,40,
2190029D1068,炭酸ランタン顆粒分包２５０ｍｇ「トーワ」,炭酸ランタン水和物,２５０ｍｇ１包,29,
2190029D1076,炭酸ランタン顆粒分包２５０ｍｇ「フソー」,炭酸ランタン水和物,２５０ｍｇ１包,41,R9.3.31まで
2190029D1084,炭酸ランタン顆粒分包２５０ｍｇ「ＪＧ」,炭酸ランタン水和物,２５０ｍｇ１包,29,
2190029D1092,炭酸ランタン顆粒分包２５０ｍｇ「ニプロ」,炭酸ランタン水和物,２５０ｍｇ１包,40,
2190029D2021,ホスレノール顆粒分包５００ｍｇ,炭酸ランタン水和物,５００ｍｇ１包,80.5,
2190029D2030,炭酸ランタン顆粒分包５００ｍｇ「ＹＤ」,炭酸ランタン水和物,５００ｍｇ１包,51.3,
2190029D2048,炭酸ランタン顆粒分包５００ｍｇ「ケミファ」,炭酸ランタン水和物,５００ｍｇ１包,82.4,
2190029D2056,炭酸ランタン顆粒分包５００ｍｇ「サワイ」,炭酸ランタン水和物,５００ｍｇ１包,82.4,
2190029D2064,炭酸ランタン顆粒分包５００ｍｇ「トーワ」,炭酸ランタン水和物,５００ｍｇ１包,45.4,
2190029D2072,炭酸ランタン顆粒分包５００ｍｇ「フソー」,炭酸ランタン水和物,５００ｍｇ１包,45.7,R9.3.31まで
2190029D2080,炭酸ランタン顆粒分包５００ｍｇ「ＪＧ」,炭酸ランタン水和物,５００ｍｇ１包,47.7,
2190029D2099,炭酸ランタン顆粒分包５００ｍｇ「ニプロ」,炭酸ランタン水和物,５００ｍｇ１包,82.4,
2190029F1026,ホスレノールチュアブル錠２５０ｍｇ,炭酸ランタン水和物,２５０ｍｇ１錠,55.6,
2190029F2022,ホスレノールチュアブル錠５００ｍｇ,炭酸ランタン水和物,５００ｍｇ１錠,83.6,
2190029F3029,ホスレノールＯＤ錠２５０ｍｇ,炭酸ランタン水和物,２５０ｍｇ１錠,55.6,
2190029F3037,炭酸ランタンＯＤ錠２５０ｍｇ「イセイ」,炭酸ランタン水和物,２５０ｍｇ１錠,32.2,
2190029F3053,炭酸ランタンＯＤ錠２５０ｍｇ「ＪＧ」,炭酸ランタン水和物,２５０ｍｇ１錠,27.7,R9.3.31まで
2190029F3061,炭酸ランタンＯＤ錠２５０ｍｇ「フソー」,炭酸ランタン水和物,２５０ｍｇ１錠,32.2,
2190029F3070,炭酸ランタンＯＤ錠２５０ｍｇ「ＦＣＩ」,炭酸ランタン水和物,２５０ｍｇ１錠,32.2,
2190029F3088,炭酸ランタンＯＤ錠２５０ｍｇ「トーワ」,炭酸ランタン水和物,２５０ｍｇ１錠,27.7,
2190029F4025,ホスレノールＯＤ錠５００ｍｇ,炭酸ランタン水和物,５００ｍｇ１錠,80.5,
2190029F4033,炭酸ランタンＯＤ錠５００ｍｇ「イセイ」,炭酸ランタン水和物,５００ｍｇ１錠,47.4,
2190029F4050,炭酸ランタンＯＤ錠５００ｍｇ「ＪＧ」,炭酸ランタン水和物,５００ｍｇ１錠,38.9,R9.3.31まで
2190029F4068,炭酸ランタンＯＤ錠５００ｍｇ「フソー」,炭酸ランタン水和物,５００ｍｇ１錠,47.4,
2190029F4076,炭酸ランタンＯＤ錠５００ｍｇ「ＦＣＩ」,炭酸ランタン水和物,５００ｍｇ１錠,47.4,
2190029F4084,炭酸ランタンＯＤ錠５００ｍｇ「トーワ」,炭酸ランタン水和物,５００ｍｇ１錠,38.9,
2190030F1029,アドシルカ錠２０ｍｇ,タダラフィル,２０ｍｇ１錠,653.3,
2190030F1037,タダラフィル錠２０ｍｇＡＤ「ＪＧ」,タダラフィル,２０ｍｇ１錠,489.6,
2190030F1045,タダラフィル錠２０ｍｇＡＤ「ＴＥ」,タダラフィル,２０ｍｇ１錠,279.8,
2190030F1053,タダラフィル錠２０ｍｇＡＤ「杏林」,タダラフィル,２０ｍｇ１錠,279.8,
2190030F1061,タダラフィル錠２０ｍｇＡＤ「サワイ」,タダラフィル,２０ｍｇ１錠,279.8,
2190031F1023,ヴォリブリス錠２．５ｍｇ,アンブリセンタン,２．５ｍｇ１錠,3080.1,
2190031F1031,アンブリセンタン錠２．５ｍｇ「ＫＭＰ」,アンブリセンタン,２．５ｍｇ１錠,1227.5,
2190031F1040,アンブリセンタン錠２．５ｍｇ「サワイ」,アンブリセンタン,２．５ｍｇ１錠,984.3,
2190031F1058,アンブリセンタン錠２．５ｍｇ「ＪＧ」,アンブリセンタン,２．５ｍｇ１錠,984.3,
2190032D1027,キックリン顆粒８６．２％,ビキサロマー,８６．２％１ｇ,55.5,
2190032M1027,キックリンカプセル２５０ｍｇ,ビキサロマー,２５０ｍｇ１カプセル,15.2,
2190033F1022,リオナ錠２５０ｍｇ,クエン酸第二鉄水和物,２５０ｍｇ１錠,68.9,
2190034F1027,アデムパス錠０．５ｍｇ,リオシグアト,０．５ｍｇ１錠,685.9,
2190034F2023,アデムパス錠１．０ｍｇ,リオシグアト,１ｍｇ１錠,1371.7,
2190034F3020,アデムパス錠２．５ｍｇ,リオシグアト,２．５ｍｇ１錠,3429.3,
2190035F1021,オプスミット錠１０ｍｇ,マシテンタン,１０ｍｇ１錠,13319.3,
2190035X1027,オプスミット小児用分散錠１ｍｇ,マシテンタン,１ｍｇ１錠,1496.9,
2190035X2023,オプスミット小児用分散錠２．５ｍｇ,マシテンタン,２．５ｍｇ１錠,3712.2,
2190036D1025,ピートル顆粒分包２５０ｍｇ,スクロオキシ水酸化鉄,２５０ｍｇ１包,136.4,
2190036D2021,ピートル顆粒分包５００ｍｇ,スクロオキシ水酸化鉄,５００ｍｇ１包,200.2,
2190036F1026,ピートルチュアブル錠２５０ｍｇ,スクロオキシ水酸化鉄,２５０ｍｇ１錠,136.1,
2190036F2022,ピートルチュアブル錠５００ｍｇ,スクロオキシ水酸化鉄,５００ｍｇ１錠,202.4,
2190037F1020,ウプトラビ錠０．２ｍｇ,セレキシパグ,０．２ｍｇ１錠,1587.3,
2190037F2027,ウプトラビ錠０．４ｍｇ,セレキシパグ,０．４ｍｇ１錠,3155.3,
2190037F3023,ウプトラビ錠小児用０．０５ｍｇ,セレキシパグ,０．０５ｍｇ１錠,443.5,
2190037F4020,ウプトラビ錠０．８ｍｇ,セレキシパグ,０．８ｍｇ１錠,6272.2,
2190038M1024,デムサーカプセル２５０ｍｇ,メチロシン,２５０ｍｇ１カプセル,5961.9,
2190039F1020,コララン錠２．５ｍｇ,イバブラジン塩酸塩,２．５ｍｇ１錠,82.9,
2190039F2026,コララン錠５ｍｇ,イバブラジン塩酸塩,５ｍｇ１錠,145.4,
2190039F3022,コララン錠７．５ｍｇ,イバブラジン塩酸塩,７．５ｍｇ１錠,201.9,
2190040B1020,ロケルマ懸濁用散分包５ｇ,ジルコニウムシクロケイ酸ナトリウム水和物,５ｇ１包,1005.1,
2190040B2027,ロケルマ懸濁用散分包１０ｇ,ジルコニウムシクロケイ酸ナトリウム水和物,１０ｇ１包,1475.3,
2190041F1027,エンレスト錠５０ｍｇ,サクビトリルバルサルタンナトリウム水和物,５０ｍｇ１錠,45.7,
2190041F2023,エンレスト錠１００ｍｇ,サクビトリルバルサルタンナトリウム水和物,１００ｍｇ１錠,80.2,
2190041F3020,エンレスト錠２００ｍｇ,サクビトリルバルサルタンナトリウム水和物,２００ｍｇ１錠,141.2,
2190041F4026,エンレスト粒状錠小児用１２．５ｍｇ,サクビトリルバルサルタンナトリウム水和物,１２．５ｍｇ１個,21.4,
2190041F5022,エンレスト粒状錠小児用３１．２５ｍｇ,サクビトリルバルサルタンナトリウム水和物,３１．２５ｍｇ１個,43.2,
2190042F1021,ベリキューボ錠２．５ｍｇ,ベルイシグアト,２．５ｍｇ１錠,124.5,
2190042F2028,ベリキューボ錠５ｍｇ,ベルイシグアト,５ｍｇ１錠,217.9,
2190042F3024,ベリキューボ錠１０ｍｇ,ベルイシグアト,１０ｍｇ１錠,380.9,
2190043M1025,ビンマックカプセル６１ｍｇ,タファミジス,６１ｍｇ１カプセル,32112.6,
2190044F1020,ケレンディア錠１０ｍｇ,フィネレノン,１０ｍｇ１錠,142.2,
2190044F2027,ケレンディア錠２０ｍｇ,フィネレノン,２０ｍｇ１錠,203.4,
2190045F1025,フォゼベル錠５ｍｇ,テナパノル塩酸塩,５ｍｇ１錠,208.3,
2190045F2021,フォゼベル錠１０ｍｇ,テナパノル塩酸塩,１０ｍｇ１錠,307.8,
2190045F3028,フォゼベル錠２０ｍｇ,テナパノル塩酸塩,２０ｍｇ１錠,454.7,
2190045F4024,フォゼベル錠３０ｍｇ,テナパノル塩酸塩,３０ｍｇ１錠,571.2,
2190046B1028,ビルタサ懸濁用散分包８．４ｇ,パチロマーソルビテクスカルシウム,８．４ｇ１包,935.3,
2190047M1023,カムザイオスカプセル１ｍｇ,マバカムテン,１ｍｇ１カプセル,7204,
2190047M2020,カムザイオスカプセル２．５ｍｇ,マバカムテン,２．５ｍｇ１カプセル,7264.8,
2190047M3026,カムザイオスカプセル５ｍｇ,マバカムテン,５ｍｇ１カプセル,7410.5,
2190048F1029,ビヨントラ錠４００ｍｇ,アコラミジス塩酸塩,４００ｍｇ１錠,8979,
2190101F1020,カデュエット配合錠１番,アムロジピンベシル酸塩・アトルバスタチンカルシウム水和物,１錠,28.6,
2190101F1039,アマルエット配合錠１番「ＤＳＥＰ」,アムロジピンベシル酸塩・アトルバスタチンカルシウム水和物,１錠,10.5,
2190101F1063,アマルエット配合錠１番「ＴＣＫ」,アムロジピンベシル酸塩・アトルバスタチンカルシウム水和物,１錠,21.4,
2190101F1071,アマルエット配合錠１番「ケミファ」,アムロジピンベシル酸塩・アトルバスタチンカルシウム水和物,１錠,21.3,
2190101F1080,アマルエット配合錠１番「サワイ」,アムロジピンベシル酸塩・アトルバスタチンカルシウム水和物,１錠,10.5,
2190101F1098,アマルエット配合錠１番「サンド」,アムロジピンベシル酸塩・アトルバスタチンカルシウム水和物,１錠,10.5,
2190101F1101,アマルエット配合錠１番「トーワ」,アムロジピンベシル酸塩・アトルバスタチンカルシウム水和物,１錠,10.5,
2190101F1110,アマルエット配合錠１番「日医工」,アムロジピンベシル酸塩・アトルバスタチンカルシウム水和物,１錠,10.5,
2190101F1128,アマルエット配合錠１番「ニプロ」,アムロジピンベシル酸塩・アトルバスタチンカルシウム水和物,１錠,10.5,R9.3.31まで
2190102F1017,アムロジピンベシル酸塩・アトルバスタチンカルシウム２番錠,アムロジピンベシル酸塩・アトルバスタチンカルシウム水和物,１錠,16.4,
2190102F1025,カデュエット配合錠２番,アムロジピンベシル酸塩・アトルバスタチンカルシウム水和物,１錠,43.7,
2190102F1076,アマルエット配合錠２番「ケミファ」,アムロジピンベシル酸塩・アトルバスタチンカルシウム水和物,１錠,34.2,
2190103F1011,アムロジピンベシル酸塩・アトルバスタチンカルシウム３番錠,アムロジピンベシル酸塩・アトルバスタチンカルシウム水和物,１錠,13,
2190103F1020,カデュエット配合錠３番,アムロジピンベシル酸塩・アトルバスタチンカルシウム水和物,１錠,34.2,
2190103F1062,アマルエット配合錠３番「ＴＣＫ」,アムロジピンベシル酸塩・アトルバスタチンカルシウム水和物,１錠,21.7,
2190103F1070,アマルエット配合錠３番「ケミファ」,アムロジピンベシル酸塩・アトルバスタチンカルシウム水和物,１錠,21.1,
2190104F1016,アムロジピンベシル酸塩・アトルバスタチンカルシウム４番錠,アムロジピンベシル酸塩・アトルバスタチンカルシウム水和物,１錠,18.9,
2190104F1024,カデュエット配合錠４番,アムロジピンベシル酸塩・アトルバスタチンカルシウム水和物,１錠,49.2,
2190104F1067,アマルエット配合錠４番「ＴＣＫ」,アムロジピンベシル酸塩・アトルバスタチンカルシウム水和物,１錠,34.4,
2190104F1075,アマルエット配合錠４番「ケミファ」,アムロジピンベシル酸塩・アトルバスタチンカルシウム水和物,１錠,31.7,
2190105F1029,ユバンシ配合錠,マシテンタン・タダラフィル,１錠,13272.5,
2221002F1017,エフェドリン塩酸塩錠,エフェドリン塩酸塩,２５ｍｇ１錠,9.8,
2221002X1012,エフェドリン塩酸塩,エフェドリン塩酸塩,１ｇ,107.5,
2221003B2016,ｄｌ－メチルエフェドリン塩酸塩散１０％,ｄｌ－メチルエフェドリン塩酸塩,１０％１ｇ,8,
2221003B2083,メチルエフェドリン散１０％「フソー」,ｄｌ－メチルエフェドリン塩酸塩,１０％１ｇ,10,
2221003B2199,ｄｌ－メチルエフェドリン塩酸塩散１０％「メタル」,ｄｌ－メチルエフェドリン塩酸塩,１０％１ｇ,10,
2222001A1012,ノスカピン,ノスカピン,１ｇ,241.5,
2223001B1210,メジコン散１０％,デキストロメトルファン臭化水素酸塩水和物,１０％１ｇ,24.1,
2223001C1045,デキストロメトルファン臭化水素酸塩細粒１０％「ツルハラ」,デキストロメトルファン臭化水素酸塩水和物,１０％１ｇ,20.8,
2223001F2099,メジコン錠１５ｍｇ,デキストロメトルファン臭化水素酸塩水和物,１５ｍｇ１錠,8.5,
2223001F2137,デキストロメトルファン臭化水素酸塩錠１５ｍｇ「ＮＰ」,デキストロメトルファン臭化水素酸塩水和物,１５ｍｇ１錠,8.6,
2223001F2145,デキストロメトルファン臭化水素酸塩錠１５ｍｇ「トーワ」,デキストロメトルファン臭化水素酸塩水和物,１５ｍｇ１錠,6.3,
2223001F2153,デキストロメトルファン臭化水素酸塩錠１５ｍｇ「ツルハラ」,デキストロメトルファン臭化水素酸塩水和物,１５ｍｇ１錠,8.6,
2224001F3122,ペントキシベリンクエン酸塩錠１５ｍｇ「ツルハラ」,ペントキシベリンクエン酸塩,１５ｍｇ１錠,8.3,
2229001B1051,アストミン散１０％,ジメモルファンリン酸塩,１０％１ｇ,26.6,
2229001F1053,アストミン錠１０ｍｇ,ジメモルファンリン酸塩,１０ｍｇ１錠,6.8,
2229001F1070,ジメモルファンリン酸塩錠１０ｍｇ「ＴＣＫ」,ジメモルファンリン酸塩,１０ｍｇ１錠,6.8,
2229001Q1054,アストミンシロップ０．２５％,ジメモルファンリン酸塩,０．２５％１ｍＬ,7.1,
2229001Q1070,ジメモルファンリン酸塩シロップ小児用０．２５％「ＴＣＫ」,ジメモルファンリン酸塩,０．２５％１ｍＬ,7.1,
2229001R1033,ジメモルファンリン酸塩ＤＳ小児用２．５％「タカタ」,ジメモルファンリン酸塩,２．５％１ｇ,22.7,
2229002D1030,コルドリン顆粒４．１７％,クロフェダノール塩酸塩,４．１７％１ｇ,21.7,
2229002F1031,コルドリン錠１２．５ｍｇ,クロフェダノール塩酸塩,１２．５ｍｇ１錠,6.9,
2229004F1030,フスタゾール糖衣錠１０ｍｇ,クロペラスチン塩酸塩,１０ｍｇ１錠,6.3,
2229006B1038,フスタゾール散１０％,クロペラスチンフェンジゾ酸塩,１０％１ｇ,25.1,
2229006F1030,フスタゾール錠小児用２．５ｍｇ,クロペラスチンフェンジゾ酸塩,２．５ｍｇ１錠,10.8,
2229101F1051,クロフェドリンＳ配合錠,鎮咳配合剤,１錠,7.1,
2229101F1060,フスコデ配合錠,鎮咳配合剤,１錠,7.1,
2229102Q1120,フスコデ配合シロップ,鎮咳配合剤,１ｍＬ,7.1,
2229102Q1162,ムコブロチン配合シロップ,鎮咳配合剤,１ｍＬ,7.1,
2229102Q1170,ライトゲン配合シロップ,鎮咳配合剤,１ｍＬ,7.1,
2229114F2039,カフコデＮ配合錠,ジプロフィリン・ジヒドロコデイン配合剤,１錠,8.9,
2231001Q1010,セネガシロップ,セネガシロップ,１０ｍＬ,17.9,
2232001X1011,アンモニア・ウイキョウ精,アンモニア・ウイキョウ精,１０ｍＬ,27.8,
2233001F1234,チスタニン糖衣錠１００ｍｇ,Ｌ－エチルシステイン塩酸塩,１００ｍｇ１錠,6.3,
2233002C1089,カルボシステイン細粒５０％「ツルハラ」,Ｌ－カルボシステイン,５０％１ｇ,19.6,
2233002F1018,Ｌ－カルボシステイン２５０ｍｇ錠,Ｌ－カルボシステイン,２５０ｍｇ１錠,10.8,
2233002F1174,ムコダイン錠２５０ｍｇ,Ｌ－カルボシステイン,２５０ｍｇ１錠,10.8,
2233002F2014,Ｌ－カルボシステイン５００ｍｇ錠,Ｌ－カルボシステイン,５００ｍｇ１錠,10.8,
2233002F2022,ムコダイン錠５００ｍｇ,Ｌ－カルボシステイン,５００ｍｇ１錠,10.8,
2233002Q1019,Ｌ－カルボシステイン５％シロップ,Ｌ－カルボシステイン,５％１ｍＬ,5.4,
2233002Q1035,ムコダインシロップ５％,Ｌ－カルボシステイン,５％１ｍＬ,7.1,
2233002Q1124,カルボシステインシロップ小児用５％「トーワ」,Ｌ－カルボシステイン,５％１ｍＬ,5.8,
2233002R2029,ムコダインＤＳ５０％,Ｌ－カルボシステイン,５０％１ｇ,13.7,
2233002R2037,カルボシステインＤＳ５０％「タカタ」,Ｌ－カルボシステイン,５０％１ｇ,12.5,
2233002R2045,カルボシステインＤＳ５０％「ツルハラ」,Ｌ－カルボシステイン,５０％１ｇ,12.5,
2233002R2061,カルボシステインＤＳ５０％「トーワ」,Ｌ－カルボシステイン,５０％１ｇ,12.5,
2233002R2070,カルボシステインドライシロップ５０％「ＮＩＧ」,Ｌ－カルボシステイン,５０％１ｇ,12.5,
2233004F1025,クリアナール錠２００ｍｇ,フドステイン,２００ｍｇ１錠,10.8,
2233004F1033,スペリア錠２００,フドステイン,２００ｍｇ１錠,10.8,
2233004S1023,クリアナール内用液８％,フドステイン,８％１ｍＬ,6.5,
2233004S1031,スペリア内用液８％,フドステイン,８％１ｍＬ,8.1,
2234001F1010,ブロムヘキシン塩酸塩４ｍｇ錠,ブロムヘキシン塩酸塩,４ｍｇ１錠,5.5,
2234001Q1135,ブロムヘキシン塩酸塩シロップ０．０８％「トーワ」,ブロムヘキシン塩酸塩,０．０８％１ｍＬ,1.8,
2239001F1017,アンブロキソール塩酸塩１５ｍｇ錠,アンブロキソール塩酸塩,１５ｍｇ１錠,6.1,
2239001F1696,ムコソルバン錠１５ｍｇ,アンブロキソール塩酸塩,１５ｍｇ１錠,6.3,
2239001G1020,アンブロキソール塩酸塩徐放ＯＤ錠４５ｍｇ「ＺＥ」,アンブロキソール塩酸塩,４５ｍｇ１錠,16.1,
2239001G1039,アンブロキソール塩酸塩徐放ＯＤ錠４５ｍｇ「サワイ」,アンブロキソール塩酸塩,４５ｍｇ１錠,16.1,
2239001G1047,アンブロキソール塩酸塩徐放ＯＤ錠４５ｍｇ「ニプロ」,アンブロキソール塩酸塩,４５ｍｇ１錠,16.1,
2239001G2027,ムコソルバンＬ錠４５ｍｇ,アンブロキソール塩酸塩,４５ｍｇ１錠,23.8,
2239001N1119,アンブロキソール塩酸塩Ｌカプセル４５ｍｇ「サワイ」,アンブロキソール塩酸塩,４５ｍｇ１カプセル,16.1,
2239001N1160,アンブロキソール塩酸塩徐放カプセル４５ｍｇ「トーワ」,アンブロキソール塩酸塩,４５ｍｇ１カプセル,11.4,
2239001N1178,アンブロキソール塩酸塩徐放カプセル４５ｍｇ「ＺＥ」,アンブロキソール塩酸塩,４５ｍｇ１カプセル,16.1,
2239001Q1018,アンブロキソール塩酸塩０．３％シロップ,アンブロキソール塩酸塩,０．３％１ｍＬ,5.6,
2239001Q1166,小児用ムコソルバンシロップ０．３％,アンブロキソール塩酸塩,０．３％１ｍＬ,7.1,
2239001R1013,アンブロキソール塩酸塩１．５％シロップ用,アンブロキソール塩酸塩,１．５％１ｇ,17.6,
2239001R1072,小児用ムコソルバンＤＳ１．５％,アンブロキソール塩酸塩,１．５％１ｇ,31.1,
2239001R2052,アンブロキソール塩酸塩ＤＳ３％「タカタ」,アンブロキソール塩酸塩,３％１ｇ,17.3,
2239001S1015,アンブロキソール塩酸塩０．７５％液,アンブロキソール塩酸塩,０．７５％１ｍＬ,3.2,
2239001S1112,ムコソルバン内用液０．７５％,アンブロキソール塩酸塩,０．７５％１ｍＬ,5.9,
2239001S1147,アンブロキソール塩酸塩内用液０．７５％「ツルハラ」,アンブロキソール塩酸塩,０．７５％１ｍＬ,5.9,
2239001S2046,アンブロキソール塩酸塩内用液０．３％「日医工」,アンブロキソール塩酸塩,０．３％１ｍＬ,6.8,
2241001X1010,キョウニン水,キョウニン水,１０ｍＬ,34.2,
2241001X1053,キョウニン水　シオエ,キョウニン水,１０ｍＬ,35,
2241001X1070,キョウニン水〈ハチ〉,キョウニン水,１０ｍＬ,35,
2241001X1100,キョウニン水「マルイシ」,キョウニン水,１０ｍＬ,35,
2241001X1118,キョウニン水（山善）,キョウニン水,１０ｍＬ,35,
2241003S1020,サリパラ液,オウヒエキス,１０ｍＬ,11.6,
2242001B2017,コデインリン酸塩散１％,コデインリン酸塩水和物,１％１ｇ,8,
2242001B2238,コデインリン酸塩散１％「シオエ」,コデインリン酸塩水和物,１％１ｇ,8.5,
2242001B2327,コデインリン酸塩散１％〈ハチ〉,コデインリン酸塩水和物,１％１ｇ,8.5,
2242001B2343,コデインリン酸塩散１％「メタル」,コデインリン酸塩水和物,１％１ｇ,10.5,
2242001B2351,コデインリン酸塩散１％「ホエイ」,コデインリン酸塩水和物,１％１ｇ,8.5,
2242001F1012,コデインリン酸塩錠,コデインリン酸塩水和物,５ｍｇ１錠,10.8,
2242001F1071,コデインリン酸塩錠５ｍｇ「ＶＴＲＳ」,コデインリン酸塩水和物,５ｍｇ１錠,11.7,
2242002B2011,ジヒドロコデインリン酸塩散１％,ジヒドロコデインリン酸塩,１％１ｇ,11.3,
2242002B2305,ジヒドロコデインリン酸塩散１％「メタル」,ジヒドロコデインリン酸塩,１％１ｇ,11.3,
2242002B2313,ジヒドロコデインリン酸塩散１％「ホエイ」,ジヒドロコデインリン酸塩,１％１ｇ,11.3,
2249001F1030,レスプレン錠５ｍｇ,エプラジノン塩酸塩,５ｍｇ１錠,8.8,
2249001F2079,レスプレン錠２０ｍｇ,エプラジノン塩酸塩,２０ｍｇ１錠,11.7,
2249001F3032,レスプレン錠３０ｍｇ,エプラジノン塩酸塩,３０ｍｇ１錠,11.8,
2249003B1037,アスベリン散１０％,チペピジンヒベンズ酸塩,１０％１ｇ,22.6,
2249003F1012,チペピジンヒベンズ酸塩錠,チペピジンヒベンズ酸塩,１０ｍｇ１錠,13.8,
2249003F2019,チペピジンヒベンズ酸塩錠,チペピジンヒベンズ酸塩,２０ｍｇ１錠,13.8,
2249003Q1048,アスベリンシロップ０．５％,チペピジンヒベンズ酸塩,０．５％１０ｍＬ,28.3,
2249003Q2044,アスベリンシロップ「調剤用」２％,チペピジンヒベンズ酸塩,２％１ｍＬ,13,
2249003R1043,アスベリンドライシロップ２％,チペピジンヒベンズ酸塩,２％１ｇ,16.6,
2249106Q1066,メジコン配合シロップ,デキストロメトルファン臭化水素酸塩水和物・クレゾールスルホン酸カリウム,１０ｍＬ,15.5,
2251001D1061,テオドール顆粒２０％,テオフィリン,２０％１ｇ,12.2,
2251001F1011,テオフィリン５０ｍｇ徐放錠,テオフィリン,５０ｍｇ１錠,6.3,
2251001F1046,テオドール錠５０ｍｇ,テオフィリン,５０ｍｇ１錠,6.3,
2251001F2018,テオフィリン１００ｍｇ徐放錠,テオフィリン,１００ｍｇ１錠,6.3,
2251001F2115,テオドール錠１００ｍｇ,テオフィリン,１００ｍｇ１錠,6.3,
2251001F3014,テオフィリン２００ｍｇ徐放錠,テオフィリン,２００ｍｇ１錠,6.3,
2251001F3049,テオロング錠２００ｍｇ,テオフィリン,２００ｍｇ１錠,10.1,
2251001F3081,テオドール錠２００ｍｇ,テオフィリン,２００ｍｇ１錠,8.1,
2251001G1025,ユニコン錠２００,テオフィリン,２００ｍｇ１錠,12.2,
2251001G1092,テオフィリン徐放Ｕ錠２００ｍｇ「トーワ」,テオフィリン,２００ｍｇ１錠,6.3,
2251001G2021,ユニコン錠４００,テオフィリン,４００ｍｇ１錠,12.2,
2251001G2080,テオフィリン徐放Ｕ錠４００ｍｇ「トーワ」,テオフィリン,４００ｍｇ１錠,6.3,
2251001G3036,ユニコン錠１００,テオフィリン,１００ｍｇ１錠,9,
2251001G3060,テオフィリン徐放Ｕ錠１００ｍｇ「トーワ」,テオフィリン,１００ｍｇ１錠,6.3,
2251001M1061,テオフィリン徐放カプセル１００ｍｇ「サンド」,テオフィリン,１００ｍｇ１カプセル,6.3,
2251001M2050,テオフィリン徐放カプセル２００ｍｇ「サンド」,テオフィリン,２００ｍｇ１カプセル,10.1,
2251001M3030,テオフィリン徐放カプセル５０ｍｇ「サンド」,テオフィリン,５０ｍｇ１カプセル,6.3,
2251001R1107,テオフィリンドライシロップ２０％「タカタ」,テオフィリン,２０％１ｇ,50.1,
2251001R1123,テオフィリン徐放ドライシロップ小児用２０％「サワイ」,テオフィリン,２０％１ｇ,28.9,
2251001R1131,テオフィリン徐放ＤＳ小児用２０％「トーワ」,テオフィリン,２０％１ｇ,30.7,
2252003F1085,ブリカニール錠２ｍｇ,テルブタリン硫酸塩,２ｍｇ１錠,6.3,
2252006R2057,フェノテロール臭化水素酸塩ＤＳ小児用０．５％「タカタ」,フェノテロール臭化水素酸塩,０．５％１ｇ,22.7,
2254001F1102,サルブタモール錠２ｍｇ「日医工」,サルブタモール硫酸塩,２ｍｇ１錠,6.3,
2254001Q1073,ベネトリンシロップ０．０４％,サルブタモール硫酸塩,０．０４％１ｍＬ,7.1,
2259002F1065,ホクナリン錠１ｍｇ,ツロブテロール塩酸塩,１ｍｇ１錠,8.6,
2259002R1061,ホクナリンドライシロップ０．１％小児用,ツロブテロール塩酸塩,０．１％１ｇ,9,
2259002R1118,ツロブテロール塩酸塩ＤＳ小児用０．１％「タカタ」,ツロブテロール塩酸塩,０．１％１ｇ,6.9,R9.3.31まで
2259003B1041,イノリン散１％,トリメトキノール塩酸塩水和物,１％１ｇ,22.6,
2259003Q1095,イノリンシロップ０．１％,トリメトキノール塩酸塩水和物,０．１％１ｍＬ,7.1,
2259004F1110,メプチンミニ錠２５μｇ,プロカテロール塩酸塩水和物,０．０２５ｍｇ１錠,7.6,
2259004F2168,メプチン錠５０μｇ,プロカテロール塩酸塩水和物,０．０５ｍｇ１錠,8.2,
2259004Q1014,プロカテロール塩酸塩０．０００５％シロップ,プロカテロール塩酸塩水和物,０．０００５％１ｍＬ,4.1,
2259004Q1111,メプチンシロップ５μｇ／ｍＬ,プロカテロール塩酸塩水和物,０．０００５％１ｍＬ,7.1,
2259004R1036,プロカテロール塩酸塩ＤＳ０．０１％「タカタ」,プロカテロール塩酸塩水和物,０．０１％１ｇ,22.1,
2259004R2024,メプチンドライシロップ０．００５％,プロカテロール塩酸塩水和物,０．００５％１ｇ,26.4,
2259006F1080,スピロペント錠１０μｇ,クレンブテロール塩酸塩,１０μｇ１錠,6.3,
2259006F1098,クレンブテロール錠１０μｇ「ハラサワ」,クレンブテロール塩酸塩,１０μｇ１錠,6.3,
2290001F1028,リフヌア錠４５ｍｇ,ゲーファピキサントクエン酸塩,４５ｍｇ１錠,186.7,
2312001X1014,タンニン酸アルブミン,タンニン酸アルブミン,１ｇ,8,
2312001X1219,タンニン酸アルブミン「ニッコー」,タンニン酸アルブミン,１ｇ,9.5,
2315002X1088,次硝酸ビスマス　シオエ,次硝酸ビスマス,１ｇ,8.3,
2315002X1126,次硝酸ビスマス「メタル」,次硝酸ビスマス,１ｇ,9,
2315002X1215,次硝酸ビスマス「ニッコー」,次硝酸ビスマス,１ｇ,14.6,
2316003B1058,ビオスミン配合散,ビフィズス菌,１ｇ,6.9,
2316003B1066,レベニンＳ配合散,ビフィズス菌,１ｇ,6.9,
2316003F1025,レベニンＳ配合錠,ビフィズス菌,１錠,6.9,
2316004B1036,ビオフェルミンＲ散,耐性乳酸菌,１ｇ,6.9,
2316004F1020,ビオフェルミンＲ錠,耐性乳酸菌,１錠,6.3,
2316009C1026,ミヤＢＭ細粒,酪酸菌,１ｇ,6.7,
2316009F1022,ミヤＢＭ錠,酪酸菌,１錠,6.1,
2316012A1116,アタバニン散,ラクトミン,１ｇ,6.7,
2316012A1132,ビオフェルミン配合散,ラクトミン,１ｇ,6.7,
2316014B1030,ラックビー微粒Ｎ,ビフィズス菌,１％１ｇ,6.9,
2316014F1023,ラックビー錠,ビフィズス菌,１錠,6.3,
2316016B1039,レベニン散,耐性乳酸菌,１ｇ,6.9,
2316016F1022,レベニン錠,耐性乳酸菌,１錠,6.3,
2316017B1041,ビオスリー配合散,酪酸菌,１ｇ,8.4,
2316017F1035,ビオスリー配合錠,酪酸菌,１錠,6.6,
2316017F2023,ビオスリー配合ＯＤ錠,酪酸菌,１錠,6.6,
2316018B1038,ビフィスゲン散,ビフィズス菌,２％１ｇ,6.5,
2316019B1059,ラックビーＲ散,耐性乳酸菌,１ｇ,6.9,
2316020B1027,ビオフェルミン散剤,ビフィズス菌,１ｇ,6.9,
2316020F1029,ビオフェルミン錠剤,ビフィズス菌,１錠,6.1,
2318001B1037,ガスコン散１０％,ジメチコン,１０％１ｇ,6.9,R9.3.31まで
2318001F1012,ジメチコン４０ｍｇ錠,ジメチコン,４０ｍｇ１錠,6.1,
2318001F1063,ガスコン錠４０ｍｇ,ジメチコン,４０ｍｇ１錠,6.1,
2318001F1187,ガスサール錠４０ｍｇ,ジメチコン,４０ｍｇ１錠,6.1,
2318001F3023,ガスコン錠８０ｍｇ,ジメチコン,８０ｍｇ１錠,6.3,
2318001F3040,ジメチコン錠８０ｍｇ「ホリイ」,ジメチコン,８０ｍｇ１錠,6.1,
2318001Q1080,ガスコンドロップ内用液２％,ジメチコン,２％１ｍＬ,3.3,
2318001Q1129,ジメチコン内用液２％「ＦＳＫ」,ジメチコン,２％１ｍＬ,3,
2318001Q1145,ジメチコン内用液２％「ホリイ」,ジメチコン,２％１ｍＬ,3,
2319001C1080,ロペミン小児用細粒０．０５％,ロペラミド塩酸塩,０．０５％１ｇ,11.7,
2319001C1129,ロペラミド塩酸塩細粒小児用０．０５％「ＮＩＧ」,ロペラミド塩酸塩,０．０５％１ｇ,14.9,
2319001C2060,ロペミン細粒０．１％,ロペラミド塩酸塩,０．１％１ｇ,11.2,
2319001F1060,ロペラミド塩酸塩錠１ｍｇ「あすか」,ロペラミド塩酸塩,１ｍｇ１錠,6.3,
2319001M1019,ロペラミド塩酸塩１ｍｇカプセル,ロペラミド塩酸塩,１ｍｇ１カプセル,6.3,
2319001M1213,ロペミンカプセル１ｍｇ,ロペラミド塩酸塩,１ｍｇ１カプセル,8,
2319002X1010,乳酸,乳酸,１０ｇ,20.9,
2319002X1052,乳酸（小堺）,乳酸,１０ｇ,23.8,
2319003X1014,薬用炭,薬用炭,１ｇ,8.5,
2319100F1064,フェロベリン配合錠,ベルベリン塩化物水和物・ゲンノショウコエキス,１錠,8.9,
2319100F1080,リーダイ配合錠,ベルベリン塩化物水和物・ゲンノショウコエキス,１錠,6.3,
2321001F1042,キャベジンＵコーワ錠２５ｍｇ,メチルメチオニンスルホニウムクロライド,２５ｍｇ１錠,6.3,
2323001D3073,アズレン顆粒１％「ツルハラ」,アズレンスルホン酸ナトリウム水和物,１％１ｇ,9.5,
2323001F1250,アズレン錠２ｍｇ「ツルハラ」,アズレンスルホン酸ナトリウム水和物,２ｍｇ１錠,6.3,
2323002D1032,アズロキサ顆粒２．５％,エグアレンナトリウム水和物,２．５％１ｇ,31,
2323002F1025,アズロキサ錠１５ｍｇ,エグアレンナトリウム水和物,１５ｍｇ１錠,25,
2325001C1142,シメチジン細粒２０％「ツルハラ」,シメチジン,２０％１ｇ,6.7,
2325001C2092,カイロック細粒４０％,シメチジン,４０％１ｇ,8.5,
2325001F1017,シメチジン２００ｍｇ錠,シメチジン,２００ｍｇ１錠,6.3,
2325001F1211,タガメット錠２００ｍｇ,シメチジン,２００ｍｇ１錠,7.6,
2325001F2013,シメチジン４００ｍｇ錠,シメチジン,４００ｍｇ１錠,6.3,
2325003B1014,ファモチジン１０％散,ファモチジン,１０％１ｇ,36.8,
2325003B1022,ガスター散１０％,ファモチジン,１０％１ｇ,37.3,
2325003B2010,ファモチジン２％散,ファモチジン,２％１ｇ,9.4,
2325003B2029,ガスター散２％,ファモチジン,２％１ｇ,9.5,
2325003F1016,ファモチジン１０ｍｇ錠,ファモチジン,１０ｍｇ１錠,10.8,
2325003F1024,ガスター錠１０ｍｇ,ファモチジン,１０ｍｇ１錠,10.8,
2325003F2012,ファモチジン２０ｍｇ錠,ファモチジン,２０ｍｇ１錠,10.8,
2325003F2020,ガスター錠２０ｍｇ,ファモチジン,２０ｍｇ１錠,10.8,
2325003F3019,ファモチジン１０ｍｇ口腔内崩壊錠,ファモチジン,１０ｍｇ１錠,10.8,
2325003F3035,ガスターＤ錠１０ｍｇ,ファモチジン,１０ｍｇ１錠,10.8,
2325003F4015,ファモチジン２０ｍｇ口腔内崩壊錠,ファモチジン,２０ｍｇ１錠,10.8,
2325003F4031,ガスターＤ錠２０ｍｇ,ファモチジン,２０ｍｇ１錠,10.8,
2325004C1022,アルタット細粒２０％,ロキサチジン酢酸エステル塩酸塩,２０％１ｇ,70.4,
2325004M1087,アルタットカプセル７５ｍｇ,ロキサチジン酢酸エステル塩酸塩,７５ｍｇ１カプセル,20,
2325004M1095,ロキサチジン酢酸エステル塩酸塩徐放カプセル７５ｍｇ「サワイ」,ロキサチジン酢酸エステル塩酸塩,７５ｍｇ１カプセル,20.6,
2325004M2067,アルタットカプセル３７．５ｍｇ,ロキサチジン酢酸エステル塩酸塩,３７．５ｍｇ１カプセル,12.6,
2325004M2075,ロキサチジン酢酸エステル塩酸塩徐放カプセル３７．５ｍｇ「サワイ」,ロキサチジン酢酸エステル塩酸塩,３７．５ｍｇ１カプセル,10.8,
2325005F1031,アシノン錠１５０ｍｇ,ニザチジン,１５０ｍｇ１錠,12.3,
2325005F1040,ニザチジン錠１５０ｍｇ「ＹＤ」,ニザチジン,１５０ｍｇ１錠,10.8,R9.3.31まで
2325005F2020,アシノン錠７５ｍｇ,ニザチジン,７５ｍｇ１錠,8.6,
2325005M2118,ニザチジンカプセル７５ｍｇ「ＹＤ」,ニザチジン,７５ｍｇ１カプセル,10.8,R9.3.31まで
2325006F1010,ラフチジン５ｍｇ錠,ラフチジン,５ｍｇ１錠,10.8,
2325006F1036,プロテカジン錠５,ラフチジン,５ｍｇ１錠,10.8,
2325006F2016,ラフチジン１０ｍｇ錠,ラフチジン,１０ｍｇ１錠,10.8,
2325006F2032,プロテカジン錠１０,ラフチジン,１０ｍｇ１錠,11.6,
2325006F3020,プロテカジンＯＤ錠５,ラフチジン,５ｍｇ１錠,10.8,
2325006F4027,プロテカジンＯＤ錠１０,ラフチジン,１０ｍｇ１錠,11.6,
2329002D3012,アルジオキサ２５％顆粒,アルジオキサ,２５％１ｇ,8,
2329002D4310,アルジオキサ顆粒５０％「ツルハラ」,アルジオキサ,５０％１ｇ,8,
2329002D4329,アルジオキサ顆粒５０％「あすか」,アルジオキサ,５０％１ｇ,8.5,
2329002F2017,アルジオキサ１００ｍｇ錠,アルジオキサ,１００ｍｇ１錠,10.8,
2329004M1175,ノイエルカプセル２００ｍｇ,セトラキサート塩酸塩,２００ｍｇ１カプセル,6.8,R9.3.31まで
2329005F1014,ピレンゼピン塩酸塩２５ｍｇ錠,ピレンゼピン塩酸塩水和物,２５ｍｇ１錠,6.3,
2329008C1097,アルサルミン細粒９０％,スクラルファート水和物,９０％１ｇ,6.9,
2329008C1135,スクラルファート細粒９０％「ツルハラ」,スクラルファート水和物,９０％１ｇ,6.9,
2329008S1105,アルサルミン内用液１０％,スクラルファート水和物,１０％１ｍＬ,1.8,
2329008S1130,スクラルファート内用液１０％「ＮＩＧ」,スクラルファート水和物,１０％１ｍＬ,1.5,
2329009C2055,ドグマチール細粒１０％,スルピリド,１０％１ｇ,8.7,
2329009C3078,ドグマチール細粒５０％,スルピリド,５０％１ｇ,19.4,
2329009F1012,スルピリド５０ｍｇ錠,スルピリド,５０ｍｇ１錠,6.8,
2329009F1110,ドグマチール錠５０ｍｇ,スルピリド,５０ｍｇ１錠,10.8,
2329009M1364,スルピリドカプセル５０ｍｇ「トーワ」,スルピリド,５０ｍｇ１カプセル,6.8,
2329009M1380,ドグマチールカプセル５０ｍｇ,スルピリド,５０ｍｇ１カプセル,10.8,
2329012C1026,セルベックス細粒１０％,テプレノン,１０％１ｇ,8.1,
2329012C1271,テプレノン細粒１０％「トーワ」,テプレノン,１０％１ｇ,8.9,
2329012C1328,テプレノン細粒１０％「サワイ」,テプレノン,１０％１ｇ,8.9,
2329012C1344,テプレノン細粒１０％「ＹＤ」,テプレノン,１０％１ｇ,8.9,
2329012C1360,テプレノン細粒１０％「ツルハラ」,テプレノン,１０％１ｇ,8.9,
2329012M1013,テプレノン５０ｍｇカプセル,テプレノン,５０ｍｇ１カプセル,10.8,
2329012M1021,セルベックスカプセル５０ｍｇ,テプレノン,５０ｍｇ１カプセル,10.8,
2329019M1040,ウルグートカプセル２００ｍｇ,ベネキサート塩酸塩　ベータデクス,２００ｍｇ１カプセル,8.8,
2329020C1020,ガスロンＮ細粒０．８％,イルソグラジンマレイン酸塩,０．８％１ｇ,22.2,
2329020F1019,イルソグラジンマレイン酸塩２ｍｇ錠,イルソグラジンマレイン酸塩,２ｍｇ１錠,10.6,
2329020F1027,ガスロンＮ錠２ｍｇ,イルソグラジンマレイン酸塩,２ｍｇ１錠,10.8,
2329020F2015,イルソグラジンマレイン酸塩４ｍｇ錠,イルソグラジンマレイン酸塩,４ｍｇ１錠,10.8,
2329020F2023,ガスロンＮ錠４ｍｇ,イルソグラジンマレイン酸塩,４ｍｇ１錠,10.8,
2329020F3020,ガスロンＮ・ＯＤ錠２ｍｇ,イルソグラジンマレイン酸塩,２ｍｇ１錠,10.8,
2329020F4026,ガスロンＮ・ＯＤ錠４ｍｇ,イルソグラジンマレイン酸塩,４ｍｇ１錠,10.8,
2329021D1071,レバミピド顆粒２０％「タカタ」,レバミピド,２０％１ｇ,14.5,
2329021F1013,レバミピド１００ｍｇ錠,レバミピド,１００ｍｇ１錠,10.8,
2329021F1102,ムコスタ錠１００ｍｇ,レバミピド,１００ｍｇ１錠,10.8,
2329021F2010,レバミピド１００ｍｇ口腔内崩壊錠,レバミピド,１００ｍｇ１錠,10.8,
2329022H1019,オメプラゾール２０ｍｇ腸溶錠,オメプラゾール,２０ｍｇ１錠,18.3,
2329022H1043,オメプラール錠２０,オメプラゾール,２０ｍｇ１錠,28.4,
2329022H1140,オメプラゾール錠２０ｍｇ「ＴＳＵ」,オメプラゾール,２０ｍｇ１錠,20.2,
2329022H1191,オメプラゾール錠２０ｍｇ「ケミファ」,オメプラゾール,２０ｍｇ１錠,37.8,
2329022H2015,オメプラゾール１０ｍｇ腸溶錠,オメプラゾール,１０ｍｇ１錠,11.9,
2329022H2023,オメプラール錠１０,オメプラゾール,１０ｍｇ１錠,18.6,
2329022H2082,オメプラゾール錠１０ｍｇ「アメル」,オメプラゾール,１０ｍｇ１錠,13.4,
2329022H2139,オメプラゾール錠１０ｍｇ「ＴＳＵ」,オメプラゾール,１０ｍｇ１錠,13.4,
2329022H2163,オメプラゾール錠１０ｍｇ「ケミファ」,オメプラゾール,１０ｍｇ１錠,24.2,
2329022H2201,オメプラゾール錠１０ｍｇ「トーワ」,オメプラゾール,１０ｍｇ１錠,13.4,
2329023F1012,ランソプラゾール１５ｍｇ腸溶性口腔内崩壊錠,ランソプラゾール,１５ｍｇ１錠,10.8,
2329023F1020,タケプロンＯＤ錠１５,ランソプラゾール,１５ｍｇ１錠,17.9,
2329023F1047,ランソプラゾールＯＤ錠１５ｍｇ「ＤＫ」,ランソプラゾール,１５ｍｇ１錠,21.1,
2329023F1110,ランソプラゾールＯＤ錠１５ｍｇ「ケミファ」,ランソプラゾール,１５ｍｇ１錠,21.1,
2329023F2019,ランソプラゾール３０ｍｇ腸溶性口腔内崩壊錠,ランソプラゾール,３０ｍｇ１錠,17.1,
2329023F2027,タケプロンＯＤ錠３０,ランソプラゾール,３０ｍｇ１錠,29.9,
2329023F2108,ランソプラゾールＯＤ錠３０ｍｇ「サワイ」,ランソプラゾール,３０ｍｇ１錠,18.5,
2329023F2116,ランソプラゾールＯＤ錠３０ｍｇ「ケミファ」,ランソプラゾール,３０ｍｇ１錠,36,
2329023M1020,タケプロンカプセル１５,ランソプラゾール,１５ｍｇ１カプセル,17.9,
2329023M1143,ランソプラゾールカプセル１５ｍｇ「サワイ」,ランソプラゾール,１５ｍｇ１カプセル,10.8,
2329023M1186,ランソプラゾールカプセル１５ｍｇ「ＮＩＧ」,ランソプラゾール,１５ｍｇ１カプセル,21.1,
2329023M2026,タケプロンカプセル３０,ランソプラゾール,３０ｍｇ１カプセル,29.9,
2329023M2140,ランソプラゾールカプセル３０ｍｇ「サワイ」,ランソプラゾール,３０ｍｇ１カプセル,18.5,
2329023M2182,ランソプラゾールカプセル３０ｍｇ「ＮＩＧ」,ランソプラゾール,３０ｍｇ１カプセル,36,
2329024F1025,サイトテック錠２００,ミソプロストール,２００μｇ１錠,14.8,
2329024F2021,サイトテック錠１００,ミソプロストール,１００μｇ１錠,9.6,
2329027D1028,プロマック顆粒１５％,ポラプレジンク,１５％１ｇ,25.9,
2329027D1052,ポラプレジンク顆粒１５％「ＮＳ」,ポラプレジンク,１５％１ｇ,27.1,
2329027F1029,プロマックＤ錠７５,ポラプレジンク,７５ｍｇ１錠,13.7,
2329027F1037,ポラプレジンクＯＤ錠７５ｍｇ「サワイ」,ポラプレジンク,７５ｍｇ１錠,14.3,
2329028F1015,ラベプラゾールナトリウム１０ｍｇ錠,ラベプラゾールナトリウム,１０ｍｇ１錠,17.7,
2329028F1023,パリエット錠１０ｍｇ,ラベプラゾールナトリウム,１０ｍｇ１錠,29,
2329028F1031,ラベプラゾールＮａ錠１０ｍｇ「ＡＡ」,ラベプラゾールナトリウム,１０ｍｇ１錠,21.3,
2329028F1058,ラベプラゾールＮａ錠１０ｍｇ「ＪＧ」,ラベプラゾールナトリウム,１０ｍｇ１錠,32.3,
2329028F1082,ラベプラゾールＮａ錠１０ｍｇ「杏林」,ラベプラゾールナトリウム,１０ｍｇ１錠,21.3,
2329028F1104,ラベプラゾールＮａ錠１０ｍｇ「サワイ」,ラベプラゾールナトリウム,１０ｍｇ１錠,21.3,
2329028F1112,ラベプラゾールＮａ錠１０ｍｇ「トーワ」,ラベプラゾールナトリウム,１０ｍｇ１錠,21.3,
2329028F1120,ラベプラゾールＮａ錠１０ｍｇ「日新」,ラベプラゾールナトリウム,１０ｍｇ１錠,21.3,
2329028F1147,ラベプラゾールＮａ塩錠１０ｍｇ「オーハラ」,ラベプラゾールナトリウム,１０ｍｇ１錠,21.3,
2329028F1155,ラベプラゾールＮａ塩錠１０ｍｇ「明治」,ラベプラゾールナトリウム,１０ｍｇ１錠,21.3,
2329028F1198,ラベプラゾールナトリウム錠１０ｍｇ「ＴＣＫ」,ラベプラゾールナトリウム,１０ｍｇ１錠,21.3,
2329028F1201,ラベプラゾールナトリウム錠１０ｍｇ「科研」,ラベプラゾールナトリウム,１０ｍｇ１錠,21.3,
2329028F1210,ラベプラゾールナトリウム錠１０ｍｇ「ケミファ」,ラベプラゾールナトリウム,１０ｍｇ１錠,21.3,
2329028F1309,ラベプラゾールＮａ錠１０ｍｇ「ニプロ」,ラベプラゾールナトリウム,１０ｍｇ１錠,21.3,
2329028F1317,ラベプラゾールＮａ錠１０ｍｇ「ＡＦＰ」,ラベプラゾールナトリウム,１０ｍｇ１錠,21.3,
2329028F1325,ラベプラゾールＮａ錠１０ｍｇ「ＶＴＲＳ」,ラベプラゾールナトリウム,１０ｍｇ１錠,21.3,
2329028F1333,ラベプラゾールＮａ錠１０ｍｇ「ＮＩＧ」,ラベプラゾールナトリウム,１０ｍｇ１錠,21.3,
2329028F2011,ラベプラゾールナトリウム２０ｍｇ錠,ラベプラゾールナトリウム,２０ｍｇ１錠,22.9,
2329028F2020,パリエット錠２０ｍｇ,ラベプラゾールナトリウム,２０ｍｇ１錠,45.4,
2329028F2038,ラベプラゾールＮａ錠２０ｍｇ「ＡＡ」,ラベプラゾールナトリウム,２０ｍｇ１錠,40.8,
2329028F2054,ラベプラゾールＮａ錠２０ｍｇ「ＪＧ」,ラベプラゾールナトリウム,２０ｍｇ１錠,31.3,
2329028F2062,ラベプラゾールＮａ錠２０ｍｇ「ＹＤ」,ラベプラゾールナトリウム,２０ｍｇ１錠,31.3,
2329028F2100,ラベプラゾールＮａ錠２０ｍｇ「サワイ」,ラベプラゾールナトリウム,２０ｍｇ１錠,40.8,
2329028F2119,ラベプラゾールＮａ錠２０ｍｇ「トーワ」,ラベプラゾールナトリウム,２０ｍｇ１錠,40.8,
2329028F2127,ラベプラゾールＮａ錠２０ｍｇ「日新」,ラベプラゾールナトリウム,２０ｍｇ１錠,40.8,
2329028F2143,ラベプラゾールＮａ塩錠２０ｍｇ「オーハラ」,ラベプラゾールナトリウム,２０ｍｇ１錠,40.8,
2329028F2151,ラベプラゾールＮａ塩錠２０ｍｇ「明治」,ラベプラゾールナトリウム,２０ｍｇ１錠,40.8,
2329028F2194,ラベプラゾールナトリウム錠２０ｍｇ「ＴＣＫ」,ラベプラゾールナトリウム,２０ｍｇ１錠,40.8,
2329028F2208,ラベプラゾールナトリウム錠２０ｍｇ「科研」,ラベプラゾールナトリウム,２０ｍｇ１錠,40.8,
2329028F2216,ラベプラゾールナトリウム錠２０ｍｇ「ケミファ」,ラベプラゾールナトリウム,２０ｍｇ１錠,40.8,
2329028F2224,ラベプラゾールナトリウム錠２０ｍｇ「サンド」,ラベプラゾールナトリウム,２０ｍｇ１錠,31.3,
2329028F2305,ラベプラゾールＮａ錠２０ｍｇ「ニプロ」,ラベプラゾールナトリウム,２０ｍｇ１錠,40.8,
2329028F2321,ラベプラゾールＮａ錠２０ｍｇ「ＶＴＲＳ」,ラベプラゾールナトリウム,２０ｍｇ１錠,40.8,
2329028F2330,ラベプラゾールＮａ錠２０ｍｇ「ＮＩＧ」,ラベプラゾールナトリウム,２０ｍｇ１錠,40.8,
2329028F3018,ラベプラゾールナトリウム５ｍｇ錠,ラベプラゾールナトリウム,５ｍｇ１錠,8.1,
2329028F3026,パリエット錠５ｍｇ,ラベプラゾールナトリウム,５ｍｇ１錠,17.7,
2329028F3034,ラベプラゾールＮａ錠５ｍｇ「ＡＡ」,ラベプラゾールナトリウム,５ｍｇ１錠,11.8,
2329028F3042,ラベプラゾールＮａ錠５ｍｇ「ＪＧ」,ラベプラゾールナトリウム,５ｍｇ１錠,15.7,
2329028F3069,ラベプラゾールＮａ錠５ｍｇ「杏林」,ラベプラゾールナトリウム,５ｍｇ１錠,14.6,
2329028F3077,ラベプラゾールＮａ錠５ｍｇ「サワイ」,ラベプラゾールナトリウム,５ｍｇ１錠,11.8,
2329028F3093,ラベプラゾールＮａ錠５ｍｇ「トーワ」,ラベプラゾールナトリウム,５ｍｇ１錠,11.8,
2329028F3107,ラベプラゾールＮａ錠５ｍｇ「日新」,ラベプラゾールナトリウム,５ｍｇ１錠,15.7,
2329028F3123,ラベプラゾールＮａ塩錠５ｍｇ「オーハラ」,ラベプラゾールナトリウム,５ｍｇ１錠,11.8,
2329028F3131,ラベプラゾールＮａ塩錠５ｍｇ「明治」,ラベプラゾールナトリウム,５ｍｇ１錠,11.8,
2329028F3158,ラベプラゾールナトリウム錠５ｍｇ「ＴＣＫ」,ラベプラゾールナトリウム,５ｍｇ１錠,15.7,
2329028F3166,ラベプラゾールナトリウム錠５ｍｇ「科研」,ラベプラゾールナトリウム,５ｍｇ１錠,29,
2329028F3174,ラベプラゾールナトリウム錠５ｍｇ「ケミファ」,ラベプラゾールナトリウム,５ｍｇ１錠,11.8,
2329028F3182,ラベプラゾールナトリウム錠５ｍｇ「サンド」,ラベプラゾールナトリウム,５ｍｇ１錠,14.7,
2329028F3190,ラベプラゾールナトリウム錠５ｍｇ「日医工」,ラベプラゾールナトリウム,５ｍｇ１錠,11.8,
2329028F3212,ラベプラゾールＮａ錠５ｍｇ「ＶＴＲＳ」,ラベプラゾールナトリウム,５ｍｇ１錠,11.8,
2329028F3239,ラベプラゾールＮａ錠５ｍｇ「ＮＩＧ」,ラベプラゾールナトリウム,５ｍｇ１錠,11.8,
2329029D1027,ネキシウム懸濁用顆粒分包１０ｍｇ,エソメプラゾールマグネシウム水和物,１０ｍｇ１包,39.1,
2329029D2023,ネキシウム懸濁用顆粒分包２０ｍｇ,エソメプラゾールマグネシウム水和物,２０ｍｇ１包,70.4,
2329029M1027,ネキシウムカプセル１０ｍｇ,エソメプラゾールマグネシウム水和物,１０ｍｇ１カプセル,27.2,
2329029M1035,エソメプラゾールカプセル１０ｍｇ「ＤＳＥＰ」,エソメプラゾールマグネシウム水和物,１０ｍｇ１カプセル,19.4,
2329029M1043,エソメプラゾールカプセル１０ｍｇ「ＹＤ」,エソメプラゾールマグネシウム水和物,１０ｍｇ１カプセル,19.4,
2329029M1051,エソメプラゾールカプセル１０ｍｇ「杏林」,エソメプラゾールマグネシウム水和物,１０ｍｇ１カプセル,19.4,
2329029M1060,エソメプラゾールカプセル１０ｍｇ「ケミファ」,エソメプラゾールマグネシウム水和物,１０ｍｇ１カプセル,19.4,
2329029M1078,エソメプラゾールカプセル１０ｍｇ「サワイ」,エソメプラゾールマグネシウム水和物,１０ｍｇ１カプセル,19.4,
2329029M1086,エソメプラゾールカプセル１０ｍｇ「トーワ」,エソメプラゾールマグネシウム水和物,１０ｍｇ１カプセル,19.4,
2329029M1094,エソメプラゾールカプセル１０ｍｇ「日新」,エソメプラゾールマグネシウム水和物,１０ｍｇ１カプセル,19.4,
2329029M1108,エソメプラゾールカプセル１０ｍｇ「ニプロ」,エソメプラゾールマグネシウム水和物,１０ｍｇ１カプセル,19.4,
2329029M2023,ネキシウムカプセル２０ｍｇ,エソメプラゾールマグネシウム水和物,２０ｍｇ１カプセル,48.2,
2329029M2031,エソメプラゾールカプセル２０ｍｇ「ＤＳＥＰ」,エソメプラゾールマグネシウム水和物,２０ｍｇ１カプセル,33.7,
2329029M2040,エソメプラゾールカプセル２０ｍｇ「ＹＤ」,エソメプラゾールマグネシウム水和物,２０ｍｇ１カプセル,33.7,
2329029M2058,エソメプラゾールカプセル２０ｍｇ「杏林」,エソメプラゾールマグネシウム水和物,２０ｍｇ１カプセル,33.7,
2329029M2066,エソメプラゾールカプセル２０ｍｇ「ケミファ」,エソメプラゾールマグネシウム水和物,２０ｍｇ１カプセル,33.7,
2329029M2074,エソメプラゾールカプセル２０ｍｇ「サワイ」,エソメプラゾールマグネシウム水和物,２０ｍｇ１カプセル,33.7,
2329029M2082,エソメプラゾールカプセル２０ｍｇ「トーワ」,エソメプラゾールマグネシウム水和物,２０ｍｇ１カプセル,33.7,
2329029M2090,エソメプラゾールカプセル２０ｍｇ「日新」,エソメプラゾールマグネシウム水和物,２０ｍｇ１カプセル,33.7,
2329029M2104,エソメプラゾールカプセル２０ｍｇ「ニプロ」,エソメプラゾールマグネシウム水和物,２０ｍｇ１カプセル,33.7,
2329030F1020,タケキャブ錠１０ｍｇ,ボノプラザンフマル酸塩,１０ｍｇ１錠,91.6,
2329030F2027,タケキャブ錠２０ｍｇ,ボノプラザンフマル酸塩,２０ｍｇ１錠,136.7,
2329030F3023,タケキャブＯＤ錠１０ｍｇ,ボノプラザンフマル酸塩,１０ｍｇ１錠,91.6,
2329030F4020,タケキャブＯＤ錠２０ｍｇ,ボノプラザンフマル酸塩,２０ｍｇ１錠,136.7,
2329107D1100,レスポリックス配合顆粒,ジサイクロミン・水酸化アルミニウム配合剤,１ｇ,8.6,
2329116R1041,アルロイドＧ顆粒溶解用６７％,アルギン酸ナトリウム,１ｇ,13.3,
2329116S1094,アルロイドＧ内用液５％,アルギン酸ナトリウム,１０ｍＬ,9,
2329122D1414,マーズレンＳ配合顆粒,アズレンスルホン酸ナトリウム水和物・Ｌ－グルタミン,１ｇ,9.4,
2329122D1422,マナミンＧＡ配合顆粒,アズレンスルホン酸ナトリウム水和物・Ｌ－グルタミン,１ｇ,6.9,
2329122D1465,アズレンスルホン酸ナトリウム・Ｌ－グルタミン配合顆粒「クニヒロ」,アズレンスルホン酸ナトリウム水和物・Ｌ－グルタミン,１ｇ,6.9,
2329122F1032,マーズレン配合錠１．０ＥＳ,アズレンスルホン酸ナトリウム水和物・Ｌ－グルタミン,１錠,10.1,
2329122F2020,マーズレン配合錠０．５ＥＳ,アズレンスルホン酸ナトリウム水和物・Ｌ－グルタミン,１錠,7.1,
2329122F3027,マーズレン配合錠０．３７５ＥＳ,アズレンスルホン酸ナトリウム水和物・Ｌ－グルタミン,１錠,6.3,
2331001X1010,含糖ペプシン,含糖ペプシン,１０ｇ,19.6,
2331003X1019,ジアスターゼ,ジアスターゼ,１０ｇ,24.2,
2331003X1094,ジアスターゼ　シオエ,ジアスターゼ,１０ｇ,31,
2331003X1191,ジアスターゼ（山善）,ジアスターゼ,１０ｇ,27.4,
2331003X1230,ジアスターゼ「ニッコー」,ジアスターゼ,１０ｇ,28.1,
2331006X1012,パンクレアチン,パンクレアチン,１ｇ,8,
2331006X1195,パンクレアチン「ヨシダ」,パンクレアチン,１ｇ,9.1,
2331007D1029,リパクレオン顆粒３００ｍｇ分包,パンクレリパーゼ,３００ｍｇ１包,56.4,
2331007M1029,リパクレオンカプセル１５０ｍｇ,パンクレリパーゼ,１５０ｍｇ１カプセル,30.1,
2332001X1017,乾燥酵母,乾燥酵母,１０ｇ,27.4,
2333001X1014,苦味チンキ,苦味チンキ,１０ｍＬ,16,
2333001X1227,苦味チンキ「ニッコー」,苦味チンキ,１０ｍＬ,17.2,
2333002X1019,コンズランゴ流エキス,コンズランゴ流エキス,１ｍＬ,15.7,
2333004Q1013,トウヒシロップ,トウヒ,１０ｍＬ,13,
2333004S1010,トウヒチンキ,トウヒチンキ,１ｍＬ,10.9,
2333005B1015,ホミカエキス散,ホミカエキス,１ｇ,8,
2333005X1012,ホミカエキス,ホミカエキス,１ｇ,8,
2333006X1017,ホミカチンキ,ホミカチンキ,１０ｍＬ,69.7,
2334001X1011,ケイヒ油,ケイヒ油,１ｍＬ,10.7,
2335001X1019,希塩酸,希塩酸,１０ｍＬ,18.6,
2339003B1192,ガランターゼ散５０％,β－ガラクトシダーゼ（アスペルギルス）,５０％１ｇ,20.7,
2339004C1036,ミルラクト細粒５０％,β－ガラクトシダーゼ（ペニシリウム）,５０％１ｇ,51.7,
2339101B1027,健胃散「スズ」,炭酸水素ナトリウム・ニガキ,１ｇ,6.9,
2339106B1011,センブリ・重曹散,センブリ・重曹,１ｇ,8,
2339161P1042,フェンラーゼ配合カプセル,ビオヂアスターゼ１０００配合剤,１カプセル,6.3,R9.3.31まで
2339163D1037,ベリチーム配合顆粒,膵臓性消化酵素配合剤,１ｇ,26.2,
2339177B1038,Ｓ・Ｍ配合散,タカヂアスターゼ・生薬配合剤,１ｇ,6.9,
2339178B1040,ＨＭ散,ジアスターゼ・生薬配合剤,１ｇ,6.9,
2339178B1075,ＮＩＭ配合散,ジアスターゼ・生薬配合剤,１ｇ,6.9,
2339181B1034,Ｍ・Ｍ配合散,ビオヂアスターゼ・生薬配合剤,１ｇ,6.9,
2339185B1024,ＫＭ散,ジアスターゼ・生薬配合剤,１ｇ,6.9,
2339193B1029,ＹＭ散「イセイ」,ビオヂアスターゼ・生薬配合剤,１ｇ,6.9,
2339226D1034,ケイラーゼＳＡ配合顆粒,ビオヂアスターゼ２０００配合剤,１ｇ,9.8,
2339265F1027,マックターゼ配合錠,ビオヂアスターゼ２０００配合剤,１錠,6.3,
2339266B1020,つくしＡ・Ｍ配合散,カンゾウ末配合剤,１ｇ,6.9,
2343001X1010,合成ケイ酸アルミニウム,合成ケイ酸アルミニウム,１０ｇ,19.4,
2343002X1015,天然ケイ酸アルミニウム,天然ケイ酸アルミニウム,１０ｇ,7.7,
2343005C1017,乾燥水酸化アルミニウムゲル細粒,乾燥水酸化アルミニウムゲル,１ｇ,7.2,
2343005X1019,乾燥水酸化アルミニウムゲル,乾燥水酸化アルミニウムゲル,１ｇ,8,
2344001X1018,ケイ酸マグネシウム,ケイ酸マグネシウム,１０ｇ,7,
2344002X1012,酸化マグネシウム,酸化マグネシウム,１０ｇ,10,
2344002X1055,重質酸化マグネシウム「ケンエー」,酸化マグネシウム,１０ｇ,15.6,
2344002X1063,酸化マグネシウム「コザカイ・Ｍ」,酸化マグネシウム,１０ｇ,11.3,
2344002X1080,重質酸化マグネシウム　シオエ,酸化マグネシウム,１０ｇ,15.6,
2344002X1101,重質酸化マグネシウム「東海」,酸化マグネシウム,１０ｇ,15.6,
2344002X1217,重質酸化マグネシウム「ニッコー」,酸化マグネシウム,１０ｇ,16.5,
2344002X1241,重カマ「ヨシダ」,酸化マグネシウム,１０ｇ,16.5,
2344002X1322,酸化マグネシウム原末「マルイシ」,酸化マグネシウム,１０ｇ,15.6,
2344002X1349,酸化マグネシウム「ＮＰ」原末,酸化マグネシウム,１０ｇ,16.5,
2344003F1038,ミルマグ錠３５０ｍｇ,水酸化マグネシウム,３５０ｍｇ１錠,6.3,
2344003S2024,ミルマグ内用懸濁液７．２％,水酸化マグネシウム,７．２％１０ｍＬ,13.7,R9.3.31まで
2344004X1011,炭酸水素ナトリウム,炭酸水素ナトリウム,１０ｇ,8,
2344004X1119,炭酸水素ナトリウム　シオエ,炭酸水素ナトリウム,１０ｇ,9.2,
2344005F1061,炭酸水素ナトリウム錠５００ｍｇ「ＶＴＲＳ」,炭酸水素ナトリウム,５００ｍｇ１錠,6.3,
2344007X1015,沈降炭酸カルシウム,沈降炭酸カルシウム,１０ｇ,8,
2344007X1031,沈降炭酸カルシウム「ケンエー」,沈降炭酸カルシウム,１０ｇ,9.7,
2344008F1081,炭カル錠５００ｍｇ「旭化成」,沈降炭酸カルシウム,５００ｍｇ１錠,6.3,
2344009C1039,酸化マグネシウム細粒８３％「ケンエー」,酸化マグネシウム,８３％１ｇ,8.4,
2344009C1047,酸化マグネシウム細粒８３％〈ハチ〉,酸化マグネシウム,８３％１ｇ,8.4,R9.3.31まで
2344009C1055,マグミット細粒８３％,酸化マグネシウム,８３％１ｇ,8.6,
2344009C1063,酸化マグネシウム細粒８３％「ヨシダ」,酸化マグネシウム,８３％１ｇ,8.4,
2344009F1019,酸化マグネシウム２５０ｍｇ錠,酸化マグネシウム,２５０ｍｇ１錠,6.1,
2344009F1035,マグミット錠２５０ｍｇ,酸化マグネシウム,２５０ｍｇ１錠,6.3,
2344009F2015,酸化マグネシウム３３０ｍｇ錠,酸化マグネシウム,３３０ｍｇ１錠,6.1,
2344009F2031,マグミット錠３３０ｍｇ,酸化マグネシウム,３３０ｍｇ１錠,6.3,
2344009F3038,マグミット錠２００ｍｇ,酸化マグネシウム,２００ｍｇ１錠,6.3,
2344009F3046,酸化マグネシウム錠２００ｍｇ「ヨシダ」,酸化マグネシウム,２００ｍｇ１錠,6.1,
2344009F4018,酸化マグネシウム５００ｍｇ錠,酸化マグネシウム,５００ｍｇ１錠,6.1,
2344009F4034,マグミット錠５００ｍｇ,酸化マグネシウム,５００ｍｇ１錠,6.3,
2344009F5030,酸化マグネシウム錠３００ｍｇ「ヨシダ」,酸化マグネシウム,３００ｍｇ１錠,6.1,
2344009F6037,酸化マグネシウム錠４００ｍｇ「ヨシダ」,酸化マグネシウム,４００ｍｇ１錠,6.1,
2344009F7025,マグミット錠１００ｍｇ,酸化マグネシウム,１００ｍｇ１錠,12.7,
2349101D1202,ディクアノン懸濁用配合顆粒,水酸化アルミニウムゲル・水酸化マグネシウム,１ｇ,6.9,
2349101D1237,マルファ懸濁用配合顆粒,水酸化アルミニウムゲル・水酸化マグネシウム,１ｇ,8.9,R9.3.31まで
2349101D1245,マーレッジ懸濁用配合ＤＳ,水酸化アルミニウムゲル・水酸化マグネシウム,１ｇ,6.9,R9.3.31まで
2349101D1261,リタロクス懸濁用配合顆粒,水酸化アルミニウムゲル・水酸化マグネシウム,１ｇ,6.9,
2354001X1022,カスカラサグラダ流エキス（司生堂）,カスカラサグラダ流エキス,１０ｍＬ,13.4,
2354002F1030,アジャストＡコーワ錠４０ｍｇ,センナエキス,４０ｍｇ１錠,6.3,
2354002F2028,ヨーデルＳ糖衣錠－８０,センナエキス,８０ｍｇ１錠,6.3,
2354003F2014,センノシド１２ｍｇ錠,センノシド,１２ｍｇ１錠,5.5,
2354003F2316,プルゼニド錠１２ｍｇ,センノシド,１２ｍｇ１錠,6.1,
2355001X1011,硫酸カリウム,硫酸カリウム,１０ｇ,12.1,
2355002X1016,硫酸マグネシウム水和物,硫酸マグネシウム水和物,１０ｇ,8,
2356001X1019,ヒマシ油,ヒマシ油,１０ｍＬ,11.9,
2356001X1124,ヒマシ油「東海」,ヒマシ油,１０ｍＬ,13.4,
2356001X1183,ヒマシ油（山善）,ヒマシ油,１０ｍＬ,14.2,
2356001X1248,ヒマシ油「ニッコー」,ヒマシ油,１０ｍＬ,13.4,
2356002X1013,加香ヒマシ油,加香ヒマシ油,１０ｍＬ,12.4,
2359001X2017,カルメロースナトリウム,カルメロースナトリウム,１ｇ,8,
2359005D1128,ピコスルファートナトリウム顆粒１％「ゼリア」,ピコスルファートナトリウム水和物,１％１ｇ,13.2,
2359005F1013,ピコスルファートナトリウム２．５ｍｇ錠,ピコスルファートナトリウム水和物,２．５ｍｇ１錠,6.3,
2359005F1218,ラキソベロン錠２．５ｍｇ,ピコスルファートナトリウム水和物,２．５ｍｇ１錠,6.3,
2359005R1109,スナイリンドライシロップ１％,ピコスルファートナトリウム水和物,１％１ｇ,18.5,
2359005S1011,ピコスルファートナトリウム０．７５％液,ピコスルファートナトリウム水和物,０．７５％１ｍＬ,7.3,
2359005S1240,ラキソベロン内用液０．７５％,ピコスルファートナトリウム水和物,０．７５％１ｍＬ,11.6,
2359005S1291,ピコスルファートナトリウム内用液０．７５％「ＪＧ」,ピコスルファートナトリウム水和物,０．７５％１ｍＬ,8.5,
2359005S1356,ピコスルファートＮａ内用液０．７５％「ＮＩＧ」,ピコスルファートナトリウム水和物,０．７５％１ｍＬ,8.5,
2359006M1025,アミティーザカプセル２４μｇ,ルビプロストン,２４μｇ１カプセル,89,
2359006M2021,アミティーザカプセル１２μｇ,ルビプロストン,１２μｇ１カプセル,46.6,
2359007F1020,スインプロイク錠０．２ｍｇ,ナルデメジントシル酸塩,０．２ｍｇ１錠,277.1,
2359008F1025,グーフィス錠５ｍｇ,エロビキシバット水和物,５ｍｇ１錠,77.4,
2359102X1056,ピムロ顆粒,センナ・センナ実,１ｇ,7.9,
2359102X1072,アローゼン顆粒,センナ・センナ実,１ｇ,6.9,
2359103X1034,セチロ配合錠,ダイオウ・センナ配合剤,１錠,6.3,
2359106B1022,複方甘草散「スズ」,複方カンゾウ,１ｇ,6.4,
2359110B1037,モビコール配合内用剤ＬＤ,マクロゴール４０００・塩化ナトリウム・炭酸水素ナトリウム・塩化カリウム,６．８５２３ｇ１包,59.3,
2359110B2025,モビコール配合内用剤ＨＤ,マクロゴール４０００・塩化ナトリウム・炭酸水素ナトリウム・塩化カリウム,１３．７０４６ｇ１包,107.5,
2362001D1060,ウルソ顆粒５％,ウルソデオキシコール酸,５％１ｇ,8,
2362001F1088,ウルソ錠５０ｍｇ,ウルソデオキシコール酸,５０ｍｇ１錠,10.8,
2362001F1100,ウルソデオキシコール酸錠５０ｍｇ「ＪＧ」,ウルソデオキシコール酸,５０ｍｇ１錠,10.8,
2362001F1118,ウルソデオキシコール酸錠５０ｍｇ「トーワ」,ウルソデオキシコール酸,５０ｍｇ１錠,10.8,
2362001F1142,ウルソデオキシコール酸錠５０ｍｇ「ＮＩＧ」,ウルソデオキシコール酸,５０ｍｇ１錠,10.8,
2362001F2017,ウルソデオキシコール酸１００ｍｇ錠,ウルソデオキシコール酸,１００ｍｇ１錠,10.8,
2362001F2149,ウルソ錠１００ｍｇ,ウルソデオキシコール酸,１００ｍｇ１錠,10.8,
2362001F2190,ウルソデオキシコール酸錠１００ｍｇ「ＪＧ」,ウルソデオキシコール酸,１００ｍｇ１錠,10.8,
2362001F2211,ウルソデオキシコール酸錠１００ｍｇ「サワイ」,ウルソデオキシコール酸,１００ｍｇ１錠,10.8,
2362001F2220,ウルソデオキシコール酸錠１００ｍｇ「トーワ」,ウルソデオキシコール酸,１００ｍｇ１錠,10.8,
2362001F2254,ウルソデオキシコール酸錠１００ｍｇ「ＮＩＧ」,ウルソデオキシコール酸,１００ｍｇ１錠,10.8,
2362003M2031,チノカプセル１２５,ケノデオキシコール酸,１２５ｍｇ１カプセル,19.5,R9.3.31まで
2369003F1037,スパカール錠４０ｍｇ,トレピブトン,４０ｍｇ１錠,13.9,
2391001F3023,オンダンセトロンＯＤフィルム２ｍｇ「ＧＦＰ」,オンダンセトロン塩酸塩水和物,２ｍｇ１錠,255.1,
2391001F4020,オンダンセトロンＯＤフィルム４ｍｇ「ＧＦＰ」,オンダンセトロン塩酸塩水和物,４ｍｇ１錠,303.8,
2391002C1037,カイトリル細粒０．４％,グラニセトロン塩酸塩,２ｍｇ１包,547.1,
2391002F1025,カイトリル錠１ｍｇ,グラニセトロン塩酸塩,１ｍｇ１錠,255.1,
2391002F2021,カイトリル錠２ｍｇ,グラニセトロン塩酸塩,２ｍｇ１錠,557.8,
2391002Q1026,グラニセトロン内服ゼリー１ｍｇ「ケミファ」,グラニセトロン塩酸塩,１ｍｇ１包,360.4,
2391002Q2022,グラニセトロン内服ゼリー２ｍｇ「ケミファ」,グラニセトロン塩酸塩,２ｍｇ１包,564.2,
2391004F1024,ナゼアＯＤ錠０．１ｍｇ,ラモセトロン塩酸塩,０．１ｍｇ１錠,590.8,
2391008M1030,アプレピタントカプセル８０ｍｇ「ＮＫ」,アプレピタント,８０ｍｇ１カプセル,565.9,
2391008M1048,アプレピタントカプセル８０ｍｇ「サワイ」,アプレピタント,８０ｍｇ１カプセル,565.9,
2391008M2036,アプレピタントカプセル１２５ｍｇ「ＮＫ」,アプレピタント,１２５ｍｇ１カプセル,942,
2391008M2044,アプレピタントカプセル１２５ｍｇ「サワイ」,アプレピタント,１２５ｍｇ１カプセル,942,
2391008M3032,アプレピタントカプセルセット「ＮＫ」,アプレピタント,１セット,2073.8,
2391008M3040,アプレピタントカプセルセット「サワイ」,アプレピタント,１セット,2073.8,
2399004C1077,プリンペラン細粒２％,メトクロプラミド,２％１ｇ,11.2,
2399004C1107,メトクロプラミド細粒２％「ツルハラ」,メトクロプラミド,２％１ｇ,6.9,
2399004F1014,メトクロプラミド５ｍｇ錠,メトクロプラミド,５ｍｇ１錠,10.8,
2399004F1200,プリンペラン錠５,メトクロプラミド,５ｍｇ１錠,10.8,
2399004Q1090,プリンペランシロップ０．１％,メトクロプラミド,０．１％１０ｍＬ,22,
2399005F1019,ドンペリドン５ｍｇ錠,ドンペリドン,５ｍｇ１錠,6.3,
2399005F1027,ナウゼリン錠５,ドンペリドン,５ｍｇ１錠,6.3,
2399005F1183,ドンペリドン錠５ｍｇ「ＥＭＥＣ」,ドンペリドン,５ｍｇ１錠,8.9,
2399005F2015,ドンペリドン１０ｍｇ錠,ドンペリドン,１０ｍｇ１錠,6.3,
2399005F2023,ナウゼリン錠１０,ドンペリドン,１０ｍｇ１錠,7.8,
2399005F2260,ドンペリドン錠１０ｍｇ「ＥＭＥＣ」,ドンペリドン,１０ｍｇ１錠,8.9,
2399005F3020,ナウゼリンＯＤ錠５,ドンペリドン,５ｍｇ１錠,6.3,
2399005F4026,ナウゼリンＯＤ錠１０,ドンペリドン,１０ｍｇ１錠,7.8,
2399005R1163,ナウゼリンドライシロップ１％,ドンペリドン,１％１ｇ,8.4,
2399005R1210,ドンペリドンＤＳ小児用１％「サワイ」,ドンペリドン,１％１ｇ,6.9,
2399006C1190,トリメブチンマレイン酸塩細粒２０％「ツルハラ」,トリメブチンマレイン酸塩,２０％１ｇ,13.7,
2399006F1013,トリメブチンマレイン酸塩１００ｍｇ錠,トリメブチンマレイン酸塩,１００ｍｇ１錠,6.3,
2399008F1020,ガナトン錠５０ｍｇ,イトプリド塩酸塩,５０ｍｇ１錠,7.1,
2399008F1110,イトプリド塩酸塩錠５０ｍｇ「サワイ」,イトプリド塩酸塩,５０ｍｇ１錠,6.3,
2399009D2020,ペンタサ顆粒９４％,メサラジン,９４％１ｇ,96,
2399009F1092,メサラジン錠２５０ｍｇ「ケミファ」,メサラジン,２５０ｍｇ１錠,16.8,
2399009F1149,ペンタサ錠２５０ｍｇ,メサラジン,２５０ｍｇ１錠,26.1,
2399009F1181,メサラジン徐放錠２５０ｍｇ「日医工Ｐ」,メサラジン,２５０ｍｇ１錠,13.8,
2399009F1190,メサラジン徐放錠２５０ｍｇ「トーワ」,メサラジン,２５０ｍｇ１錠,13.8,
2399009F2030,ペンタサ錠５００ｍｇ,メサラジン,５００ｍｇ１錠,45.8,
2399009F2064,メサラジン錠５００ｍｇ「ケミファ」,メサラジン,５００ｍｇ１錠,23.9,
2399009F2170,メサラジン徐放錠５００ｍｇ「日医工Ｐ」,メサラジン,５００ｍｇ１錠,23.9,
2399009F2188,メサラジン徐放錠５００ｍｇ「トーワ」,メサラジン,５００ｍｇ１錠,23.9,
2399009F3028,アサコール錠４００ｍｇ,メサラジン,４００ｍｇ１錠,26.7,
2399009F3044,メサラジン腸溶錠４００ｍｇ「サワイ」,メサラジン,４００ｍｇ１錠,15.7,
2399009F4024,リアルダ錠１２００ｍｇ,メサラジン,１，２００ｍｇ１錠,162.2,
2399009F5020,リアルダ錠６００ｍｇ,メサラジン,６００ｍｇ１錠,93.3,
2399010B1034,ガスモチン散１％,モサプリドクエン酸塩水和物,１％１ｇ,17.2,R9.3.31まで
2399010B1050,モサプリドクエン酸塩散１％「日医工」,モサプリドクエン酸塩水和物,１％１ｇ,8.9,
2399010F1010,モサプリドクエン酸塩２．５ｍｇ錠,モサプリドクエン酸塩水和物,２．５ｍｇ１錠,10.5,
2399010F1028,ガスモチン錠２．５ｍｇ,モサプリドクエン酸塩水和物,２．５ｍｇ１錠,10.8,
2399010F2016,モサプリドクエン酸塩５ｍｇ錠,モサプリドクエン酸塩水和物,５ｍｇ１錠,10.8,
2399010F2024,ガスモチン錠５ｍｇ,モサプリドクエン酸塩水和物,５ｍｇ１錠,10.8,
2399011C1050,ポリフル細粒８３．３％,ポリカルボフィルカルシウム,８３．３％１ｇ,19.4,
2399011C1069,ポリカルボフィルＣａ細粒８３．３％「日医工」,ポリカルボフィルカルシウム,８３．３％１ｇ,26.7,
2399011F1030,ポリフル錠５００ｍｇ,ポリカルボフィルカルシウム,５００ｍｇ１錠,8.5,
2399012M1026,エボザックカプセル３０ｍｇ,セビメリン塩酸塩水和物,３０ｍｇ１カプセル,57.5,
2399012M1034,サリグレンカプセル３０ｍｇ,セビメリン塩酸塩水和物,３０ｍｇ１カプセル,54.5,
2399013D1020,サラジェン顆粒０．５％,ピロカルピン塩酸塩,５ｍｇ１包,45.2,
2399013F1021,サラジェン錠５ｍｇ,ピロカルピン塩酸塩,５ｍｇ１錠,47.6,
2399014F1026,イリボー錠２．５μｇ,ラモセトロン塩酸塩,２．５μｇ１錠,30.1,
2399014F2022,イリボー錠５μｇ,ラモセトロン塩酸塩,５μｇ１錠,48.8,
2399014F3029,イリボーＯＤ錠２．５μｇ,ラモセトロン塩酸塩,２．５μｇ１錠,30.1,
2399014F4025,イリボーＯＤ錠５μｇ,ラモセトロン塩酸塩,５μｇ１錠,48.8,
2399015F1020,アコファイド錠１００ｍｇ,アコチアミド塩酸塩水和物,１００ｍｇ１錠,28.4,
2399016G1020,コレチメント錠９ｍｇ,ブデソニド,９ｍｇ１錠,595.4,
2399016M1024,ゼンタコートカプセル３ｍｇ,ブデソニド,３ｍｇ１カプセル,145.4,
2399017F1020,リンゼス錠０．２５ｍｇ,リナクロチド,０．２５ｍｇ１錠,57.8,
2399018F1024,カログラ錠１２０ｍｇ,カロテグラストメチル,１２０ｍｇ１錠,199.1,
2399019M1028,ゼポジアカプセル０．９２ｍｇ,オザニモド塩酸塩,０．９２ｍｇ１カプセル,4784.6,
2399019X1024,ゼポジアカプセルスターターパック,オザニモド塩酸塩,１シート,12263.8,
2399020F1021,ベルスピティ錠２ｍｇ,エトラシモドＬ－アルギニン,２ｍｇ１錠,4774.1,
2419001F1023,ミニリンメルトＯＤ錠１２０μｇ,デスモプレシン酢酸塩水和物,１２０μｇ１錠,109.6,
2419001F2020,ミニリンメルトＯＤ錠２４０μｇ,デスモプレシン酢酸塩水和物,２４０μｇ１錠,179.4,
2419001F3026,ミニリンメルトＯＤ錠６０μｇ,デスモプレシン酢酸塩水和物,６０μｇ１錠,60.3,
2419001F4022,ミニリンメルトＯＤ錠２５μｇ,デスモプレシン酢酸塩水和物,２５μｇ１錠,38.2,
2419001F5029,ミニリンメルトＯＤ錠５０μｇ,デスモプレシン酢酸塩水和物,５０μｇ１錠,64.9,
2431001X1015,乾燥甲状腺,乾燥甲状腺,１ｇ,63,
2431003F1019,リオチロニンナトリウム錠,リオチロニンナトリウム,５μｇ１錠,10.8,
2431003F2015,リオチロニンナトリウム錠,リオチロニンナトリウム,２５μｇ１錠,10.8,
2431004B1038,チラーヂンＳ散０．０１％,レボチロキシンナトリウム水和物,０．０１％１ｇ,59.1,
2431004F1013,レボチロキシンナトリウム５０μｇ錠,レボチロキシンナトリウム水和物,５０μｇ１錠,10.8,
2431004F1056,チラーヂンＳ錠５０μｇ,レボチロキシンナトリウム水和物,５０μｇ１錠,10.8,
2431004F2010,レボチロキシンナトリウム２５μｇ錠,レボチロキシンナトリウム水和物,２５μｇ１錠,10.8,
2431004F2052,チラーヂンＳ錠２５μｇ,レボチロキシンナトリウム水和物,２５μｇ１錠,10.8,
2431004F3016,レボチロキシンナトリウム錠,レボチロキシンナトリウム水和物,１００μｇ１錠,11.6,
2431004F4012,レボチロキシンナトリウム錠,レボチロキシンナトリウム水和物,１２．５μｇ１錠,10.8,
2431004F5019,レボチロキシンナトリウム錠,レボチロキシンナトリウム水和物,７５μｇ１錠,10.8,
2432001F1017,チアマゾール錠,チアマゾール,５ｍｇ１錠,10.8,
2432001F2021,メルカゾール錠２．５ｍｇ,チアマゾール,２．５ｍｇ１錠,10.8,
2432002F1011,プロピルチオウラシル錠,プロピルチオウラシル,５０ｍｇ１錠,10.8,
2449003F1021,プリモボラン錠５ｍｇ,メテノロン酢酸エステル,５ｍｇ１錠,11.9,
2452001F1036,コートン錠２５ｍｇ,コルチゾン酢酸エステル,２５ｍｇ１錠,12.7,
2452002F1030,コートリル錠１０ｍｇ,ヒドロコルチゾン,１０ｍｇ１錠,7.4,
2452003F1035,フロリネフ錠０．１ｍｇ,フルドロコルチゾン酢酸エステル,０．１ｍｇ１錠,188.7,
2454002F1183,デカドロン錠０．５ｍｇ,デキサメタゾン,０．５ｍｇ１錠,6.3,
2454002F2023,レナデックス錠４ｍｇ,デキサメタゾン,４ｍｇ１錠,162.8,
2454002F3020,デカドロン錠４ｍｇ,デキサメタゾン,４ｍｇ１錠,23.4,
2454002S1157,デキサメタゾンエリキシル０．０１％「日新」,デキサメタゾン,０．０１％１ｍＬ,7.1,
2454003F1030,レダコート錠４ｍｇ,トリアムシノロン,４ｍｇ１錠,9.5,
2454004B1040,リンデロン散０．１％,ベタメタゾン,０．１％１ｇ,19,
2454004B1067,ベタメタゾン散０．１％「フソー」,ベタメタゾン,０．１％１ｇ,15,
2454004F2081,ベタメタゾン錠０．５ｍｇ「サワイ」,ベタメタゾン,０．５ｍｇ１錠,10.8,
2454004F2090,リンデロン錠０．５ｍｇ,ベタメタゾン,０．５ｍｇ１錠,10.8,
2454004Q1078,リンデロンシロップ０．０１％,ベタメタゾン,０．０１％１ｍＬ,7.1,
2456001F1019,プレドニゾロン錠,プレドニゾロン,５ｍｇ１錠,10.5,
2456001F1345,プレドニゾロン錠５ｍｇ（旭化成）,プレドニゾロン,５ｍｇ１錠,10.1,
2456001F2015,プレドニゾロン錠,プレドニゾロン,１ｍｇ１錠,8.9,
2456001F3011,プレドニゾロン錠,プレドニゾロン,２．５ｍｇ１錠,10.5,
2456001T1012,プレドニゾロン,プレドニゾロン,１ｇ,1082.9,
2456002B1062,プレドニゾロン散「タケダ」１％,プレドニゾロン,１％１ｇ,8.7,
2456003F1034,メドロール錠２ｍｇ,メチルプレドニゾロン,２ｍｇ１錠,6.3,
2456003F2030,メドロール錠４ｍｇ,メチルプレドニゾロン,４ｍｇ１錠,7.9,
2459100F1120,エンペラシン配合錠,ベタメタゾン・ｄ－クロルフェニラミンマレイン酸塩,１錠,6.3,
2459100F1146,サクコルチン配合錠,ベタメタゾン・ｄ－クロルフェニラミンマレイン酸塩,１錠,6.3,
2459100F1162,セレスタミン配合錠,ベタメタゾン・ｄ－クロルフェニラミンマレイン酸塩,１錠,7.2,
2459100F1189,プラデスミン配合錠,ベタメタゾン・ｄ－クロルフェニラミンマレイン酸塩,１錠,6.3,
2459100F1197,ベタセレミン配合錠,ベタメタゾン・ｄ－クロルフェニラミンマレイン酸塩,１錠,6.3,
2459100Q1031,セレスタミン配合シロップ,ベタメタゾン・ｄ－クロルフェニラミンマレイン酸塩,１ｍＬ,7.1,
2462001F1016,メチルテストステロン錠,メチルテストステロン,２５ｍｇ１錠,52,
2462001F2012,メチルテストステロン錠,メチルテストステロン,１０ｍｇ１錠,17.6,
2473001F1028,ジュリナ錠０．５ｍｇ,エストラジオール,０．５ｍｇ１錠,30.3,
2473001F1036,エストラジオール錠０．５ｍｇ「Ｆ」,エストラジオール,０．５ｍｇ１錠,18.9,
2474001F1017,エチニルエストラジオール錠,エチニルエストラジオール,０．５ｍｇ１錠,20.7,
2475001F1014,エストリオール錠,エストリオール,０．１ｍｇ１錠,10.5,
2475001F2010,エストリオール錠,エストリオール,０．５ｍｇ１錠,10.8,
2475001F3017,エストリオール錠,エストリオール,１ｍｇ１錠,10.8,
2475001F3050,ホーリン錠１ｍｇ,エストリオール,１ｍｇ１錠,11.2,
2477001M1026,エフメノカプセル１００ｍｇ,プロゲステロン,１００ｍｇ１カプセル,229.3,
2478001F1040,ルトラール錠２ｍｇ,クロルマジノン酢酸エステル,２ｍｇ１錠,23.3,
2478001F2179,プロスタール錠２５,クロルマジノン酢酸エステル,２５ｍｇ１錠,32.9,
2478001F2373,クロルマジノン酢酸エステル錠２５ｍｇ「ＹＤ」,クロルマジノン酢酸エステル,２５ｍｇ１錠,11.4,
2478001F2411,クロルマジノン酢酸エステル錠２５ｍｇ「日新」,クロルマジノン酢酸エステル,２５ｍｇ１錠,36.9,
2478001G1143,プロスタールＬ錠５０ｍｇ,クロルマジノン酢酸エステル,５０ｍｇ１錠,64.6,
2478002F1070,プロベラ錠２．５ｍｇ,メドロキシプロゲステロン酢酸エステル,２．５ｍｇ１錠,14.9,
2478002F1096,メドロキシプロゲステロン酢酸エステル錠２．５ｍｇ「トーワ」,メドロキシプロゲステロン酢酸エステル,２．５ｍｇ１錠,6.3,
2478002F1100,メドロキシプロゲステロン酢酸エステル錠２．５ｍｇ「Ｆ」,メドロキシプロゲステロン酢酸エステル,２．５ｍｇ１錠,12.6,
2478002F2033,ヒスロン錠５,メドロキシプロゲステロン酢酸エステル,５ｍｇ１錠,23.1,
2478002F2068,メドロキシプロゲステロン酢酸エステル錠５ｍｇ「Ｆ」,メドロキシプロゲステロン酢酸エステル,５ｍｇ１錠,13.5,
2478002F3056,ヒスロンＨ錠２００ｍｇ,メドロキシプロゲステロン酢酸エステル,２００ｍｇ１錠,77.6,
2478002F3064,メドロキシプロゲステロン酢酸エステル錠２００ｍｇ「Ｆ」,メドロキシプロゲステロン酢酸エステル,２００ｍｇ１錠,52.8,
2478003F1031,デュファストン錠５ｍｇ,ジドロゲステロン,５ｍｇ１錠,23.3,
2479002F1026,ノアルテン錠（５ｍｇ）,ノルエチステロン,５ｍｇ１錠,30.7,
2479004F1033,プレマリン錠０．６２５ｍｇ,結合型エストロゲン,０．６２５ｍｇ１錠,73.8,
2482005F1041,プラノバール配合錠,ノルゲストレル・エチニルエストラジオール,１錠,12.8,
2482009F1031,ルナベル配合錠ＬＤ,ノルエチステロン・エチニルエストラジオール,１錠,86.7,
2482009F1058,フリウェル配合錠ＬＤ「モチダ」,ノルエチステロン・エチニルエストラジオール,１錠,57.8,
2482009F1066,フリウェル配合錠ＬＤ「あすか」,ノルエチステロン・エチニルエストラジオール,１錠,57.8,
2482009F1074,フリウェル配合錠ＬＤ「サワイ」,ノルエチステロン・エチニルエストラジオール,１錠,57.8,
2482009F1082,フリウェル配合錠ＬＤ「トーワ」,ノルエチステロン・エチニルエストラジオール,１錠,57.8,
2482009F2020,ルナベル配合錠ＵＬＤ,ノルエチステロン・エチニルエストラジオール,１錠,111.2,
2482009F2038,フリウェル配合錠ＵＬＤ「あすか」,ノルエチステロン・エチニルエストラジオール,１錠,56.4,
2482009F2046,フリウェル配合錠ＵＬＤ「サワイ」,ノルエチステロン・エチニルエストラジオール,１錠,54.3,
2482009F2054,フリウェル配合錠ＵＬＤ「トーワ」,ノルエチステロン・エチニルエストラジオール,１錠,56.4,
2482009F2062,フリウェル配合錠ＵＬＤ「モチダ」,ノルエチステロン・エチニルエストラジオール,１錠,54.3,
2482010F1026,ウェールナラ配合錠,エストラジオール・レボノルゲストレル,１錠,78.7,
2482011F1020,ヤーズ配合錠,ドロスピレノン・エチニルエストラジオール　ベータデクス,１シート,3756.4,
2482011F1039,ドロエチ配合錠「あすか」,ドロスピレノン・エチニルエストラジオール　ベータデクス,１シート,2112.3,
2482011F2027,ヤーズフレックス配合錠,ドロスピレノン・エチニルエストラジオール　ベータデクス,１錠,267.6,
2482012F1025,ジェミーナ配合錠,レボノルゲストレル・エチニルエストラジオール,１錠,273.9,
2482013F1020,アリッサ配合錠,エステトロール水和物・ドロスピレノン,１シート,5056.8,
2491001F5056,カルナクリン錠２５,カリジノゲナーゼ,２５単位１錠,9.4,
2491001F5170,カリジノゲナーゼ錠２５単位「日医工」,カリジノゲナーゼ,２５単位１錠,6.3,
2491001F6060,カルナクリン錠５０,カリジノゲナーゼ,５０単位１錠,12.2,
2491001F6192,カリジノゲナーゼ錠５０単位「日医工」,カリジノゲナーゼ,５０単位１錠,10.3,
2491001F6273,カリジノゲナーゼ錠５０単位「ＮＩＧ」,カリジノゲナーゼ,５０単位１錠,10.3,
2491001M3044,カルナクリンカプセル２５,カリジノゲナーゼ,２５単位１カプセル,9.4,R9.3.31まで
2499001F1032,セキソビット錠１００ｍｇ,シクロフェニル,１００ｍｇ１錠,26.6,
2499005F1030,プロスタグランジンＥ２錠０．５ｍｇ「科研」,ジノプロストン,０．５ｍｇ１錠,370.3,
2499006M1026,オペプリム,ミトタン,５００ｍｇ１カプセル,709.3,
2499007F1021,ボンゾール錠１００ｍｇ,ダナゾール,１００ｍｇ１錠,84,
2499007F2028,ボンゾール錠２００ｍｇ,ダナゾール,２００ｍｇ１錠,242.4,
2499008F1034,デソパン錠６０ｍｇ,トリロスタン,６０ｍｇ１錠,386.2,
2499009F1012,クロミフェンクエン酸塩錠,クロミフェンクエン酸塩,５０ｍｇ１錠,92.4,
2499010F1023,ディナゲスト錠１ｍｇ,ジエノゲスト,１ｍｇ１錠,71.2,
2499010F1031,ジエノゲスト錠１ｍｇ「Ｆ」,ジエノゲスト,１ｍｇ１錠,48.2,
2499010F1082,ジエノゲスト錠１ｍｇ「キッセイ」,ジエノゲスト,１ｍｇ１錠,48.2,
2499010F1090,ジエノゲスト錠１ｍｇ「サワイ」,ジエノゲスト,１ｍｇ１錠,48.2,
2499010F1104,ジエノゲスト錠１ｍｇ「トーワ」,ジエノゲスト,１ｍｇ１錠,48.2,
2499010F1112,ジエノゲスト錠１ｍｇ「ニプロ」,ジエノゲスト,１ｍｇ１錠,48.2,
2499010F1120,ジエノゲスト錠１ｍｇ「モチダ」,ジエノゲスト,１ｍｇ１錠,48.2,
2499010F2046,ジエノゲストＯＤ錠１ｍｇ「モチダ」,ジエノゲスト,１ｍｇ１錠,48.2,
2499010F2054,ジエノゲストＯＤ錠１ｍｇ「キッセイ」,ジエノゲスト,１ｍｇ１錠,48.2,
2499010F2062,ジエノゲストＯＤ錠１ｍｇ「トーワ」,ジエノゲスト,１ｍｇ１錠,48.2,
2499010F2070,ジエノゲストＯＤ錠１ｍｇ「Ｆ」,ジエノゲスト,１ｍｇ１錠,48.2,
2499010F3026,ディナゲスト錠０．５ｍｇ,ジエノゲスト,０．５ｍｇ１錠,67.7,
2499010F3034,ジエノゲスト錠０．５ｍｇ「モチダ」,ジエノゲスト,０．５ｍｇ１錠,38.7,
2499011F1028,デュタステリド錠０．５ｍｇＡＶ「ＤＳＥＰ」,デュタステリド,０．５ｍｇ１錠,25.7,
2499011F1036,デュタステリド錠０．５ｍｇＡＶ「ＮＳ」,デュタステリド,０．５ｍｇ１錠,25.7,
2499011F1044,デュタステリド錠０．５ｍｇＡＶ「ＹＤ」,デュタステリド,０．５ｍｇ１錠,25.7,
2499011F1052,デュタステリド錠０．５ｍｇＡＶ「明治」,デュタステリド,０．５ｍｇ１錠,25.7,
2499011M1019,デュタステリド０．５ｍｇカプセル,デュタステリド,０．５ｍｇ１カプセル,21.1,
2499011M1027,アボルブカプセル０．５ｍｇ,デュタステリド,０．５ｍｇ１カプセル,46,
2499011M1043,デュタステリドカプセル０．５ｍｇＡＶ「ＢＭＤ」,デュタステリド,０．５ｍｇ１カプセル,25.7,
2499011M1051,デュタステリドカプセル０．５ｍｇＡＶ「ＤＳＥＰ」,デュタステリド,０．５ｍｇ１カプセル,25.7,
2499011M1060,デュタステリドカプセル０．５ｍｇＡＶ「ＪＧ」,デュタステリド,０．５ｍｇ１カプセル,25.7,
2499011M1078,デュタステリドカプセル０．５ｍｇＡＶ「ＴＣ」,デュタステリド,０．５ｍｇ１カプセル,25.7,
2499011M1094,デュタステリドカプセル０．５ｍｇＡＶ「サワイ」,デュタステリド,０．５ｍｇ１カプセル,25.7,
2499011M1108,デュタステリドカプセル０．５ｍｇＡＶ「武田テバ」,デュタステリド,０．５ｍｇ１カプセル,25.7,R9.3.31まで
2499011M1116,デュタステリドカプセル０．５ｍｇＡＶ「トーワ」,デュタステリド,０．５ｍｇ１カプセル,25.7,
2499011M1132,デュタステリドカプセル０．５ｍｇＡＶ「ニプロ」,デュタステリド,０．５ｍｇ１カプセル,25.7,
2499012F2029,サムスカＯＤ錠３０ｍｇ,トルバプタン,３０ｍｇ１錠,1887.3,
2499013F1027,レルミナ錠４０ｍｇ,レルゴリクス,４０ｍｇ１錠,842.1,
2499014F1021,リベルサス錠３ｍｇ,セマグルチド（遺伝子組換え）,３ｍｇ１錠,143.1,
2499014F2028,リベルサス錠７ｍｇ,セマグルチド（遺伝子組換え）,７ｍｇ１錠,333.8,
2499014F3024,リベルサス錠１４ｍｇ,セマグルチド（遺伝子組換え）,１４ｍｇ１錠,500.7,
2499015F1026,イスツリサ錠１ｍｇ,オシロドロスタットリン酸塩,１ｍｇ１錠,3335.9,
2499015F2022,イスツリサ錠５ｍｇ,オシロドロスタットリン酸塩,５ｍｇ１錠,13249,
2499016F1020,イセルティ錠１００ｍｇ,リンザゴリクスコリン,１００ｍｇ１錠,429.1,
2531001F1015,エルゴメトリンマレイン酸塩錠,エルゴメトリンマレイン酸塩,０．５ｍｇ１錠,9.8,
2531002F1010,メチルエルゴメトリンマレイン酸塩錠,メチルエルゴメトリンマレイン酸塩,０．１２５ｍｇ１錠,10.8,
2559001M1104,ヘモクロンカプセル２００ｍｇ,トリベノシド,２００ｍｇ１カプセル,28.3,
2559002X1032,ヘモリンガル舌下錠０．１８ｍｇ,静脈血管叢エキス,１錠,15.5,
2559101X1036,ヘモナーゼ配合錠,ブロメライン・トコフェロール酢酸エステル,１錠,9,
2590001F1024,ウロカルン錠２２５ｍｇ,ウラジロガシエキス,２２５ｍｇ１錠,6.3,
2590002F1371,ブラダロン錠２００ｍｇ,フラボキサート塩酸塩,２００ｍｇ１錠,7.3,
2590002F1517,フラボキサート塩酸塩錠２００ｍｇ「サワイ」,フラボキサート塩酸塩,２００ｍｇ１錠,9,
2590003F1023,セルニルトン錠,セルニチンポーレンエキス,１錠,21.3,
2590004F1010,リトドリン塩酸塩５ｍｇ錠,リトドリン塩酸塩,５ｍｇ１錠,10.8,
2590004F1192,ウテメリン錠５ｍｇ,リトドリン塩酸塩,５ｍｇ１錠,39.3,
2590004F1354,リトドリン塩酸塩錠５ｍｇ「あすか」,リトドリン塩酸塩,５ｍｇ１錠,39.5,
2590005F1022,ポラキス錠２,オキシブチニン塩酸塩,２ｍｇ１錠,9.4,
2590005F1316,オキシブチニン塩酸塩錠２ｍｇ「サワイ」,オキシブチニン塩酸塩,２ｍｇ１錠,6.3,
2590005F2029,ポラキス錠３,オキシブチニン塩酸塩,３ｍｇ１錠,9.4,
2590005F2274,オキシブチニン塩酸塩錠３ｍｇ「サワイ」,オキシブチニン塩酸塩,３ｍｇ１錠,6.3,
2590005F3025,ポラキス錠１,オキシブチニン塩酸塩,１ｍｇ１錠,9.6,
2590005F3173,オキシブチニン塩酸塩錠１ｍｇ「サワイ」,オキシブチニン塩酸塩,１ｍｇ１錠,6.3,
2590007C1025,バップフォー細粒２％,プロピベリン塩酸塩,２％１ｇ,47.6,R9.3.31まで
2590007F1013,プロピベリン塩酸塩１０ｍｇ錠,プロピベリン塩酸塩,１０ｍｇ１錠,11.1,
2590007F1021,バップフォー錠１０,プロピベリン塩酸塩,１０ｍｇ１錠,17.6,
2590007F1307,プロピベリン塩酸塩錠１０ｍｇ「トーワ」,プロピベリン塩酸塩,１０ｍｇ１錠,12.9,
2590007F1323,プロピベリン塩酸塩錠１０ｍｇ「あすか」,プロピベリン塩酸塩,１０ｍｇ１錠,12.9,
2590007F2028,バップフォー錠２０,プロピベリン塩酸塩,２０ｍｇ１錠,34.1,
2590007F2257,プロピベリン塩酸塩錠２０ｍｇ「ＹＤ」,プロピベリン塩酸塩,２０ｍｇ１錠,23.6,
2590007F2265,プロピベリン塩酸塩錠２０ｍｇ「ＪＧ」,プロピベリン塩酸塩,２０ｍｇ１錠,19.9,
2590007F2273,プロピベリン塩酸塩錠２０ｍｇ「ＮＳ」,プロピベリン塩酸塩,２０ｍｇ１錠,23.6,
2590007F2290,プロピベリン塩酸塩錠２０ｍｇ「トーワ」,プロピベリン塩酸塩,２０ｍｇ１錠,23.6,
2590007F2303,プロピベリン塩酸塩錠２０ｍｇ「杏林」,プロピベリン塩酸塩,２０ｍｇ１錠,16.6,
2590007F2311,プロピベリン塩酸塩錠２０ｍｇ「あすか」,プロピベリン塩酸塩,２０ｍｇ１錠,23.6,
2590007F2338,プロピベリン塩酸塩錠２０ｍｇ「ＴＣＫ」,プロピベリン塩酸塩,２０ｍｇ１錠,19.9,
2590007F2346,プロピベリン塩酸塩錠２０ｍｇ「ＮＩＧ」,プロピベリン塩酸塩,２０ｍｇ１錠,23.6,
2590007F2362,プロピベリン塩酸塩錠２０ｍｇ「サワイ」,プロピベリン塩酸塩,２０ｍｇ１錠,23.6,
2590008F1026,ハルナールＤ錠０．１ｍｇ,タムスロシン塩酸塩,０．１ｍｇ１錠,9.9,
2590008F1050,タムスロシン塩酸塩ＯＤ錠０．１ｍｇ「ケミファ」,タムスロシン塩酸塩,０．１ｍｇ１錠,9.9,
2590008F1077,タムスロシン塩酸塩ＯＤ錠０．１ｍｇ「日医工」,タムスロシン塩酸塩,０．１ｍｇ１錠,9.9,
2590008F1085,タムスロシン塩酸塩ＯＤ錠０．１ｍｇ「日新」,タムスロシン塩酸塩,０．１ｍｇ１錠,9.9,
2590008F1093,タムスロシン塩酸塩ＯＤ錠０．１ｍｇ「明治」,タムスロシン塩酸塩,０．１ｍｇ１錠,9.9,
2590008F1123,タムスロシン塩酸塩ＯＤ錠０．１ｍｇ「サワイ」,タムスロシン塩酸塩,０．１ｍｇ１錠,9.9,
2590008F1131,タムスロシン塩酸塩ＯＤ錠０．１ｍｇ「ＣＨ」,タムスロシン塩酸塩,０．１ｍｇ１錠,9.9,
2590008F1166,タムスロシン塩酸塩ＯＤ錠０．１ｍｇ「トーワ」,タムスロシン塩酸塩,０．１ｍｇ１錠,9.9,
2590008F1182,タムスロシン塩酸塩ＯＤ錠０．１ｍｇ「あすか」,タムスロシン塩酸塩,０．１ｍｇ１錠,9.9,
2590008F1190,タムスロシン塩酸塩ＯＤ錠０．１ｍｇ「ＶＴＲＳ」,タムスロシン塩酸塩,０．１ｍｇ１錠,6.3,
2590008F2014,タムスロシン塩酸塩０．２ｍｇ口腔内崩壊錠,タムスロシン塩酸塩,０．２ｍｇ１錠,13,
2590008F2022,ハルナールＤ錠０．２ｍｇ,タムスロシン塩酸塩,０．２ｍｇ１錠,15.9,
2590008F2057,タムスロシン塩酸塩ＯＤ錠０．２ｍｇ「ケミファ」,タムスロシン塩酸塩,０．２ｍｇ１錠,15.9,
2590008F2073,タムスロシン塩酸塩ＯＤ錠０．２ｍｇ「日医工」,タムスロシン塩酸塩,０．２ｍｇ１錠,15.9,
2590008F2081,タムスロシン塩酸塩ＯＤ錠０．２ｍｇ「日新」,タムスロシン塩酸塩,０．２ｍｇ１錠,15.9,
2590008F2120,タムスロシン塩酸塩ＯＤ錠０．２ｍｇ「サワイ」,タムスロシン塩酸塩,０．２ｍｇ１錠,15.9,
2590008F2138,タムスロシン塩酸塩ＯＤ錠０．２ｍｇ「ＣＨ」,タムスロシン塩酸塩,０．２ｍｇ１錠,15.9,
2590008F2162,タムスロシン塩酸塩ＯＤ錠０．２ｍｇ「トーワ」,タムスロシン塩酸塩,０．２ｍｇ１錠,15.9,
2590008F2189,タムスロシン塩酸塩ＯＤ錠０．２ｍｇ「あすか」,タムスロシン塩酸塩,０．２ｍｇ１錠,15.9,
2590008N1233,タムスロシン塩酸塩カプセル０．１ｍｇ「ＮＩＧ」,タムスロシン塩酸塩,０．１ｍｇ１カプセル,9.9,R9.3.31まで
2590008N2230,タムスロシン塩酸塩カプセル０．２ｍｇ「ＮＩＧ」,タムスロシン塩酸塩,０．２ｍｇ１カプセル,15.9,R9.3.31まで
2590009F1039,フリバス錠２５ｍｇ,ナフトピジル,２５ｍｇ１錠,15.4,
2590009F1144,ナフトピジル錠２５ｍｇ「日医工」,ナフトピジル,２５ｍｇ１錠,10.8,
2590009F2019,ナフトピジル５０ｍｇ錠,ナフトピジル,５０ｍｇ１錠,10.8,
2590009F2035,フリバス錠５０ｍｇ,ナフトピジル,５０ｍｇ１錠,28.7,
2590009F3023,フリバス錠７５ｍｇ,ナフトピジル,７５ｍｇ１錠,34.9,
2590009F3139,ナフトピジル錠７５ｍｇ「日医工」,ナフトピジル,７５ｍｇ１錠,14.2,
2590009F4011,ナフトピジル５０ｍｇ口腔内崩壊錠,ナフトピジル,５０ｍｇ１錠,10.8,
2590009F4020,フリバスＯＤ錠５０ｍｇ,ナフトピジル,５０ｍｇ１錠,28.7,
2590009F4038,ナフトピジルＯＤ錠５０ｍｇ「ＤＳＥＰ」,ナフトピジル,５０ｍｇ１錠,12.3,
2590009F4062,ナフトピジルＯＤ錠５０ｍｇ「ＪＧ」,ナフトピジル,５０ｍｇ１錠,12.3,
2590009F4127,ナフトピジルＯＤ錠５０ｍｇ「ケミファ」,ナフトピジル,５０ｍｇ１錠,12.3,
2590009F4224,ナフトピジルＯＤ錠５０ｍｇ「トーワ」,ナフトピジル,５０ｍｇ１錠,12.3,
2590009F4232,ナフトピジルＯＤ錠５０ｍｇ「ＮＩＧ」,ナフトピジル,５０ｍｇ１錠,12.3,
2590009F5018,ナフトピジル７５ｍｇ口腔内崩壊錠,ナフトピジル,７５ｍｇ１錠,14.2,
2590009F5026,フリバスＯＤ錠７５ｍｇ,ナフトピジル,７５ｍｇ１錠,34.9,
2590009F5069,ナフトピジルＯＤ錠７５ｍｇ「ＪＧ」,ナフトピジル,７５ｍｇ１錠,19,
2590009F5123,ナフトピジルＯＤ錠７５ｍｇ「ケミファ」,ナフトピジル,７５ｍｇ１錠,19,
2590009F5220,ナフトピジルＯＤ錠７５ｍｇ「トーワ」,ナフトピジル,７５ｍｇ１錠,19,
2590009F5239,ナフトピジルＯＤ錠７５ｍｇ「ＮＩＧ」,ナフトピジル,７５ｍｇ１錠,19,
2590009F6014,ナフトピジル２５ｍｇ口腔内崩壊錠,ナフトピジル,２５ｍｇ１錠,10.8,
2590009F6022,フリバスＯＤ錠２５ｍｇ,ナフトピジル,２５ｍｇ１錠,15.4,
2590010F1015,シロドシン２ｍｇ錠,シロドシン,２ｍｇ１錠,10.8,
2590010F1023,ユリーフ錠２ｍｇ,シロドシン,２ｍｇ１錠,14.1,
2590010F2011,シロドシン４ｍｇ錠,シロドシン,４ｍｇ１錠,10.8,
2590010F2020,ユリーフ錠４ｍｇ,シロドシン,４ｍｇ１錠,23.1,
2590010F2038,シロドシン錠４ｍｇ「ＤＳＥＰ」,シロドシン,４ｍｇ１錠,12.3,
2590010F2046,シロドシン錠４ｍｇ「ＪＧ」,シロドシン,４ｍｇ１錠,12.3,
2590010F2054,シロドシン錠４ｍｇ「ＫＭＰ」,シロドシン,４ｍｇ１錠,12.3,
2590010F2100,シロドシン錠４ｍｇ「オーハラ」,シロドシン,４ｍｇ１錠,12.3,
2590010F2119,シロドシン錠４ｍｇ「杏林」,シロドシン,４ｍｇ１錠,12.3,
2590010F3018,シロドシン２ｍｇ口腔内崩壊錠,シロドシン,２ｍｇ１錠,10.8,
2590010F3026,ユリーフＯＤ錠２ｍｇ,シロドシン,２ｍｇ１錠,14.1,
2590010F4014,シロドシン４ｍｇ口腔内崩壊錠,シロドシン,４ｍｇ１錠,10.8,
2590010F4022,ユリーフＯＤ錠４ｍｇ,シロドシン,４ｍｇ１錠,23.1,
2590010F4030,シロドシンＯＤ錠４ｍｇ「ＤＳＥＰ」,シロドシン,４ｍｇ１錠,12.3,
2590010F4057,シロドシンＯＤ錠４ｍｇ「ＫＭＰ」,シロドシン,４ｍｇ１錠,12.3,
2590010F4103,シロドシンＯＤ錠４ｍｇ「オーハラ」,シロドシン,４ｍｇ１錠,12.3,
2590010F4111,シロドシンＯＤ錠４ｍｇ「杏林」,シロドシン,４ｍｇ１錠,12.3,
2590010F4154,シロドシンＯＤ錠４ｍｇ「日新」,シロドシン,４ｍｇ１錠,12.3,
2590010F4170,シロドシンＯＤ錠４ｍｇ「ＪＧ」,シロドシン,４ｍｇ１錠,12.3,
2590011F1028,ベシケア錠２．５ｍｇ,コハク酸ソリフェナシン,２．５ｍｇ１錠,40.3,
2590011F1036,ソリフェナシンコハク酸塩錠２．５ｍｇ「ＴＣＫ」,コハク酸ソリフェナシン,２．５ｍｇ１錠,17.3,
2590011F1044,ソリフェナシンコハク酸塩錠２．５ｍｇ「ＹＤ」,コハク酸ソリフェナシン,２．５ｍｇ１錠,22.4,
2590011F1052,ソリフェナシンコハク酸塩錠２．５ｍｇ「サワイ」,コハク酸ソリフェナシン,２．５ｍｇ１錠,17.3,
2590011F1060,ソリフェナシンコハク酸塩錠２．５ｍｇ「ツルハラ」,コハク酸ソリフェナシン,２．５ｍｇ１錠,17.3,
2590011F1079,ソリフェナシンコハク酸塩錠２．５ｍｇ「トーワ」,コハク酸ソリフェナシン,２．５ｍｇ１錠,17.3,
2590011F1087,ソリフェナシンコハク酸塩錠２．５ｍｇ「日医工」,コハク酸ソリフェナシン,２．５ｍｇ１錠,17.3,
2590011F2024,ベシケア錠５ｍｇ,コハク酸ソリフェナシン,５ｍｇ１錠,70.7,
2590011F2032,ソリフェナシンコハク酸塩錠５ｍｇ「ＴＣＫ」,コハク酸ソリフェナシン,５ｍｇ１錠,28.9,
2590011F2040,ソリフェナシンコハク酸塩錠５ｍｇ「ＹＤ」,コハク酸ソリフェナシン,５ｍｇ１錠,28.9,
2590011F2059,ソリフェナシンコハク酸塩錠５ｍｇ「サワイ」,コハク酸ソリフェナシン,５ｍｇ１錠,28.9,
2590011F2067,ソリフェナシンコハク酸塩錠５ｍｇ「ツルハラ」,コハク酸ソリフェナシン,５ｍｇ１錠,55.4,
2590011F2075,ソリフェナシンコハク酸塩錠５ｍｇ「トーワ」,コハク酸ソリフェナシン,５ｍｇ１錠,28.9,
2590011F2083,ソリフェナシンコハク酸塩錠５ｍｇ「日医工」,コハク酸ソリフェナシン,５ｍｇ１錠,28.9,
2590011F3020,ベシケアＯＤ錠２．５ｍｇ,コハク酸ソリフェナシン,２．５ｍｇ１錠,40.3,
2590011F3039,ソリフェナシンコハク酸塩ＯＤ錠２．５ｍｇ「ＪＧ」,コハク酸ソリフェナシン,２．５ｍｇ１錠,17.3,
2590011F3047,ソリフェナシンコハク酸塩ＯＤ錠２．５ｍｇ「サワイ」,コハク酸ソリフェナシン,２．５ｍｇ１錠,17.3,
2590011F3055,ソリフェナシンコハク酸塩ＯＤ錠２．５ｍｇ「トーワ」,コハク酸ソリフェナシン,２．５ｍｇ１錠,17.3,
2590011F3063,ソリフェナシンコハク酸塩ＯＤ錠２．５ｍｇ「ニプロ」,コハク酸ソリフェナシン,２．５ｍｇ１錠,17.3,
2590011F3071,ソリフェナシンコハク酸塩ＯＤ錠２．５ｍｇ「日医工」,コハク酸ソリフェナシン,２．５ｍｇ１錠,17.3,
2590011F4027,ベシケアＯＤ錠５ｍｇ,コハク酸ソリフェナシン,５ｍｇ１錠,70.7,
2590011F4035,ソリフェナシンコハク酸塩ＯＤ錠５ｍｇ「ＪＧ」,コハク酸ソリフェナシン,５ｍｇ１錠,28.9,
2590011F4043,ソリフェナシンコハク酸塩ＯＤ錠５ｍｇ「サワイ」,コハク酸ソリフェナシン,５ｍｇ１錠,28.9,
2590011F4051,ソリフェナシンコハク酸塩ＯＤ錠５ｍｇ「トーワ」,コハク酸ソリフェナシン,５ｍｇ１錠,28.9,
2590011F4060,ソリフェナシンコハク酸塩ＯＤ錠５ｍｇ「ニプロ」,コハク酸ソリフェナシン,５ｍｇ１錠,28.9,
2590011F4078,ソリフェナシンコハク酸塩ＯＤ錠５ｍｇ「日医工」,コハク酸ソリフェナシン,５ｍｇ１錠,28.9,
2590013F1027,ウリトス錠０．１ｍｇ,イミダフェナシン,０．１ｍｇ１錠,36.3,
2590013F1035,ステーブラ錠０．１ｍｇ,イミダフェナシン,０．１ｍｇ１錠,36.3,
2590013F1043,イミダフェナシン錠０．１ｍｇ「ＪＧ」,イミダフェナシン,０．１ｍｇ１錠,14.5,
2590013F1051,イミダフェナシン錠０．１ｍｇ「ＹＤ」,イミダフェナシン,０．１ｍｇ１錠,14.5,
2590013F1060,イミダフェナシン錠０．１ｍｇ「杏林」,イミダフェナシン,０．１ｍｇ１錠,14.5,
2590013F1078,イミダフェナシン錠０．１ｍｇ「サワイ」,イミダフェナシン,０．１ｍｇ１錠,14.5,
2590013F2023,ウリトスＯＤ錠０．１ｍｇ,イミダフェナシン,０．１ｍｇ１錠,36.3,
2590013F2031,ステーブラＯＤ錠０．１ｍｇ,イミダフェナシン,０．１ｍｇ１錠,36.3,
2590013F2040,イミダフェナシンＯＤ錠０．１ｍｇ「ＪＧ」,イミダフェナシン,０．１ｍｇ１錠,14.5,
2590013F2058,イミダフェナシンＯＤ錠０．１ｍｇ「ＴＣＫ」,イミダフェナシン,０．１ｍｇ１錠,14.5,
2590013F2066,イミダフェナシンＯＤ錠０．１ｍｇ「ＹＤ」,イミダフェナシン,０．１ｍｇ１錠,14.5,
2590013F2074,イミダフェナシンＯＤ錠０．１ｍｇ「杏林」,イミダフェナシン,０．１ｍｇ１錠,14.5,
2590013F2082,イミダフェナシンＯＤ錠０．１ｍｇ「サワイ」,イミダフェナシン,０．１ｍｇ１錠,14.5,
2590013F2090,イミダフェナシンＯＤ錠０．１ｍｇ「ツルハラ」,イミダフェナシン,０．１ｍｇ１錠,14.5,
2590013F2104,イミダフェナシンＯＤ錠０．１ｍｇ「トーワ」,イミダフェナシン,０．１ｍｇ１錠,14.5,
2590014F1021,ベタニス錠２５ｍｇ,ミラベグロン,２５ｍｇ１錠,80.9,
2590014F2028,ベタニス錠５０ｍｇ,ミラベグロン,５０ｍｇ１錠,136.8,
2590015G1021,トビエース錠４ｍｇ,フェソテロジンフマル酸塩,４ｍｇ１錠,128.3,
2590015G2028,トビエース錠８ｍｇ,フェソテロジンフマル酸塩,８ｍｇ１錠,190.2,
2590016F1020,ザルティア錠２．５ｍｇ,タダラフィル,２．５ｍｇ１錠,40.3,
2590016F1039,タダラフィル錠２．５ｍｇＺＡ「ＪＧ」,タダラフィル,２．５ｍｇ１錠,27.2,
2590016F1047,タダラフィル錠２．５ｍｇＺＡ「あすか」,タダラフィル,２．５ｍｇ１錠,14.9,
2590016F1055,タダラフィル錠２．５ｍｇＺＡ「杏林」,タダラフィル,２．５ｍｇ１錠,14.9,
2590016F1063,タダラフィル錠２．５ｍｇＺＡ「サワイ」,タダラフィル,２．５ｍｇ１錠,14.9,
2590016F1071,タダラフィル錠２．５ｍｇＺＡ「サンド」,タダラフィル,２．５ｍｇ１錠,14.9,
2590016F1080,タダラフィル錠２．５ｍｇＺＡ「日医工」,タダラフィル,２．５ｍｇ１錠,14.9,
2590016F1098,タダラフィル錠２．５ｍｇＺＡ「ニプロ」,タダラフィル,２．５ｍｇ１錠,14.9,
2590016F1101,タダラフィル錠２．５ｍｇＺＡ「フソー」,タダラフィル,２．５ｍｇ１錠,14.9,
2590016F1110,タダラフィル錠２．５ｍｇＺＡ「シオエ」,タダラフィル,２．５ｍｇ１錠,14.9,
2590016F2027,ザルティア錠５ｍｇ,タダラフィル,５ｍｇ１錠,78.6,
2590016F2035,タダラフィル錠５ｍｇＺＡ「ＪＧ」,タダラフィル,５ｍｇ１錠,59.9,
2590016F2043,タダラフィル錠５ｍｇＺＡ「あすか」,タダラフィル,５ｍｇ１錠,30.3,
2590016F2051,タダラフィル錠５ｍｇＺＡ「杏林」,タダラフィル,５ｍｇ１錠,30.3,
2590016F2060,タダラフィル錠５ｍｇＺＡ「サワイ」,タダラフィル,５ｍｇ１錠,30.3,
2590016F2078,タダラフィル錠５ｍｇＺＡ「サンド」,タダラフィル,５ｍｇ１錠,30.3,
2590016F2086,タダラフィル錠５ｍｇＺＡ「日医工」,タダラフィル,５ｍｇ１錠,30.3,
2590016F2094,タダラフィル錠５ｍｇＺＡ「ニプロ」,タダラフィル,５ｍｇ１錠,30.3,
2590016F2108,タダラフィル錠５ｍｇＺＡ「フソー」,タダラフィル,５ｍｇ１錠,30.3,
2590016F2116,タダラフィル錠５ｍｇＺＡ「シオエ」,タダラフィル,５ｍｇ１錠,30.3,
2590016F3023,タダラフィルＯＤ錠２．５ｍｇＺＡ「トーワ」,タダラフィル,２．５ｍｇ１錠,27.2,
2590016F4020,タダラフィルＯＤ錠５ｍｇＺＡ「トーワ」,タダラフィル,５ｍｇ１錠,30.3,
2590016F5026,シアリス錠５ｍｇ,タダラフィル,５ｍｇ１錠,1078.3,
2590016F6022,シアリス錠１０ｍｇ,タダラフィル,１０ｍｇ１錠,1164.6,
2590016F7029,シアリス錠２０ｍｇ,タダラフィル,２０ｍｇ１錠,1288.9,
2590017F1025,ベオーバ錠５０ｍｇ,ビベグロン,５０ｍｇ１錠,139.9,
2590018F1020,バイアグラ錠２５ｍｇ,シルデナフィルクエン酸塩,２５ｍｇ１錠,684.2,
2590018F2026,バイアグラ錠５０ｍｇ,シルデナフィルクエン酸塩,５０ｍｇ１錠,927.4,
2590018F3022,バイアグラＯＤフィルム２５ｍｇ,シルデナフィルクエン酸塩,２５ｍｇ１錠,974.6,
2590018F4029,バイアグラＯＤフィルム５０ｍｇ,シルデナフィルクエン酸塩,５０ｍｇ１錠,1404.1,
2590100X1139,エルサメット配合錠,オオウメガサソウエキス・ハコヤナギエキス配合剤,１錠,6.3,R9.3.31まで
2590100X2046,エビプロスタット配合錠ＤＢ,オオウメガサソウエキス・ハコヤナギエキス配合剤,１錠,22.3,
2590100X2062,エルサメットＳ配合錠,オオウメガサソウエキス・ハコヤナギエキス配合剤,１錠,6.3,
2699002F1046,オクソラレン錠１０ｍｇ,メトキサレン,１０ｍｇ１錠,192.7,
2699003F1024,レクチゾール錠２５ｍｇ,ジアフェニルスルホン,２５ｍｇ１錠,76.3,
2900001A2036,セファランチン末１％,セファランチン,１％１ｇ,38.3,
2900001F1029,セファランチン錠１ｍｇ,セファランチン,１ｍｇ１錠,6.3,
2900002C1213,ガンマオリザノール細粒２０％「ツルハラ」,ガンマオリザノール,２０％１ｇ,6.9,
2900002F4065,ハイゼット錠２５ｍｇ,ガンマオリザノール,２５ｍｇ１錠,6.3,R9.3.31まで
2900002F5274,ハイゼット錠５０ｍｇ,ガンマオリザノール,５０ｍｇ１錠,6.3,R9.3.31まで
2900002F5290,ガンマオリザノール錠５０ｍｇ「ツルハラ」,ガンマオリザノール,５０ｍｇ１錠,6.3,
2900003Q1029,ヘマンジオルシロップ小児用０．３７５％,プロプラノロール塩酸塩,０．３７５％１ｍＬ,239.9,
3111002A1039,チョコラＡ末１万単位／ｇ,ビタミンＡ,１０，０００単位１ｇ,16.4,
3111002F1036,チョコラＡ錠１万単位,ビタミンＡ,１０，０００単位１錠,7.1,
3111003S1039,チョコラＡ滴０．１万単位／滴,レチノールパルミチン酸エステル,３０，０００単位１ｍＬ,208.8,
3112001B4036,アルファロール散１μｇ／ｇ,アルファカルシドール,１μｇ１ｇ,30.5,
3112001F1055,ワンアルファ錠０．２５μｇ,アルファカルシドール,０．２５μｇ１錠,7.1,
3112001F1063,アルファカルシドール錠０．２５μｇ「アメル」,アルファカルシドール,０．２５μｇ１錠,6.3,
3112001F2051,ワンアルファ錠０．５μｇ,アルファカルシドール,０．５μｇ１錠,7.2,
3112001F2060,アルファカルシドール錠０．５μｇ「アメル」,アルファカルシドール,０．５μｇ１錠,6.3,
3112001F3058,ワンアルファ錠１．０μｇ,アルファカルシドール,１μｇ１錠,9.8,
3112001F3066,アルファカルシドール錠１．０μｇ「アメル」,アルファカルシドール,１μｇ１錠,6.3,
3112001M1011,アルファカルシドール０．２５μｇカプセル,アルファカルシドール,０．２５μｇ１カプセル,6.3,
3112001M1046,アルファロールカプセル０．２５μｇ,アルファカルシドール,０．２５μｇ１カプセル,6.3,
3112001M2018,アルファカルシドール０．５μｇカプセル,アルファカルシドール,０．５μｇ１カプセル,6.3,
3112001M2069,アルファロールカプセル０．５μｇ,アルファカルシドール,０．５μｇ１カプセル,6.3,
3112001M3014,アルファカルシドール１μｇカプセル,アルファカルシドール,１μｇ１カプセル,6.3,
3112001M3065,アルファロールカプセル１μｇ,アルファカルシドール,１μｇ１カプセル,8.4,
3112001M4037,アルファロールカプセル３μｇ,アルファカルシドール,３μｇ１カプセル,21.6,
3112001M4266,アルファカルシドールカプセル３μｇ「ＢＭＤ」,アルファカルシドール,３μｇ１カプセル,14.3,
3112001S1045,アルファロール内用液０．５μｇ／ｍＬ,アルファカルシドール,０．５μｇ１ｍＬ,23,
3112004M1015,カルシトリオール０．２５μｇカプセル,カルシトリオール,０．２５μｇ１カプセル,6.3,
3112004M1023,ロカルトロールカプセル０．２５,カルシトリオール,０．２５μｇ１カプセル,7.4,
3112004M2011,カルシトリオール０．５μｇカプセル,カルシトリオール,０．５μｇ１カプセル,7.4,
3112004M2020,ロカルトロールカプセル０．５,カルシトリオール,０．５μｇ１カプセル,10.3,
3112005F1029,フルスタン錠０．１５,ファレカルシトリオール,０．１５μｇ１錠,124.3,
3112005F1037,ホーネル錠０．１５,ファレカルシトリオール,０．１５μｇ１錠,169.4,
3112005F2025,フルスタン錠０．３,ファレカルシトリオール,０．３μｇ１錠,185.1,
3112005F2033,ホーネル錠０．３,ファレカルシトリオール,０．３μｇ１錠,246.6,
3112006F1023,エディロール錠０．５μｇ,エルデカルシトール,０．５μｇ１錠,23.9,
3112006F2020,エディロール錠０．７５μｇ,エルデカルシトール,０．７５μｇ１錠,34.9,
3112006M1022,エディロールカプセル０．５μｇ,エルデカルシトール,０．５μｇ１カプセル,23.9,
3112006M1030,エルデカルシトールカプセル０．５μｇ「サワイ」,エルデカルシトール,０．５μｇ１カプセル,10.6,
3112006M1049,エルデカルシトールカプセル０．５μｇ「日医工」,エルデカルシトール,０．５μｇ１カプセル,10.6,
3112006M1057,エルデカルシトールカプセル０．５μｇ「トーワ」,エルデカルシトール,０．５μｇ１カプセル,12.3,
3112006M2029,エディロールカプセル０．７５μｇ,エルデカルシトール,０．７５μｇ１カプセル,34.9,
3112006M2037,エルデカルシトールカプセル０．７５μｇ「サワイ」,エルデカルシトール,０．７５μｇ１カプセル,15.4,
3112006M2045,エルデカルシトールカプセル０．７５μｇ「日医工」,エルデカルシトール,０．７５μｇ１カプセル,15.4,
3112006M2053,エルデカルシトールカプセル０．７５μｇ「トーワ」,エルデカルシトール,０．７５μｇ１カプセル,18,
3113001X1015,肝油,肝油,１０ｇ,26.1,
3119001M1020,チガソンカプセル１０,エトレチナート,１０ｍｇ１カプセル,502.2,
3119001M2027,チガソンカプセル２５,エトレチナート,２５ｍｇ１カプセル,1113.2,
3121001B1010,チアミン塩化物塩酸塩散,チアミン塩化物塩酸塩,０．１％１ｇ,7.7,
3121001B5015,チアミン塩化物塩酸塩散,チアミン塩化物塩酸塩,１％１ｇ,7.3,
3122001F1027,ジセタミン錠２５,セトチアミン塩酸塩水和物,２５ｍｇ１錠,7.3,
3122004F2132,チアミンジスルフィド錠１０ｍｇ「ツルハラ」,チアミンジスルフィド,１０ｍｇ１錠,6.3,
3122006F2034,ベストン糖衣錠（２５ｍｇ）,ビスベンチアミン,２５ｍｇ１錠,6.3,
3122007F1024,５ｍｇアリナミンＦ糖衣錠,フルスルチアミン,５ｍｇ１錠,6.3,
3122007F2039,２５ｍｇアリナミンＦ糖衣錠,フルスルチアミン,２５ｍｇ１錠,6.3,
3122007F2063,フルスルチアミン錠２５ｍｇ「トーワ」,フルスルチアミン,２５ｍｇ１錠,6.3,
3122007F3027,５０ｍｇアリナミンＦ糖衣錠,フルスルチアミン,５０ｍｇ１錠,6.3,
3131002C1083,リボフラビン酪酸エステル細粒１０％「ツルハラ」,リボフラビン酪酸エステル,１０％１ｇ,9.5,
3131002F1012,リボフラビン酪酸エステル２０ｍｇ錠,リボフラビン酪酸エステル,２０ｍｇ１錠,6.3,
3131002F1276,ハイボン錠２０ｍｇ,リボフラビン酪酸エステル,２０ｍｇ１錠,6.3,
3132002B1034,ニコチン酸アミド散１０％「ゾンネ」,ニコチン酸アミド,１０％１ｇ,10.7,
3133001B1193,パントシン散２０％,パンテチン,２０％１ｇ,10,
3133001B1223,パンテチン散２０％「ＮＩＧ」,パンテチン,２０％１ｇ,9.5,
3133001C1199,パンテチン細粒２０％「ツルハラ」,パンテチン,２０％１ｇ,9.5,
3133001C3035,パントシン細粒５０％,パンテチン,５０％１ｇ,18.2,
3133001F1110,パントシン錠３０,パンテチン,３０ｍｇ１錠,6.1,
3133001F1136,パンテチン錠３０ｍｇ「ツルハラ」,パンテチン,３０ｍｇ１錠,6.1,
3133001F2132,パントシン錠６０,パンテチン,６０ｍｇ１錠,6.3,
3133001F2264,パンテチン錠６０ｍｇ「ツルハラ」,パンテチン,６０ｍｇ１錠,6.1,
3133001F3015,パンテチン１００ｍｇ錠,パンテチン,１００ｍｇ１錠,6.1,
3133001F3090,パントシン錠１００,パンテチン,１００ｍｇ１錠,6.3,
3133001F4020,パントシン錠２００,パンテチン,２００ｍｇ１錠,8.9,
3133002X1012,パントテン酸カルシウム,パントテン酸カルシウム,１ｇ,7.5,
3134001X1015,ピリドキシン塩酸塩,ピリドキシン塩酸塩,１ｇ,30.3,
3134002B2060,ビタミンＢ６散１０％「マルイシ」,ピリドキシン塩酸塩,１０％１ｇ,15.5,
3134002F1057,ビタミンＢ６錠３０ｍｇ「Ｆ」,ピリドキシン塩酸塩,３０ｍｇ１錠,6.1,
3134003F1019,ピリドキサールリン酸エステル１０ｍｇ錠,ピリドキサールリン酸エステル水和物,１０ｍｇ１錠,6.3,
3134003F1388,ピドキサール錠１０ｍｇ,ピリドキサールリン酸エステル水和物,１０ｍｇ１錠,6.3,
3134003F2147,ピドキサール錠２０ｍｇ,ピリドキサールリン酸エステル水和物,２０ｍｇ１錠,6.3,
3134003F2163,ピリドキサール錠２０ｍｇ「ツルハラ」,ピリドキサールリン酸エステル水和物,２０ｍｇ１錠,6.3,
3134003F3011,ピリドキサールリン酸エステル３０ｍｇ錠,ピリドキサールリン酸エステル水和物,３０ｍｇ１錠,6.3,
3134003F3330,ピドキサール錠３０ｍｇ,ピリドキサールリン酸エステル水和物,３０ｍｇ１錠,6.3,
3135001F1017,葉酸錠,葉酸,５ｍｇ１錠,10.8,
3135002B1036,フォリアミン散１００ｍｇ／ｇ,葉酸,１０％１ｇ,42.5,
3136001M2052,ハイコバールカプセル５００μｇ,コバマミド,０．５ｍｇ１カプセル,12.4,
3136004C1038,メチコバール細粒０．１％,メコバラミン,０．１％５００ｍｇ１包,11.4,
3136004F1018,メコバラミン０．２５ｍｇ錠,メコバラミン,０．２５ｍｇ１錠,6.1,
3136004F1050,メチコバール錠２５０μｇ,メコバラミン,０．２５ｍｇ１錠,10.8,
3136004F2014,メコバラミン０．５ｍｇ錠,メコバラミン,０．５ｍｇ１錠,6.1,
3136004F2138,メチコバール錠５００μｇ,メコバラミン,０．５ｍｇ１錠,10.8,
3136004M1173,メコバラミンカプセル２５０μｇ「日新」,メコバラミン,０．２５ｍｇ１カプセル,6.1,
3140001B2011,アスコルビン酸散,アスコルビン酸,１０％１ｇ,8,
3140001B3018,アスコルビン酸散,アスコルビン酸,２０％１ｇ,7.6,
3140001X1012,アスコルビン酸,アスコルビン酸,１ｇ,8,
3140001X1020,アスコルビン酸（岩城）,アスコルビン酸,１ｇ,8.5,
3140002D1037,ハイシー顆粒２５％,アスコルビン酸,２５％１ｇ,6.9,
3150002D1068,トコフェロール酢酸エステル顆粒２０％「ツルハラ」,トコフェロール酢酸エステル,２０％１ｇ,7.7,
3150002F1239,ユベラ錠５０ｍｇ,トコフェロール酢酸エステル,５０ｍｇ１錠,6.3,
3150002F1280,トコフェロール酢酸エステル錠５０ｍｇ「トーワ」,トコフェロール酢酸エステル,５０ｍｇ１錠,6.3,
3150002F2065,トコフェロール酢酸エステル錠１００ｍｇ「ツルハラ」,トコフェロール酢酸エステル,１００ｍｇ１錠,8.1,
3150002M1122,トコフェロール酢酸エステルカプセル１００ｍｇ「ＶＴＲＳ」,トコフェロール酢酸エステル,１００ｍｇ１カプセル,6.3,
3160001B1069,カチーフＮ散１０ｍｇ／ｇ,フィトナジオン,１％１ｇ,29,
3160001F1311,カチーフＮ錠５ｍｇ,フィトナジオン,５ｍｇ１錠,10.3,
3160001F1320,ケーワン錠５ｍｇ,フィトナジオン,５ｍｇ１錠,6.4,
3160001F1338,ビタミンＫ１錠５ｍｇ「ツルハラ」,フィトナジオン,５ｍｇ１錠,6.3,
3160002M1021,ケイツーカプセル５ｍｇ,メナテトレノン,５ｍｇ１カプセル,10.5,
3160002M2010,メナテトレノン１５ｍｇカプセル,メナテトレノン,１５ｍｇ１カプセル,9.9,
3160002M2028,グラケーカプセル１５ｍｇ,メナテトレノン,１５ｍｇ１カプセル,11.9,
3160002Q1040,ケイツーシロップ０．２％,メナテトレノン,０．２％１ｍＬ,23.4,
3179100F1031,ビフロキシン配合錠,リボフラビン・ピリドキシン塩酸塩,１錠,6.3,
3179101M1132,ジアイナ配合カプセル,チアミンジスルフィド・Ｂ６・Ｂ１２配合剤,１カプセル,6.3,
3179106F1039,ノイロビタン配合錠,オクトチアミン・Ｂ２・Ｂ６・Ｂ１２配合剤,１錠,6.3,
3179107F1041,ビタダン配合錠,フルスルチアミン・Ｂ２・Ｂ６・Ｂ１２配合剤,１錠,10.1,
3179108B1036,ビタメジン配合散,ベンフォチアミン・Ｂ６・Ｂ１２配合剤,１ｇ,16.2,
3179109M1074,ビタメジン配合カプセルＢ２５,ベンフォチアミン・Ｂ６・Ｂ１２配合剤,１カプセル,6.3,
3179110M1034,ビタメジン配合カプセルＢ５０,ベンフォチアミン・Ｂ６・Ｂ１２配合剤,１カプセル,6.3,
3179115D1096,シナール配合顆粒,アスコルビン酸・パントテン酸カルシウム,１ｇ,6.9,
3179115D1100,シーピー配合顆粒,アスコルビン酸・パントテン酸カルシウム,１ｇ,6.9,
3179115F2034,シナール配合錠,アスコルビン酸・パントテン酸カルシウム,１錠,10.8,
3179121A1028,調剤用パンビタン末,レチノール・カルシフェロール配合剤,１ｇ,8.5,
3190001B1041,ビオチン散０．２％「フソー」,ビオチン,０．２％１ｇ,6.9,
3190001B1050,ビオチン散０．２％「ホエイ」,ビオチン,０．２％１ｇ,6.9,
3190001R1031,ビオチン・ドライシロップ０．１％「ホエイ」,ビオチン,０．１％１ｇ,6.8,
3211001X1016,乳酸カルシウム水和物,乳酸カルシウム水和物,１０ｇ,38.4,
3211001X1288,乳酸カルシウム水和物〈ハチ〉原末,乳酸カルシウム水和物,１０ｇ,41.7,
3213001X1010,グルコン酸カルシウム水和物,グルコン酸カルシウム水和物,１ｇ,7.5,
3214001F1020,アスパラ－ＣＡ錠２００,Ｌ－アスパラギン酸カルシウム水和物,２００ｍｇ１錠,6.3,
3214001F1047,Ｌ－アスパラギン酸Ｃａ錠２００ｍｇ「サワイ」,Ｌ－アスパラギン酸カルシウム水和物,２００ｍｇ１錠,6.3,
3214001F1063,Ｌ－アスパラギン酸Ｃａ錠２００ｍｇ「トーワ」,Ｌ－アスパラギン酸カルシウム水和物,２００ｍｇ１錠,6.3,
3215001X1015,塩化カルシウム水和物,塩化カルシウム水和物,１０ｇ,17.1,
3219001X1014,リン酸水素カルシウム水和物,リン酸水素カルシウム水和物,１０ｇ,15.8,
3219100F1020,デノタスチュアブル配合錠,沈降炭酸カルシウム・コレカルシフェロール・炭酸マグネシウム,１錠,10.9,
3221001X1012,ヨウ化カリウム,ヨウ化カリウム,１ｇ,8,
3221001X1055,ヨウ化カリウム「コザカイ・Ｍ」,ヨウ化カリウム,１ｇ,11.3,
3221001X1101,ヨウ化カリウム「ニッコー」,ヨウ化カリウム,１ｇ,14.5,
3221001X1187,ヨウ化カリウム（山善）,ヨウ化カリウム,１ｇ,8.1,
3221002L1074,ヨウ化カリウム丸５０ｍｇ「日医工」,ヨウ化カリウム,５０ｍｇ１丸,6.3,
3221004B1027,ヨウレチン散０．０２％,ヨウ素レシチン,２００μｇ１ｇ,6.9,
3221004F2025,ヨウレチン錠「１００」,ヨウ素レシチン,１００μｇ１錠,6.3,
3222007G1033,フェロ・グラデュメット錠１０５ｍｇ,硫酸鉄水和物,１０５ｍｇ１錠,6.3,
3222012Q1030,インクレミンシロップ５％,溶性ピロリン酸第二鉄,１ｍＬ,7.1,
3222013D1059,フェロミア顆粒８．３％,クエン酸第一鉄ナトリウム,１ｇ,8.3,
3222013D1075,クエン酸第一鉄ナトリウム顆粒８．３％「ツルハラ」,クエン酸第一鉄ナトリウム,１ｇ,9.8,
3222013F1017,クエン酸第一鉄ナトリウム鉄５０ｍｇ錠,クエン酸第一鉄ナトリウム,鉄５０ｍｇ１錠,6.3,
3222013F1025,フェロミア錠５０ｍｇ,クエン酸第一鉄ナトリウム,鉄５０ｍｇ１錠,6.3,
3222013F1157,クエン酸第一鉄Ｎａ錠５０ｍｇ「サワイ」,クエン酸第一鉄ナトリウム,鉄５０ｍｇ１錠,6.3,
3222013F1165,クエン酸第一鉄ナトリウム錠５０ｍｇ「ツルハラ」,クエン酸第一鉄ナトリウム,鉄５０ｍｇ１錠,6.3,
3229001X1010,塩化カリウム,塩化カリウム,１０ｇ,8,
3229001X1053,塩化カリウム「フソー」,塩化カリウム,１０ｇ,13.1,R9.3.31まで
3229002G1082,塩化カリウム徐放錠６００ｍｇ「Ｓｔ」,塩化カリウム,６００ｍｇ１錠,6.3,
3229002S1026,Ｋ．Ｃ．Ｌ．エリキシル（１０ｗ／ｖ％）,塩化カリウム,１０％１０ｍＬ,13.8,
3229003S1039,酢酸カリウム液「司生堂」,酢酸カリウム,１０ｍＬ,5.5,
3229005B1038,アスパラカリウム散５０％,Ｌ－アスパラギン酸カリウム,５０％１ｇ,6.9,
3229005F1080,アスパラカリウム錠３００ｍｇ,Ｌ－アスパラギン酸カリウム,３００ｍｇ１錠,6.3,
3229007C1032,グルコンサンＫ細粒４ｍＥｑ／ｇ,グルコン酸カリウム,カリウム４ｍＥｑ１ｇ,6.9,
3229007F1047,グルコンサンＫ錠２．５ｍＥｑ,グルコン酸カリウム,カリウム２．５ｍＥｑ１錠,6.3,R9.3.31まで
3229007F2035,グルコンサンＫ錠５ｍＥｑ,グルコン酸カリウム,カリウム５ｍＥｑ１錠,6.9,R9.3.31まで
3229008F1025,ジンタス錠５０ｍｇ,ヒスチジン亜鉛水和物,５０ｍｇ１錠,232.9,
3229008F2021,ジンタス錠２５ｍｇ,ヒスチジン亜鉛水和物,２５ｍｇ１錠,145.6,
3229100D2030,ソリタ－Ｔ配合顆粒２号,ナトリウム・カリウム・マグネシウム配合剤,４ｇ１包,34.1,
3229101D2035,ソリタ－Ｔ配合顆粒３号,ナトリウム・カリウム・マグネシウム配合剤,４ｇ１包,33.9,
3229102F1107,アスパラ配合錠,アスパラギン酸カリウム・マグネシウム,（１５０ｍｇ）１錠,6.3,
3229103D1020,ホスリボン配合顆粒,リン酸二水素ナトリウム一水和物・無水リン酸水素二ナトリウム,１００ｍｇ１包（リンとして）,67.7,
3231001X1019,ブドウ糖,ブドウ糖,１０ｇ,8,
3231001X1060,ブドウ糖「コザカイ・Ｍ」,ブドウ糖,１０ｇ,8.9,
3231001X1167,ブドウ糖「ニッコー」,ブドウ糖,１０ｇ,13.2,
3232001X1016,果糖,果糖,１ｇ,9.4,
3253001D1036,アミユー配合顆粒,総合アミノ酸製剤,２．５ｇ１包,62.9,
3253002D1030,ＥＳポリタミン配合顆粒,総合アミノ酸製剤,１ｇ,29.6,
3253003D2031,リーバクト配合顆粒,イソロイシン・ロイシン・バリン,４．１５ｇ１包,134,
3253003Q1029,リーバクト配合経口ゼリー,イソロイシン・ロイシン・バリン,２０ｇ１個,146.6,R9.3.31まで
3259103B1036,エレンタール配合内用剤,経腸成分栄養剤,１０ｇ,58.6,
3259107A1039,エレンタールＰ乳幼児用配合内用剤,経腸成分栄養剤,１０ｇ,86.7,
3259108B1039,アミノレバンＥＮ配合散,肝不全用成分栄養剤,１０ｇ,88.8,
3259109S1025,エンシュア・リキッド,経腸成分栄養剤,１０ｍＬ,7.1,
3259111A1035,ヘパンＥＤ配合内用剤,肝不全用成分栄養剤,１０ｇ,32.3,
3259114S1026,エンシュア・Ｈ,経腸成分栄養剤,１０ｍＬ,9.1,
3259117S1020,ツインラインＮＦ配合経腸用液,経腸成分栄養剤,１０ｍＬ（混合調製後の内用液として）,9.1,
3259118S1024,ラコールＮＦ配合経腸用液,経腸成分栄養剤,１０ｍＬ,10.7,
3259118T1020,ラコールＮＦ配合経腸用半固形剤,経腸成分栄養剤,１０ｇ,10.6,R9.3.31まで
3259119S1029,エネーボ配合経腸用液,経腸成分栄養剤,１０ｍＬ,8.3,
3259120S1021,イノラス配合経腸用液,経腸成分栄養剤,１０ｍＬ,13.9,
3259121T1021,イノソリッド配合経腸用半固形剤,経腸成分栄養剤,１０ｇ,14.3,
3272001X1062,マルツエキス分包（高田）,マルツエキス,１ｇ,7.1,
3279103X2032,フェニルアラニン除去ミルク配合散「雪印」,フェニルアラニン除去ミルク,１ｇ,15.9,
3279104X2037,ロイシン・イソロイシン・バリン除去ミルク配合散「雪印」,ロイシン・イソロイシン・バリン除去ミルク,１ｇ,15.9,
3279109S1028,プリミーフォート経腸用液　ＣＦ,人乳由来母乳強化剤,１０ｍＬ１瓶,14079.5,
3279109S2024,プリミーフォート経腸用液　６,人乳由来母乳強化剤,１５ｍＬ１瓶,29171.3,
3279109S3020,プリミーフォート経腸用液　６,人乳由来母乳強化剤,３０ｍＬ１瓶,58199.3,
3279109S4027,プリミーフォート経腸用液　８,人乳由来母乳強化剤,４０ｍＬ１瓶,77580.5,
3291001X1017,ブドウ酒,ブドウ酒,１０ｍＬ,21.3,
3291001X1025,ブドウ酒（中北）,ブドウ酒,１０ｍＬ,32,
3321002B1139,アドナ散１０％,カルバゾクロムスルホン酸ナトリウム水和物,１０％１ｇ,28.9,
3321002C1010,カルバゾクロムスルホン酸ナトリウム１０％細粒,カルバゾクロムスルホン酸ナトリウム水和物,１０％１ｇ,6.9,
3321002F1092,アドナ錠１０ｍｇ,カルバゾクロムスルホン酸ナトリウム水和物,１０ｍｇ１錠,6.3,
3321002F1114,カルバゾクロムスルホン酸ナトリウム錠１０ｍｇ「日医工」,カルバゾクロムスルホン酸ナトリウム水和物,１０ｍｇ１錠,6.3,
3321002F2013,カルバゾクロムスルホン酸ナトリウム３０ｍｇ錠,カルバゾクロムスルホン酸ナトリウム水和物,３０ｍｇ１錠,6.3,
3321002F2366,アドナ錠３０ｍｇ,カルバゾクロムスルホン酸ナトリウム水和物,３０ｍｇ１錠,7.2,
3321002F2439,カルバゾクロムスルホン酸Ｎａ錠３０ｍｇ「ツルハラ」,カルバゾクロムスルホン酸ナトリウム水和物,３０ｍｇ１錠,8.9,
3322001X1015,ゼラチン,ゼラチン,１０ｇ,17.4,
3322002X1010,精製ゼラチン,精製ゼラチン,１０ｇ,17.4,
3323001C1053,経口用トロンビン細粒１万単位「サワイ」,トロンビン,１０，０００単位１ｇ１包,1515.3,
3323001C1061,経口用トロンビン細粒１万単位,トロンビン,１０，０００単位１ｇ１包,1515.3,
3323001C3056,経口用トロンビン細粒０．５万単位「サワイ」,トロンビン,５，０００単位０．５ｇ１包,884.4,
3323001C3064,経口用トロンビン細粒５千単位,トロンビン,５，０００単位０．５ｇ１包,884.4,
3327002B1027,トランサミン散５０％,トラネキサム酸,５０％１ｇ,8.5,
3327002F1010,トラネキサム酸２５０ｍｇ錠,トラネキサム酸,２５０ｍｇ１錠,10.8,
3327002F1142,トランサミン錠２５０ｍｇ,トラネキサム酸,２５０ｍｇ１錠,10.8,
3327002F2041,トランサミン錠５００ｍｇ,トラネキサム酸,５００ｍｇ１錠,10.9,
3327002F2050,トラネキサム酸錠５００ｍｇ「ＹＤ」,トラネキサム酸,５００ｍｇ１錠,11.4,
3327002M1010,トラネキサム酸２５０ｍｇカプセル,トラネキサム酸,２５０ｍｇ１カプセル,10.8,
3327002M1303,トランサミンカプセル２５０ｍｇ,トラネキサム酸,２５０ｍｇ１カプセル,10.8,
3327002Q1062,トランサミンシロップ５％,トラネキサム酸,５％１ｍＬ,4.7,
3327002Q1089,トラネキサム酸シロップ５％「ＮＩＧ」,トラネキサム酸,５％１ｍＬ,3.7,
3332001C1028,ワルファリンＫ細粒０．２％「ＮＳ」,ワルファリンカリウム,０．２％１ｇ,19.6,
3332001D1023,ワーファリン顆粒０．２％,ワルファリンカリウム,０．２％１ｇ,19.6,
3332001F1016,ワルファリンカリウム錠,ワルファリンカリウム,１ｍｇ１錠,10.8,
3332001F1024,ワーファリン錠１ｍｇ,ワルファリンカリウム,１ｍｇ１錠,10.8,
3332001F1083,ワルファリンＫ錠１ｍｇ「トーワ」,ワルファリンカリウム,１ｍｇ１錠,10.8,
3332001F1130,ワルファリンＫ錠１ｍｇ「ＮＩＧ」,ワルファリンカリウム,１ｍｇ１錠,10.8,
3332001F2012,ワルファリンカリウム錠,ワルファリンカリウム,５ｍｇ１錠,10.8,
3332001F3019,ワルファリンカリウム錠,ワルファリンカリウム,０．５ｍｇ１錠,10.8,
3332001F3035,ワーファリン錠０．５ｍｇ,ワルファリンカリウム,０．５ｍｇ１錠,10.8,
3332001F3051,ワルファリンＫ錠０．５ｍｇ「トーワ」,ワルファリンカリウム,０．５ｍｇ１錠,10.8,
3332001F3086,ワルファリンＫ錠０．５ｍｇ「ＮＩＧ」,ワルファリンカリウム,０．５ｍｇ１錠,10.8,
3332001F4015,ワルファリンカリウム錠,ワルファリンカリウム,２ｍｇ１錠,10.4,
3339001M1024,プラザキサカプセル７５ｍｇ,ダビガトランエテキシラートメタンスルホン酸塩,７５ｍｇ１カプセル,65.2,
3339001M2020,プラザキサカプセル１１０ｍｇ,ダビガトランエテキシラートメタンスルホン酸塩,１１０ｍｇ１カプセル,119,
3339002F1020,リクシアナ錠１５ｍｇ,エドキサバントシル酸塩水和物,１５ｍｇ１錠,180.3,
3339002F2026,リクシアナ錠３０ｍｇ,エドキサバントシル酸塩水和物,３０ｍｇ１錠,330.1,
3339002F3022,リクシアナ錠６０ｍｇ,エドキサバントシル酸塩水和物,６０ｍｇ１錠,334.5,
3339002F4029,リクシアナＯＤ錠１５ｍｇ,エドキサバントシル酸塩水和物,１５ｍｇ１錠,180.3,
3339002F5025,リクシアナＯＤ錠３０ｍｇ,エドキサバントシル酸塩水和物,３０ｍｇ１錠,330.1,
3339002F6021,リクシアナＯＤ錠６０ｍｇ,エドキサバントシル酸塩水和物,６０ｍｇ１錠,334.5,
3339003C1028,イグザレルト細粒分包１０ｍｇ,リバーロキサバン,１０ｍｇ１包,332.9,
3339003C2024,イグザレルト細粒分包１５ｍｇ,リバーロキサバン,１５ｍｇ１包,403.2,
3339003F1024,イグザレルト錠１０ｍｇ,リバーロキサバン,１０ｍｇ１錠,317.6,
3339003F1032,リバーロキサバン錠１０ｍｇ「サワイ」,リバーロキサバン,１０ｍｇ１錠,143,
3339003F1040,リバーロキサバン錠１０ｍｇ「バイエル」,リバーロキサバン,１０ｍｇ１錠,143,
3339003F2020,イグザレルト錠１５ｍｇ,リバーロキサバン,１５ｍｇ１錠,420.3,
3339003F2039,リバーロキサバン錠１５ｍｇ「サワイ」,リバーロキサバン,１５ｍｇ１錠,200,
3339003F2047,リバーロキサバン錠１５ｍｇ「バイエル」,リバーロキサバン,１５ｍｇ１錠,200,
3339003F3027,イグザレルトＯＤ錠１０ｍｇ,リバーロキサバン,１０ｍｇ１錠,317.6,
3339003F3035,リバーロキサバンＯＤ錠１０ｍｇ「ＪＧ」,リバーロキサバン,１０ｍｇ１錠,143,
3339003F3043,リバーロキサバンＯＤ錠１０ｍｇ「ＴＣＫ」,リバーロキサバン,１０ｍｇ１錠,143,
3339003F3051,リバーロキサバンＯＤ錠１０ｍｇ「サワイ」,リバーロキサバン,１０ｍｇ１錠,143,
3339003F3060,リバーロキサバンＯＤ錠１０ｍｇ「トーワ」,リバーロキサバン,１０ｍｇ１錠,143,
3339003F3078,リバーロキサバンＯＤ錠１０ｍｇ「日医工」,リバーロキサバン,１０ｍｇ１錠,143,
3339003F3086,リバーロキサバンＯＤ錠１０ｍｇ「ニプロ」,リバーロキサバン,１０ｍｇ１錠,143,
3339003F3094,リバーロキサバンＯＤ錠１０ｍｇ「バイエル」,リバーロキサバン,１０ｍｇ１錠,143,
3339003F4023,イグザレルトＯＤ錠１５ｍｇ,リバーロキサバン,１５ｍｇ１錠,418.9,
3339003F4031,リバーロキサバンＯＤ錠１５ｍｇ「ＪＧ」,リバーロキサバン,１５ｍｇ１錠,200,
3339003F4040,リバーロキサバンＯＤ錠１５ｍｇ「ＴＣＫ」,リバーロキサバン,１５ｍｇ１錠,200,
3339003F4058,リバーロキサバンＯＤ錠１５ｍｇ「サワイ」,リバーロキサバン,１５ｍｇ１錠,200,
3339003F4066,リバーロキサバンＯＤ錠１５ｍｇ「トーワ」,リバーロキサバン,１５ｍｇ１錠,200,
3339003F4074,リバーロキサバンＯＤ錠１５ｍｇ「日医工」,リバーロキサバン,１５ｍｇ１錠,200,
3339003F4082,リバーロキサバンＯＤ錠１５ｍｇ「ニプロ」,リバーロキサバン,１５ｍｇ１錠,200,
3339003F4090,リバーロキサバンＯＤ錠１５ｍｇ「バイエル」,リバーロキサバン,１５ｍｇ１錠,200,
3339003F5020,イグザレルト錠２．５ｍｇ,リバーロキサバン,２．５ｍｇ１錠,120.1,
3339003R1020,イグザレルトドライシロップ小児用５１．７ｍｇ,リバーロキサバン,５１．７ｍｇ１瓶,5705.2,
3339003R2027,イグザレルトドライシロップ小児用１０３．４ｍｇ,リバーロキサバン,１０３．４ｍｇ１瓶,9199.1,
3339004F1029,エリキュース錠２．５ｍｇ,アピキサバン,２．５ｍｇ１錠,111.6,
3339004F2025,エリキュース錠５ｍｇ,アピキサバン,５ｍｇ１錠,201,
3399001C1027,パナルジン細粒１０％,チクロピジン塩酸塩,１０％１ｇ,31.9,R9.3.31まで
3399001F1015,チクロピジン塩酸塩１００ｍｇ錠,チクロピジン塩酸塩,１００ｍｇ１錠,10.8,
3399001F1384,パナルジン錠１００ｍｇ,チクロピジン塩酸塩,１００ｍｇ１錠,11,R9.3.31まで
3399002B1026,プレタール散２０％,シロスタゾール,２０％１ｇ,144.5,
3399002F1010,シロスタゾール５０ｍｇ錠,シロスタゾール,５０ｍｇ１錠,10.8,
3399002F2016,シロスタゾール１００ｍｇ錠,シロスタゾール,１００ｍｇ１錠,11.3,
3399002F2300,シロスタゾール錠１００ｍｇ「ケミファ」,シロスタゾール,１００ｍｇ１錠,13.9,
3399002F2393,シロスタゾール錠１００ｍｇ「ＶＴＲＳ」,シロスタゾール,１００ｍｇ１錠,13.9,
3399002F3012,シロスタゾール５０ｍｇ口腔内崩壊錠,シロスタゾール,５０ｍｇ１錠,10.8,
3399002F3020,プレタールＯＤ錠５０ｍｇ,シロスタゾール,５０ｍｇ１錠,15.2,
3399002F4019,シロスタゾール１００ｍｇ口腔内崩壊錠,シロスタゾール,１００ｍｇ１錠,11.3,
3399002F4027,プレタールＯＤ錠１００ｍｇ,シロスタゾール,１００ｍｇ１錠,18,
3399002F4043,シロスタゾールＯＤ錠１００ｍｇ「タカタ」,シロスタゾール,１００ｍｇ１錠,13.9,
3399002F4060,シロスタゾールＯＤ錠１００ｍｇ「ケミファ」,シロスタゾール,１００ｍｇ１錠,13.9,
3399002F4124,シロスタゾールＯＤ錠１００ｍｇ「ＶＴＲＳ」,シロスタゾール,１００ｍｇ１錠,13.9,
3399002Q1037,シロスタゾール内服ゼリー５０ｍｇ「ＥＥ」,シロスタゾール,５０ｍｇ１包,33.3,R9.3.31まで
3399002Q2033,シロスタゾール内服ゼリー１００ｍｇ「ＥＥ」,シロスタゾール,１００ｍｇ１包,41.9,R9.3.31まで
3399003F1014,リマプロスト　アルファデクス５μｇ錠,リマプロスト　アルファデクス,５μｇ１錠,8.9,
3399003F1073,オパルモン錠５μｇ,リマプロスト　アルファデクス,５μｇ１錠,18,
3399003F1120,リマプロストアルファデクス錠５μｇ「ＳＮ」,リマプロスト　アルファデクス,５μｇ１錠,18.3,
3399004M1018,イコサペント酸エチル３００ｍｇカプセル,イコサペント酸エチル,３００ｍｇ１カプセル,11.8,
3399004M1026,エパデールカプセル３００,イコサペント酸エチル,３００ｍｇ１カプセル,19.5,
3399004M1336,イコサペント酸エチルカプセル３００ｍｇ「サワイ」,イコサペント酸エチル,３００ｍｇ１カプセル,14.6,
3399004M1425,イコサペント酸エチルカプセル３００ｍｇ「杏林」,イコサペント酸エチル,３００ｍｇ１カプセル,14.6,
3399004M2014,イコサペント酸エチル３００ｍｇ粒状カプセル,イコサペント酸エチル,３００ｍｇ１包,15.1,
3399004M2022,エパデールＳ３００,イコサペント酸エチル,３００ｍｇ１包,19.4,
3399004M3010,イコサペント酸エチル６００ｍｇ粒状カプセル,イコサペント酸エチル,６００ｍｇ１包,29.4,
3399004M3029,エパデールＳ６００,イコサペント酸エチル,６００ｍｇ１包,32.8,
3399004M4017,イコサペント酸エチル９００ｍｇ粒状カプセル,イコサペント酸エチル,９００ｍｇ１包,41.2,
3399004M4025,エパデールＳ９００,イコサペント酸エチル,９００ｍｇ１包,42.5,
3399005F1013,ベラプロストナトリウム２０μｇ錠,ベラプロストナトリウム,２０μｇ１錠,11.4,
3399005F1021,ドルナー錠２０μｇ,ベラプロストナトリウム,２０μｇ１錠,17.8,
3399005F1030,プロサイリン錠２０,ベラプロストナトリウム,２０μｇ１錠,19.2,
3399005F1200,ベラプロストＮａ錠２０μｇ「サワイ」,ベラプロストナトリウム,２０μｇ１錠,21.2,
3399005F2060,ベラプロストＮａ錠４０μｇ「ＹＤ」,ベラプロストナトリウム,４０μｇ１錠,33.4,
3399005F2079,ベラプロストＮａ錠４０μｇ「トーワ」,ベラプロストナトリウム,４０μｇ１錠,33.4,
3399005F2109,ベラプロストＮａ錠４０μｇ「ＮＩＧ」,ベラプロストナトリウム,４０μｇ１錠,33.4,
3399006F1018,サルポグレラート塩酸塩５０ｍｇ錠,サルポグレラート塩酸塩,５０ｍｇ１錠,16.2,
3399006F1026,アンプラーグ錠５０ｍｇ,サルポグレラート塩酸塩,５０ｍｇ１錠,29.3,
3399006F1174,サルポグレラート塩酸塩錠５０ｍｇ「ケミファ」,サルポグレラート塩酸塩,５０ｍｇ１錠,27.5,
3399006F1182,サルポグレラート塩酸塩錠５０ｍｇ「サワイ」,サルポグレラート塩酸塩,５０ｍｇ１錠,28.5,
3399006F2014,サルポグレラート塩酸塩１００ｍｇ錠,サルポグレラート塩酸塩,１００ｍｇ１錠,14.3,
3399006F2022,アンプラーグ錠１００ｍｇ,サルポグレラート塩酸塩,１００ｍｇ１錠,43.7,
3399006F2065,サルポグレラート塩酸塩錠１００ｍｇ「ＪＧ」,サルポグレラート塩酸塩,１００ｍｇ１錠,26.1,
3399006F2090,サルポグレラート塩酸塩錠１００ｍｇ「ＮＰ」,サルポグレラート塩酸塩,１００ｍｇ１錠,26.1,R9.3.31まで
3399006F2111,サルポグレラート塩酸塩錠１００ｍｇ「ＴＣＫ」,サルポグレラート塩酸塩,１００ｍｇ１錠,26.1,
3399006F2162,サルポグレラート塩酸塩錠１００ｍｇ「オーハラ」,サルポグレラート塩酸塩,１００ｍｇ１錠,26.1,
3399006F2170,サルポグレラート塩酸塩錠１００ｍｇ「ケミファ」,サルポグレラート塩酸塩,１００ｍｇ１錠,34.2,
3399006F2189,サルポグレラート塩酸塩錠１００ｍｇ「サワイ」,サルポグレラート塩酸塩,１００ｍｇ１錠,34.2,
3399006F2197,サルポグレラート塩酸塩錠１００ｍｇ「サンド」,サルポグレラート塩酸塩,１００ｍｇ１錠,26.1,R9.3.31まで
3399006F2227,サルポグレラート塩酸塩錠１００ｍｇ「トーワ」,サルポグレラート塩酸塩,１００ｍｇ１錠,26.1,
3399006F2308,サルポグレラート塩酸塩錠１００ｍｇ「ＮＩＧ」,サルポグレラート塩酸塩,１００ｍｇ１錠,26.1,
3399007H1013,アスピリン１００ｍｇ腸溶錠,アスピリン,１００ｍｇ１錠,6.3,
3399008F1017,クロピドグレル硫酸塩２５ｍｇ錠,クロピドグレル硫酸塩,２５ｍｇ１錠,10.8,
3399008F1025,プラビックス錠２５ｍｇ,クロピドグレル硫酸塩,２５ｍｇ１錠,18.7,
3399008F1076,クロピドグレル錠２５ｍｇ「ＪＧ」,クロピドグレル硫酸塩,２５ｍｇ１錠,12.6,
3399008F1114,クロピドグレル錠２５ｍｇ「ＳＡＮＩＫ」,クロピドグレル硫酸塩,２５ｍｇ１錠,12.6,
3399008F1130,クロピドグレル錠２５ｍｇ「ＴＣＫ」,クロピドグレル硫酸塩,２５ｍｇ１錠,12.6,
3399008F1173,クロピドグレル錠２５ｍｇ「科研」,クロピドグレル硫酸塩,２５ｍｇ１錠,12.6,
3399008F1190,クロピドグレル錠２５ｍｇ「ケミファ」,クロピドグレル硫酸塩,２５ｍｇ１錠,12.6,
3399008F1203,クロピドグレル錠２５ｍｇ「サワイ」,クロピドグレル硫酸塩,２５ｍｇ１錠,12.6,
3399008F1211,クロピドグレル錠２５ｍｇ「サンド」,クロピドグレル硫酸塩,２５ｍｇ１錠,12.6,
3399008F1246,クロピドグレル錠２５ｍｇ「ツルハラ」,クロピドグレル硫酸塩,２５ｍｇ１錠,12.6,
3399008F1262,クロピドグレル錠２５ｍｇ「トーワ」,クロピドグレル硫酸塩,２５ｍｇ１錠,12.6,
3399008F1319,クロピドグレル錠２５ｍｇ「明治」,クロピドグレル硫酸塩,２５ｍｇ１錠,12.6,
3399008F2021,プラビックス錠７５ｍｇ,クロピドグレル硫酸塩,７５ｍｇ１錠,40.9,
3399008F2072,クロピドグレル錠７５ｍｇ「ＪＧ」,クロピドグレル硫酸塩,７５ｍｇ１錠,28.3,
3399008F2110,クロピドグレル錠７５ｍｇ「ＳＡＮＩＫ」,クロピドグレル硫酸塩,７５ｍｇ１錠,28.3,
3399008F2137,クロピドグレル錠７５ｍｇ「ＴＣＫ」,クロピドグレル硫酸塩,７５ｍｇ１錠,28.3,
3399008F2145,クロピドグレル錠７５ｍｇ「ＹＤ」,クロピドグレル硫酸塩,７５ｍｇ１錠,17.7,
3399008F2170,クロピドグレル錠７５ｍｇ「科研」,クロピドグレル硫酸塩,７５ｍｇ１錠,28.3,
3399008F2188,クロピドグレル錠７５ｍｇ「杏林」,クロピドグレル硫酸塩,７５ｍｇ１錠,17.7,
3399008F2196,クロピドグレル錠７５ｍｇ「ケミファ」,クロピドグレル硫酸塩,７５ｍｇ１錠,28.3,
3399008F2200,クロピドグレル錠７５ｍｇ「サワイ」,クロピドグレル硫酸塩,７５ｍｇ１錠,28.3,
3399008F2218,クロピドグレル錠７５ｍｇ「サンド」,クロピドグレル硫酸塩,７５ｍｇ１錠,28.3,
3399008F2226,クロピドグレル錠７５ｍｇ「三和」,クロピドグレル硫酸塩,７５ｍｇ１錠,17.7,R9.3.31まで
3399008F2242,クロピドグレル錠７５ｍｇ「ツルハラ」,クロピドグレル硫酸塩,７５ｍｇ１錠,28.3,
3399008F2269,クロピドグレル錠７５ｍｇ「トーワ」,クロピドグレル硫酸塩,７５ｍｇ１錠,28.3,
3399008F2277,クロピドグレル錠７５ｍｇ「日新」,クロピドグレル硫酸塩,７５ｍｇ１錠,17.7,
3399008F2315,クロピドグレル錠７５ｍｇ「明治」,クロピドグレル硫酸塩,７５ｍｇ１錠,28.3,
3399008F2331,クロピドグレル錠７５ｍｇ「フェルゼン」,クロピドグレル硫酸塩,７５ｍｇ１錠,17.7,
3399008F2340,クロピドグレル錠７５ｍｇ「クニヒロ」,クロピドグレル硫酸塩,７５ｍｇ１錠,17.7,
3399008F2358,クロピドグレル錠７５ｍｇ「ＶＴＲＳ」,クロピドグレル硫酸塩,７５ｍｇ１錠,17.7,
3399008F3044,クロピドグレル錠５０ｍｇ「ＴＣＫ」,クロピドグレル硫酸塩,５０ｍｇ１錠,15.4,
3399008F3052,クロピドグレル錠５０ｍｇ「サワイ」,クロピドグレル硫酸塩,５０ｍｇ１錠,15.4,
3399008F3079,クロピドグレル錠５０ｍｇ「明治」,クロピドグレル硫酸塩,５０ｍｇ１錠,15.4,
3399009F1020,エフィエント錠３．７５ｍｇ,プラスグレル塩酸塩,３．７５ｍｇ１錠,237,
3399009F1038,プラスグレル錠３．７５ｍｇ「ＤＳＥＰ」,プラスグレル塩酸塩,３．７５ｍｇ１錠,118.2,
3399009F1046,プラスグレル錠３．７５ｍｇ「トーワ」,プラスグレル塩酸塩,３．７５ｍｇ１錠,118.2,
3399009F2026,エフィエント錠５ｍｇ,プラスグレル塩酸塩,５ｍｇ１錠,312.5,
3399009F2034,プラスグレル錠５ｍｇ「ＤＳＥＰ」,プラスグレル塩酸塩,５ｍｇ１錠,149.9,
3399009F2042,プラスグレル錠５ｍｇ「トーワ」,プラスグレル塩酸塩,５ｍｇ１錠,149.9,
3399009F3022,エフィエント錠２．５ｍｇ,プラスグレル塩酸塩,２．５ｍｇ１錠,169.9,
3399009F3030,プラスグレル錠２．５ｍｇ「ＤＳＥＰ」,プラスグレル塩酸塩,２．５ｍｇ１錠,84.6,
3399009F3049,プラスグレル錠２．５ｍｇ「トーワ」,プラスグレル塩酸塩,２．５ｍｇ１錠,84.6,
3399009F5025,エフィエントＯＤ錠２０ｍｇ,プラスグレル塩酸塩,２０ｍｇ１錠,949.6,
3399009F5033,プラスグレルＯＤ錠２０ｍｇ「ＤＳＥＰ」,プラスグレル塩酸塩,２０ｍｇ１錠,471.2,
3399009F5041,プラスグレルＯＤ錠２０ｍｇ「トーワ」,プラスグレル塩酸塩,２０ｍｇ１錠,471.2,
3399010F1022,ムルプレタ錠３ｍｇ,ルストロンボパグ,３ｍｇ１錠,11402.5,
3399011F1027,ブリリンタ錠６０ｍｇ,チカグレロル,６０ｍｇ１錠,77.1,
3399011F2023,ブリリンタ錠９０ｍｇ,チカグレロル,９０ｍｇ１錠,114,
3399012F1021,ドプテレット錠２０ｍｇ,アバトロンボパグマレイン酸塩,２０ｍｇ１錠,7106.6,
3399100F1019,アスピリン・ダイアルミネートＡ８１錠,アスピリン・ダイアルミネート,８１ｍｇ１錠,6.3,
3399101F1021,コンプラビン配合錠,クロピドグレル硫酸塩・アスピリン,１錠,40.9,
3399101F1030,ロレアス配合錠「ＮＳ」,クロピドグレル硫酸塩・アスピリン,１錠,61.5,
3399101F1048,ロレアス配合錠「ＳＡＮＩＫ」,クロピドグレル硫酸塩・アスピリン,１錠,61.5,
3399101F1056,ロレアス配合錠「杏林」,クロピドグレル硫酸塩・アスピリン,１錠,61.5,
3399102F1026,タケルダ配合錠,アスピリン・ランソプラゾール,１錠,16.8,
3399103F1020,キャブピリン配合錠,アスピリン・ボノプラザンフマル酸塩,１錠,86.5,
3919003F2020,チオラ錠１００,チオプロニン,１００ｍｇ１錠,20.9,
3919006B1034,タウリン散９８％「大正」,タウリン,９８％１ｇ,14.8,
3919007M1021,セロシオンカプセル１０,プロパゲルマニウム,１０ｍｇ１カプセル,102.2,
3919008S1025,リブマーリ内用液１０ｍｇ／ｍＬ,マラリキシバット塩化物,１％３０ｍＬ１瓶,3888640.7,
3919009D1020,ビルベイ顆粒２００μｇ,オデビキシバット水和物,２００μｇ１個,29705.1,
3919009D2027,ビルベイ顆粒６００μｇ,オデビキシバット水和物,６００μｇ１個,89114.7,
3919100F1150,グリチロン配合錠,グリチルリチン・ＤＬ－メチオニン配合剤,１錠,6.3,
3919100F1169,ニチファーゲン配合錠,グリチルリチン・ＤＬ－メチオニン配合剤,１錠,6.3,
3919100F1177,ネオファーゲンＣ配合錠,グリチルリチン・ＤＬ－メチオニン配合剤,１錠,6.3,R9.3.31まで
3921001F1031,ブライアン錠５００ｍｇ,エデト酸カルシウムナトリウム水和物,５００ｍｇ１錠,70.7,
3922001B2041,タチオン散２０％,グルタチオン,２０％１ｇ,30.3,
3922001F1098,タチオン錠５０ｍｇ,グルタチオン,５０ｍｇ１錠,6.9,
3922001F2248,タチオン錠１００ｍｇ,グルタチオン,１００ｍｇ１錠,12.4,
3922001F2345,グルタチオン錠１００ｍｇ「ツルハラ」,グルタチオン,１００ｍｇ１錠,10.1,
3929001M1039,メタルカプターゼカプセル５０ｍｇ,ペニシラミン,５０ｍｇ１カプセル,15.1,
3929001M2035,メタルカプターゼカプセル１００ｍｇ,ペニシラミン,１００ｍｇ１カプセル,28.6,
3929001M3031,メタルカプターゼカプセル２００ｍｇ,ペニシラミン,２００ｍｇ１カプセル,52.3,
3929003C1059,球形吸着炭細粒「マイラン」,球形吸着炭,１ｇ,33.7,
3929003C1067,クレメジン細粒分包２ｇ,球形吸着炭,１ｇ,45.7,
3929003C1075,球形吸着炭細粒分包２ｇ「日医工」,球形吸着炭,１ｇ,74.9,
3929003F1020,クレメジン速崩錠５００ｍｇ,球形吸着炭,５００ｍｇ１錠,22,
3929004F1025,ロイコボリン錠５ｍｇ,ホリナートカルシウム,５ｍｇ１錠,360.5,
3929004F2013,ホリナートカルシウム２５ｍｇ錠,ホリナートカルシウム,２５ｍｇ１錠,247,
3929004F2021,ユーゼル錠２５ｍｇ,ホリナートカルシウム,２５ｍｇ１錠,530.5,
3929004F2030,ロイコボリン錠２５ｍｇ,ホリナートカルシウム,２５ｍｇ１錠,892.8,
3929004F2048,ホリナート錠２５ｍｇ「タイホウ」,ホリナートカルシウム,２５ｍｇ１錠,350.8,
3929004F2064,ホリナート錠２５ｍｇ「ＪＧ」,ホリナートカルシウム,２５ｍｇ１錠,455.6,
3929004F2080,ホリナート錠２５ｍｇ「ＮＫ」,ホリナートカルシウム,２５ｍｇ１錠,350.8,R9.3.31まで
3929004F2099,ホリナート錠２５ｍｇ「オーハラ」,ホリナートカルシウム,２５ｍｇ１錠,350.8,
3929004F2102,ホリナート錠２５ｍｇ「サワイ」,ホリナートカルシウム,２５ｍｇ１錠,350.8,
3929004F2129,ホリナート錠２５ｍｇ「トーワ」,ホリナートカルシウム,２５ｍｇ１錠,350.8,
3929005M1029,メタライト２５０カプセル,トリエンチン塩酸塩,２５０ｍｇ１カプセル,293.3,
3929006S1049,アセチルシステイン内用液１７．６％「あゆみ」,アセチルシステイン,１７．６％１ｍＬ,89.5,
3929007D1028,ノベルジン顆粒５％,酢酸亜鉛水和物,５％１ｇ,402.2,
3929007D1036,酢酸亜鉛顆粒５％「サワイ」,酢酸亜鉛水和物,５％１ｇ,186,
3929007D1044,酢酸亜鉛顆粒５％「ノーベル」,酢酸亜鉛水和物,５％１ｇ,186,
3929007F1029,ノベルジン錠２５ｍｇ,酢酸亜鉛水和物,２５ｍｇ１錠,201.1,
3929007F1037,酢酸亜鉛錠２５ｍｇ「サワイ」,酢酸亜鉛水和物,２５ｍｇ１錠,81.5,
3929007F1045,酢酸亜鉛錠２５ｍｇ「ノーベル」,酢酸亜鉛水和物,２５ｍｇ１錠,81.5,
3929007F1053,酢酸亜鉛錠２５ｍｇ「ケミファ」,酢酸亜鉛水和物,２５ｍｇ１錠,81.5,
3929007F2025,ノベルジン錠５０ｍｇ,酢酸亜鉛水和物,５０ｍｇ１錠,321.6,
3929007F2033,酢酸亜鉛錠５０ｍｇ「サワイ」,酢酸亜鉛水和物,５０ｍｇ１錠,126.6,
3929007F2041,酢酸亜鉛錠５０ｍｇ「ノーベル」,酢酸亜鉛水和物,５０ｍｇ１錠,126.6,
3929007F2050,酢酸亜鉛錠５０ｍｇ「ケミファ」,酢酸亜鉛水和物,５０ｍｇ１錠,126.6,
3929008D1022,ジャドニュ顆粒分包９０ｍｇ,デフェラシロクス,９０ｍｇ１包,308.9,
3929008D1030,デフェラシロクス顆粒分包９０ｍｇ「サンド」,デフェラシロクス,９０ｍｇ１包,319.9,
3929008D1049,デフェラシロクス顆粒分包９０ｍｇ「サワイ」,デフェラシロクス,９０ｍｇ１包,319.9,
3929008D2029,ジャドニュ顆粒分包３６０ｍｇ,デフェラシロクス,３６０ｍｇ１包,1528.8,
3929008D2037,デフェラシロクス顆粒分包３６０ｍｇ「サンド」,デフェラシロクス,３６０ｍｇ１包,1173,
3929008D2045,デフェラシロクス顆粒分包３６０ｍｇ「サワイ」,デフェラシロクス,３６０ｍｇ１包,1173,
3929009M1027,ニシスタゴンカプセル５０ｍｇ,システアミン酒石酸塩,５０ｍｇ１カプセル,218.9,
3929009M2023,ニシスタゴンカプセル１５０ｍｇ,システアミン酒石酸塩,１５０ｍｇ１カプセル,573.5,
3932001S1041,シアナマイド内用液１％「タナベ」,シアナミド,１％１ｍＬ,4.9,
3939001B1034,ノックビン原末,ジスルフィラム,１ｇ,140.7,
3941001F1077,コルヒチン錠０．５ｍｇ「タカタ」,コルヒチン,０．５ｍｇ１錠,11,
3942001F1015,プロベネシド錠,プロベネシド,２５０ｍｇ１錠,18.7,
3943001F1012,アロプリノール１００ｍｇ錠,アロプリノール,１００ｍｇ１錠,10.8,
3943001F2019,アロプリノール５０ｍｇ錠,アロプリノール,５０ｍｇ１錠,10.8,
3949002F1010,ベンズブロマロン２５ｍｇ錠,ベンズブロマロン,２５ｍｇ１錠,6.3,
3949002F1053,ユリノーム錠２５ｍｇ,ベンズブロマロン,２５ｍｇ１錠,7.1,
3949002F2017,ベンズブロマロン５０ｍｇ錠,ベンズブロマロン,５０ｍｇ１錠,6.3,
3949002F2114,ユリノーム錠５０ｍｇ,ベンズブロマロン,５０ｍｇ１錠,9.5,
3949003F1015,フェブキソスタット１０ｍｇ錠,フェブキソスタット,１０ｍｇ１錠,6.3,
3949003F1023,フェブリク錠１０ｍｇ,フェブキソスタット,１０ｍｇ１錠,12.4,
3949003F1112,フェブキソスタット錠１０ｍｇ「トーワ」,フェブキソスタット水和物,１０ｍｇ１錠,6.3,
3949003F2011,フェブキソスタット２０ｍｇ錠,フェブキソスタット,２０ｍｇ１錠,10.8,
3949003F2020,フェブリク錠２０ｍｇ,フェブキソスタット,２０ｍｇ１錠,24.9,
3949003F2119,フェブキソスタット錠２０ｍｇ「トーワ」,フェブキソスタット水和物,２０ｍｇ１錠,10.8,
3949003F3026,フェブリク錠４０ｍｇ,フェブキソスタット,４０ｍｇ１錠,40,
3949003F3034,フェブキソスタット錠４０ｍｇ「ＡＦＰ」,フェブキソスタット,４０ｍｇ１錠,15.9,
3949003F3042,フェブキソスタット錠４０ｍｇ「ＤＳＥＰ」,フェブキソスタット,４０ｍｇ１錠,15.9,
3949003F3050,フェブキソスタット錠４０ｍｇ「ＪＧ」,フェブキソスタット,４０ｍｇ１錠,15.9,
3949003F3069,フェブキソスタット錠４０ｍｇ「ＴＣＫ」,フェブキソスタット,４０ｍｇ１錠,15.9,
3949003F3077,フェブキソスタット錠４０ｍｇ「ＹＤ」,フェブキソスタット,４０ｍｇ１錠,15.9,
3949003F3085,フェブキソスタット錠４０ｍｇ「杏林」,フェブキソスタット,４０ｍｇ１錠,16.4,
3949003F3093,フェブキソスタット錠４０ｍｇ「ケミファ」,フェブキソスタット,４０ｍｇ１錠,15.9,
3949003F3107,フェブキソスタット錠４０ｍｇ「サワイ」,フェブキソスタット,４０ｍｇ１錠,15.9,
3949003F3115,フェブキソスタット錠４０ｍｇ「トーワ」,フェブキソスタット水和物,４０ｍｇ１錠,16.3,
3949003F3123,フェブキソスタット錠４０ｍｇ「日新」,フェブキソスタット,４０ｍｇ１錠,16.7,
3949003F3131,フェブキソスタット錠４０ｍｇ「ニプロ」,フェブキソスタット,４０ｍｇ１錠,15.9,
3949003F3140,フェブキソスタット錠４０ｍｇ「明治」,フェブキソスタット,４０ｍｇ１錠,17,
3949003F4014,フェブキソスタット１０ｍｇ口腔内崩壊錠,フェブキソスタット,１０ｍｇ１錠,6.3,
3949003F5010,フェブキソスタット２０ｍｇ口腔内崩壊錠,フェブキソスタット,２０ｍｇ１錠,10.8,
3949003F6025,フェブキソスタットＯＤ錠４０ｍｇ「ＮＰＩ」,フェブキソスタット,４０ｍｇ１錠,17.1,
3949003F6033,フェブキソスタットＯＤ錠４０ｍｇ「ケミファ」,フェブキソスタット,４０ｍｇ１錠,15.9,
3949003F6041,フェブキソスタットＯＤ錠４０ｍｇ「日新」,フェブキソスタット,４０ｍｇ１錠,17.1,
3949003F6050,フェブキソスタットＯＤ錠４０ｍｇ「明治」,フェブキソスタット,４０ｍｇ１錠,17.8,
3949004F1028,ウリアデック錠２０ｍｇ,トピロキソスタット,２０ｍｇ１錠,14.9,
3949004F1036,トピロリック錠２０ｍｇ,トピロキソスタット,２０ｍｇ１錠,14.8,
3949004F2024,ウリアデック錠４０ｍｇ,トピロキソスタット,４０ｍｇ１錠,27.3,
3949004F2032,トピロリック錠４０ｍｇ,トピロキソスタット,４０ｍｇ１錠,28.9,
3949004F3020,ウリアデック錠６０ｍｇ,トピロキソスタット,６０ｍｇ１錠,40,
3949004F3039,トピロリック錠６０ｍｇ,トピロキソスタット,６０ｍｇ１錠,39.8,
3949005F1022,ユリス錠０．５ｍｇ,ドチヌラド,０．５ｍｇ１錠,22.9,
3949005F2029,ユリス錠１ｍｇ,ドチヌラド,１ｍｇ１錠,41.7,
3949005F3025,ユリス錠２ｍｇ,ドチヌラド,２ｍｇ１錠,74.2,
3949101A1149,ウラリット－Ｕ配合散,クエン酸カリウム・クエン酸ナトリウム水和物,１ｇ,9.9,
3949101A1190,クエンメット配合散,クエン酸カリウム・クエン酸ナトリウム水和物,１ｇ,9.7,
3949101F1073,ウラリット配合錠,クエン酸カリウム・クエン酸ナトリウム水和物,１錠,6.3,
3949101F1120,クエンメット配合錠,クエン酸カリウム・クエン酸ナトリウム水和物,１錠,6.3,
3961003F1010,グリベンクラミド１．２５ｍｇ錠,グリベンクラミド,１．２５ｍｇ１錠,6.3,
3961003F1028,オイグルコン錠１．２５ｍｇ,グリベンクラミド,１．２５ｍｇ１錠,6.3,
3961003F2016,グリベンクラミド２．５ｍｇ錠,グリベンクラミド,２．５ｍｇ１錠,6.3,
3961003F2024,オイグルコン錠２．５ｍｇ,グリベンクラミド,２．５ｍｇ１錠,7.4,
3961004F2010,クロルプロパミド錠,クロルプロパミド,２５０ｍｇ１錠,9.8,
3961006F1013,トルブタミド錠,トルブタミド,２５０ｍｇ１錠,8.7,
3961006F2010,トルブタミド錠,トルブタミド,５００ｍｇ１錠,9.8,
3961006X1019,トルブタミド,トルブタミド,１ｇ,14.1,
3961007F1018,グリクラジド４０ｍｇ錠,グリクラジド,４０ｍｇ１錠,6.3,R9.3.31まで
3961007F1115,グリミクロン錠４０ｍｇ,グリクラジド,４０ｍｇ１錠,7.8,
3961007F2014,グリクラジド２０ｍｇ錠,グリクラジド,２０ｍｇ１錠,6.3,R9.3.31まで
3961007F2022,グリミクロンＨＡ錠２０ｍｇ,グリクラジド,２０ｍｇ１錠,6.3,
3961008F1012,グリメピリド１ｍｇ錠,グリメピリド,１ｍｇ１錠,10.8,
3961008F1020,アマリール１ｍｇ錠,グリメピリド,１ｍｇ１錠,10.8,
3961008F2019,グリメピリド３ｍｇ錠,グリメピリド,３ｍｇ１錠,10.8,
3961008F2027,アマリール３ｍｇ錠,グリメピリド,３ｍｇ１錠,16.6,
3961008F3015,グリメピリド０．５ｍｇ錠,グリメピリド,０．５ｍｇ１錠,10.5,
3961008F3023,アマリール０．５ｍｇ錠,グリメピリド,０．５ｍｇ１錠,10.8,
3961008F4011,グリメピリド１ｍｇ口腔内崩壊錠,グリメピリド,１ｍｇ１錠,10.8,
3961008F4054,グリメピリドＯＤ錠１ｍｇ「ケミファ」,グリメピリド,１ｍｇ１錠,12.6,
3961008F5018,グリメピリド３ｍｇ口腔内崩壊錠,グリメピリド,３ｍｇ１錠,10.8,
3961008F5050,グリメピリドＯＤ錠３ｍｇ「ケミファ」,グリメピリド,３ｍｇ１錠,23.7,
3961008F6014,グリメピリド０．５ｍｇ口腔内崩壊錠,グリメピリド,０．５ｍｇ１錠,10.5,
3962002F1071,グリコラン錠２５０ｍｇ,メトホルミン塩酸塩,２５０ｍｇ１錠,10.5,
3962002F1110,メトホルミン塩酸塩錠２５０ｍｇ「ＳＮ」,メトホルミン塩酸塩,２５０ｍｇ１錠,10.5,
3962002F2019,メトホルミン塩酸塩２５０ｍｇＭＴ錠,メトホルミン塩酸塩,２５０ｍｇ１錠,10.8,
3962002F2027,メトグルコ錠２５０ｍｇ,メトホルミン塩酸塩,２５０ｍｇ１錠,10.8,
3962002F3015,メトホルミン塩酸塩５００ｍｇＭＴ錠,メトホルミン塩酸塩,５００ｍｇ１錠,10.8,
3962002F3023,メトグルコ錠５００ｍｇ,メトホルミン塩酸塩,５００ｍｇ１錠,10.8,
3969003F1093,アカルボース錠５０ｍｇ「サワイ」,アカルボース,５０ｍｇ１錠,10.8,
3969003F1140,アカルボース錠５０ｍｇ「ＮＩＧ」,アカルボース,５０ｍｇ１錠,6.5,
3969003F2090,アカルボース錠１００ｍｇ「サワイ」,アカルボース,１００ｍｇ１錠,19.3,
3969003F2146,アカルボース錠１００ｍｇ「ＮＩＧ」,アカルボース,１００ｍｇ１錠,11.3,
3969004F1012,ボグリボース０．２ｍｇ錠,ボグリボース,０．２ｍｇ１錠,10.8,
3969004F1020,ベイスン錠０．２,ボグリボース,０．２ｍｇ１錠,12.8,
3969004F2019,ボグリボース０．３ｍｇ錠,ボグリボース,０．３ｍｇ１錠,10.8,
3969004F2027,ベイスン錠０．３,ボグリボース,０．３ｍｇ１錠,12.9,
3969004F3015,ボグリボース０．２ｍｇ口腔内崩壊錠,ボグリボース,０．２ｍｇ１錠,10.8,
3969004F3023,ベイスンＯＤ錠０．２,ボグリボース,０．２ｍｇ１錠,12.8,
3969004F3031,ボグリボースＯＤフィルム０．２「ＱＱ」,ボグリボース,０．２ｍｇ１錠,10.8,
3969004F3058,ボグリボースＯＤ錠０．２ｍｇ「ケミファ」,ボグリボース,０．２ｍｇ１錠,14.4,
3969004F4011,ボグリボース０．３ｍｇ口腔内崩壊錠,ボグリボース,０．３ｍｇ１錠,10.8,
3969004F4020,ベイスンＯＤ錠０．３,ボグリボース,０．３ｍｇ１錠,12.9,
3969004F4038,ボグリボースＯＤフィルム０．３「ＱＱ」,ボグリボース,０．３ｍｇ１錠,10.8,
3969004F4054,ボグリボースＯＤ錠０．３ｍｇ「ケミファ」,ボグリボース,０．３ｍｇ１錠,15.2,
3969006F1038,ファスティック錠３０,ナテグリニド,３０ｍｇ１錠,10.8,R9.3.31まで
3969006F1062,ナテグリニド錠３０ｍｇ「日医工」,ナテグリニド,３０ｍｇ１錠,10.8,
3969006F2034,ファスティック錠９０,ナテグリニド,９０ｍｇ１錠,17.5,R9.3.31まで
3969006F2069,ナテグリニド錠９０ｍｇ「日医工」,ナテグリニド,９０ｍｇ１錠,14.9,
3969007F1016,ピオグリタゾン塩酸塩１５ｍｇ錠,ピオグリタゾン塩酸塩,１５ｍｇ１錠,10.8,
3969007F1024,アクトス錠１５,ピオグリタゾン塩酸塩,１５ｍｇ１錠,16.3,
3969007F2012,ピオグリタゾン塩酸塩３０ｍｇ錠,ピオグリタゾン塩酸塩,３０ｍｇ１錠,18.7,
3969007F2020,アクトス錠３０,ピオグリタゾン塩酸塩,３０ｍｇ１錠,29.9,
3969007F2284,ピオグリタゾン錠３０ｍｇ「ケミファ」,ピオグリタゾン塩酸塩,３０ｍｇ１錠,29.8,
3969007F3019,ピオグリタゾン塩酸塩１５ｍｇ口腔内崩壊錠,ピオグリタゾン塩酸塩,１５ｍｇ１錠,10.8,
3969007F3027,アクトスＯＤ錠１５,ピオグリタゾン塩酸塩,１５ｍｇ１錠,16.3,
3969007F4015,ピオグリタゾン塩酸塩３０ｍｇ口腔内崩壊錠,ピオグリタゾン塩酸塩,３０ｍｇ１錠,18.7,
3969007F4023,アクトスＯＤ錠３０,ピオグリタゾン塩酸塩,３０ｍｇ１錠,29.9,
3969008F1029,グルファスト錠５ｍｇ,ミチグリニドカルシウム水和物,５ｍｇ１錠,10.8,
3969008F2025,グルファスト錠１０ｍｇ,ミチグリニドカルシウム水和物,１０ｍｇ１錠,16.9,
3969008F3013,ミチグリニドカルシウム５ｍｇ口腔内崩壊錠,ミチグリニドカルシウム水和物,５ｍｇ１錠,6.3,
3969008F3021,グルファストＯＤ錠５ｍｇ,ミチグリニドカルシウム水和物,５ｍｇ１錠,10.8,
3969008F3056,ミチグリニドＣａ・ＯＤ錠５ｍｇ「ＴＣＫ」,ミチグリニドカルシウム水和物,５ｍｇ１錠,8.8,
3969008F3080,ミチグリニドＣａ・ＯＤ錠５ｍｇ「ＳＮ」,ミチグリニドカルシウム水和物,５ｍｇ１錠,8.7,
3969008F4028,グルファストＯＤ錠１０ｍｇ,ミチグリニドカルシウム水和物,１０ｍｇ１錠,16.9,
3969008F4044,ミチグリニドＣａ・ＯＤ錠１０ｍｇ「ＪＧ」,ミチグリニドカルシウム水和物,１０ｍｇ１錠,7,
3969008F4052,ミチグリニドＣａ・ＯＤ錠１０ｍｇ「ＴＣＫ」,ミチグリニドカルシウム水和物,１０ｍｇ１錠,7,
3969008F4060,ミチグリニドＣａ・ＯＤ錠１０ｍｇ「三和」,ミチグリニドカルシウム水和物,１０ｍｇ１錠,7,
3969008F4079,ミチグリニドＣａ・ＯＤ錠１０ｍｇ「フソー」,ミチグリニドカルシウム水和物,１０ｍｇ１錠,7,
3969008F4087,ミチグリニドＣａ・ＯＤ錠１０ｍｇ「ＳＮ」,ミチグリニドカルシウム水和物,１０ｍｇ１錠,12.5,
3969009F1015,ミグリトール２５ｍｇ錠,ミグリトール,２５ｍｇ１錠,10.8,
3969009F1023,セイブル錠２５ｍｇ,ミグリトール,２５ｍｇ１錠,10.8,
3969009F2011,ミグリトール５０ｍｇ錠,ミグリトール,５０ｍｇ１錠,10.8,
3969009F2020,セイブル錠５０ｍｇ,ミグリトール,５０ｍｇ１錠,17.5,
3969009F3026,セイブル錠７５ｍｇ,ミグリトール,７５ｍｇ１錠,23.1,
3969009F3034,ミグリトール錠７５ｍｇ「トーワ」,ミグリトール,７５ｍｇ１錠,10.8,
3969009F3042,ミグリトール錠７５ｍｇ「ＪＧ」,ミグリトール,７５ｍｇ１錠,14.9,
3969009F4014,ミグリトール５０ｍｇ口腔内崩壊錠,ミグリトール,５０ｍｇ１錠,10.8,
3969009F4022,セイブルＯＤ錠５０ｍｇ,ミグリトール,５０ｍｇ１錠,17.5,
3969009F5029,セイブルＯＤ錠７５ｍｇ,ミグリトール,７５ｍｇ１錠,23.1,
3969009F5037,ミグリトールＯＤ錠７５ｍｇ「サワイ」,ミグリトール,７５ｍｇ１錠,14.9,
3969009F5045,ミグリトールＯＤ錠７５ｍｇ「トーワ」,ミグリトール,７５ｍｇ１錠,10.8,R9.3.31まで
3969009F6017,ミグリトール２５ｍｇ口腔内崩壊錠,ミグリトール,２５ｍｇ１錠,10.8,
3969009F6025,セイブルＯＤ錠２５ｍｇ,ミグリトール,２５ｍｇ１錠,10.8,
3969010F1026,グラクティブ錠２５ｍｇ,シタグリプチンリン酸塩水和物,２５ｍｇ１錠,44.4,
3969010F1034,ジャヌビア錠２５ｍｇ,シタグリプチンリン酸塩水和物,２５ｍｇ１錠,41.9,
3969010F2022,グラクティブ錠５０ｍｇ,シタグリプチンリン酸塩水和物,５０ｍｇ１錠,82,
3969010F2030,ジャヌビア錠５０ｍｇ,シタグリプチンリン酸塩水和物,５０ｍｇ１錠,78.3,
3969010F3029,グラクティブ錠１００ｍｇ,シタグリプチンリン酸塩水和物,１００ｍｇ１錠,118.8,
3969010F3037,ジャヌビア錠１００ｍｇ,シタグリプチンリン酸塩水和物,１００ｍｇ１錠,113.4,
3969010F4025,グラクティブ錠１２．５ｍｇ,シタグリプチンリン酸塩水和物,１２．５ｍｇ１錠,36.2,
3969010F4033,ジャヌビア錠１２．５ｍｇ,シタグリプチンリン酸塩水和物,１２．５ｍｇ１錠,34.9,
3969011F1020,エクア錠５０ｍｇ,ビルダグリプチン,５０ｍｇ１錠,38.7,
3969011F1039,ビルダグリプチン錠５０ｍｇ「ＪＧ」,ビルダグリプチン,５０ｍｇ１錠,16,
3969011F1047,ビルダグリプチン錠５０ｍｇ「ＴＣＫ」,ビルダグリプチン,５０ｍｇ１錠,16,
3969011F1055,ビルダグリプチン錠５０ｍｇ「ＺＥ」,ビルダグリプチン,５０ｍｇ１錠,16,
3969011F1063,ビルダグリプチン錠５０ｍｇ「杏林」,ビルダグリプチン,５０ｍｇ１錠,16,
3969011F1071,ビルダグリプチン錠５０ｍｇ「サワイ」,ビルダグリプチン,５０ｍｇ１錠,16,
3969011F1080,ビルダグリプチン錠５０ｍｇ「トーワ」,ビルダグリプチン,５０ｍｇ１錠,16,
3969011F1098,ビルダグリプチン錠５０ｍｇ「日新」,ビルダグリプチン,５０ｍｇ１錠,16,
3969011F1101,ビルダグリプチン錠５０ｍｇ「ニプロ」,ビルダグリプチン,５０ｍｇ１錠,16,
3969011F1110,ビルダグリプチン錠５０ｍｇ「フェルゼン」,ビルダグリプチン,５０ｍｇ１錠,16,
3969012F1025,ネシーナ錠６．２５ｍｇ,アログリプチン安息香酸塩,６．２５ｍｇ１錠,28.3,
3969012F2021,ネシーナ錠１２．５ｍｇ,アログリプチン安息香酸塩,１２．５ｍｇ１錠,53.3,
3969012F3028,ネシーナ錠２５ｍｇ,アログリプチン安息香酸塩,２５ｍｇ１錠,99.1,
3969013F1038,レパグリニド錠０．２５ｍｇ「サワイ」,レパグリニド,０．２５ｍｇ１錠,6.6,
3969013F2034,レパグリニド錠０．５ｍｇ「サワイ」,レパグリニド,０．５ｍｇ１錠,10.8,
3969014F1024,トラゼンタ錠５ｍｇ,リナグリプチン,５ｍｇ１錠,116.1,
3969015F1029,テネリア錠２０ｍｇ,テネリグリプチン臭化水素酸塩水和物,２０ｍｇ１錠,91.4,
3969015F2025,テネリア錠４０ｍｇ,テネリグリプチン臭化水素酸塩水和物,４０ｍｇ１錠,136.9,
3969015F3021,テネリアＯＤ錠２０ｍｇ,テネリグリプチン臭化水素酸塩水和物,２０ｍｇ１錠,91.4,
3969015F4028,テネリアＯＤ錠４０ｍｇ,テネリグリプチン臭化水素酸塩水和物,４０ｍｇ１錠,136.9,
3969016F1023,スイニー錠１００ｍｇ,アナグリプチン,１００ｍｇ１錠,31.6,
3969017F1028,オングリザ錠２．５ｍｇ,サキサグリプチン水和物,２．５ｍｇ１錠,40.5,
3969017F1036,サキサグリプチン錠２．５ｍｇ「サワイ」,サキサグリプチン水和物,２．５ｍｇ１錠,24.4,
3969017F2024,オングリザ錠５ｍｇ,サキサグリプチン水和物,５ｍｇ１錠,60.6,
3969017F2032,サキサグリプチン錠５ｍｇ「サワイ」,サキサグリプチン水和物,５ｍｇ１錠,36.5,
3969018F1022,スーグラ錠２５ｍｇ,イプラグリフロジン　Ｌ－プロリン,２５ｍｇ１錠,97,
3969018F2029,スーグラ錠５０ｍｇ,イプラグリフロジン　Ｌ－プロリン,５０ｍｇ１錠,145,
3969019F1027,フォシーガ錠５ｍｇ,ダパグリフロジンプロピレングリコール水和物,５ｍｇ１錠,96,
3969019F1035,ダパグリフロジン錠５ｍｇ「ＴＳＰ」,ダパグリフロジン,５ｍｇ１錠,48.7,
3969019F1043,ダパグリフロジン錠５ｍｇ「サワイ」,ダパグリフロジン,５ｍｇ１錠,48.7,
3969019F2023,フォシーガ錠１０ｍｇ,ダパグリフロジンプロピレングリコール水和物,１０ｍｇ１錠,140.6,
3969019F2031,ダパグリフロジン錠１０ｍｇ「ＴＳＰ」,ダパグリフロジン,１０ｍｇ１錠,72,
3969019F2040,ダパグリフロジン錠１０ｍｇ「サワイ」,ダパグリフロジン,１０ｍｇ１錠,72,
3969020F1020,ルセフィ錠２．５ｍｇ,ルセオグリフロジン水和物,２．５ｍｇ１錠,126.7,
3969020F2026,ルセフィ錠５ｍｇ,ルセオグリフロジン水和物,５ｍｇ１錠,187.5,
3969020F3022,ルセフィＯＤフィルム２．５ｍｇ,ルセオグリフロジン水和物,２．５ｍｇ１錠,126.7,
3969021F1032,デベルザ錠２０ｍｇ,トホグリフロジン水和物,２０ｍｇ１錠,138.7,
3969022F1029,カナグル錠１００ｍｇ,カナグリフロジン水和物,１００ｍｇ１錠,133.7,
3969022F2025,カナグルＯＤ錠１００ｍｇ,カナグリフロジン水和物,１００ｍｇ１錠,133.7,
3969023F1023,ジャディアンス錠１０ｍｇ,エンパグリフロジン,１０ｍｇ１錠,166,
3969023F2020,ジャディアンス錠２５ｍｇ,エンパグリフロジン,２５ｍｇ１錠,283.4,
3969024F1028,ザファテック錠５０ｍｇ,トレラグリプチンコハク酸塩,５０ｍｇ１錠,393.7,
3969024F2024,ザファテック錠１００ｍｇ,トレラグリプチンコハク酸塩,１００ｍｇ１錠,766.4,
3969024F3020,ザファテック錠２５ｍｇ,トレラグリプチンコハク酸塩,２５ｍｇ１錠,221.2,
3969025F1022,マリゼブ錠１２．５ｍｇ,オマリグリプチン,１２．５ｍｇ１錠,272.1,
3969025F2029,マリゼブ錠２５ｍｇ,オマリグリプチン,２５ｍｇ１錠,497.5,
3969026F1027,ツイミーグ錠５００ｍｇ,イメグリミン塩酸塩,５００ｍｇ１錠,32.5,
3969100F1020,メタクト配合錠ＬＤ,ピオグリタゾン塩酸塩・メトホルミン塩酸塩,１錠,29.2,
3969100F2027,メタクト配合錠ＨＤ,ピオグリタゾン塩酸塩・メトホルミン塩酸塩,１錠,48.4,
3969101F1025,ソニアス配合錠ＬＤ,ピオグリタゾン塩酸塩・グリメピリド,１錠,21.7,
3969101F2021,ソニアス配合錠ＨＤ,ピオグリタゾン塩酸塩・グリメピリド,１錠,34.6,
3969102F1020,グルベス配合錠,ミチグリニドカルシウム水和物・ボグリボース,１錠,22.5,
3969102F2026,グルベス配合ＯＤ錠,ミチグリニドカルシウム水和物・ボグリボース,１錠,22.5,
3969103F1024,リオベル配合錠ＬＤ,アログリプチン安息香酸塩・ピオグリタゾン塩酸塩,１錠,99.1,
3969103F2020,リオベル配合錠ＨＤ,アログリプチン安息香酸塩・ピオグリタゾン塩酸塩,１錠,103.1,
3969104F1029,エクメット配合錠ＬＤ,ビルダグリプチン・メトホルミン塩酸塩,１錠,42,
3969104F1037,メホビル配合錠ＬＤ「トーワ」,ビルダグリプチン・メトホルミン塩酸塩,１錠,22.6,
3969104F1045,メホビル配合錠ＬＤ「日新」,ビルダグリプチン・メトホルミン塩酸塩,１錠,22.7,
3969104F2025,エクメット配合錠ＨＤ,ビルダグリプチン・メトホルミン塩酸塩,１錠,41.2,
3969104F2033,メホビル配合錠ＨＤ「トーワ」,ビルダグリプチン・メトホルミン塩酸塩,１錠,22.4,
3969104F2041,メホビル配合錠ＨＤ「日新」,ビルダグリプチン・メトホルミン塩酸塩,１錠,22.5,
3969105F1023,イニシンク配合錠,アログリプチン安息香酸塩・メトホルミン塩酸塩,１錠,124.2,
3969106F1028,カナリア配合錠,テネリグリプチン臭化水素酸塩水和物・カナグリフロジン水和物,１錠,196.8,
3969106F2024,カナリア配合ＯＤ錠,テネリグリプチン臭化水素酸塩水和物・カナグリフロジン水和物,１錠,196.8,
3969107F1022,スージャヌ配合錠,シタグリプチンリン酸塩水和物・イプラグリフロジン　Ｌ－プロリン,１錠,161,
3969108F1027,トラディアンス配合錠ＡＰ,エンパグリフロジン・リナグリプチン,１錠,230.8,
3969108F2023,トラディアンス配合錠ＢＰ,エンパグリフロジン・リナグリプチン,１錠,322.9,
3969109F1021,メトアナ配合錠ＬＤ,アナグリプチン・メトホルミン塩酸塩,１錠,40.2,
3969109F2028,メトアナ配合錠ＨＤ,アナグリプチン・メトホルミン塩酸塩,１錠,40,
3992001D1059,アデホスコーワ顆粒１０％,アデノシン三リン酸二ナトリウム水和物,１０％１ｇ,14.7,
3992001F1084,アデホスコーワ腸溶錠２０,アデノシン三リン酸二ナトリウム水和物,２０ｍｇ１錠,6.1,
3992001F3028,アデホスコーワ腸溶錠６０,アデノシン三リン酸二ナトリウム水和物,６０ｍｇ１錠,6.3,
3999001Q1051,ラクツロース・シロップ６０％「コーワ」,ラクツロース,６０％１ｍＬ,7.1,
3999001Q2015,ラクツロース６５％シロップ,ラクツロース,６５％１ｍＬ,7.1,
3999001Q2058,モニラック・シロップ６５％,ラクツロース,６５％１ｍＬ,7.1,
3999001Q6029,ラグノスＮＦ経口ゼリー分包１２ｇ,ラクツロース,５４．１６７％１２ｇ１包,49.4,
3999002F1020,ブレディニン錠２５,ミゾリビン,２５ｍｇ１錠,36.7,
3999002F2027,ブレディニン錠５０,ミゾリビン,５０ｍｇ１錠,59.5,
3999002F3023,ブレディニンＯＤ錠２５,ミゾリビン,２５ｍｇ１錠,36.7,
3999002F4020,ブレディニンＯＤ錠５０,ミゾリビン,５０ｍｇ１錠,59.5,
3999003F1017,カモスタットメシル酸塩１００ｍｇ錠,カモスタットメシル酸塩,１００ｍｇ１錠,6.3,
3999003F1297,フオイパン錠１００ｍｇ,カモスタットメシル酸塩,１００ｍｇ１錠,9.4,
3999003F1319,カモスタットメシル酸塩錠１００ｍｇ「サワイ」,カモスタットメシル酸塩,１００ｍｇ１錠,10,
3999003F1386,カモスタットメシル酸塩錠１００ｍｇ「ツルハラ」,カモスタットメシル酸塩,１００ｍｇ１錠,10,
3999004C1058,シクロスポリン細粒１７％「ＶＴＲＳ」,シクロスポリン,１７％１ｇ,637.5,
3999004M3013,シクロスポリン１０ｍｇカプセル,シクロスポリン,１０ｍｇ１カプセル,20.8,
3999004M3021,ネオーラル１０ｍｇカプセル,シクロスポリン,１０ｍｇ１カプセル,36.6,
3999004M3080,シクロスポリンカプセル１０ｍｇ「ＢＭＤ」,シクロスポリン,１０ｍｇ１カプセル,27.3,
3999004M3102,シクロスポリンカプセル１０ｍｇ「日医工」,シクロスポリン,１０ｍｇ１カプセル,27.3,
3999004M3129,シクロスポリンカプセル１０ｍｇ「ＴＣ」,シクロスポリン,１０ｍｇ１カプセル,27.3,
3999004M3145,シクロスポリンカプセル１０ｍｇ「ＶＴＲＳ」,シクロスポリン,１０ｍｇ１カプセル,27.3,
3999004M4010,シクロスポリン２５ｍｇカプセル,シクロスポリン,２５ｍｇ１カプセル,48.9,
3999004M4028,ネオーラル２５ｍｇカプセル,シクロスポリン,２５ｍｇ１カプセル,77.2,
3999004M4087,シクロスポリンカプセル２５ｍｇ「ＢＭＤ」,シクロスポリン,２５ｍｇ１カプセル,53.5,
3999004M4109,シクロスポリンカプセル２５ｍｇ「日医工」,シクロスポリン,２５ｍｇ１カプセル,53.5,
3999004M4141,シクロスポリンカプセル２５ｍｇ「ＶＴＲＳ」,シクロスポリン,２５ｍｇ１カプセル,53.5,
3999004M5016,シクロスポリン５０ｍｇカプセル,シクロスポリン,５０ｍｇ１カプセル,76,
3999004M5024,ネオーラル５０ｍｇカプセル,シクロスポリン,５０ｍｇ１カプセル,122.6,
3999004M5083,シクロスポリンカプセル５０ｍｇ「ＢＭＤ」,シクロスポリン,５０ｍｇ１カプセル,88.5,
3999004M5121,シクロスポリンカプセル５０ｍｇ「ＴＣ」,シクロスポリン,５０ｍｇ１カプセル,88.5,
3999004M5148,シクロスポリンカプセル５０ｍｇ「ＶＴＲＳ」,シクロスポリン,５０ｍｇ１カプセル,88.5,
3999004S2032,ネオーラル内用液１０％,シクロスポリン,１０％１ｍＬ,380.7,
3999005F1016,アザチオプリン錠,アザチオプリン,５０ｍｇ１錠,65.3,
3999005F1040,アザニン錠５０ｍｇ,アザチオプリン,５０ｍｇ１錠,66.2,
3999006A1030,ハイチオール散３２％,Ｌ－システイン,３２％１ｇ,8.3,
3999006F1037,ハイチオール錠４０,Ｌ－システイン,４０ｍｇ１錠,6.3,
3999006F2033,ハイチオール錠８０,Ｌ－システイン,８０ｍｇ１錠,6.3,
3999007F1031,イソプリノシン錠４００ｍｇ,イノシンプラノベクス,４００ｍｇ１錠,133.9,
3999010F1025,ダイドロネル錠２００,エチドロン酸二ナトリウム,２００ｍｇ１錠,198.6,
3999012D1023,ビオプテン顆粒２．５％,サプロプテリン塩酸塩,２．５％０．４ｇ１包,3706.8,
3999012D2020,ビオプテン顆粒１０％,サプロプテリン塩酸塩,１０％１ｇ１包,37067.5,
3999013F1096,エパルレスタット錠５０ｍｇ「ＹＤ」,エパルレスタット,５０ｍｇ１錠,18.6,
3999013F1231,キネダック錠５０ｍｇ,エパルレスタット,５０ｍｇ１錠,18.6,
3999013F1266,エパルレスタット錠５０ｍｇ「ＪＧ」,エパルレスタット,５０ｍｇ１錠,18.6,
3999013F1274,エパルレスタット錠５０ｍｇ「タカタ」,エパルレスタット,５０ｍｇ１錠,18.6,
3999013F1304,エパルレスタット錠５０ｍｇ「サワイ」,エパルレスタット,５０ｍｇ１錠,18.6,
3999013F1339,エパルレスタット錠５０ｍｇ「トーワ」,エパルレスタット,５０ｍｇ１錠,18.6,
3999013F1347,エパルレスタット錠５０ｍｇ「ケミファ」,エパルレスタット,５０ｍｇ１錠,18.6,
3999013F1355,エパルレスタット錠５０ｍｇ「ＮＰ」,エパルレスタット,５０ｍｇ１錠,12.9,R9.3.31まで
3999013F1363,エパルレスタット錠５０ｍｇ「フソー」,エパルレスタット,５０ｍｇ１錠,18.6,
3999013F1371,エパルレスタット錠５０ｍｇ「ＤＳＥＰ」,エパルレスタット,５０ｍｇ１錠,18.6,
3999013F1380,エパルレスタット錠５０ｍｇ「杏林」,エパルレスタット,５０ｍｇ１錠,18.6,R9.3.31まで
3999013F1401,エパルレスタット錠５０ｍｇ「ＴＣＫ」,エパルレスタット,５０ｍｇ１錠,18.6,
3999013F1410,エパルレスタット錠５０ｍｇ「ＶＴＲＳ」,エパルレスタット,５０ｍｇ１錠,10.9,
3999013F1428,エパルレスタット錠５０ｍｇ「ＮＩＧ」,エパルレスタット,５０ｍｇ１錠,18.6,
3999014D1022,プログラフ顆粒０．２ｍｇ,タクロリムス水和物,０．２ｍｇ１包,111.9,
3999014D2029,プログラフ顆粒１ｍｇ,タクロリムス水和物,１ｍｇ１包,437.8,
3999014F1015,タクロリムス０．５ｍｇ錠,タクロリムス水和物,０．５ｍｇ１錠,88.1,
3999014F1031,タクロリムス錠０．５ｍｇ「日医工」,タクロリムス水和物,０．５ｍｇ１錠,90,
3999014F1058,タクロリムス錠０．５ｍｇ「あゆみ」,タクロリムス水和物,０．５ｍｇ１錠,90,
3999014F2011,タクロリムス１ｍｇ錠,タクロリムス水和物,１ｍｇ１錠,149.5,
3999014F2038,タクロリムス錠１ｍｇ「日医工」,タクロリムス水和物,１ｍｇ１錠,153.5,
3999014F2054,タクロリムス錠１ｍｇ「あゆみ」,タクロリムス水和物,１ｍｇ１錠,153.5,
3999014F3018,タクロリムス１．５ｍｇ錠,タクロリムス水和物,１．５ｍｇ１錠,239.1,
3999014F3042,タクロリムス錠１．５ｍｇ「あゆみ」,タクロリムス水和物,１．５ｍｇ１錠,236.2,
3999014F4014,タクロリムス３ｍｇ錠,タクロリムス水和物,３ｍｇ１錠,364.2,
3999014F4049,タクロリムス錠３ｍｇ「あゆみ」,タクロリムス水和物,３ｍｇ１錠,375,
3999014F5010,タクロリムス５ｍｇ錠,タクロリムス水和物,５ｍｇ１錠,557.7,
3999014F5037,タクロリムス錠５ｍｇ「日医工」,タクロリムス水和物,５ｍｇ１錠,603.7,
3999014F5053,タクロリムス錠５ｍｇ「あゆみ」,タクロリムス水和物,５ｍｇ１錠,603.7,
3999014F6017,タクロリムス２ｍｇ錠,タクロリムス水和物,２ｍｇ１錠,277,
3999014F6025,タクロリムス錠２ｍｇ「あゆみ」,タクロリムス水和物,２ｍｇ１錠,274.7,
3999014M1014,タクロリムス１ｍｇカプセル,タクロリムス水和物,１ｍｇ１カプセル,149.5,R9.3.31まで
3999014M1022,プログラフカプセル１ｍｇ,タクロリムス水和物,１ｍｇ１カプセル,305.4,
3999014M1049,タクロリムスカプセル１ｍｇ「ＪＧ」,タクロリムス水和物,１ｍｇ１カプセル,153.5,
3999014M1065,タクロリムスカプセル１ｍｇ「ニプロ」,タクロリムス水和物,１ｍｇ１カプセル,153.5,
3999014M1073,タクロリムスカプセル１ｍｇ「ＶＴＲＳ」,タクロリムス水和物,１ｍｇ１カプセル,153.5,
3999014M2010,タクロリムス０．５ｍｇカプセル,タクロリムス水和物,０．５ｍｇ１カプセル,88.1,R9.3.31まで
3999014M2029,プログラフカプセル０．５ｍｇ,タクロリムス水和物,０．５ｍｇ１カプセル,179.2,
3999014M2045,タクロリムスカプセル０．５ｍｇ「ＪＧ」,タクロリムス水和物,０．５ｍｇ１カプセル,90,
3999014M2061,タクロリムスカプセル０．５ｍｇ「ニプロ」,タクロリムス水和物,０．５ｍｇ１カプセル,90,
3999014M2070,タクロリムスカプセル０．５ｍｇ「ＶＴＲＳ」,タクロリムス水和物,０．５ｍｇ１カプセル,90,
3999014M3017,タクロリムス５ｍｇカプセル,タクロリムス水和物,５ｍｇ１カプセル,557.7,R9.3.31まで
3999014M3025,プログラフカプセル５ｍｇ,タクロリムス水和物,５ｍｇ１カプセル,1181.5,
3999014M3041,タクロリムスカプセル５ｍｇ「ＪＧ」,タクロリムス水和物,５ｍｇ１カプセル,603.7,
3999014M3068,タクロリムスカプセル５ｍｇ「ニプロ」,タクロリムス水和物,５ｍｇ１カプセル,603.7,
3999014M3076,タクロリムスカプセル５ｍｇ「ＶＴＲＳ」,タクロリムス水和物,５ｍｇ１カプセル,603.7,
3999014N1028,グラセプターカプセル０．５ｍｇ,タクロリムス水和物,０．５ｍｇ１カプセル,318.3,
3999014N2024,グラセプターカプセル１ｍｇ,タクロリムス水和物,１ｍｇ１カプセル,557.8,
3999014N3020,グラセプターカプセル５ｍｇ,タクロリムス水和物,５ｍｇ１カプセル,2067.6,
3999015A1039,ポルトラック原末,ラクチトール水和物,１ｇ,6.9,
3999016F1014,メトトレキサート２ｍｇ錠,メトトレキサート,２ｍｇ１錠,46.8,
3999016F1030,メトトレキサート錠２ｍｇ「タナベ」,メトトレキサート,２ｍｇ１錠,59.4,
3999016F1073,メトトレキサート錠２ｍｇ「あゆみ」,メトトレキサート,２ｍｇ１錠,59.4,
3999016F2029,メトトレキサート錠１ｍｇ「日本臓器」,メトトレキサート,１ｍｇ１錠,21.1,
3999016M1021,リウマトレックスカプセル２ｍｇ,メトトレキサート,２ｍｇ１カプセル,77.9,
3999016M1056,メトトレキサートカプセル２ｍｇ「サワイ」,メトトレキサート,２ｍｇ１カプセル,46.8,
3999016M1064,メトトレキサートカプセル２ｍｇ「トーワ」,メトトレキサート,２ｍｇ１カプセル,59.4,
3999016M1080,メトトレキサートカプセル２ｍｇ「サンド」,メトトレキサート,２ｍｇ１カプセル,59.4,
3999017B1025,セルセプト懸濁用散３１．８％,ミコフェノール酸　モフェチル,２００ｍｇ１ｍＬ（懸濁後の内用液として）,90.4,
3999017M1026,セルセプトカプセル２５０,ミコフェノール酸　モフェチル,２５０ｍｇ１カプセル,72.4,
3999017M1050,ミコフェノール酸モフェチルカプセル２５０ｍｇ「ＶＴＲＳ」,ミコフェノール酸　モフェチル,２５０ｍｇ１カプセル,136.4,
3999018F1013,アレンドロン酸ナトリウム５ｍｇ錠,アレンドロン酸ナトリウム水和物,５ｍｇ１錠,14.3,
3999018F1030,ボナロン錠５ｍｇ,アレンドロン酸ナトリウム水和物,５ｍｇ１錠,32.1,
3999018F1048,アレンドロン酸錠５ｍｇ「ＤＫ」,アレンドロン酸ナトリウム水和物,５ｍｇ１錠,46.5,
3999018F1056,アレンドロン酸錠５ｍｇ「ＳＮ」,アレンドロン酸ナトリウム水和物,５ｍｇ１錠,46.5,
3999018F1102,アレンドロン酸錠５ｍｇ「日医工」,アレンドロン酸ナトリウム水和物,５ｍｇ１錠,39.6,
3999018F1196,アレンドロン酸錠５ｍｇ「ＮＩＧ」,アレンドロン酸ナトリウム水和物,５ｍｇ１錠,30.2,
3999018F1200,アレンドロン酸錠５ｍｇ「ＶＴＲＳ」,アレンドロン酸ナトリウム水和物,５ｍｇ１錠,30.2,
3999018F2010,アレンドロン酸ナトリウム３５ｍｇ錠,アレンドロン酸ナトリウム水和物,３５ｍｇ１錠,87.4,
3999018F2028,フォサマック錠３５ｍｇ,アレンドロン酸ナトリウム水和物,３５ｍｇ１錠,166.3,
3999018F2036,ボナロン錠３５ｍｇ,アレンドロン酸ナトリウム水和物,３５ｍｇ１錠,181.4,
3999018F2044,アレンドロン酸錠３５ｍｇ「ＤＫ」,アレンドロン酸ナトリウム水和物,３５ｍｇ１錠,228.6,
3999018F2060,アレンドロン酸錠３５ｍｇ「ＳＮ」,アレンドロン酸ナトリウム水和物,３５ｍｇ１錠,228.6,
3999018F2095,アレンドロン酸錠３５ｍｇ「日医工」,アレンドロン酸ナトリウム水和物,３５ｍｇ１錠,194.6,
3999018F2133,アレンドロン酸錠３５ｍｇ「ＹＤ」,アレンドロン酸ナトリウム水和物,３５ｍｇ１錠,194.6,
3999018F2206,アレンドロン酸錠３５ｍｇ「ＶＴＲＳ」,アレンドロン酸ナトリウム水和物,３５ｍｇ１錠,194.6,
3999018Q1022,ボナロン経口ゼリー３５ｍｇ,アレンドロン酸ナトリウム水和物,３５ｍｇ１包,494.5,
3999019F1018,リセドロン酸ナトリウム２．５ｍｇ錠,リセドロン酸ナトリウム水和物,２．５ｍｇ１錠,17.8,
3999019F1026,アクトネル錠２．５ｍｇ,リセドロン酸ナトリウム水和物,２．５ｍｇ１錠,39.2,
3999019F1034,ベネット錠２．５ｍｇ,リセドロン酸ナトリウム水和物,２．５ｍｇ１錠,39.2,
3999019F1069,リセドロン酸Ｎａ錠２．５ｍｇ「ＮＰ」,リセドロン酸ナトリウム水和物,２．５ｍｇ１錠,20.1,R9.3.31まで
3999019F1123,リセドロン酸Ｎａ錠２．５ｍｇ「日新」,リセドロン酸ナトリウム水和物,２．５ｍｇ１錠,20.1,
3999019F1158,リセドロン酸ナトリウム錠２．５ｍｇ「ケミファ」,リセドロン酸ナトリウム水和物,２．５ｍｇ１錠,39.2,
3999019F1166,リセドロン酸Ｎａ錠２．５ｍｇ「Ｆ」,リセドロン酸ナトリウム水和物,２．５ｍｇ１錠,20.1,R9.3.31まで
3999019F2022,アクトネル錠１７．５ｍｇ,リセドロン酸ナトリウム水和物,１７．５ｍｇ１錠,165.3,
3999019F2030,ベネット錠１７．５ｍｇ,リセドロン酸ナトリウム水和物,１７．５ｍｇ１錠,165.3,
3999019F2049,リセドロン酸Ｎａ錠１７．５ｍｇ「サワイ」,リセドロン酸ナトリウム水和物,１７．５ｍｇ１錠,81.2,
3999019F2057,リセドロン酸Ｎａ錠１７．５ｍｇ「Ｆ」,リセドロン酸ナトリウム水和物,１７．５ｍｇ１錠,87.8,R9.3.31まで
3999019F2081,リセドロン酸Ｎａ錠１７．５ｍｇ「ＮＰ」,リセドロン酸ナトリウム水和物,１７．５ｍｇ１錠,87.8,R9.3.31まで
3999019F2162,リセドロン酸Ｎａ錠１７．５ｍｇ「トーワ」,リセドロン酸ナトリウム水和物,１７．５ｍｇ１錠,87.8,
3999019F2170,リセドロン酸Ｎａ錠１７．５ｍｇ「日医工」,リセドロン酸ナトリウム水和物,１７．５ｍｇ１錠,81.2,
3999019F2189,リセドロン酸Ｎａ錠１７．５ｍｇ「日新」,リセドロン酸ナトリウム水和物,１７．５ｍｇ１錠,87.8,
3999019F2243,リセドロン酸ナトリウム錠１７．５ｍｇ「ケミファ」,リセドロン酸ナトリウム水和物,１７．５ｍｇ１錠,87.8,
3999019F3010,リセドロン酸ナトリウム７５ｍｇ錠,リセドロン酸ナトリウム水和物,７５ｍｇ１錠,292.4,
3999019F3029,アクトネル錠７５ｍｇ,リセドロン酸ナトリウム水和物,７５ｍｇ１錠,731,
3999019F3037,ベネット錠７５ｍｇ,リセドロン酸ナトリウム水和物,７５ｍｇ１錠,731,
3999020F1029,アラバ錠１０ｍｇ,レフルノミド,１０ｍｇ１錠,70.2,
3999020F2025,アラバ錠２０ｍｇ,レフルノミド,２０ｍｇ１錠,117.2,
3999020F3021,アラバ錠１００ｍｇ,レフルノミド,１００ｍｇ１錠,657.5,
3999021F1023,エビスタ錠６０ｍｇ,ラロキシフェン塩酸塩,６０ｍｇ１錠,43,
3999021F1031,ラロキシフェン塩酸塩錠６０ｍｇ「サワイ」,ラロキシフェン塩酸塩,６０ｍｇ１錠,19.4,
3999021F1074,ラロキシフェン塩酸塩錠６０ｍｇ「ＤＫ」,ラロキシフェン塩酸塩,６０ｍｇ１錠,23.3,
3999021F1090,ラロキシフェン塩酸塩錠６０ｍｇ「トーワ」,ラロキシフェン塩酸塩,６０ｍｇ１錠,19.4,
3999021F1104,ラロキシフェン塩酸塩錠６０ｍｇ「日医工」,ラロキシフェン塩酸塩,６０ｍｇ１錠,19.4,
3999021F1112,ラロキシフェン塩酸塩錠６０ｍｇ「日新」,ラロキシフェン塩酸塩,６０ｍｇ１錠,23.3,
3999021F1120,ラロキシフェン塩酸塩錠６０ｍｇ「あゆみ」,ラロキシフェン塩酸塩,６０ｍｇ１錠,19.4,
3999022F1028,サーティカン錠０．２５ｍｇ,エベロリムス,０．２５ｍｇ１錠,225.3,
3999022F2024,サーティカン錠０．５ｍｇ,エベロリムス,０．５ｍｇ１錠,456.9,
3999022F3020,サーティカン錠０．７５ｍｇ,エベロリムス,０．７５ｍｇ１錠,651.8,
3999023F1022,レグパラ錠２５ｍｇ,シナカルセト塩酸塩,２５ｍｇ１錠,231.8,
3999023F2029,レグパラ錠７５ｍｇ,シナカルセト塩酸塩,７５ｍｇ１錠,443.2,
3999023F3025,レグパラ錠１２．５ｍｇ,シナカルセト塩酸塩,１２．５ｍｇ１錠,162.9,
3999024M1042,ジアゾキシドカプセル２５ｍｇ「ＯＰ」,ジアゾキシド,２５ｍｇ１カプセル,176,
3999025F1021,ピレスパ錠２００ｍｇ,ピルフェニドン,２００ｍｇ１錠,280.6,
3999025F1030,ピルフェニドン錠２００ｍｇ「日医工」,ピルフェニドン,２００ｍｇ１錠,110.4,
3999026F1018,ミノドロン酸１ｍｇ錠,ミノドロン酸水和物,１ｍｇ１錠,13.8,
3999026F1026,ボノテオ錠１ｍｇ,ミノドロン酸水和物,１ｍｇ１錠,41.6,
3999026F1034,リカルボン錠１ｍｇ,ミノドロン酸水和物,１ｍｇ１錠,45.1,
3999026F1042,ミノドロン酸錠１ｍｇ「ＪＧ」,ミノドロン酸水和物,１ｍｇ１錠,33.6,
3999026F1050,ミノドロン酸錠１ｍｇ「ＹＤ」,ミノドロン酸水和物,１ｍｇ１錠,18.4,
3999026F1077,ミノドロン酸錠１ｍｇ「サワイ」,ミノドロン酸水和物,１ｍｇ１錠,18.4,
3999026F1093,ミノドロン酸錠１ｍｇ「トーワ」,ミノドロン酸水和物,１ｍｇ１錠,18.4,
3999026F1115,ミノドロン酸錠１ｍｇ「ニプロ」,ミノドロン酸水和物,１ｍｇ１錠,18.4,
3999026F1123,ミノドロン酸錠１ｍｇ「三笠」,ミノドロン酸水和物,１ｍｇ１錠,18.4,
3999026F2014,ミノドロン酸５０ｍｇ錠,ミノドロン酸水和物,５０ｍｇ１錠,309.9,
3999026F2022,ボノテオ錠５０ｍｇ,ミノドロン酸水和物,５０ｍｇ１錠,1046.9,
3999026F2030,リカルボン錠５０ｍｇ,ミノドロン酸水和物,５０ｍｇ１錠,1114.3,
3999026F2049,ミノドロン酸錠５０ｍｇ「ＪＧ」,ミノドロン酸水和物,５０ｍｇ１錠,472.8,
3999026F2057,ミノドロン酸錠５０ｍｇ「ＹＤ」,ミノドロン酸水和物,５０ｍｇ１錠,472.8,
3999026F2073,ミノドロン酸錠５０ｍｇ「サワイ」,ミノドロン酸水和物,５０ｍｇ１錠,472.8,
3999026F2090,ミノドロン酸錠５０ｍｇ「トーワ」,ミノドロン酸水和物,５０ｍｇ１錠,472.8,
3999026F2111,ミノドロン酸錠５０ｍｇ「ニプロ」,ミノドロン酸水和物,５０ｍｇ１錠,472.8,
3999026F2120,ミノドロン酸錠５０ｍｇ「三笠」,ミノドロン酸水和物,５０ｍｇ１錠,472.8,
3999027F1020,ビビアント錠２０ｍｇ,バゼドキシフェン酢酸塩,２０ｍｇ１錠,42.3,
3999027F1039,バゼドキシフェン錠２０ｍｇ「サワイ」,バゼドキシフェン酢酸塩,２０ｍｇ１錠,25.7,
3999028F1025,レボレード錠１２．５ｍｇ,エルトロンボパグ　オラミン,１２．５ｍｇ１錠,1848.1,
3999028F2021,レボレード錠２５ｍｇ,エルトロンボパグ　オラミン,２５ｍｇ１錠,3666.2,
3999029M1029,イムセラカプセル０．５ｍｇ,フィンゴリモド塩酸塩,０．５ｍｇ１カプセル,7513.1,
3999029M1037,ジレニアカプセル０．５ｍｇ,フィンゴリモド塩酸塩,０．５ｍｇ１カプセル,7044.5,
3999030M1021,ブレーザベスカプセル１００ｍｇ,ミグルスタット,１００ｍｇ１カプセル,10266.7,
3999030M2028,オプフォルダカプセル６５ｍｇ,ミグルスタット,６５ｍｇ１カプセル,6038.2,
3999031F1035,ケアラム錠２５ｍｇ,イグラチモド,２５ｍｇ１錠,73.7,
3999031F1043,イグラチモド錠２５ｍｇ「サワイ」,イグラチモド,２５ｍｇ１錠,32.2,
3999031F1051,イグラチモド錠２５ｍｇ「あゆみ」,イグラチモド,２５ｍｇ１錠,32.2,
3999031F1060,イグラチモド錠２５ｍｇ「ケミファ」,イグラチモド,２５ｍｇ１錠,32.2,
3999032D1020,ブフェニール顆粒　９４％,フェニル酪酸ナトリウム,９４％１ｇ,871.3,
3999032F1021,ブフェニール錠　５００ｍｇ,フェニル酪酸ナトリウム,５００ｍｇ１錠,470.6,
3999033F1026,エルカルチンＦＦ錠１００ｍｇ,レボカルニチン,１００ｍｇ１錠,44.5,
3999033F1034,レボカルニチンＦＦ錠１００ｍｇ「トーワ」,レボカルニチン,１００ｍｇ１錠,28.6,
3999033F1042,レボカルニチンＦＦ錠１００ｍｇ「アメル」,レボカルニチン,１００ｍｇ１錠,28.6,
3999033F2022,エルカルチンＦＦ錠２５０ｍｇ,レボカルニチン,２５０ｍｇ１錠,132.2,
3999033F2030,レボカルニチンＦＦ錠２５０ｍｇ「トーワ」,レボカルニチン,２５０ｍｇ１錠,73,
3999033F2049,レボカルニチンＦＦ錠２５０ｍｇ「アメル」,レボカルニチン,２５０ｍｇ１錠,65.5,
3999033S1024,エルカルチンＦＦ内用液１０％,レボカルニチン,１０％１ｍＬ,34.9,
3999033S1032,レボカルニチンＦＦ内用液１０％「アメル」,レボカルニチン,１０％１ｍＬ,21.2,
3999033S1040,レボカルニチンＦＦ内用液１０％「トーワ」,レボカルニチン,１０％１ｍＬ,24.4,
3999033S2020,エルカルチンＦＦ内用液１０％分包５ｍＬ,レボカルニチン,１０％５ｍＬ１包,201,
3999033S2039,レボカルニチンＦＦ内用液１０％分包５ｍＬ「アメル」,レボカルニチン,１０％５ｍＬ１包,97.9,
3999033S2047,レボカルニチンＦＦ内用液１０％分包５ｍＬ「トーワ」,レボカルニチン,１０％５ｍＬ１包,111.2,
3999033S3027,エルカルチンＦＦ内用液１０％分包１０ｍＬ,レボカルニチン,１０％１０ｍＬ１包,354.6,
3999033S3035,レボカルニチンＦＦ内用液１０％分包１０ｍＬ「アメル」,レボカルニチン,１０％１０ｍＬ１包,185.3,
3999033S3043,レボカルニチンＦＦ内用液１０％分包１０ｍＬ「トーワ」,レボカルニチン,１０％１０ｍＬ１包,211.6,
3999034F1020,ゼルヤンツ錠５ｍｇ,トファシチニブクエン酸塩,５ｍｇ１錠,2260.9,
3999035A1028,サイスタダン原末,ベタイン,１ｇ,456,
3999036M1029,オーファディンカプセル２ｍｇ,ニチシノン,２ｍｇ１カプセル,4033.3,
3999036M2025,オーファディンカプセル５ｍｇ,ニチシノン,５ｍｇ１カプセル,8809.2,
3999036M3021,オーファディンカプセル１０ｍｇ,ニチシノン,１０ｍｇ１カプセル,16060.2,
3999037M1023,サデルガカプセル１００ｍｇ,エリグルスタット酒石酸塩,１００ｍｇ１カプセル,78350.5,
3999038F1029,プラケニル錠２００ｍｇ,ヒドロキシクロロキン硫酸塩,２００ｍｇ１錠,238.5,
3999038F1037,ヒドロキシクロロキン硫酸塩錠２００ｍｇ「ＤＳＥＰ」,ヒドロキシクロロキン硫酸塩,２００ｍｇ１錠,127.3,
3999038F1045,ヒドロキシクロロキン硫酸塩錠２００ｍｇ「サワイ」,ヒドロキシクロロキン硫酸塩,２００ｍｇ１錠,127.3,
3999039M1022,オフェブカプセル１００ｍｇ,ニンテダニブエタンスルホン酸塩,１００ｍｇ１カプセル,3982.4,
3999039M2029,オフェブカプセル１５０ｍｇ,ニンテダニブエタンスルホン酸塩,１５０ｍｇ１カプセル,5966.4,
3999040F1026,ボンビバ錠１００ｍｇ,イバンドロン酸ナトリウム水和物,１００ｍｇ１錠,1360.9,
3999041X1026,カーバグル分散錠２００ｍｇ,カルグルミン酸,２００ｍｇ１錠,16596.9,
3999042F1025,オテズラ錠１０ｍｇ,アプレミラスト,１０ｍｇ１錠,284.4,
3999042F2021,オテズラ錠２０ｍｇ,アプレミラスト,２０ｍｇ１錠,568.7,
3999042F3028,オテズラ錠３０ｍｇ,アプレミラスト,３０ｍｇ１錠,853.1,
3999043F1020,オルミエント錠２ｍｇ,バリシチニブ,２ｍｇ１錠,2472.5,
3999043F2026,オルミエント錠４ｍｇ,バリシチニブ,４ｍｇ１錠,4820,
3999043F3022,オルミエント錠１ｍｇ,バリシチニブ,１ｍｇ１錠,1356.8,
3999043S1028,オルミエント内用懸濁液２ｍｇ／ｍＬ,バリシチニブ,１５ｍｇ７．５ｍＬ１瓶,60682.4,
3999044F1024,オルケディア錠１ｍｇ,エボカルセト,１ｍｇ１錠,271.9,
3999044F2020,オルケディア錠２ｍｇ,エボカルセト,２ｍｇ１錠,398.9,
3999044F3027,オルケディア錠４ｍｇ,エボカルセト,４ｍｇ１錠,585.2,
3999045M1028,ガラフォルドカプセル１２３ｍｇ,ミガーラスタット塩酸塩,１２３ｍｇ１カプセル,145304,
3999046F1023,スマイラフ錠５０ｍｇ,ペフィシチニブ臭化水素酸塩,５０ｍｇ１錠,1201.2,
3999046F2020,スマイラフ錠１００ｍｇ,ペフィシチニブ臭化水素酸塩,１００ｍｇ１錠,2326.1,
3999047F1028,エベレンゾ錠２０ｍｇ,ロキサデュスタット,２０ｍｇ１錠,341.8,
3999047F2024,エベレンゾ錠５０ｍｇ,ロキサデュスタット,５０ｍｇ１錠,701.3,
3999047F3020,エベレンゾ錠１００ｍｇ,ロキサデュスタット,１００ｍｇ１錠,1296,
3999048G1028,リンヴォック錠７．５ｍｇ,ウパダシチニブ水和物,７．５ｍｇ１錠,2205.4,
3999048G2024,リンヴォック錠１５ｍｇ,ウパダシチニブ水和物,１５ｍｇ１錠,4325.8,
3999048G3020,リンヴォック錠３０ｍｇ,ウパダシチニブ水和物,３０ｍｇ１錠,6628,
3999048G4027,リンヴォック錠４５ｍｇ,ウパダシチニブ水和物,４５ｍｇ１錠,8226,
3999049F1027,ダーブロック錠１ｍｇ,ダプロデュスタット,１ｍｇ１錠,86.4,
3999049F2023,ダーブロック錠２ｍｇ,ダプロデュスタット,２ｍｇ１錠,152.3,
3999049F3020,ダーブロック錠４ｍｇ,ダプロデュスタット,４ｍｇ１錠,269.6,
3999049F4026,ダーブロック錠６ｍｇ,ダプロデュスタット,６ｍｇ１錠,368.2,
3999050F1020,バフセオ錠１５０ｍｇ,バダデュスタット,１５０ｍｇ１錠,171,
3999050F2026,バフセオ錠３００ｍｇ,バダデュスタット,３００ｍｇ１錠,303.1,
3999051F1024,メーゼント錠０．２５ｍｇ,シポニモド　フマル酸,０．２５ｍｇ１錠,1083.5,
3999051F2020,メーゼント錠２ｍｇ,シポニモド　フマル酸,２ｍｇ１錠,8668,
3999052F1029,エナロイ錠２ｍｇ,エナロデュスタット,２ｍｇ１錠,238.6,
3999052F2025,エナロイ錠４ｍｇ,エナロデュスタット,４ｍｇ１錠,432.5,
3999053F1023,ジセレカ錠１００ｍｇ,フィルゴチニブマレイン酸塩,１００ｍｇ１錠,2109.5,
3999053F2020,ジセレカ錠２００ｍｇ,フィルゴチニブマレイン酸塩,２００ｍｇ１錠,4089.4,
3999054F1028,エドルミズ錠５０ｍｇ,アナモレリン塩酸塩,５０ｍｇ１錠,241.1,
3999055F1022,マスーレッド錠５ｍｇ,モリデュスタットナトリウム,５ｍｇ１錠,40.1,
3999055F2029,マスーレッド錠１２．５ｍｇ,モリデュスタットナトリウム,１２．５ｍｇ１錠,86.3,
3999055F3025,マスーレッド錠２５ｍｇ,モリデュスタットナトリウム,２５ｍｇ１錠,152.8,
3999055F4021,マスーレッド錠７５ｍｇ,モリデュスタットナトリウム,７５ｍｇ１錠,375.7,
3999056M1026,タブネオスカプセル１０ｍｇ,アバコパン,１０ｍｇ１カプセル,1403.9,
3999057F1021,ソーティクツ錠６ｍｇ,デュークラバシチニブ,６ｍｇ１錠,2533.4,
3999058F1026,タバリス錠１００ｍｇ,ホスタマチニブナトリウム水和物,１００ｍｇ１錠,4188,
3999058F2022,タバリス錠１５０ｍｇ,ホスタマチニブナトリウム水和物,１５０ｍｇ１錠,6226.8,
3999059M1020,オファコルカプセル５０ｍｇ,コール酸,５０ｍｇ１カプセル,12596,
3999060M1022,リットフーロカプセル５０ｍｇ,リトレシチニブトシル酸塩,５０ｍｇ１カプセル,5584.3,
3999061M1027,ゾキンヴィカプセル５０ｍｇ,ロナファルニブ,５０ｍｇ１カプセル,91796.4,
3999061M2023,ゾキンヴィカプセル７５ｍｇ,ロナファルニブ,７５ｍｇ１カプセル,136544,
3999062F1022,ボイデヤ錠５０ｍｇ,ダニコパン,５０ｍｇ１錠,2464.1,
3999063F1027,レズロック錠２００ｍｇ,ベルモスジルメシル酸塩,２００ｍｇ１錠,30525.9,
3999064M1020,ファビハルタカプセル２００ｍｇ,イプタコパン塩酸塩水和物,２００ｍｇ１カプセル,83406.3,
3999065M1025,ルプキネスカプセル７．９ｍｇ,ボクロスポリン,７．９ｍｇ１カプセル,778.6,
3999066F1020,フジケノン粒状錠１２５,ケノデオキシコール酸,１２５ｍｇ１包,22043,
3999067D1024,セピエンス顆粒分包２５０ｍｇ,セピアプテリン,２５０ｍｇ１包,16989.4,
3999067D2020,セピエンス顆粒分包１０００ｍｇ,セピアプテリン,１，０００ｍｇ１包,67957.1,
3999068S1028,ラヴィクティ内用液１．１ｇ／ｍＬ,フェニル酪酸グリセロール,２７．５ｇ２５ｍＬ１瓶,41455.4,
3999069M1023,ソホノスカプセル１ｍｇ,パロバロテン,１ｍｇ１カプセル,46062.1,
3999069M2020,ソホノスカプセル１．５ｍｇ,パロバロテン,１．５ｍｇ１カプセル,57114.9,
3999069M3026,ソホノスカプセル２．５ｍｇ,パロバロテン,２．５ｍｇ１カプセル,95190.7,
3999069M4022,ソホノスカプセル５ｍｇ,パロバロテン,５ｍｇ１カプセル,190381.3,
3999069M5029,ソホノスカプセル１０ｍｇ,パロバロテン,１０ｍｇ１カプセル,355689.5,
3999070S1025,ドジョルビ内用液１００％,トリヘプタノイン,１００％５００ｍＬ１瓶,734770,
3999100D1037,アルギＵ配合顆粒,Ｌ－アルギニン・Ｌ－アルギニン塩酸塩,１ｇ,33.8,
4191001F1037,ロイコン錠１０ｍｇ,アデニン,１０ｍｇ１錠,6.3,
4211002F1044,エンドキサン錠５０ｍｇ,シクロホスファミド水和物,５０ｍｇ１錠,18.2,
4211002X1023,経口用エンドキサン原末１００ｍｇ,シクロホスファミド水和物,１００ｍｇ１瓶,416.8,
4213002B1047,マブリン散１％,ブスルファン,１％１ｇ,92.9,
4219002F1034,アルケラン錠２ｍｇ,メルファラン,２ｍｇ１錠,113.4,
4219003M1054,エストラサイトカプセル１５６．７ｍｇ,エストラムスチンリン酸エステルナトリウム水和物,１５６．７ｍｇ１カプセル,155,R9.3.31まで
4219004F1025,テモゾロミド錠２０ｍｇ「ＮＫ」,テモゾロミド,２０ｍｇ１錠,786.5,
4219004F2021,テモゾロミド錠１００ｍｇ「ＮＫ」,テモゾロミド,１００ｍｇ１錠,3755,
4219004M1024,テモダールカプセル２０ｍｇ,テモゾロミド,２０ｍｇ１カプセル,1229.1,
4219004M2020,テモダールカプセル１００ｍｇ,テモゾロミド,１００ｍｇ１カプセル,5904,
4221001B1052,ロイケリン散１０％,メルカプトプリン水和物,１０％１ｇ,83.5,
4222001F1027,メソトレキセート錠２．５ｍｇ,メトトレキサート,２．５ｍｇ１錠,18.5,
4223004M2023,フルツロンカプセル２００,ドキシフルリジン,２００ｍｇ１カプセル,149.9,
4223005F1022,ゼローダ錠３００,カペシタビン,３００ｍｇ１錠,107.3,
4223005F1030,カペシタビン錠３００ｍｇ「サワイ」,カペシタビン,３００ｍｇ１錠,46.4,
4223005F1049,カペシタビン錠３００ｍｇ「トーワ」,カペシタビン,３００ｍｇ１錠,46.4,
4223005F1057,カペシタビン錠３００ｍｇ「日医工」,カペシタビン,３００ｍｇ１錠,46.4,
4223005F1065,カペシタビン錠３００ｍｇ「ヤクルト」,カペシタビン,３００ｍｇ１錠,46.4,R9.3.31まで
4223005F1073,カペシタビン錠３００ｍｇ「ＪＧ」,カペシタビン,３００ｍｇ１錠,64.8,
4223005F1081,カペシタビン錠３００ｍｇ「ＮＫ」,カペシタビン,３００ｍｇ１錠,46.4,
4223005F1090,カペシタビン錠３００ｍｇ「タカタ」,カペシタビン,３００ｍｇ１錠,46.4,
4224001M1020,スタラシドカプセル５０,シタラビン　オクホスファート水和物,５０ｍｇ１カプセル,289.5,
4229001M1027,ハイドレアカプセル５００ｍｇ,ヒドロキシカルバミド,５００ｍｇ１カプセル,171.9,
4229002F1022,フルダラ錠１０ｍｇ,フルダラビンリン酸エステル,１０ｍｇ１錠,2314.2,
4229100D3023,ユーエフティＥ配合顆粒Ｔ１００,テガフール・ウラシル,１００ｍｇ１包（テガフール相当量）,113.2,
4229100D4020,ユーエフティＥ配合顆粒Ｔ１５０,テガフール・ウラシル,１５０ｍｇ１包（テガフール相当量）,167.7,
4229100D5026,ユーエフティＥ配合顆粒Ｔ２００,テガフール・ウラシル,２００ｍｇ１包（テガフール相当量）,216.1,
4229100M2035,ユーエフティ配合カプセルＴ１００,テガフール・ウラシル,１００ｍｇ１カプセル（テガフール相当量）,90.9,
4229101D1025,ティーエスワン配合顆粒Ｔ２０,テガフール・ギメラシル・オテラシルカリウム配合剤,２０ｍｇ１包（テガフール相当量）,406.5,
4229101D2021,ティーエスワン配合顆粒Ｔ２５,テガフール・ギメラシル・オテラシルカリウム配合剤,２５ｍｇ１包（テガフール相当量）,546.1,
4229101F1026,ティーエスワン配合ＯＤ錠Ｔ２０,テガフール・ギメラシル・オテラシルカリウム配合剤,２０ｍｇ１錠（テガフール相当量）,220.8,
4229101F1034,エスエーワン配合ＯＤ錠Ｔ２０,テガフール・ギメラシル・オテラシルカリウム配合剤,２０ｍｇ１錠（テガフール相当量）,101.8,
4229101F1042,エヌケーエスワン配合ＯＤ錠Ｔ２０,テガフール・ギメラシル・オテラシルカリウム配合剤,２０ｍｇ１錠（テガフール相当量）,101.8,
4229101F1050,エスワンタイホウ配合ＯＤ錠Ｔ２０,テガフール・ギメラシル・オテラシルカリウム配合剤,２０ｍｇ１錠（テガフール相当量）,113,
4229101F2014,テガフール・ギメラシル・オテラシルカリウムＴ２５口腔内崩壊錠,テガフール・ギメラシル・オテラシルカリウム配合剤,２５ｍｇ１錠（テガフール相当量）,80.2,
4229101F2022,ティーエスワン配合ＯＤ錠Ｔ２５,テガフール・ギメラシル・オテラシルカリウム配合剤,２５ｍｇ１錠（テガフール相当量）,301,
4229101F2057,エスワンタイホウ配合ＯＤ錠Ｔ２５,テガフール・ギメラシル・オテラシルカリウム配合剤,２５ｍｇ１錠（テガフール相当量）,171.2,
4229101M1033,ティーエスワン配合カプセルＴ２０,テガフール・ギメラシル・オテラシルカリウム配合剤,２０ｍｇ１カプセル（テガフール相当量）,220.8,
4229101M1041,エスエーワン配合カプセルＴ２０,テガフール・ギメラシル・オテラシルカリウム配合剤,２０ｍｇ１カプセル（テガフール相当量）,101.8,R9.3.31まで
4229101M2013,テガフール・ギメラシル・オテラシルカリウムＴ２５カプセル,テガフール・ギメラシル・オテラシルカリウム配合剤,２５ｍｇ１カプセル（テガフール相当量）,80.2,R9.3.31まで
4229101M2030,ティーエスワン配合カプセルＴ２５,テガフール・ギメラシル・オテラシルカリウム配合剤,２５ｍｇ１カプセル（テガフール相当量）,301,
4240001M1067,ラステットＳカプセル２５ｍｇ,エトポシド,２５ｍｇ１カプセル,374.7,
4240001M1075,ベプシドカプセル２５ｍｇ,エトポシド,２５ｍｇ１カプセル,468.1,
4240001M2063,ラステットＳカプセル５０ｍｇ,エトポシド,５０ｍｇ１カプセル,627.9,
4240001M2071,ベプシドカプセル５０ｍｇ,エトポシド,５０ｍｇ１カプセル,1017.7,
4291002M1044,塩酸プロカルバジンカプセル５０ｍｇ「ＴＹＰ」,プロカルバジン塩酸塩,５０ｍｇ１カプセル,693.5,
4291003F1015,タモキシフェンクエン酸塩１０ｍｇ錠,タモキシフェンクエン酸塩,１０ｍｇ１錠,14.4,
4291003F1163,ノルバデックス錠１０ｍｇ,タモキシフェンクエン酸塩,１０ｍｇ１錠,27.9,
4291003F1201,タモキシフェン錠１０ｍｇ「明治」,タモキシフェンクエン酸塩,１０ｍｇ１錠,36.1,
4291003F1244,タモキシフェン錠１０ｍｇ「ＭＹＬ」,タモキシフェンクエン酸塩,１０ｍｇ１錠,36.1,
4291003F2011,タモキシフェンクエン酸塩２０ｍｇ錠,タモキシフェンクエン酸塩,２０ｍｇ１錠,27,
4291003F2054,ノルバデックス錠２０ｍｇ,タモキシフェンクエン酸塩,２０ｍｇ１錠,40.5,
4291004C1030,ペラゾリン細粒４００ｍｇ,ソブゾキサン,４００ｍｇ１包,1013.6,
4291004C2036,ペラゾリン細粒８００ｍｇ,ソブゾキサン,８００ｍｇ１包,1358.2,
4291005F1057,オダイン錠１２５ｍｇ,フルタミド,１２５ｍｇ１錠,70.4,
4291005F1081,フルタミド錠１２５ｍｇ「ＶＴＲＳ」,フルタミド,１２５ｍｇ１錠,46.9,
4291006M1034,ベサノイドカプセル１０ｍｇ,トレチノイン,１０ｍｇ１カプセル,590.4,
4291007F1021,フェアストン錠４０,トレミフェンクエン酸塩,４０ｍｇ１錠,101.7,
4291007F1030,トレミフェン錠４０ｍｇ「サワイ」,トレミフェンクエン酸塩,４０ｍｇ１錠,78.5,
4291009F1012,ビカルタミド８０ｍｇ錠,ビカルタミド,８０ｍｇ１錠,55.4,
4291009F1039,カソデックス錠８０ｍｇ,ビカルタミド,８０ｍｇ１錠,111.5,
4291009F1071,ビカルタミド錠８０ｍｇ「ＮＫ」,ビカルタミド,８０ｍｇ１錠,97.1,
4291009F1136,ビカルタミド錠８０ｍｇ「サワイ」,ビカルタミド,８０ｍｇ１錠,97.1,
4291009F1160,ビカルタミド錠８０ｍｇ「日医工」,ビカルタミド,８０ｍｇ１錠,97.1,
4291009F1209,ビカルタミド錠８０ｍｇ「オーハラ」,ビカルタミド,８０ｍｇ１錠,97.1,
4291009F1217,ビカルタミド錠８０ｍｇ「トーワ」,ビカルタミド,８０ｍｇ１錠,97.1,
4291009F1225,ビカルタミド錠８０ｍｇ「ケミファ」,ビカルタミド,８０ｍｇ１錠,211.2,
4291009F1276,ビカルタミド錠８０ｍｇ「ＤＳＥＰ」,ビカルタミド,８０ｍｇ１錠,97.1,
4291009F1284,ビカルタミド錠８０ｍｇ「ＶＴＲＳ」,ビカルタミド,８０ｍｇ１錠,97.1,
4291009F1292,ビカルタミド錠８０ｍｇ「ＮＩＧ」,ビカルタミド,８０ｍｇ１錠,97.1,
4291009F2027,カソデックスＯＤ錠８０ｍｇ,ビカルタミド,８０ｍｇ１錠,111.5,
4291009F2043,ビカルタミドＯＤ錠８０ｍｇ「ＮＫ」,ビカルタミド,８０ｍｇ１錠,97.1,
4291009F2060,ビカルタミドＯＤ錠８０ｍｇ「ケミファ」,ビカルタミド,８０ｍｇ１錠,97.1,
4291009F2078,ビカルタミドＯＤ錠８０ｍｇ「サワイ」,ビカルタミド,８０ｍｇ１錠,97.1,
4291009F2086,ビカルタミドＯＤ錠８０ｍｇ「日医工」,ビカルタミド,８０ｍｇ１錠,97.1,
4291009F2094,ビカルタミドＯＤ錠８０ｍｇ「ニプロ」,ビカルタミド,８０ｍｇ１錠,97.1,
4291009F2116,ビカルタミドＯＤ錠８０ｍｇ「トーワ」,ビカルタミド,８０ｍｇ１錠,97.1,R9.3.31まで
4291009F2124,ビカルタミドＯＤ錠８０ｍｇ「ＤＳＥＰ」,ビカルタミド,８０ｍｇ１錠,97.1,
4291010F1015,アナストロゾール１ｍｇ錠,アナストロゾール,１ｍｇ１錠,20.8,
4291010F1031,アリミデックス錠１ｍｇ,アナストロゾール,１ｍｇ１錠,107.5,
4291010F1058,アナストロゾール錠１ｍｇ「Ｆ」,アナストロゾール,１ｍｇ１錠,50.8,
4291010F1074,アナストロゾール錠１ｍｇ「ＪＧ」,アナストロゾール,１ｍｇ１錠,131.3,
4291010F1090,アナストロゾール錠１ｍｇ「ＮＫ」,アナストロゾール,１ｍｇ１錠,50.8,
4291010F1104,アナストロゾール錠１ｍｇ「ＮＰ」,アナストロゾール,１ｍｇ１錠,50.8,R9.3.31まで
4291010F1120,アナストロゾール錠１ｍｇ「ケミファ」,アナストロゾール,１ｍｇ１錠,50.8,
4291010F1147,アナストロゾール錠１ｍｇ「サワイ」,アナストロゾール,１ｍｇ１錠,50.8,
4291010F1171,アナストロゾール錠１ｍｇ「トーワ」,アナストロゾール,１ｍｇ１錠,50.8,
4291010F1228,アナストロゾール錠１ｍｇ「ＤＳＥＰ」,アナストロゾール,１ｍｇ１錠,50.8,
4291011F1010,イマチニブメシル酸塩１００ｍｇ錠,イマチニブメシル酸塩,１００ｍｇ１錠,150.3,
4291011F1028,グリベック錠１００ｍｇ,イマチニブメシル酸塩,１００ｍｇ１錠,1131.8,
4291011F1052,イマチニブ錠１００ｍｇ「ＮＫ」,イマチニブメシル酸塩,１００ｍｇ１錠,189.1,
4291011F1060,イマチニブ錠１００ｍｇ「ヤクルト」,イマチニブメシル酸塩,１００ｍｇ１錠,189.1,R9.3.31まで
4291011F1079,イマチニブ錠１００ｍｇ「ＤＳＥＰ」,イマチニブメシル酸塩,１００ｍｇ１錠,189.1,
4291011F1095,イマチニブ錠１００ｍｇ「ニプロ」,イマチニブメシル酸塩,１００ｍｇ１錠,189.1,
4291011F1125,イマチニブ錠１００ｍｇ「ケミファ」,イマチニブメシル酸塩,１００ｍｇ１錠,474.1,
4291011F1133,イマチニブ錠１００ｍｇ「サワイ」,イマチニブメシル酸塩,１００ｍｇ１錠,189.1,
4291011F1141,イマチニブ錠１００ｍｇ「ＪＧ」,イマチニブメシル酸塩,１００ｍｇ１錠,474.1,
4291011F1168,イマチニブ錠１００ｍｇ「トーワ」,イマチニブメシル酸塩,１００ｍｇ１錠,474.1,
4291011F1206,イマチニブ錠１００ｍｇ「ＫＭＰ」,イマチニブメシル酸塩,１００ｍｇ１錠,474.1,
4291011F1214,イマチニブ錠１００ｍｇ「ＮＩＧ」,イマチニブメシル酸塩,１００ｍｇ１錠,189.1,
4291011F1222,イマチニブ錠１００ｍｇ「タカタ」,イマチニブメシル酸塩,１００ｍｇ１錠,189.1,
4291011F2016,イマチニブメシル酸塩２００ｍｇ錠,イマチニブメシル酸塩,２００ｍｇ１錠,513.4,
4291011F2040,イマチニブ錠２００ｍｇ「ヤクルト」,イマチニブメシル酸塩,２００ｍｇ１錠,1744.8,R9.3.31まで
4291011F2059,イマチニブ錠２００ｍｇ「トーワ」,イマチニブメシル酸塩,２００ｍｇ１錠,847.1,
4291011F2075,イマチニブ錠２００ｍｇ「サワイ」,イマチニブメシル酸塩,２００ｍｇ１錠,929.8,
4291012F1014,エキセメスタン２５ｍｇ錠,エキセメスタン,２５ｍｇ１錠,102.4,
4291012F1022,アロマシン錠２５ｍｇ,エキセメスタン,２５ｍｇ１錠,111.4,
4291013F1027,イレッサ錠２５０,ゲフィチニブ,２５０ｍｇ１錠,1716.1,
4291013F1035,ゲフィチニブ錠２５０ｍｇ「ＤＳＥＰ」,ゲフィチニブ,２５０ｍｇ１錠,1135.1,
4291013F1043,ゲフィチニブ錠２５０ｍｇ「ＪＧ」,ゲフィチニブ,２５０ｍｇ１錠,1135.1,
4291013F1060,ゲフィチニブ錠２５０ｍｇ「サワイ」,ゲフィチニブ,２５０ｍｇ１錠,1135.1,
4291013F1078,ゲフィチニブ錠２５０ｍｇ「サンド」,ゲフィチニブ,２５０ｍｇ１錠,1135.1,
4291013F1086,ゲフィチニブ錠２５０ｍｇ「日医工」,ゲフィチニブ,２５０ｍｇ１錠,1135.1,
4291014F1021,アムノレイク錠２ｍｇ,タミバロテン,２ｍｇ１錠,2361.5,
4291015F1018,レトロゾール２．５ｍｇ錠,レトロゾール,２．５ｍｇ１錠,45,
4291015F1026,フェマーラ錠２．５ｍｇ,レトロゾール,２．５ｍｇ１錠,127.1,
4291015F1077,レトロゾール錠２．５ｍｇ「ＪＧ」,レトロゾール,２．５ｍｇ１錠,161.3,
4291015F1115,レトロゾール錠２．５ｍｇ「ケミファ」,レトロゾール,２．５ｍｇ１錠,68.9,
4291015F1140,レトロゾール錠２．５ｍｇ「トーワ」,レトロゾール,２．５ｍｇ１錠,68.9,
4291016F1020,タルセバ錠２５ｍｇ,エルロチニブ塩酸塩,２５ｍｇ１錠,616.2,
4291016F1039,エルロチニブ錠２５ｍｇ「ＮＫ」,エルロチニブ塩酸塩,２５ｍｇ１錠,438.4,
4291016F2027,タルセバ錠１００ｍｇ,エルロチニブ塩酸塩,１００ｍｇ１錠,2297.9,
4291016F2035,エルロチニブ錠１００ｍｇ「ＮＫ」,エルロチニブ塩酸塩,１００ｍｇ１錠,1469.5,
4291016F3023,タルセバ錠１５０ｍｇ,エルロチニブ塩酸塩,１５０ｍｇ１錠,3656.6,
4291016F3031,エルロチニブ錠１５０ｍｇ「ＮＫ」,エルロチニブ塩酸塩,１５０ｍｇ１錠,2262.2,
4291017F1025,ネクサバール錠２００ｍｇ,ソラフェニブトシル酸塩,２００ｍｇ１錠,2471,
4291018F1020,スニチニブ錠１２．５ｍｇ「ＮＫ」,スニチニブリンゴ酸塩,１２．５ｍｇ１錠,1812.4,
4291018M1029,スーテントカプセル１２．５ｍｇ,スニチニブリンゴ酸塩,１２．５ｍｇ１カプセル,3139.8,
4291019M1023,サレドカプセル１００,サリドマイド,１００ｍｇ１カプセル,6883.3,
4291019M2020,サレドカプセル５０,サリドマイド,５０ｍｇ１カプセル,5775.3,
4291019M3026,サレドカプセル２５,サリドマイド,２５ｍｇ１カプセル,4845.7,
4291020F1027,スプリセル錠２０ｍｇ,ダサチニブ水和物,２０ｍｇ１錠,2359.8,
4291020F1035,ダサチニブ錠２０ｍｇ「ＪＧ」,ダサチニブ,２０ｍｇ１錠,903.4,
4291020F1043,ダサチニブ錠２０ｍｇ「ＮＫ」,ダサチニブ,２０ｍｇ１錠,903.4,
4291020F1051,ダサチニブ錠２０ｍｇ「サワイ」,ダサチニブ,２０ｍｇ１錠,903.4,
4291020F1060,ダサチニブ錠２０ｍｇ「トーワ」,ダサチニブ,２０ｍｇ１錠,903.4,
4291020F1078,ダサチニブ錠２０ｍｇ「ＢＭＳＨ」,ダサチニブ水和物,２０ｍｇ１錠,903.4,
4291020F2023,スプリセル錠５０ｍｇ,ダサチニブ水和物,５０ｍｇ１錠,5070.5,
4291020F2031,ダサチニブ錠５０ｍｇ「ＪＧ」,ダサチニブ,５０ｍｇ１錠,2154.8,
4291020F2040,ダサチニブ錠５０ｍｇ「ＮＫ」,ダサチニブ,５０ｍｇ１錠,2154.8,
4291020F2058,ダサチニブ錠５０ｍｇ「サワイ」,ダサチニブ,５０ｍｇ１錠,2154.8,
4291020F2066,ダサチニブ錠５０ｍｇ「トーワ」,ダサチニブ,５０ｍｇ１錠,2154.8,
4291020F2074,ダサチニブ錠５０ｍｇ「ＢＭＳＨ」,ダサチニブ水和物,５０ｍｇ１錠,2154.8,
4291021M1020,タシグナカプセル２００ｍｇ,ニロチニブ塩酸塩水和物,２００ｍｇ１カプセル,2962.2,
4291021M1039,ニロチニブカプセル２００ｍｇ「サワイ」,ニロチニブ塩酸塩二水和物,２００ｍｇ１カプセル,1463,
4291021M2027,タシグナカプセル１５０ｍｇ,ニロチニブ塩酸塩水和物,１５０ｍｇ１カプセル,2189.3,
4291021M2035,ニロチニブカプセル１５０ｍｇ「サワイ」,ニロチニブ塩酸塩二水和物,１５０ｍｇ１カプセル,1097.3,
4291021M3023,タシグナカプセル５０ｍｇ,ニロチニブ塩酸塩水和物,５０ｍｇ１カプセル,876.1,
4291022F1026,タイケルブ錠２５０ｍｇ,ラパチニブトシル酸塩水和物,２５０ｍｇ１錠,699.8,
4291023F1020,アフィニトール錠５ｍｇ,エベロリムス,５ｍｇ１錠,5357.6,
4291023F2027,アフィニトール錠２．５ｍｇ,エベロリムス,２．５ｍｇ１錠,2518,
4291023X1026,アフィニトール分散錠２ｍｇ,エベロリムス,２ｍｇ１錠,3056.1,
4291023X2022,アフィニトール分散錠３ｍｇ,エベロリムス,３ｍｇ１錠,3911,
4291024M1024,レブラミドカプセル５ｍｇ,レナリドミド水和物,５ｍｇ１カプセル,8005.5,
4291024M1032,レナリドミドカプセル５ｍｇ「ＢＭＳＨ」,レナリドミド水和物,５ｍｇ１カプセル,3590.6,
4291024M1040,レナリドミドカプセル５ｍｇ「Ｆ」,レナリドミド,５ｍｇ１カプセル,3590.6,
4291024M1059,レナリドミドカプセル５ｍｇ「サワイ」,レナリドミド,５ｍｇ１カプセル,3590.6,
4291024M1067,レナリドミドカプセル５ｍｇ「トーワ」,レナリドミド,５ｍｇ１カプセル,3590.6,
4291024M1075,レナリドミドカプセル５ｍｇ「ＦＮＫ」,レナリドミド,５ｍｇ１カプセル,3590.6,
4291024M2020,レブラミドカプセル２．５ｍｇ,レナリドミド水和物,２．５ｍｇ１カプセル,6762.4,
4291024M2039,レナリドミドカプセル２．５ｍｇ「ＢＭＳＨ」,レナリドミド水和物,２．５ｍｇ１カプセル,3137.8,
4291024M2047,レナリドミドカプセル２．５ｍｇ「Ｆ」,レナリドミド,２．５ｍｇ１カプセル,2869.4,
4291024M2055,レナリドミドカプセル２．５ｍｇ「サワイ」,レナリドミド,２．５ｍｇ１カプセル,3137.8,
4291024M2063,レナリドミドカプセル２．５ｍｇ「トーワ」,レナリドミド,２．５ｍｇ１カプセル,3137.8,
4291024M2071,レナリドミドカプセル２．５ｍｇ「ＦＮＫ」,レナリドミド,２．５ｍｇ１カプセル,2869.4,
4291025M1029,ゾリンザカプセル１００ｍｇ,ボリノスタット,１００ｍｇ１カプセル,5723,
4291026M1023,ザーコリカプセル２００ｍｇ,クリゾチニブ,２００ｍｇ１カプセル,8752,
4291026M2020,ザーコリカプセル２５０ｍｇ,クリゾチニブ,２５０ｍｇ１カプセル,11054,
4291027F1029,インライタ錠１ｍｇ,アキシチニブ,１ｍｇ１錠,1446.3,
4291027F2025,インライタ錠５ｍｇ,アキシチニブ,５ｍｇ１錠,6574.2,
4291028F1023,ヴォトリエント錠２００ｍｇ,パゾパニブ塩酸塩,２００ｍｇ１錠,3331.9,
4291029F1028,スチバーガ錠４０ｍｇ,レゴラフェニブ水和物,４０ｍｇ１錠,5468.7,
4291030F1020,ジオトリフ錠２０ｍｇ,アファチニブマレイン酸塩,２０ｍｇ１錠,4205.8,
4291030F2027,ジオトリフ錠３０ｍｇ,アファチニブマレイン酸塩,３０ｍｇ１錠,6095.5,
4291030F3023,ジオトリフ錠４０ｍｇ,アファチニブマレイン酸塩,４０ｍｇ１錠,8126.3,
4291031F1025,イクスタンジ錠４０ｍｇ,エンザルタミド,４０ｍｇ１錠,2116,
4291031F2021,イクスタンジ錠８０ｍｇ,エンザルタミド,８０ｍｇ１錠,4101.8,
4291032M3021,アレセンサカプセル１５０ｍｇ,アレクチニブ塩酸塩,１５０ｍｇ１カプセル,6905.5,
4291033F1024,ザイティガ錠２５０ｍｇ,アビラテロン酢酸エステル,２５０ｍｇ１錠,3230.9,
4291033F1032,アビラテロン酢酸エステル錠２５０ｍｇ「ＤＳＥＰ」,アビラテロン酢酸エステル,２５０ｍｇ１錠,1587.1,
4291033F1040,アビラテロン酢酸エステル錠２５０ｍｇ「ＪＧ」,アビラテロン酢酸エステル,２５０ｍｇ１錠,1587.1,
4291033F1059,アビラテロン酢酸エステル錠２５０ｍｇ「ＮＫ」,アビラテロン酢酸エステル,２５０ｍｇ１錠,1587.1,
4291033F1067,アビラテロン酢酸エステル錠２５０ｍｇ「サワイ」,アビラテロン酢酸エステル,２５０ｍｇ１錠,1587.1,
4291033F1075,アビラテロン酢酸エステル錠２５０ｍｇ「サンド」,アビラテロン酢酸エステル,２５０ｍｇ１錠,1587.1,
4291033F1083,アビラテロン酢酸エステル錠２５０ｍｇ「ニプロ」,アビラテロン酢酸エステル,２５０ｍｇ１錠,1587.1,
4291033F2020,ザイティガ錠５００ｍｇ,アビラテロン酢酸エステル,５００ｍｇ１錠,6299.8,
4291034F1029,ジャカビ錠５ｍｇ,ルキソリチニブリン酸塩,５ｍｇ１錠,3636.6,
4291034F2025,ジャカビ錠１０ｍｇ,ルキソリチニブリン酸塩,１０ｍｇ１錠,7306.3,
4291034S1027,ジャカビ内用液小児用０．５％,ルキソリチニブリン酸塩,０．５％１ｍＬ,12209,
4291035D1022,ラパリムス顆粒０．２％,シロリムス,０．２％１ｇ,3010.2,
4291035F1023,ラパリムス錠１ｍｇ,シロリムス,１ｍｇ１錠,1308.8,
4291036F1028,ボシュリフ錠１００ｍｇ,ボスチニブ水和物,１００ｍｇ１錠,3861.2,
4291037F1022,ゼルボラフ錠２４０ｍｇ,ベムラフェニブ,２４０ｍｇ１錠,5026.9,
4291038M1026,ポマリストカプセル１ｍｇ,ポマリドミド,１ｍｇ１カプセル,36902,
4291038M2022,ポマリストカプセル２ｍｇ,ポマリドミド,２ｍｇ１カプセル,43981.4,
4291038M3029,ポマリストカプセル３ｍｇ,ポマリドミド,３ｍｇ１カプセル,48736.5,
4291038M4025,ポマリストカプセル４ｍｇ,ポマリドミド,４ｍｇ１カプセル,52418.9,
4291039M1020,レンビマカプセル４ｍｇ,レンバチニブメシル酸塩,４ｍｇ１カプセル,3421.7,
4291039M2027,レンビマカプセル１０ｍｇ,レンバチニブメシル酸塩,１０ｍｇ１カプセル,8090,
4291041F1029,カプレルサ錠１００ｍｇ,バンデタニブ,１００ｍｇ１錠,7902.2,
4291042M1022,タルグレチンカプセル７５ｍｇ,ベキサロテン,７５ｍｇ１カプセル,2846.7,
4291043M1027,イムブルビカカプセル１４０ｍｇ,イブルチニブ,１４０ｍｇ１カプセル,8848.1,
4291044F1022,ジカディア錠１５０ｍｇ,セリチニブ,１５０ｍｇ１錠,6413.6,
4291045F1027,タグリッソ錠４０ｍｇ,オシメルチニブメシル酸塩,４０ｍｇ１錠,9670,
4291045F2023,タグリッソ錠８０ｍｇ,オシメルチニブメシル酸塩,８０ｍｇ１錠,18540.2,
4291046M1020,タフィンラーカプセル５０ｍｇ,ダブラフェニブメシル酸塩,５０ｍｇ１カプセル,5367.7,
4291046M2027,タフィンラーカプセル７５ｍｇ,ダブラフェニブメシル酸塩,７５ｍｇ１カプセル,7903.2,
4291046X1027,タフィンラー小児用分散錠１０ｍｇ,ダブラフェニブメシル酸塩,１０ｍｇ１錠,1225.9,
4291047F1026,メキニスト錠０．５ｍｇ,トラメチニブ　ジメチルスルホキシド付加物,０．５ｍｇ１錠,8517.6,
4291047F2022,メキニスト錠２ｍｇ,トラメチニブ　ジメチルスルホキシド付加物,２ｍｇ１錠,31970.7,
4291047R1022,メキニスト小児用ドライシロップ４．７ｍｇ,トラメチニブ　ジメチルスルホキシド付加物,４．７ｍｇ１瓶,99852,
4291048F1020,アイクルシグ錠１５ｍｇ,ポナチニブ塩酸塩,１５ｍｇ１錠,6428.4,
4291049M1024,ニンラーロカプセル２．３ｍｇ,イキサゾミブクエン酸エステル,２．３ｍｇ１カプセル,98306.4,
4291049M2020,ニンラーロカプセル３ｍｇ,イキサゾミブクエン酸エステル,３ｍｇ１カプセル,125640,
4291049M3027,ニンラーロカプセル４ｍｇ,イキサゾミブクエン酸エステル,４ｍｇ１カプセル,163865.4,
4291049M4023,ニンラーロカプセル０．５ｍｇ,イキサゾミブクエン酸エステル,０．５ｍｇ１カプセル,24023.7,
4291050M1027,ムンデシンカプセル１００ｍｇ,フォロデシン塩酸塩,１００ｍｇ１カプセル,2666.1,
4291051F1022,イブランス錠２５ｍｇ,パルボシクリブ,２５ｍｇ１錠,5076.8,
4291051F2029,イブランス錠１２５ｍｇ,パルボシクリブ,１２５ｍｇ１錠,20538.9,
4291052F1027,リムパーザ錠１００ｍｇ,オラパリブ,１００ｍｇ１錠,3225.1,
4291052F2023,リムパーザ錠１５０ｍｇ,オラパリブ,１５０ｍｇ１錠,4788,
4291053F1021,ゾスパタ錠４０ｍｇ,ギルテリチニブフマル酸塩,４０ｍｇ１錠,19752.3,
4291054F1026,ベージニオ錠５０ｍｇ,アベマシクリブ,５０ｍｇ１錠,3049.7,
4291054F2022,ベージニオ錠１００ｍｇ,アベマシクリブ,１００ｍｇ１錠,5567.7,
4291054F3029,ベージニオ錠１５０ｍｇ,アベマシクリブ,１５０ｍｇ１錠,7917.5,
4291055F1020,ローブレナ錠２５ｍｇ,ロルラチニブ,２５ｍｇ１錠,7350,
4291055F2027,ローブレナ錠１００ｍｇ,ロルラチニブ,１００ｍｇ１錠,26441.8,
4291057M1029,ビラフトビカプセル５０ｍｇ,エンコラフェニブ,５０ｍｇ１カプセル,3239.6,
4291057M2025,ビラフトビカプセル７５ｍｇ,エンコラフェニブ,７５ｍｇ１カプセル,4769.8,
4291058F1024,メクトビ錠１５ｍｇ,ビニメチニブ,１５ｍｇ１錠,4926.4,
4291059F1029,アーリーダ錠６０ｍｇ,アパルタミド,６０ｍｇ１錠,2022.7,
4291060F1021,ヴァンフリタ錠１７．７ｍｇ,キザルチニブ塩酸塩,１７．７ｍｇ１錠,20059.6,
4291060F2028,ヴァンフリタ錠２６．５ｍｇ,キザルチニブ塩酸塩,２６．５ｍｇ１錠,27074.4,
4291061M1025,ロズリートレクカプセル１００ｍｇ,エヌトレクチニブ,１００ｍｇ１カプセル,5310.8,
4291061M2021,ロズリートレクカプセル２００ｍｇ,エヌトレクチニブ,２００ｍｇ１カプセル,10073,
4291062F1020,ベネクレクスタ錠１０ｍｇ,ベネトクラクス,１０ｍｇ１錠,872.8,
4291062F2027,ベネクレクスタ錠５０ｍｇ,ベネトクラクス,５０ｍｇ１錠,3956.6,
4291062F3023,ベネクレクスタ錠１００ｍｇ,ベネトクラクス,１００ｍｇ１錠,7585.9,
4291063F1025,ニュベクオ錠３００ｍｇ,ダロルタミド,３００ｍｇ１錠,2053.9,
4291064F1020,カボメティクス錠２０ｍｇ,カボザンチニブリンゴ酸塩,２０ｍｇ１錠,8007.6,
4291064F2026,カボメティクス錠６０ｍｇ,カボザンチニブリンゴ酸塩,６０ｍｇ１錠,22333,
4291065F1024,テプミトコ錠２５０ｍｇ,テポチニブ塩酸塩水和物,２５０ｍｇ１錠,14399,
4291066F1029,ベレキシブル錠８０ｍｇ,チラブルチニブ塩酸塩,８０ｍｇ１錠,4307.3,
4291067F1023,タブレクタ錠１５０ｍｇ,カプマチニブ塩酸塩水和物,１５０ｍｇ１錠,5055.5,
4291067F2020,タブレクタ錠２００ｍｇ,カプマチニブ塩酸塩水和物,２００ｍｇ１錠,6573.5,
4291068F1028,ゼジューラ錠１００ｍｇ,ニラパリブトシル酸塩水和物,１００ｍｇ１錠,9316.8,
4291069F1022,アルンブリグ錠３０ｍｇ,ブリグチニブ,３０ｍｇ１錠,4117,
4291069F2029,アルンブリグ錠９０ｍｇ,ブリグチニブ,９０ｍｇ１錠,11449.1,
4291070M1024,カルケンスカプセル１００ｍｇ,アカラブルチニブ,１００ｍｇ１カプセル,11705.7,
4291071M1029,ヴァイトラックビカプセル２５ｍｇ,ラロトレクチニブ硫酸塩,２５ｍｇ１カプセル,4042.5,
4291071M2025,ヴァイトラックビカプセル１００ｍｇ,ラロトレクチニブ硫酸塩,１００ｍｇ１カプセル,14542.9,
4291071S1028,ヴァイトラックビ内用液２０ｍｇ／ｍＬ,ラロトレクチニブ硫酸塩,２％１ｍＬ,2908.6,
4291072F1024,ペマジール錠４．５ｍｇ,ペミガチニブ,４．５ｍｇ１錠,25631.2,
4291073F1029,タズベリク錠２００ｍｇ,タゼメトスタット臭化水素酸塩,２００ｍｇ１錠,3004,
4291074F1023,ハイヤスタ錠１０ｍｇ,ツシジノスタット,１０ｍｇ１錠,20028.4,
4291075F1028,レットヴィモ錠４０ｍｇ,セルペルカチニブ,４０ｍｇ１錠,4066.2,
4291075F2024,レットヴィモ錠８０ｍｇ,セルペルカチニブ,８０ｍｇ１錠,7717.4,
4291075M1027,レットヴィモカプセル４０ｍｇ,セルペルカチニブ,４０ｍｇ１カプセル,4066.2,
4291075M2023,レットヴィモカプセル８０ｍｇ,セルペルカチニブ,８０ｍｇ１カプセル,7717.4,
4291076F1022,ルマケラス錠１２０ｍｇ,ソトラシブ,１２０ｍｇ１錠,4204.3,
4291077F1027,セムブリックス錠２０ｍｇ,アシミニブ塩酸塩,２０ｍｇ１錠,4729.8,
4291077F2023,セムブリックス錠４０ｍｇ,アシミニブ塩酸塩,４０ｍｇ１錠,9025.6,
4291078F1021,ジェセリ錠４０ｍｇ,ピミテスピブ,４０ｍｇ１錠,6265,
4291079F1026,エザルミア錠５０ｍｇ,バレメトスタットトシル酸塩,５０ｍｇ１錠,7207.9,
4291079F2022,エザルミア錠１００ｍｇ,バレメトスタットトシル酸塩,１００ｍｇ１錠,13819.6,
4291080F1029,リトゴビ錠４ｍｇ,フチバチニブ,４ｍｇ１錠,10252.5,
4291081M1022,ターゼナカプセル０．１ｍｇ,タラゾパリブトシル酸塩,０．１ｍｇ１カプセル,3920.5,
4291081M2029,ターゼナカプセル０．２５ｍｇ,タラゾパリブトシル酸塩,０．２５ｍｇ１カプセル,9576,
4291081M3025,ターゼナカプセル１ｍｇ,タラゾパリブトシル酸塩,１ｍｇ１カプセル,21547.1,
4291082F1028,トルカプ錠１６０ｍｇ,カピバセルチブ,１６０ｍｇ１錠,11116.2,
4291082F2024,トルカプ錠２００ｍｇ,カピバセルチブ,２００ｍｇ１錠,13493.2,
4291083F1022,オムジャラ錠１００ｍｇ,モメロチニブ塩酸塩水和物,１００ｍｇ１錠,21214,
4291083F2029,オムジャラ錠１５０ｍｇ,モメロチニブ塩酸塩水和物,１５０ｍｇ１錠,31821,
4291083F3025,オムジャラ錠２００ｍｇ,モメロチニブ塩酸塩水和物,２００ｍｇ１錠,42428,
4291084F1027,ジャイパーカ錠５０ｍｇ,ピルトブルチニブ,５０ｍｇ１錠,10201,
4291084F2023,ジャイパーカ錠１００ｍｇ,ピルトブルチニブ,１００ｍｇ１錠,19465.8,
4291085F1021,ハイイータン錠５０ｍｇ,グマロンチニブ水和物,５０ｍｇ１錠,4356.6,
4291086M1025,オータイロカプセル４０ｍｇ,レポトレクチニブ,４０ｍｇ１カプセル,3468.3,
4291086M2021,オータイロカプセル１６０ｍｇ,レポトレクチニブ,１６０ｍｇ１カプセル,12477.1,
4291087F1020,タスフィゴ錠３５ｍｇ,タスルグラチニブコハク酸塩,３５ｍｇ１錠,15378.7,
4291088M1024,フリュザクラカプセル１ｍｇ,フルキンチニブ,１ｍｇ１カプセル,6167.3,
4291088M2020,フリュザクラカプセル５ｍｇ,フルキンチニブ,５ｍｇ１カプセル,28640.3,
4291089M1029,ブルキンザカプセル８０ｍｇ,ザヌブルチニブ,８０ｍｇ１カプセル,6636.1,
4291090F1022,ティブソボ錠２５０ｍｇ,イボシデニブ,２５０ｍｇ１錠,30007.6,
4291091F1027,ラズクルーズ錠８０ｍｇ,ラゼルチニブメシル酸塩水和物,８０ｍｇ１錠,4403.3,
4291091F2023,ラズクルーズ錠２４０ｍｇ,ラゼルチニブメシル酸塩水和物,２４０ｍｇ１錠,12354.7,
4291092F1021,カルケンス錠１００ｍｇ,アカラブルチニブマレイン酸塩水和物,１００ｍｇ１錠,11705.7,
4291093F1026,バルバーサ錠３ｍｇ,エルダフィチニブ,３ｍｇ１錠,31810.4,
4291093F2022,バルバーサ錠４ｍｇ,エルダフィチニブ,４ｍｇ１錠,41501.7,
4291093F3029,バルバーサ錠５ｍｇ,エルダフィチニブ,５ｍｇ１錠,51009.7,
4291094F1020,ウェリレグ錠４０ｍｇ,ベルズチファン,４０ｍｇ１錠,21916.8,
4291095M1024,イブトロジーカプセル２００ｍｇ,タレトレクチニブアジピン酸塩,２００ｍｇ１カプセル,9711.2,
4291096F1020,ヘルネクシオス錠６０ｍｇ,ゾンゲルチニブ,６０ｍｇ１錠,13881.9,
4291097F1024,ボラニゴ錠１０ｍｇ,ボラシデニブ　クエン酸水和物,１０ｍｇ１錠,31791.8,
4291098F1029,ツカイザ錠５０ｍｇ,ツカチニブ　エタノール付加物,５０ｍｇ１錠,2818.4,
4291098F2025,ツカイザ錠１５０ｍｇ,ツカチニブ　エタノール付加物,１５０ｍｇ１錠,7317,
4291099M1022,インレビックカプセル１００ｍｇ,フェドラチニブ塩酸塩水和物,１００ｍｇ１カプセル,11137.4,
4299002M1034,ベスタチンカプセル１０ｍｇ,ウベニメクス,１０ｍｇ１カプセル,338,
4299002M2030,ベスタチンカプセル３０ｍｇ,ウベニメクス,３０ｍｇ１カプセル,399.1,
4299003M1020,アグリリンカプセル０．５ｍｇ,アナグレリド塩酸塩水和物,０．５ｍｇ１カプセル,788.7,
4299004D1025,コセルゴ顆粒５ｍｇ,セルメチニブ硫酸塩,５ｍｇ１個,8113.9,
4299004D2021,コセルゴ顆粒７．５ｍｇ,セルメチニブ硫酸塩,７．５ｍｇ１個,11975.9,
4299004M1025,コセルゴカプセル１０ｍｇ,セルメチニブ硫酸塩,１０ｍｇ１カプセル,12622.8,
4299004M2021,コセルゴカプセル２５ｍｇ,セルメチニブ硫酸塩,２５ｍｇ１カプセル,30257.8,
4299100F1026,ロンサーフ配合錠Ｔ１５,トリフルリジン・チピラシル塩酸塩,１５ｍｇ１錠（トリフルリジン相当量）,2511,
4299100F2022,ロンサーフ配合錠Ｔ２０,トリフルリジン・チピラシル塩酸塩,２０ｍｇ１錠（トリフルリジン相当量）,3369.2,
4300002M1029,ヨードカプセル－１２３,ヨウ化ナトリウム（１２３Ｉ）,３．７ＭＢｑ１カプセル,3465.6,
4300003M3018,ヨウ化ナトリウム（１３１Ｉ）カプセル,ヨウ化ナトリウム（１３１Ｉ）,３．７ＭＢｑ１カプセル,1097.4,
4300003M5010,ヨウ化ナトリウム（１３１Ｉ）カプセル,ヨウ化ナトリウム（１３１Ｉ）,３７ＭＢｑ１カプセル,6435,
4300003M6017,ヨウ化ナトリウム（１３１Ｉ）カプセル,ヨウ化ナトリウム（１３１Ｉ）,１１１ＭＢｑ１カプセル,12870,
4300003M7013,ヨウ化ナトリウム（１３１Ｉ）カプセル,ヨウ化ナトリウム（１３１Ｉ）,１８５ＭＢｑ１カプセル,12043.9,
4300003M8010,ヨウ化ナトリウム（１３１Ｉ）カプセル,ヨウ化ナトリウム（１３１Ｉ）,１，１１０ＭＢｑ１カプセル,46200,
4300003M9016,ヨウ化ナトリウム（１３１Ｉ）カプセル,ヨウ化ナトリウム（１３１Ｉ）,１，８５０ＭＢｑ１カプセル,69300,
4411001F1040,レスタミンコーワ錠１０ｍｇ,ジフェンヒドラミン塩酸塩,１０ｍｇ１錠,6.3,
4413002B1030,ヒベルナ散１０％,ヒベンズ酸プロメタジン,１０％１ｇ,6.9,
4413002C1035,ピレチア細粒１０％,プロメタジンメチレンジサリチル酸塩,１０％１ｇ,9.5,
4413002F1031,ピレチア錠（５ｍｇ）,プロメタジン塩酸塩,５ｍｇ１錠,6.5,
4413002F1040,ヒベルナ糖衣錠５ｍｇ,プロメタジン塩酸塩,５ｍｇ１錠,6.3,
4413002F2054,ピレチア錠（２５ｍｇ）,プロメタジン塩酸塩,２５ｍｇ１錠,6.3,
4413002F2062,ヒベルナ糖衣錠２５ｍｇ,プロメタジン塩酸塩,２５ｍｇ１錠,6.3,
4413003Q1037,アリメジンシロップ０．０５％,アリメマジン酒石酸塩,０．０５％１０ｍＬ,14.8,
4413004C2022,ゼスラン小児用細粒０．６％,メキタジン,０．６％１ｇ,27.1,
4413004C2030,ニポラジン小児用細粒０．６％,メキタジン,０．６％１ｇ,26,
4413004F1014,メキタジン３ｍｇ錠,メキタジン,３ｍｇ１錠,10.8,
4413004F1200,ニポラジン錠３ｍｇ,メキタジン,３ｍｇ１錠,10.8,
4413004F1251,ゼスラン錠３ｍｇ,メキタジン,３ｍｇ１錠,10.8,
4413004Q1058,ゼスラン小児用シロップ０．０３％,メキタジン,０．０３％１ｍＬ,7.1,
4413004Q1066,ニポラジン小児用シロップ０．０３％,メキタジン,０．０３％１ｍＬ,7.1,
4419002B1033,ポララミン散１％,ｄ－クロルフェニラミンマレイン酸塩,１％１ｇ,12.7,
4419002F1027,ポララミン錠２ｍｇ,ｄ－クロルフェニラミンマレイン酸塩,２ｍｇ１錠,6.1,
4419002F1051,ｄ－クロルフェニラミンマレイン酸塩錠２ｍｇ「ＮＩＧ」,ｄ－クロルフェニラミンマレイン酸塩,２ｍｇ１錠,6.1,
4419002Q1095,ポララミンシロップ０．０４％,ｄ－クロルフェニラミンマレイン酸塩,０．０４％１０ｍＬ,14.4,
4419002Q1125,ｄ－クロルフェニラミンマレイン酸塩シロップ０．０４％「トーワ」,ｄ－クロルフェニラミンマレイン酸塩,０．０４％１０ｍＬ,8.2,
4419002Q1133,ｄ－クロルフェニラミンマレイン酸塩シロップ０．０４％「ツルハラ」,ｄ－クロルフェニラミンマレイン酸塩,０．０４％１０ｍＬ,8.2,
4419002Q1141,ｄ－クロルフェニラミンマレイン酸塩シロップ０．０４％「日新」,ｄ－クロルフェニラミンマレイン酸塩,０．０４％１０ｍＬ,8.2,
4419002R1031,ポララミンドライシロップ０．２％,ｄ－クロルフェニラミンマレイン酸塩,０．２％１ｇ,7.5,
4419003B1011,クロルフェニラミンマレイン酸塩散,クロルフェニラミンマレイン酸塩,１％１ｇ,8,
4419003F1013,クロルフェニラミンマレイン酸塩錠,クロルフェニラミンマレイン酸塩,２ｍｇ１錠,8.7,
4419003F2010,クロルフェニラミンマレイン酸塩錠,クロルフェニラミンマレイン酸塩,４ｍｇ１錠,8.7,
4419003X1019,クロルフェニラミンマレイン酸塩,クロルフェニラミンマレイン酸塩,１ｇ,29.7,
4419005B1045,ペリアクチン散１％,シプロヘプタジン塩酸塩水和物,１％１ｇ,6.9,
4419005F1047,ペリアクチン錠４ｍｇ,シプロヘプタジン塩酸塩水和物,４ｍｇ１錠,6.3,
4419005Q1072,ペリアクチンシロップ０．０４％,シプロヘプタジン塩酸塩水和物,０．０４％１０ｍＬ,13.9,
4419008B1073,タベジール散０．１％,クレマスチンフマル酸塩,０．１％１ｇ,7.4,
4419008B2070,タベジール散１％,クレマスチンフマル酸塩,１％１ｇ,65.6,
4419008F1431,タベジール錠１ｍｇ,クレマスチンフマル酸塩,１ｍｇ１錠,6.4,
4419008F1504,クレマスチン錠１ｍｇ「タカタ」,クレマスチンフマル酸塩,１ｍｇ１錠,6.3,
4419008Q1157,タベジールシロップ０．０１％,クレマスチンフマル酸塩,０．０１％１０ｍＬ,17.6,
4419008Q1190,クレマスチンシロップ０．０１％「日医工」,クレマスチンフマル酸塩,０．０１％１０ｍＬ,11.7,
4419008R1128,クレマスチンドライシロップ０．１％「あゆみ」,クレマスチンフマル酸塩,０．１％１ｇ,7.1,
4419008R1136,クレマスチンＤＳ０．１％「タカタ」,クレマスチンフマル酸塩,０．１％１ｇ,9.7,
4420002F1117,リマチル錠１００ｍｇ,ブシラミン,１００ｍｇ１錠,24.7,
4420002F2059,リマチル錠５０ｍｇ,ブシラミン,５０ｍｇ１錠,19.2,
4490002C1123,リザベン細粒１０％,トラニラスト,１０％１ｇ,8.3,
4490002M1013,トラニラスト１００ｍｇカプセル,トラニラスト,１００ｍｇ１カプセル,10.8,
4490002M1315,リザベンカプセル１００ｍｇ,トラニラスト,１００ｍｇ１カプセル,10.8,
4490002R1142,リザベンドライシロップ５％,トラニラスト,５％１ｇ,8,
4490002R1193,トラニラストＤＳ５％「ＣＨ」,トラニラスト,５％１ｇ,8,R9.3.31まで
4490003M1018,ケトチフェンフマル酸塩１ｍｇカプセル,ケトチフェンフマル酸塩,１ｍｇ１カプセル,6.3,
4490003Q1125,ザジテンシロップ０．０２％,ケトチフェンフマル酸塩,０．０２％１ｍＬ,9.1,
4490003Q1176,ケトチフェンシロップ０．０２％「日医工」,ケトチフェンフマル酸塩,０．０２％１ｍＬ,13.4,
4490003Q1206,ケトチフェンシロップ０．０２％「ＮＩＧ」,ケトチフェンフマル酸塩,０．０２％１ｍＬ,6.9,
4490003R1015,ケトチフェンフマル酸塩０．１％シロップ用,ケトチフェンフマル酸塩,０．１％１ｇ,6.9,
4490003R1228,ザジテンドライシロップ０．１％,ケトチフェンフマル酸塩,０．１％１ｇ,8.3,
4490004F1013,アゼラスチン塩酸塩０．５ｍｇ錠,アゼラスチン塩酸塩,０．５ｍｇ１錠,6.1,
4490004F1021,アゼプチン錠０．５ｍｇ,アゼラスチン塩酸塩,０．５ｍｇ１錠,7.8,
4490004F2010,アゼラスチン塩酸塩１ｍｇ錠,アゼラスチン塩酸塩,１ｍｇ１錠,6.3,
4490004F2028,アゼプチン錠１ｍｇ,アゼラスチン塩酸塩,１ｍｇ１錠,7.3,
4490005F1018,オキサトミド３０ｍｇ錠,オキサトミド,３０ｍｇ１錠,6.3,
4490005F1573,オキサトミド錠３０ｍｇ「ケミファ」,オキサトミド,３０ｍｇ１錠,12.7,R9.3.31まで
4490005Q1051,オキサトミドシロップ小児用０．２％「ＶＴＲＳ」,オキサトミド,０．２％１ｍＬ,7.1,
4490005R1014,オキサトミド２％シロップ用,オキサトミド,２％１ｇ,6.9,
4490010N1021,ケタスカプセル１０ｍｇ,イブジラスト,１０ｍｇ１カプセル,10.5,
4490011F1030,ペミラストン錠１０ｍｇ,ペミロラストカリウム,１０ｍｇ１錠,21.3,
4490011F1129,ペミロラストＫ錠１０ｍｇ「ＮＩＧ」,ペミロラストカリウム,１０ｍｇ１錠,22.6,
4490011F2036,ペミラストン錠５ｍｇ,ペミロラストカリウム,５ｍｇ１錠,12.1,
4490011F2125,ペミロラストＫ錠５ｍｇ「ＮＩＧ」,ペミロラストカリウム,５ｍｇ１錠,10.9,
4490011R1060,ペミラストンドライシロップ０．５％,ペミロラストカリウム,０．５％１ｇ,24.7,
4490012F1026,ドメナン錠１００ｍｇ,オザグレル塩酸塩水和物,１００ｍｇ１錠,25,
4490012F2022,ドメナン錠２００ｍｇ,オザグレル塩酸塩水和物,２００ｍｇ１錠,40.8,
4490013M1038,レミカットカプセル１ｍｇ,エメダスチンフマル酸塩,１ｍｇ１カプセル,15.2,R9.3.31まで
4490013M1054,エメダスチンフマル酸塩徐放カプセル１ｍｇ「トーワ」,エメダスチンフマル酸塩,１ｍｇ１カプセル,17.9,R9.3.31まで
4490013M2034,レミカットカプセル２ｍｇ,エメダスチンフマル酸塩,２ｍｇ１カプセル,18.9,R9.3.31まで
4490013M2050,エメダスチンフマル酸塩徐放カプセル２ｍｇ「トーワ」,エメダスチンフマル酸塩,２ｍｇ１カプセル,20.9,R9.3.31まで
4490014F1017,エピナスチン塩酸塩１０ｍｇ錠,エピナスチン塩酸塩,１０ｍｇ１錠,9.8,
4490014F1025,アレジオン錠１０,エピナスチン塩酸塩,１０ｍｇ１錠,12,
4490014F1211,エピナスチン塩酸塩錠１０ｍｇ「ケミファ」,エピナスチン塩酸塩,１０ｍｇ１錠,12,
4490014F1246,エピナスチン塩酸塩錠１０ｍｇ「サワイ」,エピナスチン塩酸塩,１０ｍｇ１錠,12,
4490014F1254,エピナスチン塩酸塩錠１０ｍｇ「トーワ」,エピナスチン塩酸塩,１０ｍｇ１錠,12,
4490014F1327,エピナスチン塩酸塩錠１０ｍｇ「イワキ」,エピナスチン塩酸塩,１０ｍｇ１錠,12,
4490014F1360,エピナスチン塩酸塩錠１０ｍｇ「ダイト」,エピナスチン塩酸塩,１０ｍｇ１錠,12,
4490014F2013,エピナスチン塩酸塩２０ｍｇ錠,エピナスチン塩酸塩,２０ｍｇ１錠,12.6,
4490014F2021,アレジオン錠２０,エピナスチン塩酸塩,２０ｍｇ１錠,15.9,
4490014F2250,エピナスチン塩酸塩錠２０ｍｇ「ケミファ」,エピナスチン塩酸塩,２０ｍｇ１錠,15.9,
4490014F2285,エピナスチン塩酸塩錠２０ｍｇ「サワイ」,エピナスチン塩酸塩,２０ｍｇ１錠,15.9,
4490014F2293,エピナスチン塩酸塩錠２０ｍｇ「トーワ」,エピナスチン塩酸塩,２０ｍｇ１錠,15.9,
4490014F2307,エピナスチン塩酸塩錠２０ｍｇ「杏林」,エピナスチン塩酸塩,２０ｍｇ１錠,15.9,
4490014F2331,エピナスチン塩酸塩錠２０ｍｇ「日新」,エピナスチン塩酸塩,２０ｍｇ１錠,15.9,
4490014F2366,エピナスチン塩酸塩錠２０ｍｇ「ＳＮ」,エピナスチン塩酸塩,２０ｍｇ１錠,15.9,R9.3.31まで
4490014F2374,エピナスチン塩酸塩錠２０ｍｇ「イワキ」,エピナスチン塩酸塩,２０ｍｇ１錠,15.9,
4490014F2404,エピナスチン塩酸塩錠２０ｍｇ「ダイト」,エピナスチン塩酸塩,２０ｍｇ１錠,15.9,
4490014S1058,エピナスチン塩酸塩内用液０．２％「ＮＩＧ」,エピナスチン塩酸塩,０．２％１ｍＬ,26.1,
4490016M1023,アイピーディカプセル５０,スプラタストトシル酸塩,５０ｍｇ１カプセル,11.1,
4490016M1040,スプラタストトシル酸塩カプセル５０ｍｇ「サワイ」,スプラタストトシル酸塩,５０ｍｇ１カプセル,15.4,
4490016M1082,スプラタストトシル酸塩カプセル５０ｍｇ「ＪＧ」,スプラタストトシル酸塩,５０ｍｇ１カプセル,13.8,
4490016M1104,スプラタストトシル酸塩カプセル５０ｍｇ「トーワ」,スプラタストトシル酸塩,５０ｍｇ１カプセル,13.8,
4490016M2020,アイピーディカプセル１００,スプラタストトシル酸塩,１００ｍｇ１カプセル,11.5,
4490016M2062,スプラタストトシル酸塩カプセル１００ｍｇ「サワイ」,スプラタストトシル酸塩,１００ｍｇ１カプセル,20.3,
4490016M2089,スプラタストトシル酸塩カプセル１００ｍｇ「ＪＧ」,スプラタストトシル酸塩,１００ｍｇ１カプセル,14.3,
4490016M2100,スプラタストトシル酸塩カプセル１００ｍｇ「トーワ」,スプラタストトシル酸塩,１００ｍｇ１カプセル,14.3,
4490016R1020,アイピーディドライシロップ５％,スプラタストトシル酸塩,５％１ｇ,23.8,
4490017F1037,プランルカスト錠１１２．５ｍｇ「ＡＦＰ」,プランルカスト水和物,１１２．５ｍｇ１錠,11.4,
4490017F1070,プランルカスト錠１１２．５ｍｇ「ＮＩＧ」,プランルカスト水和物,１１２．５ｍｇ１錠,12.4,
4490017F2033,プランルカスト錠２２５ｍｇ「ＡＦＰ」,プランルカスト水和物,２２５ｍｇ１錠,21.3,
4490017F2076,プランルカスト錠２２５ｍｇ「ＮＩＧ」,プランルカスト水和物,２２５ｍｇ１錠,21.3,
4490017M1010,プランルカスト１１２．５ｍｇカプセル,プランルカスト水和物,１１２．５ｍｇ１カプセル,12.4,
4490017M1036,オノンカプセル１１２．５ｍｇ,プランルカスト水和物,１１２．５ｍｇ１カプセル,20.8,
4490017M1109,プランルカストカプセル１１２．５ｍｇ「サワイ」,プランルカスト水和物,１１２．５ｍｇ１カプセル,23.4,
4490017M2024,プランルカストカプセル２２５ｍｇ「日医工」,プランルカスト水和物,２２５ｍｇ１カプセル,21.3,R9.3.31まで
4490017R1017,プランルカスト１０％シロップ用,プランルカスト水和物,１０％１ｇ,21.1,
4490017R1033,オノンドライシロップ１０％,プランルカスト水和物,１０％１ｇ,31.3,
4490017R1041,プランルカストドライシロップ１０％「ＡＦＰ」,プランルカスト水和物,１０％１ｇ,29.8,
4490017R1130,プランルカストＤＳ１０％「サワイ」,プランルカスト水和物,１０％１ｇ,29.8,
4490017R1220,プランルカストＤＳ１０％「杏林」,プランルカスト水和物,１０％１ｇ,29.8,
4490019F1010,エバスチン５ｍｇ錠,エバスチン,５ｍｇ１錠,16.3,
4490019F2016,エバスチン１０ｍｇ錠,エバスチン,１０ｍｇ１錠,20.4,
4490019F2024,エバステル錠１０ｍｇ,エバスチン,１０ｍｇ１錠,30.6,
4490019F3012,エバスチン５ｍｇ口腔内崩壊錠,エバスチン,５ｍｇ１錠,16.3,
4490019F3020,エバステルＯＤ錠５ｍｇ,エバスチン,５ｍｇ１錠,24.5,
4490019F4019,エバスチン１０ｍｇ口腔内崩壊錠,エバスチン,１０ｍｇ１錠,20.4,
4490019F4027,エバステルＯＤ錠１０ｍｇ,エバスチン,１０ｍｇ１錠,30.6,
4490020F1012,セチリジン塩酸塩５ｍｇ錠,セチリジン塩酸塩,５ｍｇ１錠,10.8,
4490020F1020,ジルテック錠５,セチリジン塩酸塩,５ｍｇ１錠,11.9,
4490020F1080,セチリジン塩酸塩錠５ｍｇ「ＭＮＰ」,セチリジン塩酸塩,５ｍｇ１錠,11.9,
4490020F1209,セチリジン塩酸塩錠５ｍｇ「科研」,セチリジン塩酸塩,５ｍｇ１錠,11.9,
4490020F1225,セチリジン塩酸塩錠５ｍｇ「サワイ」,セチリジン塩酸塩,５ｍｇ１錠,11.9,
4490020F1241,セチリジン塩酸塩錠５ｍｇ「タカタ」,セチリジン塩酸塩,５ｍｇ１錠,11.9,
4490020F1284,セチリジン塩酸塩錠５ｍｇ「トーワ」,セチリジン塩酸塩,５ｍｇ１錠,11.9,
4490020F1292,セチリジン塩酸塩錠５ｍｇ「日医工」,セチリジン塩酸塩,５ｍｇ１錠,11.9,
4490020F2019,セチリジン塩酸塩１０ｍｇ錠,セチリジン塩酸塩,１０ｍｇ１錠,10.8,
4490020F2027,ジルテック錠１０,セチリジン塩酸塩,１０ｍｇ１錠,16.3,
4490020F2086,セチリジン塩酸塩錠１０ｍｇ「ＭＮＰ」,セチリジン塩酸塩,１０ｍｇ１錠,16.3,
4490020F2205,セチリジン塩酸塩錠１０ｍｇ「科研」,セチリジン塩酸塩,１０ｍｇ１錠,16.3,
4490020F2221,セチリジン塩酸塩錠１０ｍｇ「サワイ」,セチリジン塩酸塩,１０ｍｇ１錠,16.3,
4490020F2248,セチリジン塩酸塩錠１０ｍｇ「タカタ」,セチリジン塩酸塩,１０ｍｇ１錠,16.3,
4490020F2280,セチリジン塩酸塩錠１０ｍｇ「トーワ」,セチリジン塩酸塩,１０ｍｇ１錠,16.3,
4490020F2299,セチリジン塩酸塩錠１０ｍｇ「日医工」,セチリジン塩酸塩,１０ｍｇ１錠,16.3,
4490020F3023,セチリジン塩酸塩ＯＤ錠５ｍｇ「サワイ」,セチリジン塩酸塩,５ｍｇ１錠,11.9,
4490020F4020,セチリジン塩酸塩ＯＤ錠１０ｍｇ「サワイ」,セチリジン塩酸塩,１０ｍｇ１錠,16.3,
4490020R1027,ジルテックドライシロップ１．２５％,セチリジン塩酸塩,１．２５％１ｇ,73.8,
4490020R1035,セチリジン塩酸塩ＤＳ１．２５％「タカタ」,セチリジン塩酸塩,１．２５％１ｇ,65.7,
4490021F1033,ラマトロバン錠５０ｍｇ「ＫＯ」,ラマトロバン,５０ｍｇ１錠,17.9,
4490021F2030,ラマトロバン錠７５ｍｇ「ＫＯ」,ラマトロバン,７５ｍｇ１錠,24.4,
4490022F1011,ベポタスチンベシル酸塩５ｍｇ錠,ベポタスチンベシル酸塩,５ｍｇ１錠,10.8,
4490022F1038,タリオン錠５ｍｇ,ベポタスチンベシル酸塩,５ｍｇ１錠,14.8,
4490022F2018,ベポタスチンベシル酸塩１０ｍｇ錠,ベポタスチンベシル酸塩,１０ｍｇ１錠,10.8,
4490022F2034,タリオン錠１０ｍｇ,ベポタスチンベシル酸塩,１０ｍｇ１錠,16.6,
4490022F3014,ベポタスチンベシル酸塩５ｍｇ口腔内崩壊錠,ベポタスチンベシル酸塩,５ｍｇ１錠,10.8,
4490022F3022,タリオンＯＤ錠５ｍｇ,ベポタスチンベシル酸塩,５ｍｇ１錠,14.8,R9.3.31まで
4490022F4010,ベポタスチンベシル酸塩１０ｍｇ口腔内崩壊錠,ベポタスチンベシル酸塩,１０ｍｇ１錠,10.8,
4490022F4029,タリオンＯＤ錠１０ｍｇ,ベポタスチンベシル酸塩,１０ｍｇ１錠,16.6,
4490023F1016,フェキソフェナジン塩酸塩６０ｍｇ錠,フェキソフェナジン塩酸塩,６０ｍｇ１錠,10.8,
4490023F1024,アレグラ錠６０ｍｇ,フェキソフェナジン塩酸塩,６０ｍｇ１錠,20.9,
4490023F1083,フェキソフェナジン塩酸塩錠６０ｍｇ「ＮＰ」,フェキソフェナジン塩酸塩,６０ｍｇ１錠,21.9,
4490023F1091,フェキソフェナジン塩酸塩錠６０ｍｇ「ＳＡＮＩＫ」,フェキソフェナジン塩酸塩,６０ｍｇ１錠,28.5,
4490023F1164,フェキソフェナジン塩酸塩錠６０ｍｇ「ケミファ」,フェキソフェナジン塩酸塩,６０ｍｇ１錠,21.9,
4490023F1180,フェキソフェナジン塩酸塩錠６０ｍｇ「ダイト」,フェキソフェナジン塩酸塩,６０ｍｇ１錠,18.3,
4490023F1202,フェキソフェナジン塩酸塩錠６０ｍｇ「トーワ」,フェキソフェナジン塩酸塩,６０ｍｇ１錠,21.9,
4490023F1237,フェキソフェナジン塩酸塩錠６０ｍｇ「明治」,フェキソフェナジン塩酸塩,６０ｍｇ１錠,21.9,
4490023F1296,フェキソフェナジン塩酸塩錠６０ｍｇ「ツルハラ」,フェキソフェナジン塩酸塩,６０ｍｇ１錠,19.9,
4490023F2012,フェキソフェナジン塩酸塩３０ｍｇ錠,フェキソフェナジン塩酸塩,３０ｍｇ１錠,10.8,
4490023F2020,アレグラ錠３０ｍｇ,フェキソフェナジン塩酸塩,３０ｍｇ１錠,16.6,
4490023F2080,フェキソフェナジン塩酸塩錠３０ｍｇ「ＮＰ」,フェキソフェナジン塩酸塩,３０ｍｇ１錠,22.5,
4490023F2098,フェキソフェナジン塩酸塩錠３０ｍｇ「ＳＡＮＩＫ」,フェキソフェナジン塩酸塩,３０ｍｇ１錠,22.5,
4490023F2101,フェキソフェナジン塩酸塩錠３０ｍｇ「ＴＣＫ」,フェキソフェナジン塩酸塩,３０ｍｇ１錠,17.1,
4490023F2136,フェキソフェナジン塩酸塩錠３０ｍｇ「ＺＥ」,フェキソフェナジン塩酸塩,３０ｍｇ１錠,17.1,
4490023F2160,フェキソフェナジン塩酸塩錠３０ｍｇ「ケミファ」,フェキソフェナジン塩酸塩,３０ｍｇ１錠,17.1,
4490023F2179,フェキソフェナジン塩酸塩錠３０ｍｇ「三和」,フェキソフェナジン塩酸塩,３０ｍｇ１錠,17.1,
4490023F2187,フェキソフェナジン塩酸塩錠３０ｍｇ「ダイト」,フェキソフェナジン塩酸塩,３０ｍｇ１錠,15.1,
4490023F2209,フェキソフェナジン塩酸塩錠３０ｍｇ「トーワ」,フェキソフェナジン塩酸塩,３０ｍｇ１錠,22.5,
4490023F2233,フェキソフェナジン塩酸塩錠３０ｍｇ「明治」,フェキソフェナジン塩酸塩,３０ｍｇ１錠,17.1,
4490023F2292,フェキソフェナジン塩酸塩錠３０ｍｇ「ツルハラ」,フェキソフェナジン塩酸塩,３０ｍｇ１錠,17.1,
4490023F3051,フェキソフェナジン塩酸塩ＯＤ錠６０ｍｇ「トーワ」,フェキソフェナジン塩酸塩,６０ｍｇ１錠,21.9,
4490023F3116,フェキソフェナジン塩酸塩ＯＤ錠６０ｍｇ「ＹＤ」,フェキソフェナジン塩酸塩,６０ｍｇ１錠,10.8,
4490023F4031,フェキソフェナジン塩酸塩ＯＤ錠３０ｍｇ「トーワ」,フェキソフェナジン塩酸塩,３０ｍｇ１錠,22.5,
4490023R2035,フェキソフェナジン塩酸塩ＤＳ５％「トーワ」,フェキソフェナジン塩酸塩,５％１ｇ,28.2,
4490025D1022,アレロック顆粒０．５％,オロパタジン塩酸塩,０．５％１ｇ,22.7,
4490025D1030,オロパタジン塩酸塩顆粒０．５％「トーワ」,オロパタジン塩酸塩,０．５％１ｇ,20.1,
4490025F1015,オロパタジン塩酸塩２．５ｍｇ錠,オロパタジン塩酸塩,２．５ｍｇ１錠,10.8,
4490025F1023,アレロック錠２．５,オロパタジン塩酸塩,２．５ｍｇ１錠,13.6,
4490025F2011,オロパタジン塩酸塩５ｍｇ錠,オロパタジン塩酸塩,５ｍｇ１錠,10.8,
4490025F2020,アレロック錠５,オロパタジン塩酸塩,５ｍｇ１錠,16.8,
4490025F3018,オロパタジン塩酸塩２．５ｍｇ口腔内崩壊錠,オロパタジン塩酸塩,２．５ｍｇ１錠,10.8,
4490025F3026,アレロックＯＤ錠２．５,オロパタジン塩酸塩,２．５ｍｇ１錠,13.6,
4490025F4014,オロパタジン塩酸塩５ｍｇ口腔内崩壊錠,オロパタジン塩酸塩,５ｍｇ１錠,10.8,
4490025F4022,アレロックＯＤ錠５,オロパタジン塩酸塩,５ｍｇ１錠,16.8,
4490025R1020,オロパタジン塩酸塩ドライシロップ１％「日本臓器」,オロパタジン塩酸塩,１％１ｇ,38.6,
4490026C1013,モンテルカストナトリウム４ｍｇ細粒,モンテルカストナトリウム,４ｍｇ１包,16.9,
4490026C1021,キプレス細粒４ｍｇ,モンテルカストナトリウム,４ｍｇ１包,56.3,
4490026C1030,シングレア細粒４ｍｇ,モンテルカストナトリウム,４ｍｇ１包,56.3,R9.3.31まで
4490026C1056,モンテルカスト細粒４ｍｇ「ＪＧ」,モンテルカストナトリウム,４ｍｇ１包,32.4,R9.3.31まで
4490026C1099,モンテルカスト細粒４ｍｇ「サワイ」,モンテルカストナトリウム,４ｍｇ１包,32.4,
4490026C1129,モンテルカスト細粒４ｍｇ「タカタ」,モンテルカストナトリウム,４ｍｇ１包,27.5,
4490026C1153,モンテルカスト細粒４ｍｇ「ツルハラ」,モンテルカストナトリウム,４ｍｇ１包,32.4,
4490026C1218,モンテルカスト細粒４ｍｇ「明治」,モンテルカストナトリウム,４ｍｇ１包,27.5,
4490026F1010,モンテルカストナトリウム５ｍｇチュアブル錠,モンテルカストナトリウム,５ｍｇ１錠,16.3,
4490026F1044,キプレスチュアブル錠５ｍｇ,モンテルカストナトリウム,５ｍｇ１錠,41.3,
4490026F1052,シングレアチュアブル錠５ｍｇ,モンテルカストナトリウム,５ｍｇ１錠,41.3,
4490026F1095,モンテルカストチュアブル錠５ｍｇ「ＪＧ」,モンテルカストナトリウム,５ｍｇ１錠,24,
4490026F1206,モンテルカストチュアブル錠５ｍｇ「三和」,モンテルカストナトリウム,５ｍｇ１錠,12.4,R9.3.31まで
4490026F2016,モンテルカストナトリウム１０ｍｇ錠,モンテルカストナトリウム,１０ｍｇ１錠,11.4,
4490026F2040,キプレス錠１０ｍｇ,モンテルカストナトリウム,１０ｍｇ１錠,41.9,
4490026F2059,シングレア錠１０ｍｇ,モンテルカストナトリウム,１０ｍｇ１錠,41.9,
4490026F2067,モンテルカスト錠１０ｍｇ「ＫＭ」,モンテルカストナトリウム,１０ｍｇ１錠,31.5,
4490026F2083,モンテルカスト錠１０ｍｇ「ＣＥＯ」,モンテルカストナトリウム,１０ｍｇ１錠,31.5,
4490026F2148,モンテルカスト錠１０ｍｇ「ＳＮ」,モンテルカストナトリウム,１０ｍｇ１錠,31.5,
4490026F2156,モンテルカスト錠１０ｍｇ「ＴＣＫ」,モンテルカストナトリウム,１０ｍｇ１錠,31.5,
4490026F2164,モンテルカスト錠１０ｍｇ「ＹＤ」,モンテルカストナトリウム,１０ｍｇ１錠,13.3,
4490026F2180,モンテルカスト錠１０ｍｇ「オーハラ」,モンテルカストナトリウム,１０ｍｇ１錠,31.5,
4490026F2202,モンテルカスト錠１０ｍｇ「ケミファ」,モンテルカストナトリウム,１０ｍｇ１錠,31.5,
4490026F2270,モンテルカスト錠１０ｍｇ「トーワ」,モンテルカストナトリウム,１０ｍｇ１錠,31.5,
4490026F2296,モンテルカスト錠１０ｍｇ「日新」,モンテルカストナトリウム,１０ｍｇ１錠,13.3,
4490026F2334,モンテルカスト錠１０ｍｇ「ＪＧ」,モンテルカストナトリウム,１０ｍｇ１錠,31.5,
4490026F2342,モンテルカスト錠１０ｍｇ「ツルハラ」,モンテルカストナトリウム,１０ｍｇ１錠,26.4,
4490026F2369,モンテルカスト錠１０ｍｇ「サワイ」,モンテルカストナトリウム,１０ｍｇ１錠,26.4,
4490026F2377,モンテルカスト錠１０ｍｇ「フェルゼン」,モンテルカストナトリウム,１０ｍｇ１錠,13.3,
4490026F3012,モンテルカストナトリウム５ｍｇ錠,モンテルカストナトリウム,５ｍｇ１錠,10.8,
4490026F3020,キプレス錠５ｍｇ,モンテルカストナトリウム,５ｍｇ１錠,42.2,
4490026F3039,シングレア錠５ｍｇ,モンテルカストナトリウム,５ｍｇ１錠,46,
4490026F3047,モンテルカスト錠５ｍｇ「ＫＭ」,モンテルカストナトリウム,５ｍｇ１錠,25.9,
4490026F3063,モンテルカスト錠５ｍｇ「ＣＥＯ」,モンテルカストナトリウム,５ｍｇ１錠,29.7,
4490026F3128,モンテルカスト錠５ｍｇ「ＳＮ」,モンテルカストナトリウム,５ｍｇ１錠,25.9,
4490026F3136,モンテルカスト錠５ｍｇ「ＴＣＫ」,モンテルカストナトリウム,５ｍｇ１錠,23.7,
4490026F3160,モンテルカスト錠５ｍｇ「オーハラ」,モンテルカストナトリウム,５ｍｇ１錠,29.7,
4490026F3250,モンテルカスト錠５ｍｇ「トーワ」,モンテルカストナトリウム,５ｍｇ１錠,25.9,
4490026F3314,モンテルカスト錠５ｍｇ「ＪＧ」,モンテルカストナトリウム,５ｍｇ１錠,29.7,
4490026F4019,モンテルカストナトリウム１０ｍｇ口腔内崩壊錠,モンテルカストナトリウム,１０ｍｇ１錠,11.4,
4490026F4027,キプレスＯＤ錠１０ｍｇ,モンテルカストナトリウム,１０ｍｇ１錠,41.9,R9.3.31まで
4490026F4035,シングレアＯＤ錠１０ｍｇ,モンテルカストナトリウム,１０ｍｇ１錠,41.9,R9.3.31まで
4490026F4086,モンテルカストＯＤ錠１０ｍｇ「明治」,モンテルカストナトリウム,１０ｍｇ１錠,31.5,
4490026F4094,モンテルカストＯＤ錠１０ｍｇ「サワイ」,モンテルカストナトリウム,１０ｍｇ１錠,31.5,
4490026F4108,モンテルカストＯＤ錠１０ｍｇ「トーワ」,モンテルカストナトリウム,１０ｍｇ１錠,31.5,
4490026F5040,モンテルカストＯＤ錠５ｍｇ「タカタ」,モンテルカストナトリウム,５ｍｇ１錠,25.9,
4490026F5066,モンテルカストＯＤ錠５ｍｇ「明治」,モンテルカストナトリウム,５ｍｇ１錠,29.7,
4490026F5074,モンテルカストＯＤ錠５ｍｇ「サワイ」,モンテルカストナトリウム,５ｍｇ１錠,54.5,
4490026F5082,モンテルカストＯＤ錠５ｍｇ「トーワ」,モンテルカストナトリウム,５ｍｇ１錠,25.9,
4490027F1014,ロラタジン１０ｍｇ錠,ロラタジン,１０ｍｇ１錠,12.8,
4490027F1022,クラリチン錠１０ｍｇ,ロラタジン,１０ｍｇ１錠,25.9,
4490027F1057,ロラタジン錠１０ｍｇ「ＦＦＰ」,ロラタジン,１０ｍｇ１錠,13.9,
4490027F1090,ロラタジン錠１０ｍｇ「ＴＣＫ」,ロラタジン,１０ｍｇ１錠,13.9,
4490027F1103,ロラタジン錠１０ｍｇ「ＹＤ」,ロラタジン,１０ｍｇ１錠,13.9,
4490027F1120,ロラタジン錠１０ｍｇ「ケミファ」,ロラタジン,１０ｍｇ１錠,13.9,
4490027F1170,ロラタジン錠１０ｍｇ「日新」,ロラタジン,１０ｍｇ１錠,13.9,
4490027F1227,ロラタジン錠１０ｍｇ「フェルゼン」,ロラタジン,１０ｍｇ１錠,13.9,
4490027F2010,ロラタジン１０ｍｇ口腔内崩壊錠,ロラタジン,１０ｍｇ１錠,12.8,
4490027F2029,クラリチンレディタブ錠１０ｍｇ,ロラタジン,１０ｍｇ１錠,25.9,
4490027F2061,ロラタジンＯＤ錠１０ｍｇ「ＦＦＰ」,ロラタジン,１０ｍｇ１錠,13.9,
4490027F2070,ロラタジンＯＤ錠１０ｍｇ「ＪＧ」,ロラタジン,１０ｍｇ１錠,13.9,
4490027F2096,ロラタジンＯＤ錠１０ｍｇ「ＹＤ」,ロラタジン,１０ｍｇ１錠,13.9,
4490027F2126,ロラタジンＯＤ錠１０ｍｇ「ケミファ」,ロラタジン,１０ｍｇ１錠,13.9,
4490027F2169,ロラタジンＯＤ錠１０ｍｇ「トーワ」,ロラタジン,１０ｍｇ１錠,13.9,
4490027F2185,ロラタジンＯＤ錠１０ｍｇ「日新」,ロラタジン,１０ｍｇ１錠,13.9,
4490027F2215,ロラタジンＯＤフィルム１０ｍｇ「モチダ」,ロラタジン,１０ｍｇ１錠,13.9,
4490027F2282,ロラタジンＯＤ錠１０ｍｇ「フェルゼン」,ロラタジン,１０ｍｇ１錠,13.9,
4490027R1010,ロラタジン１％シロップ用,ロラタジン,１％１ｇ,26.1,
4490027R1029,クラリチンドライシロップ１％,ロラタジン,１％１ｇ,47,
4490028F1019,レボセチリジン塩酸塩５ｍｇ錠,レボセチリジン塩酸塩,５ｍｇ１錠,10.6,
4490028F1027,ザイザル錠５ｍｇ,レボセチリジン塩酸塩,５ｍｇ１錠,32,
4490028F1051,レボセチリジン塩酸塩錠５ｍｇ「ＫＭＰ」,レボセチリジン塩酸塩,５ｍｇ１錠,13.4,
4490028F1078,レボセチリジン塩酸塩錠５ｍｇ「ＴＣＫ」,レボセチリジン塩酸塩,５ｍｇ１錠,13.4,
4490028F1116,レボセチリジン塩酸塩錠５ｍｇ「サワイ」,レボセチリジン塩酸塩,５ｍｇ１錠,13.4,
4490028F1124,レボセチリジン塩酸塩錠５ｍｇ「サンド」,レボセチリジン塩酸塩,５ｍｇ１錠,13.4,
4490028F1132,レボセチリジン塩酸塩錠５ｍｇ「タカタ」,レボセチリジン塩酸塩,５ｍｇ１錠,13.4,
4490028F1140,レボセチリジン塩酸塩錠５ｍｇ「武田テバ」,レボセチリジン塩酸塩,５ｍｇ１錠,13.4,
4490028F1159,レボセチリジン塩酸塩錠５ｍｇ「トーワ」,レボセチリジン塩酸塩,５ｍｇ１錠,13.4,
4490028F1191,レボセチリジン塩酸塩錠５ｍｇ「フェルゼン」,レボセチリジン塩酸塩,５ｍｇ１錠,13.4,
4490028F1205,レボセチリジン塩酸塩錠５ｍｇ「明治」,レボセチリジン塩酸塩,５ｍｇ１錠,13.4,
4490028F2015,レボセチリジン塩酸塩２．５ｍｇ錠,レボセチリジン塩酸塩,２．５ｍｇ１錠,9.2,
4490028F2040,レボセチリジン塩酸塩錠２．５ｍｇ「ＹＤ」,レボセチリジン塩酸塩,２．５ｍｇ１錠,10.7,
4490028F2066,レボセチリジン塩酸塩錠２．５ｍｇ「タカタ」,レボセチリジン塩酸塩,２．５ｍｇ１錠,10.7,
4490028F2090,レボセチリジン塩酸塩錠２．５ｍｇ「ニプロ」,レボセチリジン塩酸塩,２．５ｍｇ１錠,10.7,
4490028F3038,レボセチリジン塩酸塩ＯＤ錠２．５ｍｇ「ＹＤ」,レボセチリジン塩酸塩,２．５ｍｇ１錠,10.7,
4490028F3046,レボセチリジン塩酸塩ＯＤ錠２．５ｍｇ「タカタ」,レボセチリジン塩酸塩,２．５ｍｇ１錠,10.7,
4490028F3054,レボセチリジン塩酸塩ＯＤ錠２．５ｍｇ「日新」,レボセチリジン塩酸塩,２．５ｍｇ１錠,10.7,
4490028F4018,レボセチリジン塩酸塩５ｍｇ口腔内崩壊錠,レボセチリジン塩酸塩,５ｍｇ１錠,10.6,
4490028F4042,レボセチリジン塩酸塩ＯＤ錠５ｍｇ「サワイ」,レボセチリジン塩酸塩,５ｍｇ１錠,13.4,
4490028F4050,レボセチリジン塩酸塩ＯＤ錠５ｍｇ「タカタ」,レボセチリジン塩酸塩,５ｍｇ１錠,13.4,
4490028F4069,レボセチリジン塩酸塩ＯＤ錠５ｍｇ「日新」,レボセチリジン塩酸塩,５ｍｇ１錠,13.4,
4490028Q1010,レボセチリジン塩酸塩０．０５％シロップ,レボセチリジン塩酸塩,０．０５％１ｍＬ,7.1,
4490028Q1028,ザイザルシロップ０．０５％,レボセチリジン塩酸塩,０．０５％１ｍＬ,7.1,
4490028R1023,レボセチリジン塩酸塩ＤＳ０．５％「ＴＣＫ」,レボセチリジン塩酸塩,０．５％１ｇ,43.9,
4490028R1031,レボセチリジン塩酸塩ドライシロップ０．５％「ＹＤ」,レボセチリジン塩酸塩,０．５％１ｇ,43.9,
4490028R1040,レボセチリジン塩酸塩ＤＳ０．５％「杏林」,レボセチリジン塩酸塩,０．５％１ｇ,43.9,
4490028R1058,レボセチリジン塩酸塩ＤＳ０．５％「タカタ」,レボセチリジン塩酸塩,０．５％１ｇ,43.9,
4490028R1066,レボセチリジン塩酸塩ドライシロップ０．５％「日本臓器」,レボセチリジン塩酸塩,０．５％１ｇ,43.9,
4490030F1024,アシテアダニ舌下錠１００単位（ＩＲ）,ダニアレルゲンエキス,１００ＩＲ１錠,52.6,
4490030F2020,アシテアダニ舌下錠３００単位（ＩＲ）,ダニアレルゲンエキス,３００ＩＲ１錠,163.1,
4490031F1029,ミティキュアダニ舌下錠３，３００ＪＡＵ,ダニアレルゲンエキス,３，３００ＪＡＵ１錠,64.9,
4490031F2025,ミティキュアダニ舌下錠１０，０００ＪＡＵ,ダニアレルゲンエキス,１０，０００ＪＡＵ１錠,195.5,
4490032F1023,デザレックス錠５ｍｇ,デスロラタジン,５ｍｇ１錠,33.4,
4490033F1028,ビラノア錠２０ｍｇ,ビラスチン,２０ｍｇ１錠,43.9,
4490033F2024,ビラノアＯＤ錠２０ｍｇ,ビラスチン,２０ｍｇ１錠,44.8,
4490034F1022,ルパフィン錠１０ｍｇ,ルパタジンフマル酸塩,１０ｍｇ１錠,37.4,
4490035F1027,シダキュアスギ花粉舌下錠２，０００ＪＡＵ,スギ花粉エキス,２，０００ＪＡＵ１錠,58.5,
4490035F2023,シダキュアスギ花粉舌下錠５，０００ＪＡＵ,スギ花粉エキス,５，０００ＪＡＵ１錠,146.1,
4490036M1020,オラデオカプセル１５０ｍｇ,ベロトラルスタット塩酸塩,１５０ｍｇ１カプセル,74228.2,
4490037F1026,サイバインコ錠５０ｍｇ,アブロシチニブ,５０ｍｇ１錠,2180.6,
4490037F2022,サイバインコ錠１００ｍｇ,アブロシチニブ,１００ｍｇ１錠,4245.6,
4490037F3029,サイバインコ錠２００ｍｇ,アブロシチニブ,２００ｍｇ１錠,6384.5,
4490038F1020,エクテリー錠３００ｍｇ,セベトラルスタット,３００ｍｇ１錠,344822.1,
4490100F1021,ディレグラ配合錠,フェキソフェナジン塩酸塩・塩酸プソイドエフェドリン,１錠,24.7,
4490100F1030,プソフェキ配合錠「サワイ」,フェキソフェナジン塩酸塩・塩酸プソイドエフェドリン,１錠,20.8,
4490100F1048,プソフェキ配合錠「ＳＡＮＩＫ」,フェキソフェナジン塩酸塩・塩酸プソイドエフェドリン,１錠,14.3,
5100001X1016,アキョウ,アキョウ,１０ｇ,143.6,
5100002A1018,アセンヤク末,アセンヤク,１０ｇ,15.6,
5100003A1012,アマチャ末,アマチャ,１０ｇ,46.3,
5100003X1015,アマチャ,アマチャ,１０ｇ,46.9,
5100004A1017,アロエ末,アロエ,１０ｇ,41,
5100005X1014,アンソッコウ,アンソッコウ,１０ｇ,12.3,
5100006X1019,イレイセン,イレイセン,１０ｇ,17.4,
5100006X1027,ウチダのイレイセンＭ,イレイセン,１０ｇ,19.1,
5100006X1035,トチモトのイレイセン,イレイセン,１０ｇ,19.4,
5100007X1013,インチンコウ,インチンコウ,１０ｇ,25.7,
5100007X1021,ウチダのインチンコウＭ,インチンコウ,１０ｇ,27.9,
5100007X1030,トチモトのインチンコウ,インチンコウ,１０ｇ,26.5,
5100008X1018,ウイキョウ,ウイキョウ,１０ｇ,18.3,
5100009X1012,ウコン,ウコン,１０ｇ,14.9,
5100010X1015,ウズ,ウズ,１０ｇ,123.9,
5100010X1023,ウチダの烏頭,ウズ,１０ｇ,137.6,
5100011X1010,ウバイ,ウバイ,１０ｇ,22.1,
5100012X1014,ウヤク,ウヤク,１０ｇ,16.2,
5100012X1030,トチモトのウヤク,ウヤク,１０ｇ,16.6,
5100013X1019,ウワウルシ,ウワウルシ,１０ｇ,18.9,
5100014A1010,エイジツ末,エイジツ,１０ｇ,13,
5100014X1013,エイジツ,エイジツ,１０ｇ,10.4,
5100015X1018,エンゴサク,エンゴサク,１０ｇ,49.4,
5100016X1012,エンメイソウ,エンメイソウ,１０ｇ,26.9,
5100017X1017,オウギ,オウギ,１０ｇ,23.3,
5100017X1025,ウチダのオウギＭ,オウギ,１０ｇ,26,
5100017X1033,花扇オウギＫ,オウギ,１０ｇ,26,
5100017X1050,オウギダイコーＭ,オウギ,１０ｇ,26,
5100017X1084,ツムラの生薬オウギ,オウギ,１０ｇ,24.2,
5100017X1106,トチモトのオウギ,オウギ,１０ｇ,24.2,
5100018A1019,オウギ末,オウギ,１０ｇ,27.9,
5100019A1013,オウゴン末,オウゴン,１０ｇ,22.8,
5100019X1016,オウゴン,オウゴン,１０ｇ,20,
5100019X1075,小島黄ごんＭ,オウゴン,１０ｇ,25.2,
5100019X1083,高砂オウゴンＭ,オウゴン,１０ｇ,25.2,
5100019X1091,ツムラの生薬オウゴン,オウゴン,１０ｇ,25.2,
5100019X1105,トチモトのオウゴン,オウゴン,１０ｇ,25.2,
5100019X1156,ホリエ　オウゴンＫ,オウゴン,１０ｇ,25.2,
5100020A1016,オウバク末,オウバク,１０ｇ,31,
5100020X1019,オウバク,オウバク,１０ｇ,27.3,
5100020X1027,ウチダのオウバクＭ,オウバク,１０ｇ,29.5,
5100020X1086,高砂オウバクＭ,オウバク,１０ｇ,29.5,
5100020X1094,ツムラの生薬オウバク,オウバク,１０ｇ,29.5,
5100020X1108,トチモトのオウバク,オウバク,１０ｇ,29.5,
5100021X1013,オウヒ,オウヒ,１０ｇ,10.7,
5100021X1021,ウチダのオウヒＭ,オウヒ,１０ｇ,16.1,
5100021X1030,トチモトのオウヒ,オウヒ,１０ｇ,16.1,
5100022A1015,オウレン末,オウレン,１０ｇ,167.6,
5100022X1018,オウレン,オウレン,１０ｇ,90.3,
5100022X1085,高砂オウレンＭ,オウレン,１０ｇ,117.4,
5100022X1093,ツムラの生薬オウレン,オウレン,１０ｇ,117.4,
5100022X1115,トチモトのオウレン,オウレン,１０ｇ,117.4,
5100022X1166,ホリエ　オウレンＫ,オウレン,１０ｇ,117.4,
5100023A1010,オンジ末,オンジ,１０ｇ,32.1,
5100023X1012,オンジ,オンジ,１０ｇ,40.4,
5100024X1017,カイカ,カイカ,１０ｇ,21.6,
5100025X1011,ガイヨウ,ガイヨウ,１０ｇ,25.5,
5100026X1016,カゴソウ,カゴソウ,１０ｇ,17.8,
5100027X1010,カシ,カシ,１０ｇ,16.5,
5100028X1015,カシュウ,カシュウ,１０ｇ,25.5,
5100029X1010,ガジュツ,ガジュツ,１０ｇ,10.5,
5100029X1028,ウチダのガジュツＭ,ガジュツ,１０ｇ,11.4,
5100029X1052,トチモトのガジュツ,ガジュツ,１０ｇ,11.4,
5100029X1060,高砂ガジュツＭ,ガジュツ,１０ｇ,11.4,
5100030A1010,ガジュツ末,ガジュツ,１０ｇ,18.6,
5100031X1017,カッコウ,カッコウ,１０ｇ,14.4,
5100032X1011,カッコン,カッコン,１０ｇ,17.1,
5100033X1016,カッセキ,カッセキ,１０ｇ,15.8,
5100033X1032,トチモトのカッセキ,カッセキ,１０ｇ,20.5,
5100033X1075,高砂カッセキＭ,カッセキ,１０ｇ,20.5,
5100034A1018,カノコソウ末,カノコソウ,１０ｇ,50.6,
5100034X1010,カノコソウ,カノコソウ,１０ｇ,46,
5100035X1015,カマラ,カマラ,１０ｇ,336.8,
5100036X1010,カロコン,カロコン,１０ｇ,17.3,
5100036X1060,小島か楼根Ｍ,カロコン,１０ｇ,22.5,
5100036X1079,高砂カロコンＭ,カロコン,１０ｇ,22.5,
5100036X1087,ツムラの生薬カロコン,カロコン,１０ｇ,22.5,
5100036X1095,トチモトのカロコン,カロコン,１０ｇ,22.5,
5100036X1125,ホリエ　カロコンＫ,カロコン,１０ｇ,22.5,
5100037X1014,カロニン,カロニン,１０ｇ,29.8,
5100038X1019,カンキョウ,カンキョウ,１０ｇ,16.2,
5100038X1035,トチモトの乾姜,カンキョウ,１０ｇ,19.9,
5100038X1043,ツムラの生薬カンキョウ,カンキョウ,１０ｇ,19.9,
5100038X1078,高砂カンキョウＭ,カンキョウ,１０ｇ,19.9,
5100039A1010,カンゾウ末,カンゾウ,１０ｇ,32,
5100039X1013,カンゾウ,カンゾウ,１０ｇ,21.3,
5100039X1021,ウチダのカンゾウＭ,カンゾウ,１０ｇ,27.7,
5100039X1048,花扇カンゾウＫ,カンゾウ,１０ｇ,27.7,
5100039X1064,カンゾウダイコーＭ,カンゾウ,１０ｇ,27.7,
5100039X1080,高砂カンゾウＭ,カンゾウ,１０ｇ,27.7,
5100039X1099,ツムラの生薬カンゾウ,カンゾウ,１０ｇ,27.7,
5100039X1110,トチモトのカンゾウ,カンゾウ,１０ｇ,27.7,
5100039X1161,ツルイのカンゾウＭ,カンゾウ,１０ｇ,27.7,
5100039X1170,ホリエ　カンゾウＫ,カンゾウ,１０ｇ,27.7,
5100039X1188,ナカジマ　カンゾウ　ＡＭ,カンゾウ,１０ｇ,27.7,
5100040X1016,カンタリス,カンタリス,１０ｇ,212.2,
5100041A1018,カンテン末,カンテン,１０ｇ,51.1,
5100042A1012,キキョウ末,キキョウ,１０ｇ,25.9,
5100042X1015,キキョウ,キキョウ,１０ｇ,28.2,
5100043X1010,キクカ,キクカ,１０ｇ,33.6,
5100044X1014,キササゲ,キササゲ,１０ｇ,19.4,
5100045X1019,キジツ,キジツ,１０ｇ,12.7,
5100045X1027,ウチダのキジツＭ,キジツ,１０ｇ,14.4,
5100045X1094,トチモトのキジツ,キジツ,１０ｇ,14.4,
5100046X1013,キッピ,キッピ,１０ｇ,12.4,
5100046X1021,ウチダのキッピＭ,キッピ,１０ｇ,13,
5100046X1030,トチモトのキッピ,キッピ,１０ｇ,13,
5100047A1015,キナ末,キナ,１０ｇ,12.4,
5100047X1018,キナ,キナ,１０ｇ,16.8,
5100048X1012,キョウカツ,キョウカツ,１０ｇ,60.1,
5100048X1039,トチモトのキョウカツ,キョウカツ,１０ｇ,78.1,
5100048X1055,ツムラの生薬キョウカツ,キョウカツ,１０ｇ,78.1,
5100048X1071,高砂キョウカツＭ,キョウカツ,１０ｇ,78.1,
5100049X1017,キョウニン,キョウニン,１０ｇ,15.9,
5100049X1041,トチモトのキョウニン,キョウニン,１０ｇ,20.7,
5100049X1050,高砂キョウニンＭ,キョウニン,１０ｇ,20.7,
5100049X1076,ツムラの生薬キョウニン,キョウニン,１０ｇ,20.7,
5100049X1114,小島杏仁Ｍ,キョウニン,１０ｇ,20.7,
5100049X1149,ホリエ　キョウニンＫ,キョウニン,１０ｇ,20.7,
5100050X1010,キンギンカ,キンギンカ,１０ｇ,97.8,
5100051X1014,グアヤク脂,グアヤク脂,１０ｇ,26.5,
5100052X1019,クコシ,クコシ,１０ｇ,28.8,
5100053X1013,クコヨウ,クコヨウ,１０ｇ,14,
5100054A1015,クジン末,クジン,１０ｇ,17.1,
5100054X1018,クジン,クジン,１０ｇ,14.3,
5100054X1085,ツムラの生薬クジン,クジン,１０ｇ,17.5,
5100054X1093,トチモトのクジン,クジン,１０ｇ,17.5,
5100054X1140,ホリエ　クジンＫ,クジン,１０ｇ,17.5,
5100054X1166,高砂クジンＭ,クジン,１０ｇ,17.5,
5100055X1012,ケイガイ,ケイガイ,１０ｇ,17.5,
5100055X1063,小島荊芥Ｍ,ケイガイ,１０ｇ,22.8,
5100055X1071,高砂ケイガイＭ,ケイガイ,１０ｇ,22.8,
5100055X1098,トチモトのケイガイ,ケイガイ,１０ｇ,22.8,
5100055X1136,ホリエ　ケイガイＫ,ケイガイ,１０ｇ,22.8,
5100056A1014,ケイヒ末,ケイヒ,１０ｇ,21.9,
5100056X1017,ケイヒ,ケイヒ,１０ｇ,16.2,
5100056X1025,ウチダのケイヒＭ,ケイヒ,１０ｇ,21.1,
5100056X1084,高砂ケイヒＭ,ケイヒ,１０ｇ,21.1,
5100056X1092,ツムラの生薬ケイヒ,ケイヒ,１０ｇ,21.1,
5100056X1114,トチモトのケイヒ,ケイヒ,１０ｇ,21.1,
5100056X1181,ホリエ　ケイヒＫ,ケイヒ,１０ｇ,21.1,
5100057X1011,ケツメイシ,ケツメイシ,１０ｇ,8,
5100058X1016,ケンゴシ,ケンゴシ,１０ｇ,9.7,
5100059X1010,ゲンジン,ゲンジン,１０ｇ,15.4,
5100060A1010,ゲンチアナ末,ゲンチアナ,１０ｇ,32.6,
5100060A1061,ゲンチアナ末「ケンエー」,ゲンチアナ,１０ｇ,33.1,
5100060X1013,ゲンチアナ,ゲンチアナ,１０ｇ,20.4,
5100061A1015,ゲンノショウコ末,ゲンノショウコ,１０ｇ,19.4,
5100061X1018,ゲンノショウコ,ゲンノショウコ,１０ｇ,19.4,
5100062X1012,コウカ,コウカ,１０ｇ,49.3,
5100062X1080,高砂コウカＭ,コウカ,１０ｇ,64.1,
5100062X1098,ツムラの生薬コウカ,コウカ,１０ｇ,64.1,
5100062X1101,トチモトのコウカ,コウカ,１０ｇ,64.1,
5100062X1144,ホリエ　コウカＫ,コウカ,１０ｇ,64.1,
5100063X1017,コウジン,コウジン,１ｇ,11.9,
5100063X1025,ウチダのコウジンＭ,コウジン,１ｇ,13,
5100063X1122,トチモトのコウジン,コウジン,１ｇ,12.4,
5100064A1027,ウチダのコウジン末Ｍ,コウジン,１ｇ,16.6,
5100064A1043,花扇コウジン末,コウジン,１ｇ,11.5,
5100064A1051,コウジン末鈴,コウジン,１ｇ,13.2,
5100064A1167,正官庄コウジン末,コウジン,１ｇ,46,
5100064A1175,高砂コウジン末Ｍ,コウジン,１ｇ,17.8,
5100064A1183,ツムラの生薬コウジン末（調剤用）,コウジン,１ｇ,33.9,
5100064A1205,トチモトのコウジン末ＡＭ,コウジン,１ｇ,18.4,
5100064A1230,ホンゾウコウジン末,コウジン,１ｇ,11,
5100065A1013,コウブシ末,コウブシ,１０ｇ,13.2,
5100065A1064,高砂コウブシ末Ｍ,コウブシ,１０ｇ,17.2,
5100065A1072,トチモトのコウブシ末,コウブシ,１０ｇ,17.2,
5100065X1016,コウブシ,コウブシ,１０ｇ,12.6,
5100065X1075,高砂コウブシＭ,コウブシ,１０ｇ,16.4,
5100065X1083,ツムラの生薬コウブシ,コウブシ,１０ｇ,16.4,
5100065X1091,トチモトのコウブシ,コウブシ,１０ｇ,16.4,
5100065X1156,ホリエ　コウブシＫ,コウブシ,１０ｇ,16.4,
5100066X1010,コウベイ,コウベイ,１０ｇ,14.4,
5100067A1012,コウボク末,コウボク,１０ｇ,19.3,
5100067A1020,ウチダのコウボク末Ｍ,コウボク,１０ｇ,21.4,
5100067A1063,高砂コウボク末Ｍ,コウボク,１０ｇ,21.4,
5100067X1015,コウボク,コウボク,１０ｇ,18.2,
5100067X1074,高砂コウボクＭ,コウボク,１０ｇ,23.7,
5100067X1082,ツムラの生薬コウボク,コウボク,１０ｇ,23.7,
5100067X1104,トチモトのコウボク,コウボク,１０ｇ,23.7,
5100067X1155,ホリエ　コウボクＫ,コウボク,１０ｇ,23.7,
5100068X1010,コウホン,コウホン,１０ｇ,28.9,
5100069X1014,ゴシツ,ゴシツ,１０ｇ,19.1,
5100069X1065,小島牛膝Ｍ,ゴシツ,１０ｇ,24.8,
5100069X1073,高砂ゴシツＭ,ゴシツ,１０ｇ,24.8,
5100069X1081,ツムラの生薬ゴシツ,ゴシツ,１０ｇ,24.8,
5100069X1090,トチモトのゴシツ,ゴシツ,１０ｇ,24.8,
5100069X1138,ホリエ　ゴシツＫ,ゴシツ,１０ｇ,24.8,
5100070X1017,ゴシュユ,ゴシュユ,１０ｇ,33.9,
5100071X1011,ゴボウシ,ゴボウシ,１０ｇ,19.6,
5100072X1016,ゴミシ,ゴミシ,１０ｇ,125.3,
5100073A1018,コロンボ末,コロンボ,１０ｇ,15.4,
5100073X1010,コロンボ,コロンボ,１０ｇ,12.3,
5100074X1015,コンズランゴ,コンズランゴ,１０ｇ,12.4,
5100075X1010,サイコ,サイコ,１０ｇ,46.1,
5100075X1028,ウチダのサイコＭ,サイコ,１０ｇ,59.9,
5100075X1036,花扇サイコＫ,サイコ,１０ｇ,59.9,
5100075X1052,サイコダイコーＭ,サイコ,１０ｇ,59.9,
5100075X1079,高砂サイコＭ,サイコ,１０ｇ,59.9,
5100075X1087,ツムラの生薬サイコ,サイコ,１０ｇ,59.9,
5100075X1109,トチモトのサイコ,サイコ,１０ｇ,59.9,
5100075X1168,ツルイのサイコＭ,サイコ,１０ｇ,59.9,
5100075X1176,ホリエ　サイコＫ,サイコ,１０ｇ,59.9,
5100075X1184,ナカジマ　サイコ,サイコ,１０ｇ,59.9,
5100076X1014,サイシン,サイシン,１０ｇ,72,
5100076X1065,小島細辛Ｍ,サイシン,１０ｇ,93.6,
5100076X1073,高砂サイシンＭ,サイシン,１０ｇ,93.6,
5100076X1081,ツムラの生薬サイシン,サイシン,１０ｇ,93.6,
5100076X1090,トチモトのサイシン,サイシン,１０ｇ,93.6,
5100076X1154,ホリエ　サイシンＫ,サイシン,１０ｇ,93.6,
5100077X1019,ザクロヒ,ザクロヒ,１０ｇ,62.1,
5100078X1013,サフラン,サフラン,１ｇ,360.6,
5100078X1021,ウチダのサフランＭ,サフラン,１ｇ,392.4,
5100078X1048,花扇サフランＫ,サフラン,１ｇ,392.4,
5100078X1056,サフラン鈴,サフラン,１ｇ,392.4,
5100078X1064,サフランダイコーＭ,サフラン,１ｇ,392.4,
5100078X1099,トチモトのサフラン,サフラン,１ｇ,392.4,
5100079A1015,サンキライ末,サンキライ,１０ｇ,15,
5100079X1018,サンキライ,サンキライ,１０ｇ,15,
5100080X1010,サンザシ,サンザシ,１０ｇ,18.9,
5100081A1012,サンシシ末,サンシシ,１０ｇ,20.8,
5100081A1080,高砂サンシシ末Ｍ,サンシシ,１０ｇ,27,
5100081A1098,トチモトのサンシシ末,サンシシ,１０ｇ,27,
5100081X1015,サンシシ,サンシシ,１０ｇ,15.9,
5100081X1082,高砂サンシシＭ,サンシシ,１０ｇ,17.7,
5100081X1090,ツムラの生薬サンシシ,サンシシ,１０ｇ,17.7,
5100081X1104,トチモトのサンシシ,サンシシ,１０ｇ,17.7,
5100081X1155,ホリエ　サンシシＫ,サンシシ,１０ｇ,17.7,
5100082X1010,サンシュユ,サンシュユ,１０ｇ,56.6,
5100082X1095,トチモトのサンシュユ,サンシュユ,１０ｇ,59,
5100083A1011,サンショウ末,サンショウ,１０ｇ,101.9,
5100083X1014,サンショウ,サンショウ,１０ｇ,267,
5100083X1073,高砂サンショウＭ,サンショウ,１０ｇ,347.1,
5100083X1081,ツムラの生薬サンショウ,サンショウ,１０ｇ,347.1,
5100083X1090,トチモトのサンショウ,サンショウ,１０ｇ,347.1,
5100084X1019,サンズコン,サンズコン,１０ｇ,19.7,
5100085X1013,サンソウニン,サンソウニン,１０ｇ,46.4,
5100086X1018,サンヤク,サンヤク,１０ｇ,18.7,
5100086X1026,ウチダのサンヤクＭ,サンヤク,１０ｇ,20,
5100086X1069,小島山薬Ｍ,サンヤク,１０ｇ,19.8,
5100086X1093,トチモトのサンヤク,サンヤク,１０ｇ,22.1,
5100087X1012,ジオウ,ジオウ,１０ｇ,19.4,
5100087X1020,ウチダのジオウＭ,ジオウ,１０ｇ,25.2,
5100087X1039,花扇ジオウＫ,ジオウ,１０ｇ,25.2,
5100087X1055,ジオウダイコーＭ,ジオウ,１０ｇ,25.2,
5100087X1071,高砂ジオウＭ,ジオウ,１０ｇ,25.2,
5100087X1080,ツムラの生薬ジオウ,ジオウ,１０ｇ,25.2,
5100087X1101,トチモトのジオウ,ジオウ,１０ｇ,25.2,
5100087X1179,ツルイのジオウＭ,ジオウ,１０ｇ,25.2,
5100087X1187,ホリエ　ジオウＫ,ジオウ,１０ｇ,25.2,
5100087X1195,ナカジマ　ジオウ,ジオウ,１０ｇ,25.2,
5100088X1017,シオン,シオン,１０ｇ,22,
5100089X1011,ジコッピ,ジコッピ,１０ｇ,21.8,
5100089X1020,ウチダのジコッピＭ,ジコッピ,１０ｇ,32.7,
5100089X1038,トチモトのジコッピ,ジコッピ,１０ｇ,32.7,
5100089X1070,高砂ジコッピＭ,ジコッピ,１０ｇ,32.7,
5100090X1014,シコン,シコン,１０ｇ,31.8,
5100091X1019,シソシ,シソシ,１０ｇ,18,
5100092X1013,シツリシ,シツリシ,１０ｇ,17.8,
5100092X1030,トチモトのシツリシ,シツリシ,１０ｇ,19.5,
5100093X1018,シテイ,シテイ,１０ｇ,29.4,
5100094A1010,シャクヤク末,シャクヤク,１０ｇ,29.1,
5100094X1012,シャクヤク,シャクヤク,１０ｇ,28.7,
5100095X1017,ジャショウシ,ジャショウシ,１０ｇ,11.7,
5100096X1011,シャジン,シャジン,１０ｇ,52.5,
5100097X1016,シャゼンシ,シャゼンシ,１０ｇ,12.3,
5100097X1067,小島車前子Ｍ,シャゼンシ,１０ｇ,16,
5100097X1075,高砂シャゼンシＭ,シャゼンシ,１０ｇ,16,
5100097X1083,ツムラの生薬シャゼンシ,シャゼンシ,１０ｇ,16,
5100097X1091,トチモトのシャゼンシ,シャゼンシ,１０ｇ,16,
5100098X1010,シャゼンソウ,シャゼンソウ,１０ｇ,13.4,
5100099X1031,ウチダの修治ブシＭ,ブシ,１０ｇ,135.7,
5100100X1010,ジュウヤク,ジュウヤク,１０ｇ,23.7,
5100101A1011,シュクシャ末,シュクシャ,１０ｇ,55.9,
5100101X1014,シュクシャ,シュクシャ,１０ｇ,36.4,
5100101X1022,ウチダのシュクシャＭ,シュクシャ,１０ｇ,46.3,
5100101X1090,トチモトのシュクシャ,シュクシャ,１０ｇ,42.7,
5100102A1016,ショウキョウ末,ショウキョウ,１０ｇ,17.3,
5100102X1019,ショウキョウ,ショウキョウ,１０ｇ,15.5,
5100102X1078,高砂ショウキョウＭ,ショウキョウ,１０ｇ,19.6,
5100102X1086,ツムラの生薬ショウキョウ,ショウキョウ,１０ｇ,19.6,
5100102X1108,トチモトのショウキョウ,ショウキョウ,１０ｇ,19.6,
5100102X1159,ホリエ　ショウキョウＫ,ショウキョウ,１０ｇ,19.6,
5100103X1013,ショウズク,ショウズク,１０ｇ,106,
5100104A1015,ショウズク末,ショウズク,１０ｇ,114.9,
5100105X1012,ショウバク,ショウバク,１０ｇ,8.8,
5100106X1017,ショウマ,ショウマ,１０ｇ,12.7,
5100106X1076,高砂ショウマＭ,ショウマ,１０ｇ,16.5,
5100106X1092,トチモトのショウマ,ショウマ,１０ｇ,16.5,
5100106X1149,ホリエ　ショウマＫ,ショウマ,１０ｇ,16.5,
5100107X1011,シンイ,シンイ,１０ｇ,52.6,
5100107X1020,ウチダのシンイＭ,シンイ,１０ｇ,58.4,
5100107X1038,トチモトのシンイ,シンイ,１０ｇ,57.6,
5100107X1046,ツムラの生薬シンイ,シンイ,１０ｇ,58.4,
5100107X1070,高砂シンイＭ,シンイ,１０ｇ,57.6,
5100108X1016,セキショウシ,セキショウシ,１０ｇ,70.9,
5100109X1010,セッコウ,セッコウ,１０ｇ,9.5,
5100110A1010,セネガ末,セネガ,１０ｇ,121,
5100110X1013,セネガ,セネガ,１０ｇ,119.7,
5100111A1015,センキュウ末,センキュウ,１０ｇ,29.7,
5100111X1018,センキュウ,センキュウ,１０ｇ,22.7,
5100112X1012,ゼンコ,ゼンコ,１０ｇ,44.7,
5100113X1017,センコツ,センコツ,１０ｇ,35.9,
5100114X1011,センタイ,センタイ,１０ｇ,76.4,
5100114X1020,トチモトのセンタイ,センタイ,１０ｇ,99.3,
5100114X1070,高砂センタイＭ,センタイ,１０ｇ,99.3,
5100115A1013,センナ末,センナ,１０ｇ,12.6,
5100115X1016,センナ,センナ,１０ｇ,9.6,
5100116A1018,センブリ末,センブリ,１０ｇ,222.3,
5100116X1010,センブリ,センブリ,１０ｇ,233.6,
5100117A1012,ソウジュツ末,ソウジュツ,１０ｇ,23.4,
5100117A1080,高砂ソウジュツ末Ｍ,ソウジュツ,１０ｇ,30.4,
5100117A1101,トチモトのソウジュツ末,ソウジュツ,１０ｇ,30.4,
5100117X1015,ソウジュツ,ソウジュツ,１０ｇ,25.7,
5100117X1023,ウチダのソウジュツＭ,ソウジュツ,１０ｇ,33.4,
5100117X1040,花扇ソウジュツＫ,ソウジュツ,１０ｇ,33.4,
5100117X1066,ソウジュツダイコーＭ,ソウジュツ,１０ｇ,33.4,
5100117X1082,高砂ソウジュツＭ,ソウジュツ,１０ｇ,33.4,
5100117X1090,ツムラの生薬ソウジュツ,ソウジュツ,１０ｇ,33.4,
5100117X1112,トチモトのソウジュツ,ソウジュツ,１０ｇ,33.4,
5100117X1155,ツルイのソウジュツＭ,ソウジュツ,１０ｇ,33.4,
5100117X1163,ホリエ　ソウジュツＫ,ソウジュツ,１０ｇ,33.4,
5100117X1171,ナカジマ　ソウジュツ,ソウジュツ,１０ｇ,33.4,
5100118X1010,ソウハクヒ,ソウハクヒ,１０ｇ,15.5,
5100118X1079,高砂ソウハクヒＭ,ソウハクヒ,１０ｇ,20.2,
5100118X1087,ツムラの生薬ソウハクヒ,ソウハクヒ,１０ｇ,20.2,
5100118X1095,トチモトのソウハクヒ,ソウハクヒ,１０ｇ,20.2,
5100119X1014,ソボク,ソボク,１０ｇ,29.1,
5100120X1017,ソヨウ,ソヨウ,１０ｇ,25.4,
5100120X1076,高砂ソヨウＭ,ソヨウ,１０ｇ,33,
5100120X1084,ツムラの生薬ソヨウ,ソヨウ,１０ｇ,33,
5100120X1092,トチモトのソヨウ,ソヨウ,１０ｇ,33,
5100121A1019,ダイオウ末,ダイオウ,１０ｇ,24.5,
5100121A1116,高砂ダイオウ末Ｍ,ダイオウ,１０ｇ,31.9,
5100121A1132,トチモトのダイオウ末,ダイオウ,１０ｇ,31.9,
5100121A1167,三和ダイオウ末,ダイオウ,１０ｇ,31.9,
5100121X1011,ダイオウ,ダイオウ,１０ｇ,20,
5100121X1089,高砂ダイオウＭ,ダイオウ,１０ｇ,24.4,
5100121X1097,ツムラの生薬ダイオウ,ダイオウ,１０ｇ,24.4,
5100121X1119,トチモトのダイオウ,ダイオウ,１０ｇ,24.4,
5100122X1016,タイソウ,タイソウ,１０ｇ,24.8,
5100123X1010,ダイフクヒ,ダイフクヒ,１０ｇ,27.3,
5100124A1012,タクシャ末,タクシャ,１０ｇ,23.1,
5100124A1071,高砂タクシャ末Ｍ,タクシャ,１０ｇ,30,
5100124A1098,トチモトのタクシャ末,タクシャ,１０ｇ,30,
5100124X1015,タクシャ,タクシャ,１０ｇ,17.1,
5100124X1066,小島沢瀉Ｍ,タクシャ,１０ｇ,22.2,
5100124X1074,高砂タクシャＭ,タクシャ,１０ｇ,22.2,
5100124X1082,ツムラの生薬タクシャ,タクシャ,１０ｇ,22.2,
5100124X1104,トチモトのタクシャ,タクシャ,１０ｇ,22.2,
5100124X1163,ホリエ　タクシャＫ,タクシャ,１０ｇ,22.2,
5100125X1010,チクジョ,チクジョ,１０ｇ,16.6,
5100125X1036,トチモトのチクジョ,チクジョ,１０ｇ,17.4,
5100126A1011,チクセツニンジン末,チクセツニンジン,１０ｇ,183,
5100126X1014,チクセツニンジン,チクセツニンジン,１０ｇ,183,
5100127X1019,チモ,チモ,１０ｇ,16.6,
5100127X1027,ウチダのチモＭ,チモ,１０ｇ,17.1,
5100128A1010,チョウジ末,チョウジ,１０ｇ,25.6,
5100128X1013,チョウジ,チョウジ,１０ｇ,28.8,
5100129X1018,チョウトウコウ,チョウトウコウ,１０ｇ,25.5,
5100129X1034,トチモトのチョウトウコウ,チョウトウコウ,１０ｇ,26.1,
5100129X1042,ツムラの生薬チョウトウコウ,チョウトウコウ,１０ｇ,26.1,
5100129X1093,高砂チョウトウコウＭ,チョウトウコウ,１０ｇ,26.1,
5100130X1010,チョレイ,チョレイ,１０ｇ,80.4,
5100131X1015,チンピ,チンピ,１０ｇ,11.7,
5100131X1074,ツムラの生薬チンピ,チンピ,１０ｇ,13.1,
5100131X1090,トチモトのチンピ,チンピ,１０ｇ,13.1,
5100131X1104,高砂チンピＭ,チンピ,１０ｇ,13.1,
5100131X1147,ホリエ　チンピＫ,チンピ,１０ｇ,13.1,
5100132X1010,テンナンショウ,テンナンショウ,１０ｇ,23.4,
5100132X1036,トチモトのテンナンショウ,テンナンショウ,１０ｇ,25.3,
5100133A1011,テンマ末,テンマ,１ｇ,22.3,
5100133X1014,テンマ,テンマ,１ｇ,20.8,
5100134X1019,テンモンドウ,テンモンドウ,１０ｇ,49.5,
5100135X1013,トウガシ,トウガシ,１０ｇ,15.1,
5100135X1021,ウチダのトウガシＭ,トウガシ,１０ｇ,15.6,
5100136A1015,トウガラシ末,トウガラシ,１０ｇ,15.4,
5100136X1018,トウガラシ,トウガラシ,１０ｇ,12.3,
5100137A1010,トウキ末,トウキ,１０ｇ,39.8,
5100137X1012,トウキ,トウキ,１０ｇ,30.7,
5100137X1020,ウチダのトウキＭ,トウキ,１０ｇ,34,
5100137X1047,花扇トウキＫ,トウキ,１０ｇ,34,
5100137X1063,トウキダイコーＭ,トウキ,１０ｇ,32.9,
5100137X1071,小島当帰Ｍ,トウキ,１０ｇ,32.9,
5100137X1098,ツムラの生薬トウキ,トウキ,１０ｇ,34,
5100137X1101,トチモトのトウキ,トウキ,１０ｇ,32.9,
5100138X1017,トウドクカツ,トウドクカツ,１０ｇ,18,
5100139X1011,トウニン,トウニン,１０ｇ,51.3,
5100140A1011,トウヒ末,トウヒ,１０ｇ,19.7,
5100140X1014,トウヒ,トウヒ,１０ｇ,20.3,
5100141X1019,ドクカツ,ドクカツ,１０ｇ,12.9,
5100141X1027,ウチダのドクカツＭ,ドクカツ,１０ｇ,13.3,
5100142A1010,トコン末,トコン,１ｇ,71.7,
5100142X1013,トコン,トコン,１ｇ,72.2,
5100143X1018,ドベッコウ,ドベッコウ,１０ｇ,67.3,
5100144A1010,トラガント末,トラガント,１０ｇ,92.5,
5100144X1012,トラガント,トラガント,１０ｇ,65,
5100145X1017,ナンテンジツ,ナンテンジツ,１０ｇ,35.3,
5100146A1019,ニガキ末,ニガキ,１０ｇ,11.1,
5100146X1011,ニガキ,ニガキ,１０ｇ,10.1,
5100147X1016,ニクズク,ニクズク,１０ｇ,29.1,
5100148X1010,ニンジン,ニンジン,１０ｇ,179.7,
5100149X1015,ニンドウ,ニンドウ,１０ｇ,11.8,
5100149X1031,トチモトのニンドウ,ニンドウ,１０ｇ,12,
5100150X1018,バイモ,バイモ,１０ｇ,53.3,
5100151X1012,バクモンドウ,バクモンドウ,１０ｇ,45.4,
5100151X1071,小島麦門冬Ｍ,バクモンドウ,１０ｇ,59,
5100151X1080,高砂バクモンドウＭ,バクモンドウ,１０ｇ,59,
5100151X1098,ツムラの生薬バクモンドウ,バクモンドウ,１０ｇ,59,
5100151X1101,トチモトのバクモンドウ,バクモンドウ,１０ｇ,59,
5100151X1152,ホリエ　バクモンドウＫ,バクモンドウ,１０ｇ,59,
5100152X1017,ハッカ,ハッカ,１０ｇ,18.7,
5100152X1076,トチモトのハッカ,ハッカ,１０ｇ,24.3,
5100152X1084,高砂ハッカＭ,ハッカ,１０ｇ,24.3,
5100152X1092,ツムラの生薬ハッカ,ハッカ,１０ｇ,24.3,
5100152X1149,ホリエ　ハッカＫ,ハッカ,１０ｇ,24.3,
5100153X1011,ハマボウフウ,ハマボウフウ,１０ｇ,54.4,
5100154X1016,ハンゲ,ハンゲ,１０ｇ,45.7,
5100154X1024,ウチダのハンゲＭ,ハンゲ,１０ｇ,59.4,
5100154X1040,花扇ハンゲＫ,ハンゲ,１０ｇ,59.4,
5100154X1067,ハンゲダイコーＭ,ハンゲ,１０ｇ,59.4,
5100154X1083,高砂ハンゲＭ,ハンゲ,１０ｇ,59.4,
5100154X1091,ツムラの生薬ハンゲ,ハンゲ,１０ｇ,59.4,
5100154X1113,トチモトのハンゲ,ハンゲ,１０ｇ,59.4,
5100154X1180,ツルイのハンゲＭ,ハンゲ,１０ｇ,59.4,
5100154X1199,ホリエ　ハンゲＫ,ハンゲ,１０ｇ,59.4,
5100154X1202,ナカジマ　ハンゲ,ハンゲ,１０ｇ,59.4,
5100155X1010,ヒシノミ,ヒシノミ,１０ｇ,23.1,
5100156X1015,ビャクゴウ,ビャクゴウ,１０ｇ,24.3,
5100156X1040,トチモトのビャクゴウ,ビャクゴウ,１０ｇ,25.5,
5100157X1010,ビャクシ,ビャクシ,１０ｇ,29.1,
5100157X1079,高砂ビャクシＭ,ビャクシ,１０ｇ,32.5,
5100157X1087,ツムラの生薬ビャクシ,ビャクシ,１０ｇ,32.5,
5100157X1095,トチモトのビャクシ,ビャクシ,１０ｇ,32.5,
5100158A1011,ビャクジュツ末,ビャクジュツ,１０ｇ,36.2,
5100158X1014,ビャクジュツ,ビャクジュツ,１０ｇ,29,
5100158X1022,ウチダのビャクジュツＭ,ビャクジュツ,１０ｇ,32.3,
5100158X1049,花扇ビャクジュツＫ,ビャクジュツ,１０ｇ,32.3,
5100159X1019,ビワヨウ,ビワヨウ,１０ｇ,18.1,
5100159X1035,トチモトのビワヨウ,ビワヨウ,１０ｇ,19,
5100160A1019,ビンロウジ末,ビンロウジ,１０ｇ,12.4,
5100160X1011,ビンロウジ,ビンロウジ,１０ｇ,12.7,
5100160X1070,高砂ビンロウジＭ,ビンロウジ,１０ｇ,16.5,
5100160X1097,トチモトのビンロウジ,ビンロウジ,１０ｇ,16.5,
5100160X1127,ホリエ　ビンロウジＫ,ビンロウジ,１０ｇ,16.5,
5100161A1013,ブクリョウ末,ブクリョウ,１０ｇ,28.9,
5100161A1080,高砂ブクリョウ末Ｍ,ブクリョウ,１０ｇ,37,
5100161A1102,トチモトのブクリョウ末,ブクリョウ,１０ｇ,37,
5100161X1016,ブクリョウ,ブクリョウ,１０ｇ,23.9,
5100161X1024,ウチダのブクリョウＭ,ブクリョウ,１０ｇ,31.1,
5100161X1040,花扇ブクリョウＫ,ブクリョウ,１０ｇ,31.1,
5100161X1067,ブクリョウダイコーＭ,ブクリョウ,１０ｇ,31.1,
5100161X1083,高砂ブクリョウＭ,ブクリョウ,１０ｇ,31.1,
5100161X1091,ツムラの生薬ブクリョウ,ブクリョウ,１０ｇ,31.1,
5100161X1113,トチモトのブクリョウ,ブクリョウ,１０ｇ,31.1,
5100161X1164,ツルイのブクリョウＭ,ブクリョウ,１０ｇ,31.1,
5100161X1172,ホリエ　ブクリョウＫ,ブクリョウ,１０ｇ,31.1,
5100161X1180,ナカジマ　ブクリョウ,ブクリョウ,１０ｇ,31.1,
5100162X1029,ウチダの附子,ブシ,１０ｇ,166.6,
5100163X1015,ボウイ,ボウイ,１０ｇ,17.2,
5100164X1010,ボウコン,ボウコン,１０ｇ,14.7,
5100165X1014,ボウフウ,ボウフウ,１０ｇ,40.2,
5100165X1049,トチモトのボウフウ,ボウフウ,１０ｇ,42.6,
5100165X1065,ツムラの生薬ボウフウ,ボウフウ,１０ｇ,42.6,
5100165X1103,高砂ボウフウＭ,ボウフウ,１０ｇ,42.6,
5100166X1027,ウチダの炮附子,ブシ,１０ｇ,97.9,
5100166X1035,トチモトのホウブシ,ブシ,１０ｇ,91.6,
5100166X1043,花扇加工ブシＫ,ブシ,１０ｇ,74.2,
5100167X1013,ボクソク,ボクソク,１０ｇ,22,
5100168A1015,ボタンピ末,ボタンピ,１０ｇ,23.5,
5100168A1066,高砂ボタンピ末Ｍ,ボタンピ,１０ｇ,30.6,
5100168A1082,トチモトのボタンピ末,ボタンピ,１０ｇ,30.6,
5100168X1018,ボタンピ,ボタンピ,１０ｇ,33.6,
5100169A1010,ボレイ末,ボレイ,１０ｇ,10.2,
5100169A1060,高砂ボレイ末Ｍ,ボレイ,１０ｇ,13.3,
5100169A1087,トチモトのボレイ末,ボレイ,１０ｇ,13.3,
5100169X1012,ボレイ,ボレイ,１０ｇ,9.4,
5100170X1015,マオウ,マオウ,１０ｇ,12.5,
5100170X1082,高砂マオウＭ,マオウ,１０ｇ,16.3,
5100170X1090,ツムラの生薬マオウ,マオウ,１０ｇ,16.3,
5100170X1104,トチモトのマオウ,マオウ,１０ｇ,16.3,
5100170X1163,ホリエ　マオウＫ,マオウ,１０ｇ,16.3,
5100171X1010,マシニン,マシニン,１０ｇ,11,
5100171X1036,トチモトのマシニン,マシニン,１０ｇ,11.5,
5100172X1014,マンケイシ,マンケイシ,１０ｇ,18.2,
5100172X1030,トチモトのマンケイシ,マンケイシ,１０ｇ,19.1,
5100173X1019,モクツウ,モクツウ,１０ｇ,14.2,
5100173X1086,高砂モクツウＭ,モクツウ,１０ｇ,18.5,
5100173X1094,ツムラの生薬モクツウ,モクツウ,１０ｇ,18.5,
5100173X1108,トチモトのモクツウ,モクツウ,１０ｇ,18.5,
5100173X1140,ホリエ　モクツウＫ,モクツウ,１０ｇ,18.5,
5100174X1013,モッカ,モッカ,１０ｇ,20,
5100175X1018,モッコウ,モッコウ,１０ｇ,18.3,
5100175X1077,高砂モッコウＭ,モッコウ,１０ｇ,22.3,
5100175X1093,トチモトのモッコウ,モッコウ,１０ｇ,22.3,
5100175X1131,ホリエ　モッコウＫ,モッコウ,１０ｇ,22.3,
5100176A1010,モッコウ末,モッコウ,１０ｇ,20.8,
5100177X1017,ヤクチ,ヤクチ,１０ｇ,24.2,
5100177X1025,ウチダのヤクチＭ,ヤクチ,１０ｇ,26.3,
5100177X1068,高砂ヤクチＭ,ヤクチ,１０ｇ,26.3,
5100177X1076,トチモトのヤクチ,ヤクチ,１０ｇ,26.3,
5100178X1011,ヤクモソウ,ヤクモソウ,１０ｇ,20,
5100179A1013,ヨウバイヒ末,ヨウバイヒ,１０ｇ,16.8,
5100179X1016,ヨウバイヒ,ヨウバイヒ,１０ｇ,14.2,
5100180A1016,ヨクイニン末,ヨクイニン,１０ｇ,12.5,
5100180X1019,ヨクイニン,ヨクイニン,１０ｇ,9,
5100180X1078,高砂ヨクイニンＭ,ヨクイニン,１０ｇ,10.7,
5100180X1086,ツムラの生薬ヨクイニン,ヨクイニン,１０ｇ,10.7,
5100180X1094,トチモトのヨクイニン,ヨクイニン,１０ｇ,10.7,
5100180X1132,ホリエ　ヨクイニンＫ,ヨクイニン,１０ｇ,10.7,
5100181X1013,リュウガンニク,リュウガンニク,１０ｇ,33,
5100181X1030,トチモトのリュウガンニク,リュウガンニク,１０ｇ,35.6,
5100182X1018,リュウコツ,リュウコツ,１０ｇ,21.1,
5100182X1034,花扇リュウコツＫ,リュウコツ,１０ｇ,25.1,
5100182X1069,小島龍骨Ｍ,リュウコツ,１０ｇ,25.1,
5100182X1077,高砂リュウコツＭ,リュウコツ,１０ｇ,25.1,
5100182X1085,ツムラの生薬リュウコツ,リュウコツ,１０ｇ,25.1,
5100182X1107,トチモトのリュウコツ,リュウコツ,１０ｇ,25.1,
5100182X1140,ホリエ　リュウコツＫ,リュウコツ,１０ｇ,25.1,
5100183A1010,リュウタン末,リュウタン,１０ｇ,39.5,
5100183X1012,リュウタン,リュウタン,１０ｇ,33.8,
5100184X1017,リョウキョウ,リョウキョウ,１０ｇ,13.1,
5100185X1011,レンギョウ,レンギョウ,１０ｇ,33.8,
5100185X1062,小島連翹Ｍ,レンギョウ,１０ｇ,43.9,
5100185X1070,高砂レンギョウＭ,レンギョウ,１０ｇ,43.9,
5100185X1089,ツムラの生薬レンギョウ,レンギョウ,１０ｇ,43.9,
5100185X1097,トチモトのレンギョウ,レンギョウ,１０ｇ,43.9,
5100185X1135,ホリエ　レンギョウＫ,レンギョウ,１０ｇ,43.9,
5100186X1016,レンニク,レンニク,１０ｇ,20.8,
5100187X1010,ロートコン,ロートコン,１０ｇ,17.7,
5100188X1015,ワキョウカツ,ワキョウカツ,１０ｇ,35,
5100189X1010,ワコウホン,ワコウホン,１０ｇ,35.3,
5100190X1012,トチュウ,トチュウ,１０ｇ,31,
5100190X1020,トチモトのトチュウ,トチュウ,１０ｇ,34.3,
5100191X1017,バクガ,バクガ,１０ｇ,18.4,
5100192X1011,チャヨウ,チャヨウ,１０ｇ,16.3,
5100193X1016,ゴマ,ゴマ,１０ｇ,19.4,
5100194X1010,コウイ,コウイ,１０ｇ,23.9,
5200001C1036,コタロー安中散エキス細粒,安中散エキス,１ｇ,11.3,
5200001C1044,〔東洋〕安中散料エキス細粒,安中散エキス,１ｇ,10.5,
5200001C1052,クラシエ安中散料エキス細粒,安中散エキス,１ｇ,12.2,
5200001D1031,オースギ安中散料エキスＧ,安中散エキス,１ｇ,17.4,
5200001D1040,ＪＰＳ安中散料エキス顆粒〔調剤用〕,安中散エキス,１ｇ,9.5,
5200001D1066,ツムラ安中散エキス顆粒（医療用）,安中散エキス,１ｇ,10.8,
5200001D1090,本草安中散料エキス顆粒－Ｍ,安中散エキス,１ｇ,8.1,
5200001F1024,オースギ安中散料エキスＴ錠,安中散エキス,１錠,6.3,
5200001M1023,コタロー安中散エキスカプセル,安中散エキス,１カプセル,11.9,
5200002D1036,ツムラ胃苓湯エキス顆粒（医療用）,胃苓湯エキス,１ｇ,16.4,
5200003C1035,コタロー茵ちん蒿湯エキス細粒,茵ちん蒿湯エキス,１ｇ,12.2,
5200003C1043,クラシエ茵ちん蒿湯エキス細粒,茵ちん蒿湯エキス,１ｇ,16.4,
5200003D1022,オースギ茵ちん蒿湯エキスＧ,茵ちん蒿湯エキス,１ｇ,22.2,
5200003D1049,ツムラ茵ちん蒿湯エキス顆粒（医療用）,茵ちん蒿湯エキス,１ｇ,13.9,
5200003M1022,コタロー茵ちん蒿湯エキスカプセル,茵ちん蒿湯エキス,１カプセル,17.4,
5200004D1035,ツムラ茵ちん五苓散エキス顆粒（医療用）,茵ちん五苓散エキス,１ｇ,25.5,
5200005C1026,コタロー温経湯エキス細粒,温経湯エキス,１ｇ,17.9,
5200005D1030,ツムラ温経湯エキス顆粒（医療用）,温経湯エキス,１ｇ,37.2,
5200006C1039,コタロー温清飲エキス細粒,温清飲エキス,１ｇ,6.9,
5200006C1047,ジュンコウ　温清飲ＦＣエキス細粒　医療用,温清飲エキス,１ｇ,9,
5200006C1055,〔東洋〕温清飲エキス細粒,温清飲エキス,１ｇ,14.4,
5200006C1063,クラシエ温清飲エキス細粒,温清飲エキス,１ｇ,15.3,
5200006D1026,オースギ温清飲エキスＧ,温清飲エキス,１ｇ,9.3,
5200006D1042,ツムラ温清飲エキス顆粒（医療用）,温清飲エキス,１ｇ,15.2,
5200006D1069,本草温清飲エキス顆粒－Ｍ,温清飲エキス,１ｇ,9.6,
5200007C1025,コタロー越婢加朮湯エキス細粒,越婢加朮湯エキス,１ｇ,9.8,
5200007D1039,ＪＰＳ越婢加朮湯エキス顆粒〔調剤用〕,越婢加朮湯エキス,１ｇ,11,
5200007D1047,ツムラ越婢加朮湯エキス顆粒（医療用）,越婢加朮湯エキス,１ｇ,16.1,
5200008C1020,〔東洋〕黄耆建中湯エキス細粒,黄耆建中湯エキス,１ｇ,18.2,
5200008D1025,ツムラ黄耆建中湯エキス顆粒（医療用）,黄耆建中湯エキス,１ｇ,8.1,
5200009C1024,三和黄ごん湯エキス細粒,黄ごん湯エキス,１ｇ,10.5,
5200010C1027,コタロー黄連湯エキス細粒,黄連湯エキス,１ｇ,27.9,
5200010C1035,〔東洋〕黄連湯エキス細粒,黄連湯エキス,１ｇ,34.3,
5200010D1022,太虎堂の黄連湯エキス顆粒,黄連湯エキス,１ｇ,42.7,
5200010D1030,ツムラ黄連湯エキス顆粒（医療用）,黄連湯エキス,１ｇ,32.3,
5200011C1030,コタロー黄連解毒湯エキス細粒,黄連解毒湯エキス,１ｇ,15.3,
5200011C1048,三和黄連解毒湯エキス細粒,黄連解毒湯エキス,１ｇ,12.6,
5200011C1056,ジュンコウ　黄連解毒湯ＦＣエキス細粒　医療用,黄連解毒湯エキス,１ｇ,18.5,
5200011C1064,〔東洋〕黄連解毒湯エキス細粒,黄連解毒湯エキス,１ｇ,20.4,
5200011C1072,クラシエ黄連解毒湯エキス細粒,黄連解毒湯エキス,１ｇ,13.2,
5200011D1035,オースギ黄連解毒湯エキスＧ,黄連解毒湯エキス,１ｇ,13.4,
5200011D1051,ＪＰＳ黄連解毒湯エキス顆粒〔調剤用〕,黄連解毒湯エキス,１ｇ,9.7,
5200011D1060,太虎堂の黄連解毒湯エキス顆粒,黄連解毒湯エキス,１ｇ,16.7,
5200011D1078,ツムラ黄連解毒湯エキス顆粒（医療用）,黄連解毒湯エキス,１ｇ,14.1,
5200011D1108,本草黄連解毒湯エキス顆粒－Ｍ,黄連解毒湯エキス,１ｇ,10.1,
5200011F1028,オースギ黄連解毒湯エキスＴ錠,黄連解毒湯エキス,１錠,6.3,
5200011F1052,クラシエ黄連解毒湯エキス錠,黄連解毒湯エキス,１錠,6.3,
5200011M1027,コタロー黄連解毒湯エキスカプセル,黄連解毒湯エキス,１カプセル,20.8,
5200012C1034,コタロー乙字湯エキス細粒,乙字湯エキス,１ｇ,11.1,
5200012C1042,三和乙字湯エキス細粒,乙字湯エキス,１ｇ,11,
5200012C1050,ジュンコウ　乙字湯ＦＣエキス細粒　医療用,乙字湯エキス,１ｇ,16.6,
5200012C1069,クラシエ乙字湯エキス細粒,乙字湯エキス,１ｇ,16.6,
5200012D1021,オースギ乙字湯エキスＧ,乙字湯エキス,１ｇ,10.9,
5200012D1064,ＪＰＳ乙字湯エキス顆粒〔調剤用〕,乙字湯エキス,１ｇ,12.1,
5200012D1072,太虎堂の乙字湯エキス顆粒,乙字湯エキス,１ｇ,13.8,
5200012D1080,ツムラ乙字湯エキス顆粒（医療用）,乙字湯エキス,１ｇ,15.2,
5200012D1110,本草乙字湯エキス顆粒－Ｍ,乙字湯エキス,１ｇ,9.8,
5200013C1039,コタロー葛根湯エキス細粒,葛根湯エキス,１ｇ,9.8,
5200013C1047,三和葛根湯エキス細粒,葛根湯エキス,１ｇ,9.8,
5200013C1055,ジュンコウ　葛根湯ＦＣエキス細粒　医療用,葛根湯エキス,１ｇ,15.8,
5200013C1063,〔東洋〕葛根湯エキス細粒,葛根湯エキス,１ｇ,12.5,
5200013C1080,クラシエ葛根湯エキス細粒,葛根湯エキス,１ｇ,10.2,
5200013D1026,オースギ葛根湯エキスＧ,葛根湯エキス,１ｇ,10.3,
5200013D1093,ＪＰＳ葛根湯エキス顆粒〔調剤用〕,葛根湯エキス,１ｇ,9.4,
5200013D1115,太虎堂の葛根湯エキス顆粒,葛根湯エキス,１ｇ,10.9,
5200013D1123,ツムラ葛根湯エキス顆粒（医療用）,葛根湯エキス,１ｇ,13.4,
5200013D1174,本草葛根湯エキス顆粒－Ｍ,葛根湯エキス,１ｇ,9.6,
5200013F1027,オースギ葛根湯エキスＴ錠,葛根湯エキス,１錠,6.3,
5200013F1051,クラシエ葛根湯エキス錠Ｔ,葛根湯エキス,１錠,6.3,
5200014C1025,三和葛根加朮附湯エキス細粒,葛根加朮附湯エキス,１ｇ,14.4,
5200015C1038,コタロー葛根湯加辛夷川きゅうエキス細粒,葛根湯加川きゅう辛夷エキス,１ｇ,6.9,
5200015C1046,〔東洋〕葛根湯加川きゅう辛夷エキス細粒,葛根湯加川きゅう辛夷エキス,１ｇ,14,
5200015C1054,クラシエ葛根湯加川きゅう辛夷エキス細粒,葛根湯加川きゅう辛夷エキス,１ｇ,12.9,
5200015D1025,オースギ葛根湯加川きゅう辛夷エキスＧ,葛根湯加川きゅう辛夷エキス,１ｇ,6.9,
5200015D1076,ＪＰＳ葛根湯加川きゅう辛夷エキス顆粒〔調剤用〕,葛根湯加川きゅう辛夷エキス,１ｇ,11,
5200015D1084,ツムラ葛根湯加川きゅう辛夷エキス顆粒（医療用）,葛根湯加川きゅう辛夷エキス,１ｇ,10.1,
5200015D1106,本草葛根湯加川きゅう辛夷エキス顆粒－Ｍ,葛根湯加川きゅう辛夷エキス,１ｇ,9.4,
5200015F1034,クラシエ葛根湯加川きゅう辛夷エキス錠,葛根湯加川きゅう辛夷エキス,１錠,6.3,
5200016C1032,〔東洋〕加味帰脾湯エキス細粒,加味帰脾湯エキス,１ｇ,19.7,
5200016C1040,クラシエ加味帰脾湯エキス細粒,加味帰脾湯エキス,１ｇ,25.5,
5200016D1020,オースギ加味帰脾湯エキスＧ,加味帰脾湯エキス,１ｇ,11.3,
5200016D1046,太虎堂の加味帰脾湯エキス顆粒,加味帰脾湯エキス,１ｇ,24.3,
5200016D1054,ツムラ加味帰脾湯エキス顆粒（医療用）,加味帰脾湯エキス,１ｇ,25.9,
5200016F1039,クラシエ加味帰脾湯エキス錠,加味帰脾湯エキス,１錠,9.6,
5200017B1023,太虎堂の加味逍遙散エキス散,加味逍遙散エキス,１ｇ,13.1,
5200017C1037,コタロー加味逍遙散エキス細粒,加味逍遙散エキス,１ｇ,12.1,
5200017C1045,ジュンコウ　加味逍遙散ＦＣエキス細粒　医療用,加味逍遙散エキス,１ｇ,18.3,
5200017C1053,〔東洋〕加味逍遙散エキス細粒,加味逍遙散エキス,１ｇ,17.4,
5200017C1061,クラシエ加味逍遙散料エキス細粒,加味逍遙散エキス,１ｇ,18.1,
5200017D1024,オースギ加味逍遙散エキスＧ,加味逍遙散エキス,１ｇ,10.2,
5200017D1067,ＪＰＳ加味逍遙散料エキス顆粒〔調剤用〕,加味逍遙散エキス,１ｇ,13.9,
5200017D1075,太虎堂の加味逍遙散エキス顆粒,加味逍遙散エキス,１ｇ,19.5,
5200017D1083,ツムラ加味逍遙散エキス顆粒（医療用）,加味逍遙散エキス,１ｇ,15.9,
5200017D1105,本草加味逍遙散エキス顆粒－Ｍ,加味逍遙散エキス,１ｇ,11.6,
5200017F1033,ジュンコウ　加味逍遙散ＦＣエキス錠　医療用,加味逍遙散エキス,１錠,7.2,
5200018C1031,クラシエ甘草湯エキス細粒,甘草湯エキス,１ｇ,9.9,
5200019C1028,コタロー甘麦大棗湯エキス細粒,甘麦大棗湯エキス,１ｇ,9.8,
5200019D1023,オースギ甘麦大棗湯エキスＴＧ,甘麦大棗湯エキス,１ｇ,10.4,
5200019D1031,ツムラ甘麦大棗湯エキス顆粒（医療用）,甘麦大棗湯エキス,１ｇ,12.2,
5200020D1026,ツムラ桔梗湯エキス顆粒（医療用）,桔梗湯エキス,１ｇ,6.9,
5200021C1025,コタロー桔梗石膏エキス細粒,桔梗石膏エキス,１ｇ,11.2,
5200022C1020,ジュンコウ　帰脾湯ＦＣエキス細粒　医療用,帰脾湯エキス,１ｇ,25.9,
5200022D1033,ツムラ帰脾湯エキス顆粒（医療用）,帰脾湯エキス,１ｇ,30.2,
5200023C1024,コタローきゅう帰膠艾湯エキス細粒,きゅう帰膠艾湯エキス,１ｇ,6.9,
5200023C1032,ジュンコウ　きゅう帰膠艾湯ＦＣエキス細粒　医療用,きゅう帰膠艾湯エキス,１ｇ,8.1,
5200023D1020,ツムラきゅう帰膠艾湯エキス顆粒（医療用）,きゅう帰膠艾湯エキス,１ｇ,8,
5200024D1024,太虎堂のきゅう帰調血飲エキス顆粒,きゅう帰調血飲エキス,１ｇ,18.3,
5200025D1029,ツムラ牛車腎気丸エキス顆粒（医療用）,牛車腎気丸エキス,１ｇ,17.7,
5200026C1028,コタロー九味檳榔湯エキス細粒,九味檳榔湯エキス,１ｇ,19,
5200027D1028,オースギ荊芥連翹湯エキスＧ,荊芥連翹湯エキス,１ｇ,7.6,
5200027D1044,太虎堂の荊芥連翹湯エキス顆粒,荊芥連翹湯エキス,１ｇ,15.5,
5200027D1052,ツムラ荊芥連翹湯エキス顆粒（医療用）,荊芥連翹湯エキス,１ｇ,18.5,
5200028C1027,コタロー桂枝湯エキス細粒,桂枝湯エキス,１ｇ,12.6,
5200028D1022,オースギ桂枝湯エキスＧ,桂枝湯エキス,１ｇ,10.4,
5200028D1030,ＪＰＳ桂枝湯エキス顆粒〔調剤用〕,桂枝湯エキス,１ｇ,9.6,
5200028D1049,ツムラ桂枝湯エキス顆粒（医療用）,桂枝湯エキス,１ｇ,6.9,
5200028D1065,本草桂枝湯エキス顆粒－Ｓ,桂枝湯エキス,１ｇ,8.9,
5200029C1021,〔東洋〕桂枝加黄耆湯エキス細粒,桂枝加黄耆湯エキス,１ｇ,15.1,
5200030C1024,〔東洋〕桂枝加葛根湯エキス細粒,桂枝加葛根湯エキス,１ｇ,14.6,
5200031C1029,〔東洋〕桂枝加厚朴杏仁湯エキス細粒,桂枝加厚朴杏仁湯エキス,１ｇ,13.4,
5200032C1031,コタロー桂枝加芍薬湯エキス細粒,桂枝加芍薬湯エキス,１ｇ,6.9,
5200032C1040,ジュンコウ　桂枝加芍薬湯ＦＣエキス細粒　医療用,桂枝加芍薬湯エキス,１ｇ,6.9,
5200032C1058,〔東洋〕桂枝加芍薬湯エキス細粒,桂枝加芍薬湯エキス,１ｇ,11.9,
5200032C1066,クラシエ桂枝加芍薬湯エキス細粒,桂枝加芍薬湯エキス,１ｇ,12.5,
5200032D1029,オースギ桂枝加芍薬湯エキスＧ,桂枝加芍薬湯エキス,１ｇ,6.9,
5200032D1045,ツムラ桂枝加芍薬湯エキス顆粒（医療用）,桂枝加芍薬湯エキス,１ｇ,7.5,
5200032D1061,本草桂枝加芍薬湯エキス顆粒－Ｍ,桂枝加芍薬湯エキス,１ｇ,7.5,
5200032F1046,クラシエ桂枝加芍薬湯エキス錠,桂枝加芍薬湯エキス,１錠,6.3,
5200033D1023,ツムラ桂枝加芍薬大黄湯エキス顆粒（医療用）,桂枝加芍薬大黄湯エキス,１ｇ,14.4,
5200034C1022,コタロー桂枝加朮附湯エキス細粒,桂枝加朮附湯エキス,１ｇ,9.9,
5200034C1030,三和桂枝加朮附湯エキス細粒,桂枝加朮附湯エキス,１ｇ,9.8,
5200034D1036,ＪＰＳ桂枝加朮附湯エキス顆粒〔調剤用〕,桂枝加朮附湯エキス,１ｇ,10.7,
5200034D1044,ツムラ桂枝加朮附湯エキス顆粒（医療用）,桂枝加朮附湯エキス,１ｇ,14.9,
5200035C1035,コタロー桂枝加竜骨牡蛎湯エキス細粒,桂枝加竜骨牡蛎湯エキス,１ｇ,10.7,
5200035C1043,クラシエ桂枝加竜骨牡蛎湯エキス細粒,桂枝加竜骨牡蛎湯エキス,１ｇ,12,
5200035D1022,オースギ桂枝加竜骨牡蛎湯エキスＧ,桂枝加竜骨牡蛎湯エキス,１ｇ,10.8,
5200035D1030,ツムラ桂枝加竜骨牡蛎湯エキス顆粒（医療用）,桂枝加竜骨牡蛎湯エキス,１ｇ,13.8,
5200036C1030,クラシエ桂枝加苓朮附湯エキス細粒,桂枝加苓朮附湯エキス,１ｇ,10.8,
5200036D1027,オースギ桂枝加苓朮附湯エキスＧ,桂枝加苓朮附湯エキス,１ｇ,9.3,
5200036F1036,クラシエ桂枝加苓朮附湯エキス錠,桂枝加苓朮附湯エキス,１錠,6.3,
5200037C1034,クラシエ桂枝人参湯エキス細粒,桂枝人参湯エキス,１ｇ,19.5,
5200037D1021,ツムラ桂枝人参湯エキス顆粒（医療用）,桂枝人参湯エキス,１ｇ,21.8,
5200038C1039,コタロー桂枝茯苓丸料エキス細粒,桂枝茯苓丸エキス,１ｇ,11.2,
5200038C1047,三和桂枝茯苓丸料エキス細粒,桂枝茯苓丸エキス,１ｇ,14.7,
5200038C1055,ジュンコウ　桂枝茯苓丸料ＦＣエキス細粒　医療用,桂枝茯苓丸エキス,１ｇ,21.3,
5200038C1063,〔東洋〕桂枝茯苓丸料エキス細粒,桂枝茯苓丸エキス,１ｇ,11.4,
5200038C1080,クラシエ桂枝茯苓丸料エキス細粒,桂枝茯苓丸エキス,１ｇ,13.2,
5200038D1026,オースギ桂枝茯苓丸料エキスＧ,桂枝茯苓丸エキス,１ｇ,18.2,
5200038D1077,ＪＰＳ桂枝茯苓丸料エキス顆粒〔調剤用〕,桂枝茯苓丸エキス,１ｇ,11,
5200038D1085,太虎堂の桂枝茯苓丸料エキス顆粒,桂枝茯苓丸エキス,１ｇ,11,
5200038D1093,ツムラ桂枝茯苓丸エキス顆粒（医療用）,桂枝茯苓丸エキス,１ｇ,14.1,
5200038D1123,本草桂枝茯苓丸料エキス顆粒－Ｍ,桂枝茯苓丸エキス,１ｇ,11,
5200038F1051,クラシエ桂枝茯苓丸料エキス錠,桂枝茯苓丸エキス,１錠,6.3,
5200039D1039,ツムラ桂枝茯苓丸加よく苡仁エキス顆粒（医療用）,桂枝茯苓丸加よく苡仁エキス,１ｇ,16.4,
5200040C1028,三和桂芍知母湯エキス細粒,桂芍知母湯エキス,１ｇ,13.8,
5200041C1022,〔東洋〕啓脾湯エキス細粒,啓脾湯エキス,１ｇ,24.2,
5200041D1028,ツムラ啓脾湯エキス顆粒（医療用）,啓脾湯エキス,１ｇ,31.1,
5200042C1027,〔東洋〕桂麻各半湯エキス細粒,桂麻各半湯エキス,１ｇ,15.3,
5200043C1021,コタロー香蘇散エキス細粒,香蘇散エキス,１ｇ,10.7,
5200043D1027,ツムラ香蘇散エキス顆粒（医療用）,香蘇散エキス,１ｇ,10.7,
5200044C1034,クラシエ五虎湯エキス細粒,五虎湯エキス,１ｇ,9.6,
5200044D1030,ツムラ五虎湯エキス顆粒（医療用）,五虎湯エキス,１ｇ,11,
5200044F1022,オースギ五虎湯エキス錠,五虎湯エキス,１錠,7.2,
5200045C1020,コタロー五積散エキス細粒,五積散エキス,１ｇ,9.6,
5200045D1034,ツムラ五積散エキス顆粒（医療用）,五積散エキス,１ｇ,13.4,
5200046C1025,コタロー呉茱萸湯エキス細粒,呉茱萸湯エキス,１ｇ,13.8,
5200046C1033,ジュンコウ　呉茱萸湯ＦＣエキス細粒　医療用,呉茱萸湯エキス,１ｇ,15.6,
5200046D1020,太虎堂の呉茱萸湯エキス顆粒,呉茱萸湯エキス,１ｇ,14.7,
5200046D1039,ツムラ呉茱萸湯エキス顆粒（医療用）,呉茱萸湯エキス,１ｇ,15.3,
5200047C1020,〔東洋〕五淋散エキス細粒,五淋散エキス,１ｇ,14.6,
5200047D1025,ツムラ五淋散エキス顆粒（医療用）,五淋散エキス,１ｇ,17,
5200048A1023,本草五苓散顆粒－Ｒ,五苓散,１ｇ,6.8,
5200048C1032,コタロー五苓散料エキス細粒,五苓散エキス,１ｇ,11.9,
5200048C1040,三和五苓散料エキス細粒,五苓散エキス,１ｇ,9.5,
5200048C1059,ジュンコウ　五苓散料ＦＣエキス細粒　医療用,五苓散エキス,１ｇ,16.4,
5200048C1067,〔東洋〕五苓散料エキス細粒,五苓散エキス,１ｇ,13,
5200048C1075,クラシエ五苓散料エキス細粒,五苓散エキス,１ｇ,14.2,
5200048D1046,ＪＰＳ五苓散料エキス顆粒〔調剤用〕,五苓散エキス,１ｇ,10.2,
5200048D1062,太虎堂の五苓散料エキス顆粒,五苓散エキス,１ｇ,19.4,
5200048D1070,ツムラ五苓散エキス顆粒（医療用）,五苓散エキス,１ｇ,13.5,
5200048F1063,クラシエ五苓散料エキス錠,五苓散エキス,１錠,6.3,
5200049C1029,コタロー柴陥湯エキス細粒,柴陥湯エキス,１ｇ,30,
5200049D1024,太虎堂の柴陥湯エキス顆粒,柴陥湯エキス,１ｇ,31.7,
5200049D1032,ツムラ柴陥湯エキス顆粒（医療用）,柴陥湯エキス,１ｇ,33.2,
5200050C1030,コタロー柴胡加竜骨牡蛎湯エキス細粒,柴胡加竜骨牡蛎湯エキス,１ｇ,16.2,
5200050C1048,ジュンコウ　柴胡加龍骨牡蠣湯ＦＣエキス細粒　医療用,柴胡加竜骨牡蛎湯エキス,１ｇ,20.1,
5200050C1056,クラシエ柴胡加竜骨牡蛎湯エキス細粒,柴胡加竜骨牡蛎湯エキス,１ｇ,21.3,
5200050D1027,オースギ柴胡加竜骨牡蛎湯エキスＧ,柴胡加竜骨牡蛎湯エキス,１ｇ,13.3,
5200050D1060,ＪＰＳ柴胡加竜骨牡蛎湯エキス顆粒〔調剤用〕,柴胡加竜骨牡蛎湯エキス,１ｇ,16.3,
5200050D1086,太虎堂の柴胡加竜骨牡蛎湯エキス顆粒,柴胡加竜骨牡蛎湯エキス,１ｇ,17.5,
5200050D1094,ツムラ柴胡加竜骨牡蛎湯エキス顆粒（医療用）,柴胡加竜骨牡蛎湯エキス,１ｇ,20.2,
5200050D1116,本草柴胡加竜骨牡蛎湯エキス顆粒－Ｍ,柴胡加竜骨牡蛎湯エキス,１ｇ,13.2,
5200050F1044,クラシエ柴胡加竜骨牡蛎湯エキス錠,柴胡加竜骨牡蛎湯エキス,１錠,10.6,
5200051C1034,コタロー柴胡桂枝湯エキス細粒,柴胡桂枝湯エキス,１ｇ,21.7,
5200051C1042,三和柴胡桂枝湯エキス細粒,柴胡桂枝湯エキス,１ｇ,15.4,
5200051C1050,ジュンコウ　柴胡桂枝湯ＦＣエキス細粒　医療用,柴胡桂枝湯エキス,１ｇ,27.9,
5200051C1069,クラシエ柴胡桂枝湯エキス細粒,柴胡桂枝湯エキス,１ｇ,20.9,
5200051D1021,オースギ柴胡桂枝湯エキスＧ,柴胡桂枝湯エキス,１ｇ,14.1,
5200051D1064,ＪＰＳ柴胡桂枝湯エキス顆粒〔調剤用〕,柴胡桂枝湯エキス,１ｇ,18.9,
5200051D1072,太虎堂の柴胡桂枝湯エキス顆粒,柴胡桂枝湯エキス,１ｇ,18.9,
5200051D1080,ツムラ柴胡桂枝湯エキス顆粒（医療用）,柴胡桂枝湯エキス,１ｇ,24.2,
5200051F1049,クラシエ柴胡桂枝湯エキス錠,柴胡桂枝湯エキス,１錠,7.8,
5200052C1020,コタロー柴胡桂枝乾姜湯エキス細粒,柴胡桂枝乾姜湯エキス,１ｇ,21.5,
5200052D1026,太虎堂の柴胡桂枝乾姜湯エキス顆粒,柴胡桂枝乾姜湯エキス,１ｇ,16.1,
5200052D1034,ツムラ柴胡桂枝乾姜湯エキス顆粒（医療用）,柴胡桂枝乾姜湯エキス,１ｇ,28.4,
5200052D1069,本草柴胡桂枝乾姜湯エキス顆粒－Ｍ,柴胡桂枝乾姜湯エキス,１ｇ,13.1,
5200053C1025,コタロー柴胡清肝湯エキス細粒,柴胡清肝湯エキス,１ｇ,17.6,
5200053D1020,ツムラ柴胡清肝湯エキス顆粒（医療用）,柴胡清肝湯エキス,１ｇ,31.2,
5200054C1038,クラシエ柴朴湯エキス細粒,柴朴湯エキス,１ｇ,29.8,
5200054D1033,ツムラ柴朴湯エキス顆粒（医療用）,柴朴湯エキス,１ｇ,33.9,
5200055C1032,クラシエ柴苓湯エキス細粒,柴苓湯エキス,１ｇ,46.4,
5200055D1020,ツムラ柴苓湯エキス顆粒（医療用）,柴苓湯エキス,１ｇ,45,
5200056D1024,オースギ酸棗仁湯エキスＧ,酸棗仁湯エキス,１ｇ,14.3,
5200056D1032,ツムラ酸棗仁湯エキス顆粒（医療用）,酸棗仁湯エキス,１ｇ,18,
5200057C1031,コタロー三黄瀉心湯エキス細粒,三黄瀉心湯エキス,１ｇ,19.5,
5200057C1058,クラシエ三黄瀉心湯エキス細粒,三黄瀉心湯エキス,１ｇ,13.8,
5200057D1029,オースギ三黄瀉心湯エキスＧ,三黄瀉心湯エキス,１ｇ,22,
5200057D1053,ＪＰＳ三黄瀉心湯エキス顆粒〔調剤用〕,三黄瀉心湯エキス,１ｇ,22.7,
5200057D1061,太虎堂の三黄瀉心湯エキス顆粒,三黄瀉心湯エキス,１ｇ,20.9,
5200057D1070,ツムラ三黄瀉心湯エキス顆粒（医療用）,三黄瀉心湯エキス,１ｇ,13.2,
5200057D1096,本草三黄瀉心湯エキス顆粒－Ｍ,三黄瀉心湯エキス,１ｇ,9.7,
5200057M1029,コタロー三黄瀉心湯エキスカプセル,三黄瀉心湯エキス,１カプセル,30.2,
5200058D1023,ツムラ三物黄ごん湯エキス顆粒（医療用）,三物黄ごん湯エキス,１ｇ,7.4,
5200059D1036,ツムラ滋陰降火湯エキス顆粒（医療用）,滋陰降火湯エキス,１ｇ,17.9,
5200060D1020,ツムラ滋陰至宝湯エキス顆粒（医療用）,滋陰至宝湯エキス,１ｇ,15.1,
5200061D1025,ツムラ四逆散エキス顆粒（医療用）,四逆散エキス,１ｇ,16.8,
5200062C1024,〔東洋〕四君子湯エキス細粒,四君子湯エキス,１ｇ,26.8,
5200062D1020,ツムラ四君子湯エキス顆粒（医療用）,四君子湯エキス,１ｇ,28.2,
5200062F1020,オースギ四君子湯エキス錠,四君子湯エキス,１錠,10.8,
5200063C1029,コタロー梔子柏皮湯エキス細粒,梔子柏皮湯エキス,１ｇ,9.5,
5200064C1023,〔東洋〕七物降下湯エキス細粒,七物降下湯エキス,１ｇ,10.4,
5200064D1029,オースギ七物降下湯エキスＧ,七物降下湯エキス,１ｇ,9.6,
5200064D1045,ツムラ七物降下湯エキス顆粒（医療用）,七物降下湯エキス,１ｇ,13.1,
5200065C1036,コタロー四物湯エキス細粒,四物湯エキス,１ｇ,12.1,
5200065C1044,ジュンコウ　四物湯ＦＣエキス細粒　医療用,四物湯エキス,１ｇ,9.6,
5200065C1052,クラシエ四物湯エキス細粒,四物湯エキス,１ｇ,12.5,
5200065D1023,太虎堂の四物湯エキス顆粒,四物湯エキス,１ｇ,10.8,
5200065D1031,ツムラ四物湯エキス顆粒（医療用）,四物湯エキス,１ｇ,13.5,
5200065D1066,本草四物湯エキス顆粒－Ｍ,四物湯エキス,１ｇ,8.6,
5200065F1059,クラシエ四物湯エキス錠,四物湯エキス,１錠,6.3,
5200066C1022,コタロー炙甘草湯エキス細粒,炙甘草湯エキス,１ｇ,14.7,
5200066D1036,ツムラ炙甘草湯エキス顆粒（医療用）,炙甘草湯エキス,１ｇ,29.4,
5200067C1035,コタロー芍薬甘草湯エキス細粒,芍薬甘草湯エキス,１ｇ,9,
5200067C1043,ジュンコウ　芍薬甘草湯ＦＣエキス細粒　医療用,芍薬甘草湯エキス,１ｇ,15.3,
5200067C1051,〔東洋〕芍薬甘草湯エキス細粒,芍薬甘草湯エキス,１ｇ,12.4,
5200067C1060,クラシエ芍薬甘草湯エキス細粒,芍薬甘草湯エキス,１ｇ,10.8,
5200067D1049,ツムラ芍薬甘草湯エキス顆粒（医療用）,芍薬甘草湯エキス,１ｇ,10.4,
5200067D1065,本草芍薬甘草湯エキス顆粒－Ｍ,芍薬甘草湯エキス,１ｇ,8,
5200068C1021,三和芍薬甘草附子湯エキス細粒,芍薬甘草附子湯エキス,１ｇ,19.5,
5200069C1034,コタロー十全大補湯エキス細粒,十全大補湯エキス,１ｇ,7,
5200069C1042,三和十全大補湯エキス細粒,十全大補湯エキス,１ｇ,12,
5200069C1050,ジュンコウ　十全大補湯ＦＣエキス細粒　医療用,十全大補湯エキス,１ｇ,14.5,
5200069C1069,〔東洋〕十全大補湯エキス細粒,十全大補湯エキス,１ｇ,16.7,
5200069C1077,クラシエ十全大補湯エキス細粒,十全大補湯エキス,１ｇ,21,
5200069D1021,オースギ十全大補湯エキスＧ,十全大補湯エキス,１ｇ,7.2,
5200069D1048,ツムラ十全大補湯エキス顆粒（医療用）,十全大補湯エキス,１ｇ,18.4,
5200069D1072,本草十全大補湯エキス顆粒－Ｍ,十全大補湯エキス,１ｇ,11.4,
5200070C1037,コタロー十味敗毒湯エキス細粒,十味敗毒湯エキス,１ｇ,16.8,
5200070C1045,三和十味敗毒湯エキス細粒,十味敗毒湯エキス,１ｇ,11.7,
5200070C1053,〔東洋〕十味敗毒湯エキス細粒,十味敗毒湯エキス,１ｇ,16.8,
5200070C1061,クラシエ十味敗毒湯エキス細粒,十味敗毒湯エキス,１ｇ,16.4,
5200070D1024,オースギ十味敗毒湯エキスＧ,十味敗毒湯エキス,１ｇ,9.6,
5200070D1059,ＪＰＳ十味敗毒湯エキス顆粒〔調剤用〕,十味敗毒湯エキス,１ｇ,10.5,
5200070D1091,太虎堂の十味敗毒湯エキス顆粒,十味敗毒湯エキス,１ｇ,16.5,
5200070D1105,ツムラ十味敗毒湯エキス顆粒（医療用）,十味敗毒湯エキス,１ｇ,14.1,
5200070D1130,本草十味敗毒湯エキス顆粒－Ｍ,十味敗毒湯エキス,１ｇ,8.7,
5200070F1033,クラシエ十味敗毒湯エキス錠,十味敗毒湯エキス,１錠,6.3,
5200071D1029,太虎堂の潤腸湯エキス顆粒,潤腸湯エキス,１ｇ,15.2,
5200071D1037,ツムラ潤腸湯エキス顆粒（医療用）,潤腸湯エキス,１ｇ,15.2,
5200072C1028,コタロー小建中湯エキス細粒,小建中湯エキス,１ｇ,6.9,
5200072D1023,オースギ小建中湯エキスＧ,小建中湯エキス,１ｇ,6.9,
5200072D1058,ツムラ小建中湯エキス顆粒（医療用）,小建中湯エキス,１ｇ,6.9,
5200073C1030,コタロー小柴胡湯エキス細粒,小柴胡湯エキス,１ｇ,23.1,
5200073C1049,三和小柴胡湯エキス細粒,小柴胡湯エキス,１ｇ,18.7,
5200073C1057,ジュンコウ　小柴胡湯ＦＣエキス細粒　医療用,小柴胡湯エキス,１ｇ,34.9,
5200073C1065,〔東洋〕小柴胡湯エキス細粒,小柴胡湯エキス,１ｇ,28,
5200073C1081,クラシエ小柴胡湯エキス細粒,小柴胡湯エキス,１ｇ,30.5,
5200073D1028,オースギ小柴胡湯エキスＧ,小柴胡湯エキス,１ｇ,19.7,
5200073D1087,ＪＰＳ小柴胡湯エキス顆粒〔調剤用〕,小柴胡湯エキス,１ｇ,20.3,
5200073D1109,太虎堂の小柴胡湯エキス顆粒,小柴胡湯エキス,１ｇ,24.3,
5200073D1117,ツムラ小柴胡湯エキス顆粒（医療用）,小柴胡湯エキス,１ｇ,29.4,
5200073D1150,本草小柴胡湯エキス顆粒－Ｍ,小柴胡湯エキス,１ｇ,17.9,
5200073F1029,オースギ小柴胡湯エキスＴ錠,小柴胡湯エキス,１錠,8.1,
5200073F1061,クラシエ小柴胡湯エキス錠,小柴胡湯エキス,１錠,11.9,
5200074D1022,ツムラ小柴胡湯加桔梗石膏エキス顆粒（医療用）,小柴胡湯加桔梗石膏エキス,１ｇ,37.1,
5200075C1030,コタロー小青竜湯エキス細粒,小青竜湯エキス,１ｇ,11.6,
5200075C1048,三和小青竜湯エキス細粒,小青竜湯エキス,１ｇ,9.5,
5200075C1056,クラシエ小青竜湯エキス細粒,小青竜湯エキス,１ｇ,24.1,
5200075D1027,オースギ小青竜湯エキスＧ,小青竜湯エキス,１ｇ,8.8,
5200075D1060,ＪＰＳ小青竜湯エキス顆粒〔調剤用〕,小青竜湯エキス,１ｇ,18.5,
5200075D1078,太虎堂の小青竜湯エキス顆粒,小青竜湯エキス,１ｇ,17.1,
5200075D1086,ツムラ小青竜湯エキス顆粒（医療用）,小青竜湯エキス,１ｇ,12.8,
5200075D1116,本草小青龍湯エキス顆粒－Ｍ,小青竜湯エキス,１ｇ,10.4,
5200075F1028,オースギ小青竜湯エキスＴ錠,小青竜湯エキス,１錠,6.3,
5200075F1052,クラシエ小青竜湯エキス錠,小青竜湯エキス,１錠,9.2,
5200076C1034,コタロー小半夏加茯苓湯エキス細粒,小半夏加茯苓湯エキス,１ｇ,12.8,
5200076C1050,クラシエ小半夏加茯苓湯エキス細粒,小半夏加茯苓湯エキス,１ｇ,18.2,
5200076D1030,ツムラ小半夏加茯苓湯エキス顆粒（医療用）,小半夏加茯苓湯エキス,１ｇ,10.7,
5200076D1056,本草小半夏加茯苓湯エキス顆粒－Ｍ,小半夏加茯苓湯エキス,１ｇ,9.8,
5200076D1064,オースギ小半夏加茯苓湯エキスＧ,小半夏加茯苓湯エキス,１ｇ,18.7,
5200077C1020,コタロー消風散エキス細粒,消風散エキス,１ｇ,7.2,
5200077D1026,オースギ消風散エキスＧ,消風散エキス,１ｇ,6.9,
5200077D1034,ツムラ消風散エキス顆粒（医療用）,消風散エキス,１ｇ,12.1,
5200078D1020,ツムラ升麻葛根湯エキス顆粒（医療用）,升麻葛根湯エキス,１ｇ,6.9,
5200079C1020,オースギ四苓湯細粒（調剤用）,四苓湯,１ｇ,17.9,
5200080C1030,コタロー辛夷清肺湯エキス細粒,辛夷清肺湯エキス,１ｇ,8.5,
5200080C1049,クラシエ辛夷清肺湯エキス細粒,辛夷清肺湯エキス,１ｇ,18.6,
5200080D1028,オースギ辛夷清肺湯エキスＧ,辛夷清肺湯エキス,１ｇ,6.9,
5200080D1044,ツムラ辛夷清肺湯エキス顆粒（医療用）,辛夷清肺湯エキス,１ｇ,15.5,
5200081D1022,太虎堂の参蘇飲エキス顆粒,参蘇飲エキス,１ｇ,16.7,
5200081D1030,ツムラ参蘇飲エキス顆粒（医療用）,参蘇飲エキス,１ｇ,19.2,
5200082C1030,コタロー神秘湯エキス細粒,神秘湯エキス,１ｇ,15,
5200082C1048,〔東洋〕神秘湯エキス細粒,神秘湯エキス,１ｇ,18.5,
5200082C1056,クラシエ神秘湯エキス細粒,神秘湯エキス,１ｇ,17.4,
5200082D1027,オースギ神秘湯エキスＧ,神秘湯エキス,１ｇ,13.8,
5200082D1043,ツムラ神秘湯エキス顆粒（医療用）,神秘湯エキス,１ｇ,14.8,
5200082D1051,本草神秘湯エキス顆粒－Ｍ,神秘湯エキス,１ｇ,12.7,
5200083C1026,コタロー真武湯エキス細粒,真武湯エキス,１ｇ,11.3,
5200083C1034,三和真武湯エキス細粒,真武湯エキス,１ｇ,17.7,
5200083D1021,ＪＰＳ真武湯エキス顆粒〔調剤用〕,真武湯エキス,１ｇ,9.8,
5200083D1030,ツムラ真武湯エキス顆粒（医療用）,真武湯エキス,１ｇ,13.1,
5200084D1026,オースギ清上防風湯エキスＧ,清上防風湯エキス,１ｇ,7.2,
5200084D1034,ツムラ清上防風湯エキス顆粒（医療用）,清上防風湯エキス,１ｇ,12.3,
5200085D1020,ツムラ清暑益気湯エキス顆粒（医療用）,清暑益気湯エキス,１ｇ,21.6,
5200086C1020,ジュンコウ　清心蓮子飲ＦＣエキス細粒　医療用,清心蓮子飲エキス,１ｇ,26.2,
5200086C1038,〔東洋〕清心連子飲エキス細粒,清心蓮子飲エキス,１ｇ,22.6,
5200086D1033,ツムラ清心蓮子飲エキス顆粒（医療用）,清心蓮子飲エキス,１ｇ,29,
5200087D1020,ツムラ清肺湯エキス顆粒（医療用）,清肺湯エキス,１ｇ,17.1,
5200088D1024,オースギ川きゅう茶調散料エキスＴＧ,川きゅう茶調散エキス,１ｇ,10.8,
5200088D1032,ツムラ川きゅう茶調散エキス顆粒（医療用）,川きゅう茶調散エキス,１ｇ,13.2,
5200089D1029,オースギ疎経活血湯エキスＧ,疎経活血湯エキス,１ｇ,10.1,
5200089D1037,太虎堂の疎経活血湯エキス顆粒,疎経活血湯エキス,１ｇ,16.2,
5200089D1045,ツムラ疎経活血湯エキス顆粒（医療用）,疎経活血湯エキス,１ｇ,16.2,
5200090D1021,オースギ大黄甘草湯エキスＧ,大黄甘草湯エキス,１ｇ,14.8,
5200090D1030,ツムラ大黄甘草湯エキス顆粒（医療用）,大黄甘草湯エキス,１ｇ,8,
5200090F1022,オースギ大黄甘草湯エキスＴ錠,大黄甘草湯エキス,１錠,7,
5200091C1020,コタロー大黄牡丹皮湯エキス細粒,大黄牡丹皮湯エキス,１ｇ,10.5,
5200091D1026,ツムラ大黄牡丹皮湯エキス顆粒（医療用）,大黄牡丹皮湯エキス,１ｇ,13.1,
5200092C1025,コタロー大建中湯エキス細粒,大建中湯エキス,１ｇ,8.9,
5200092D1020,ツムラ大建中湯エキス顆粒（医療用）,大建中湯エキス,１ｇ,13.7,
5200093C1038,コタロー大柴胡湯エキス細粒,大柴胡湯エキス,１ｇ,14.7,
5200093C1046,三和大柴胡湯エキス細粒,大柴胡湯エキス,１ｇ,16.3,
5200093C1054,ジュンコウ　大柴胡湯ＦＣエキス細粒　医療用,大柴胡湯エキス,１ｇ,27.2,
5200093C1062,〔東洋〕大柴胡湯エキス細粒,大柴胡湯エキス,１ｇ,28,
5200093C1070,クラシエ大柴胡湯エキス細粒,大柴胡湯エキス,１ｇ,22.3,
5200093D1025,オースギ大柴胡湯エキスＧ,大柴胡湯エキス,１ｇ,15.2,
5200093D1041,ＪＰＳ大柴胡湯エキス顆粒〔調剤用〕,大柴胡湯エキス,１ｇ,15.6,
5200093D1068,太虎堂の大柴胡湯エキス顆粒,大柴胡湯エキス,１ｇ,19.1,
5200093D1092,ツムラ大柴胡湯エキス顆粒（医療用）,大柴胡湯エキス,１ｇ,21.9,
5200093D1122,本草大柴胡湯エキス顆粒－Ｍ,大柴胡湯エキス,１ｇ,14,
5200093F1026,オースギ大柴胡湯エキスＴ錠,大柴胡湯エキス,１錠,6.6,
5200093F1069,クラシエ大柴胡湯エキス錠,大柴胡湯エキス,１錠,8.5,
5200094C1024,コタロー大柴胡湯去大黄エキス細粒,大柴胡湯去大黄エキス,１ｇ,18.4,
5200094C1032,三和大柴胡去大黄湯エキス細粒,大柴胡湯去大黄エキス,１ｇ,18.4,
5200095C1029,コタロー大承気湯エキス細粒,大承気湯エキス,１ｇ,11.1,
5200095D1024,ツムラ大承気湯エキス顆粒（医療用）,大承気湯エキス,１ｇ,10.8,
5200096C1023,三和大防風湯エキス細粒,大防風湯エキス,１ｇ,24,
5200096D1029,ツムラ大防風湯エキス顆粒（医療用）,大防風湯エキス,１ｇ,20.9,
5200097D1023,ツムラ竹じょ温胆湯エキス顆粒（医療用）,竹じょ温胆湯エキス,１ｇ,28.7,
5200098D1028,ツムラ治打撲一方エキス顆粒（医療用）,治打撲一方エキス,１ｇ,8.3,
5200099D1022,ツムラ治頭瘡一方エキス顆粒（医療用）,治頭瘡一方エキス,１ｇ,12.8,
5200100D1027,ツムラ調胃承気湯エキス顆粒（医療用）,調胃承気湯エキス,１ｇ,6.9,
5200101D1030,ツムラ釣藤散エキス顆粒（医療用）,釣藤散エキス,１ｇ,34.7,
5200102C1020,コタロー腸癰湯エキス細粒,腸癰湯エキス,１ｇ,13.4,
5200103C1033,コタロー猪苓湯エキス細粒,猪苓湯エキス,１ｇ,13.5,
5200103C1041,三和猪苓湯エキス細粒,猪苓湯エキス,１ｇ,10.4,
5200103C1068,〔東洋〕猪苓湯エキス細粒,猪苓湯エキス,１ｇ,13.9,
5200103C1092,クラシエ猪苓湯エキス細粒,猪苓湯エキス,１ｇ,14.8,
5200103D1020,オースギ猪苓湯エキスＧ,猪苓湯エキス,１ｇ,11,
5200103D1047,ＪＰＳ猪苓湯エキス顆粒〔調剤用〕,猪苓湯エキス,１ｇ,11.2,
5200103D1063,太虎堂の猪苓湯エキス顆粒,猪苓湯エキス,１ｇ,17,
5200103D1101,ツムラ猪苓湯エキス顆粒（医療用）,猪苓湯エキス,１ｇ,13.7,
5200103D1144,本草猪苓湯エキス顆粒－Ｍ,猪苓湯エキス,１ｇ,9.8,
5200104D1025,ツムラ猪苓湯合四物湯エキス顆粒（医療用）,猪苓湯合四物湯エキス,１ｇ,22.9,
5200105C1024,コタロー通導散エキス細粒,通導散エキス,１ｇ,8.9,
5200105D1020,太虎堂の通導散エキス顆粒,通導散エキス,１ｇ,11.1,
5200105D1038,ツムラ通導散エキス顆粒（医療用）,通導散エキス,１ｇ,14.6,
5200106C1037,コタロー桃核承気湯エキス細粒,桃核承気湯エキス,１ｇ,12.8,
5200106C1045,ジュンコウ　桃核承気湯ＦＣエキス細粒　医療用,桃核承気湯エキス,１ｇ,15.8,
5200106C1053,クラシエ桃核承気湯エキス細粒,桃核承気湯エキス,１ｇ,13.4,
5200106D1024,オースギ桃核承気湯エキスＧ,桃核承気湯エキス,１ｇ,16.9,
5200106D1040,ＪＰＳ桃核承気湯エキス顆粒〔調剤用〕,桃核承気湯エキス,１ｇ,9.3,
5200106D1059,ツムラ桃核承気湯エキス顆粒（医療用）,桃核承気湯エキス,１ｇ,12.8,
5200106D1091,本草桃核承気湯エキス顆粒－Ｍ,桃核承気湯エキス,１ｇ,10.2,
5200106F1041,クラシエ桃核承気湯エキス錠,桃核承気湯エキス,１錠,6.3,
5200107D1029,ツムラ当帰湯エキス顆粒（医療用）,当帰湯エキス,１ｇ,31,
5200108D1023,ツムラ当帰飲子エキス顆粒（医療用）,当帰飲子エキス,１ｇ,21,
5200109D1028,ツムラ当帰建中湯エキス顆粒（医療用）,当帰建中湯エキス,１ｇ,14.6,
5200110C1033,コタロー当帰四逆加呉茱萸生姜湯エキス細粒,当帰四逆加呉茱萸生姜湯エキス,１ｇ,11.3,
5200110C1041,クラシエ当帰四逆加呉茱萸生姜湯エキス細粒,当帰四逆加呉茱萸生姜湯エキス,１ｇ,13.6,
5200110D1020,オースギ当帰四逆加呉茱萸生姜湯エキスＧ,当帰四逆加呉茱萸生姜湯エキス,１ｇ,12.2,
5200110D1047,ツムラ当帰四逆加呉茱萸生姜湯エキス顆粒（医療用）,当帰四逆加呉茱萸生姜湯エキス,１ｇ,16.6,
5200111B1032,太虎堂の当帰芍薬散料エキス散,当帰芍薬散エキス,１ｇ,7,
5200111C1038,コタロー当帰芍薬散料エキス細粒,当帰芍薬散エキス,１ｇ,9.5,
5200111C1046,三和当帰芍薬散料エキス細粒,当帰芍薬散エキス,１ｇ,10.5,
5200111C1054,ジュンコウ　当帰芍薬散料ＦＣエキス細粒　医療用,当帰芍薬散エキス,１ｇ,18.2,
5200111C1062,〔東洋〕当帰芍薬散料エキス細粒,当帰芍薬散エキス,１ｇ,10.8,
5200111C1089,クラシエ当帰芍薬散料エキス細粒,当帰芍薬散エキス,１ｇ,15.5,
5200111D1025,オースギ当帰芍薬散料エキスＧ,当帰芍薬散エキス,１ｇ,11.6,
5200111D1041,ＪＰＳ当帰芍薬散料エキス顆粒〔調剤用〕,当帰芍薬散エキス,１ｇ,12.2,
5200111D1068,太虎堂の当帰芍薬散料エキス顆粒,当帰芍薬散エキス,１ｇ,11.6,
5200111D1076,ツムラ当帰芍薬散エキス顆粒（医療用）,当帰芍薬散エキス,１ｇ,14.9,
5200111D1157,本草当帰芍薬散料エキス顆粒－Ｍ,当帰芍薬散エキス,１ｇ,11.6,
5200111F1026,オースギ当帰芍薬散料エキスＴ錠,当帰芍薬散エキス,１錠,6.3,
5200112C1024,三和当帰芍薬散加附子エキス細粒,当帰芍薬散加附子エキス,１ｇ,17.6,
5200113D1024,ツムラ二朮湯エキス顆粒（医療用）,二朮湯エキス,１ｇ,11.5,
5200114C1023,〔東洋〕二陳湯エキス細粒,二陳湯エキス,１ｇ,16.1,
5200114D1029,ツムラ二陳湯エキス顆粒（医療用）,二陳湯エキス,１ｇ,14.9,
5200115D1023,ツムラ女神散エキス顆粒（医療用）,女神散エキス,１ｇ,21.8,
5200116C1030,コタロー人参湯エキス細粒,人参湯エキス,１ｇ,12.8,
5200116C1049,〔東洋〕人参湯エキス細粒,人参湯エキス,１ｇ,25.8,
5200116C1057,本草人参湯エキス細粒,人参湯エキス,１ｇ,9.5,
5200116C1065,クラシエ人参湯エキス細粒,人参湯エキス,１ｇ,17.4,
5200116D1028,オースギ人参湯エキスＧ,人参湯エキス,１ｇ,8.2,
5200116D1052,太虎堂の人参湯エキス顆粒,人参湯エキス,１ｇ,12.6,
5200116D1060,ツムラ人参湯エキス顆粒（医療用）,人参湯エキス,１ｇ,13.9,
5200117C1035,コタロー人参養栄湯エキス細粒,人参養栄湯エキス,１ｇ,11.2,
5200117C1043,クラシエ人参養栄湯エキス細粒,人参養栄湯エキス,１ｇ,22.2,
5200117D1022,オースギ人参養栄湯エキスＧ,人参養栄湯エキス,１ｇ,8.1,
5200117D1030,ツムラ人参養栄湯エキス顆粒（医療用）,人参養栄湯エキス,１ｇ,20,
5200118C1021,コタロー排膿散及湯エキス細粒,排膿散及湯エキス,１ｇ,9.6,
5200118D1027,ツムラ排膿散及湯エキス顆粒（医療用）,排膿散及湯エキス,１ｇ,13.4,
5200119C1026,コタロー麦門冬湯エキス細粒,麦門冬湯エキス,１ｇ,6.9,
5200119C1034,ジュンコウ　麦門冬湯ＦＣエキス細粒　医療用,麦門冬湯エキス,１ｇ,18,
5200119D1021,ＪＰＳ麦門冬湯エキス顆粒〔調剤用〕,麦門冬湯エキス,１ｇ,11.9,
5200119D1030,ツムラ麦門冬湯エキス顆粒（医療用）,麦門冬湯エキス,１ｇ,16.5,
5200120C1029,コタロー八味丸料エキス細粒,八味丸エキス,１ｇ,6.9,
5200120D1032,本草八味丸料エキス顆粒－Ｍ,八味丸エキス,１ｇ,8.7,
5200120L1029,ウチダの八味丸Ｍ,八味丸,１０丸,10.2,
5200121C1031,三和八味地黄丸料エキス細粒,八味地黄丸エキス,１ｇ,12.6,
5200121C1040,クラシエ八味地黄丸料エキス細粒,八味地黄丸エキス,１ｇ,15.5,
5200121D1029,オースギ八味地黄丸料エキスＧ,八味地黄丸エキス,１ｇ,6.9,
5200121D1037,ＪＰＳ八味地黄丸料エキス顆粒〔調剤用〕,八味地黄丸エキス,１ｇ,10.2,
5200121D1045,ツムラ八味地黄丸エキス顆粒（医療用）,八味地黄丸エキス,１ｇ,9.8,
5200121F1020,オースギ八味地黄丸料エキスＴ錠,八味地黄丸エキス,１錠,6.3,
5200121F1046,クラシエ八味地黄丸料エキス錠,八味地黄丸エキス,１錠,7.4,
5200122C1036,コタロー半夏厚朴湯エキス細粒,半夏厚朴湯エキス,１ｇ,16.5,
5200122C1044,三和半夏厚朴湯エキス細粒,半夏厚朴湯エキス,１ｇ,21.2,
5200122C1052,ジュンコウ　半夏厚朴湯ＦＣエキス細粒　医療用,半夏厚朴湯エキス,１ｇ,24.2,
5200122C1060,〔東洋〕半夏厚朴湯エキス細粒,半夏厚朴湯エキス,１ｇ,16.5,
5200122C1079,クラシエ半夏厚朴湯エキス細粒,半夏厚朴湯エキス,１ｇ,16.5,
5200122D1023,オースギ半夏厚朴湯エキスＧ,半夏厚朴湯エキス,１ｇ,33.3,
5200122D1040,ＪＰＳ半夏厚朴湯エキス顆粒〔調剤用〕,半夏厚朴湯エキス,１ｇ,11.7,
5200122D1066,太虎堂の半夏厚朴湯エキス顆粒,半夏厚朴湯エキス,１ｇ,15.8,
5200122D1074,ツムラ半夏厚朴湯エキス顆粒（医療用）,半夏厚朴湯エキス,１ｇ,14.6,
5200122D1112,本草半夏厚朴湯エキス顆粒－Ｍ,半夏厚朴湯エキス,１ｇ,13.1,
5200122F1024,オースギ半夏厚朴湯エキスＴ錠,半夏厚朴湯エキス,１錠,9.5,
5200122F1067,クラシエ半夏厚朴湯エキス錠,半夏厚朴湯エキス,１錠,8.6,
5200123C1030,コタロー半夏瀉心湯エキス細粒,半夏瀉心湯エキス,１ｇ,16.5,
5200123C1049,三和半夏瀉心湯エキス細粒,半夏瀉心湯エキス,１ｇ,14.7,
5200123C1057,ジュンコウ　半夏瀉心湯ＦＣエキス細粒　医療用,半夏瀉心湯エキス,１ｇ,21.1,
5200123C1065,〔東洋〕半夏瀉心湯エキス細粒,半夏瀉心湯エキス,１ｇ,26.6,
5200123C1081,クラシエ半夏瀉心湯エキス細粒,半夏瀉心湯エキス,１ｇ,24.2,
5200123D1028,オースギ半夏瀉心湯エキスＧ,半夏瀉心湯エキス,１ｇ,14.7,
5200123D1052,ＪＰＳ半夏瀉心湯エキス顆粒〔調剤用〕,半夏瀉心湯エキス,１ｇ,17.4,
5200123D1060,太虎堂の半夏瀉心湯エキス顆粒,半夏瀉心湯エキス,１ｇ,15.5,
5200123D1079,ツムラ半夏瀉心湯エキス顆粒（医療用）,半夏瀉心湯エキス,１ｇ,22.3,
5200123D1125,本草半夏瀉心湯エキス顆粒－Ｍ,半夏瀉心湯エキス,１ｇ,13.3,
5200123F1053,クラシエ半夏瀉心湯エキス錠,半夏瀉心湯エキス,１錠,9.7,
5200124C1035,コタロー半夏白朮天麻湯エキス細粒,半夏白朮天麻湯エキス,１ｇ,13.5,
5200124C1043,三和半夏白朮天麻湯エキス細粒,半夏白朮天麻湯エキス,１ｇ,16,
5200124C1051,クラシエ半夏白朮天麻湯エキス細粒,半夏白朮天麻湯エキス,１ｇ,23.6,
5200124D1022,ツムラ半夏白朮天麻湯エキス顆粒（医療用）,半夏白朮天麻湯エキス,１ｇ,23.2,
5200125C1030,コタロー白虎加人参湯エキス細粒,白虎加人参湯エキス,１ｇ,9.1,
5200125C1048,クラシエ白虎加人参湯エキス細粒,白虎加人参湯エキス,１ｇ,25.1,
5200125D1035,ツムラ白虎加人参湯エキス顆粒（医療用）,白虎加人参湯エキス,１ｇ,17.7,
5200125F1036,クラシエ白虎加人参湯エキス錠,白虎加人参湯エキス,１錠,13.5,
5200126C1026,コタロー茯苓飲エキス細粒,茯苓飲エキス,１ｇ,22.4,
5200126D1021,ツムラ茯苓飲エキス顆粒（医療用）,茯苓飲エキス,１ｇ,21.6,
5200127D1026,ツムラ茯苓飲合半夏厚朴湯エキス顆粒（医療用）,茯苓飲合半夏厚朴湯エキス,１ｇ,31.2,
5200128C1025,コタロー平胃散エキス細粒,平胃散エキス,１ｇ,10.1,
5200128D1020,オースギ平胃散料エキスＧ,平胃散エキス,１ｇ,8.9,
5200128D1047,ツムラ平胃散エキス顆粒（医療用）,平胃散エキス,１ｇ,12.2,
5200128D1080,本草平胃散料エキス顆粒－Ｍ,平胃散エキス,１ｇ,7.1,
5200129C1038,コタロー防已黄耆湯エキス細粒,防已黄耆湯エキス,１ｇ,6.9,
5200129C1046,ジュンコウ　防已黄耆湯ＦＣエキス細粒　医療用,防已黄耆湯エキス,１ｇ,9,
5200129C1062,クラシエ防已黄耆湯エキス細粒,防已黄耆湯エキス,１ｇ,10.1,
5200129D1025,オースギ防已黄耆湯エキスＧ,防已黄耆湯エキス,１ｇ,6.9,
5200129D1041,ＪＰＳ防已黄耆湯エキス顆粒〔調剤用〕,防已黄耆湯エキス,１ｇ,7.7,
5200129D1068,太虎堂の防已黄耆湯エキス顆粒,防已黄耆湯エキス,１ｇ,9.8,
5200129D1076,ツムラ防已黄耆湯エキス顆粒（医療用）,防已黄耆湯エキス,１ｇ,9.6,
5200129D1106,本草防已黄耆湯エキス顆粒－Ｍ,防已黄耆湯エキス,１ｇ,9.5,
5200129F1042,クラシエ防已黄耆湯エキス錠,防已黄耆湯エキス,１錠,6.3,
5200130C1030,コタロー防風通聖散エキス細粒,防風通聖散エキス,１ｇ,9.6,
5200130C1049,三和防風通聖散料エキス細粒,防風通聖散エキス,１ｇ,9.6,
5200130C1057,〔東洋〕防風通聖散料エキス細粒,防風通聖散エキス,１ｇ,11,
5200130C1065,クラシエ防風通聖散料エキス細粒,防風通聖散エキス,１ｇ,10.1,
5200130D1028,オースギ防風通聖散エキスＧ,防風通聖散エキス,１ｇ,10.4,
5200130D1044,ＪＰＳ防風通聖散料エキス顆粒〔調剤用〕,防風通聖散エキス,１ｇ,11,
5200130D1052,太虎堂の防風通聖散料エキス顆粒,防風通聖散エキス,１ｇ,10.5,
5200130D1060,ツムラ防風通聖散エキス顆粒（医療用）,防風通聖散エキス,１ｇ,13.8,
5200130D1087,本草防風通聖散エキス顆粒－Ｍ,防風通聖散エキス,１ｇ,8.9,
5200130F1037,クラシエ防風通聖散エキス錠,防風通聖散エキス,１錠,6.3,
5200131B1021,太虎堂の補中益気湯エキス散,補中益気湯エキス,１ｇ,18.9,
5200131C1035,コタロー補中益気湯エキス細粒,補中益気湯エキス,１ｇ,10.9,
5200131C1043,三和補中益気湯エキス細粒,補中益気湯エキス,１ｇ,13.8,
5200131C1051,ジュンコウ　補中益気湯ＦＣエキス細粒　医療用,補中益気湯エキス,１ｇ,20.9,
5200131C1060,〔東洋〕補中益気湯エキス細粒,補中益気湯エキス,１ｇ,20.9,
5200131C1078,クラシエ補中益気湯エキス細粒,補中益気湯エキス,１ｇ,20.2,
5200131D1022,オースギ補中益気湯エキスＧ,補中益気湯エキス,１ｇ,8.9,
5200131D1049,ＪＰＳ補中益気湯エキス顆粒〔調剤用〕,補中益気湯エキス,１ｇ,16.6,
5200131D1057,太虎堂の補中益気湯エキス顆粒,補中益気湯エキス,１ｇ,14.4,
5200131D1065,ツムラ補中益気湯エキス顆粒（医療用）,補中益気湯エキス,１ｇ,22.4,
5200131D1120,本草補中益気湯エキス顆粒－Ｍ,補中益気湯エキス,１ｇ,15.2,
5200131F1031,ジュンコウ　補中益気湯ＦＣエキス錠　医療用,補中益気湯エキス,１錠,8.2,
5200132C1030,コタロー麻黄湯エキス細粒,麻黄湯エキス,１ｇ,11,
5200132C1048,ジュンコウ　麻黄湯ＦＣエキス細粒　医療用,麻黄湯エキス,１ｇ,13.7,
5200132C1064,クラシエ麻黄湯エキス細粒,麻黄湯エキス,１ｇ,12.2,
5200132D1035,ツムラ麻黄湯エキス顆粒（医療用）,麻黄湯エキス,１ｇ,11.4,
5200132D1060,本草麻黄湯エキス顆粒－Ｓ,麻黄湯エキス,１ｇ,8.6,
5200133C1026,三和麻黄附子細辛湯エキス細粒,麻黄附子細辛湯エキス,１ｇ,32.4,
5200133D1021,ツムラ麻黄附子細辛湯エキス顆粒（医療用）,麻黄附子細辛湯エキス,１ｇ,18.4,
5200133M1021,コタロー麻黄附子細辛湯エキスカプセル,麻黄附子細辛湯エキス,１カプセル,25,
5200134C1020,コタロー麻杏甘石湯エキス細粒,麻杏甘石湯エキス,１ｇ,12.6,
5200134C1039,ジュンコウ　麻杏甘石湯ＦＣエキス細粒　医療用,麻杏甘石湯エキス,１ｇ,14.4,
5200134D1026,オースギ麻杏甘石湯エキスＧ,麻杏甘石湯エキス,１ｇ,11.9,
5200134D1042,ツムラ麻杏甘石湯エキス顆粒（医療用）,麻杏甘石湯エキス,１ｇ,10.8,
5200134D1077,本草麻杏甘石湯エキス顆粒－Ｍ,麻杏甘石湯エキス,１ｇ,6.9,
5200135C1033,コタロー麻杏よく甘湯エキス細粒,麻杏よく甘湯エキス,１ｇ,8.3,
5200135C1041,三和麻杏よく甘湯エキス細粒,麻杏よく甘湯エキス,１ｇ,8.4,
5200135C1050,クラシエ麻杏よく甘湯エキス細粒,麻杏よく甘湯エキス,１ｇ,11.1,
5200135D1020,オースギ麻杏よく甘湯エキスＧ,麻杏よく甘湯エキス,１ｇ,9.2,
5200135D1039,ＪＰＳ麻杏よく甘湯エキス顆粒〔調剤用〕,麻杏よく甘湯エキス,１ｇ,9.9,
5200135D1047,ツムラ麻杏よく甘湯エキス顆粒（医療用）,麻杏よく甘湯エキス,１ｇ,8.7,
5200136C1020,コタロー麻子仁丸料エキス細粒,麻子仁丸エキス,１ｇ,12.9,
5200136D1025,オースギ麻子仁丸料エキスＧ,麻子仁丸エキス,１ｇ,12.3,
5200136D1033,ツムラ麻子仁丸エキス顆粒（医療用）,麻子仁丸エキス,１ｇ,9.9,
5200137C1024,コタロー木防已湯エキス細粒,木防已湯エキス,１ｇ,14.2,
5200137C1032,三和木防已湯エキス細粒,木防已湯エキス,１ｇ,25.4,
5200137D1020,ツムラ木防已湯エキス顆粒（医療用）,木防已湯エキス,１ｇ,13.2,
5200138C1037,ジュンコウ　よく苡仁湯ＦＣエキス細粒　医療用,よく苡仁湯エキス,１ｇ,15.5,
5200138C1045,〔東洋〕よく苡仁湯エキス細粒,よく苡仁湯エキス,１ｇ,10.4,
5200138C1053,クラシエよく苡仁湯エキス細粒,よく苡仁湯エキス,１ｇ,13.1,
5200138D1024,オースギよく苡仁湯エキスＴＧ,よく苡仁湯エキス,１ｇ,10.4,
5200138D1059,ツムラよく苡仁湯エキス顆粒（医療用）,よく苡仁湯エキス,１ｇ,15.8,
5200138D1067,本草よく苡仁湯エキス顆粒－Ｍ,よく苡仁湯エキス,１ｇ,9.9,
5200138F1041,クラシエよく苡仁湯エキス錠,よく苡仁湯エキス,１錠,6.3,
5200139D1029,オースギ抑肝散料エキスＴＧ,抑肝散エキス,１ｇ,12,
5200139D1037,ツムラ抑肝散エキス顆粒（医療用）,抑肝散エキス,１ｇ,16.1,
5200140C1034,コタロー抑肝散加陳皮半夏エキス細粒,抑肝散加陳皮半夏エキス,１ｇ,9.3,
5200140C1042,クラシエ抑肝散加陳皮半夏エキス細粒,抑肝散加陳皮半夏エキス,１ｇ,16.7,
5200140D1021,ツムラ抑肝散加陳皮半夏エキス顆粒（医療用）,抑肝散加陳皮半夏エキス,１ｇ,14.4,
5200141C1039,コタロー六君子湯エキス細粒,六君子湯エキス,１ｇ,10.8,
5200141C1047,三和六君子湯エキス細粒,六君子湯エキス,１ｇ,14.5,
5200141C1055,〔東洋〕六君子湯エキス細粒,六君子湯エキス,１ｇ,22.4,
5200141C1063,クラシエ六君子湯エキス細粒,六君子湯エキス,１ｇ,22.6,
5200141D1026,オースギ六君子湯エキスＧ,六君子湯エキス,１ｇ,12.4,
5200141D1034,ツムラ六君子湯エキス顆粒（医療用）,六君子湯エキス,１ｇ,17.9,
5200141D1069,本草六君子湯エキス顆粒－Ｍ,六君子湯エキス,１ｇ,12.3,
5200142B1020,太虎堂の竜胆瀉肝湯エキス散,竜胆瀉肝湯エキス,１ｇ,6.9,
5200142C1025,コタロー竜胆瀉肝湯エキス細粒,竜胆瀉肝湯エキス,１ｇ,11,
5200142C1033,三和竜胆瀉肝湯エキス細粒,竜胆瀉肝湯エキス,１ｇ,9.7,
5200142C1041,ジュンコウ　龍胆瀉肝湯ＦＣエキス細粒　医療用,竜胆瀉肝湯エキス,１ｇ,10.5,
5200142C1050,太虎堂の竜胆瀉肝湯エキス細粒,竜胆瀉肝湯エキス,１ｇ,6.9,
5200142C1068,〔東洋〕龍胆瀉肝湯エキス細粒,竜胆瀉肝湯エキス,１ｇ,11.2,
5200142D1039,太虎堂の竜胆瀉肝湯エキス顆粒,竜胆瀉肝湯エキス,１ｇ,9.9,
5200142D1047,ツムラ竜胆瀉肝湯エキス顆粒（医療用）,竜胆瀉肝湯エキス,１ｇ,16.4,
5200143C1020,コタロー苓甘姜味辛夏仁湯エキス細粒,苓甘姜味辛夏仁湯エキス,１ｇ,20.3,
5200143D1025,ツムラ苓甘姜味辛夏仁湯エキス顆粒（医療用）,苓甘姜味辛夏仁湯エキス,１ｇ,30.2,
5200144C1024,コタロー苓姜朮甘湯エキス細粒,苓姜朮甘湯エキス,１ｇ,14.9,
5200144C1032,三和苓姜朮甘湯エキス細粒,苓姜朮甘湯エキス,１ｇ,13.2,
5200144D1020,ツムラ苓姜朮甘湯エキス顆粒（医療用）,苓姜朮甘湯エキス,１ｇ,12.5,
5200144D1046,本草苓姜朮甘湯エキス顆粒－Ｍ,苓姜朮甘湯エキス,１ｇ,9.6,
5200145C1037,コタロー苓桂朮甘湯エキス細粒,苓桂朮甘湯エキス,１ｇ,8.4,
5200145C1045,三和苓桂朮甘湯エキス細粒,苓桂朮甘湯エキス,１ｇ,11,
5200145C1053,ジュンコウ　苓桂朮甘湯ＦＣエキス細粒　医療用,苓桂朮甘湯エキス,１ｇ,10,
5200145C1061,〔東洋〕苓桂朮甘湯エキス細粒,苓桂朮甘湯エキス,１ｇ,11,
5200145C1070,クラシエ苓桂朮甘湯エキス細粒,苓桂朮甘湯エキス,１ｇ,11,
5200145D1024,オースギ苓桂朮甘湯エキスＴＧ,苓桂朮甘湯エキス,１ｇ,6.9,
5200145D1032,ＪＰＳ苓桂朮甘湯エキス顆粒〔調剤用〕,苓桂朮甘湯エキス,１ｇ,9.5,
5200145D1040,太虎堂の苓桂朮甘湯エキス顆粒,苓桂朮甘湯エキス,１ｇ,9.8,
5200145D1059,ツムラ苓桂朮甘湯エキス顆粒（医療用）,苓桂朮甘湯エキス,１ｇ,6.9,
5200145D1075,本草苓桂朮甘湯エキス顆粒－Ｍ,苓桂朮甘湯エキス,１ｇ,7.7,
5200145F1033,ジュンコウ　苓桂朮甘湯ＦＣエキス錠　医療用,苓桂朮甘湯エキス,１錠,6.3,
5200146C1031,クラシエ六味丸料エキス細粒,六味丸エキス,１ｇ,11.7,
5200146D1029,ツムラ六味丸エキス顆粒（医療用）,六味丸エキス,１ｇ,13.8,
5200147C1028,ジュンコウ　六味地黄丸料ＦＣエキス細粒　医療用,六味地黄丸エキス,１ｇ,13.2,
5200147C1036,〔東洋〕六味地黄丸料エキス細粒,六味地黄丸エキス,１ｇ,13.1,
5200148C1022,三和附子理中湯エキス細粒,附子人参湯エキス,１ｇ,20.9,
5200149D1022,ツムラ立効散エキス顆粒（医療用）,立効散エキス,１ｇ,10.3,
5900001A1025,花扇加工ブシ末Ｋ,ブシ末,１ｇ,9.8,
5900001A1033,本草加工ブシ末,ブシ末,１ｇ,9.8,
5900001A1041,オースギ加工ブシ末,ブシ末,１ｇ,9.8,
5900001F1022,アコニンサン錠,ブシ末,１６６．６７ｍｇ１錠,8.6,
5900001X1036,加工ブシ末「三和生薬」,ブシ末,１ｇ,17.1,
5900002A1020,小太郎漢方の炮附子末,ブシ末,１ｇ,10.7,
5900003B1020,ヨクイニンエキス散「コタロー」,ヨクイニンエキス,１ｇ,17.8,
5900003F1021,ヨクイニンエキス錠「コタロー」,ヨクイニンエキス,１錠,6.5,
5900004A1053,ブシ末（調剤用）「ツムラ」,ブシ末,１ｇ,12.2,
6112001M1031,ダラシンカプセル７５ｍｇ,クリンダマイシン塩酸塩,７５ｍｇ１カプセル,17.6,
6112001M2038,ダラシンカプセル１５０ｍｇ,クリンダマイシン塩酸塩,１５０ｍｇ１カプセル,23.8,
6112003M1030,リンコシンカプセル２５０ｍｇ,リンコマイシン塩酸塩水和物,２５０ｍｇ１カプセル,18.5,
6113001B1097,バンコマイシン塩酸塩散０．５ｇ「サワイ」,バンコマイシン塩酸塩,５００ｍｇ１瓶,1150.8,
6113001B1135,バンコマイシン塩酸塩散０．５ｇ「明治」,バンコマイシン塩酸塩,５００ｍｇ１瓶,1150.8,
6113001B1143,塩酸バンコマイシン散０．５ｇ（ＯＫ）,バンコマイシン塩酸塩,５００ｍｇ１瓶,864.4,R9.3.31まで
6113001B1151,バンコマイシン塩酸塩散０．５ｇ「ＶＴＲＳ」,バンコマイシン塩酸塩,５００ｍｇ１瓶,813,
6113001B1160,バンコマイシン塩酸塩散０．５ｇ「ＮＩＧ」,バンコマイシン塩酸塩,５００ｍｇ１瓶,909.6,
6119001F1025,ダフクリア錠２００ｍｇ,フィダキソマイシン,２００ｍｇ１錠,4012.8,
6123003M1042,カナマイシンカプセル２５０ｍｇ「明治」,カナマイシン一硫酸塩,２５０ｍｇ１カプセル,40,
6125001B1039,コリマイシン散２００万単位／ｇ,コリスチンメタンスルホン酸ナトリウム,２００万単位１ｇ,41.5,
6126001F1046,ポリミキシンＢ硫酸塩錠２５万単位「ファイザー」,ポリミキシンＢ硫酸塩,２５万単位１錠,71,
6126001F2042,ポリミキシンＢ硫酸塩錠１００万単位「ファイザー」,ポリミキシンＢ硫酸塩,１００万単位１錠,217.9,
6131001C1210,サワシリン細粒１０％,アモキシシリン水和物,１００ｍｇ１ｇ,7.2,
6131001C1252,ワイドシリン細粒１０％,アモキシシリン水和物,１００ｍｇ１ｇ,7.2,
6131001C1260,アモキシシリン細粒１０％「ＴＣＫ」,アモキシシリン水和物,１００ｍｇ１ｇ,7.2,
6131001C2100,ワイドシリン細粒２０％,アモキシシリン水和物,２００ｍｇ１ｇ,11.8,
6131001C2119,アモキシシリン細粒２０％「ＴＣＫ」,アモキシシリン水和物,２００ｍｇ１ｇ,11.8,
6131001F2026,サワシリン錠２５０,アモキシシリン水和物,２５０ｍｇ１錠,15.3,
6131001M1088,サワシリンカプセル１２５,アモキシシリン水和物,１２５ｍｇ１カプセル,16.2,
6131001M1100,アモキシシリンカプセル１２５ｍｇ「トーワ」,アモキシシリン水和物,１２５ｍｇ１カプセル,13.5,
6131001M1118,アモキシシリンカプセル１２５ｍｇ「日医工」,アモキシシリン水和物,１２５ｍｇ１カプセル,13.5,
6131001M1142,アモキシシリンカプセル１２５ｍｇ「ＴＣＫ」,アモキシシリン水和物,１２５ｍｇ１カプセル,10.8,
6131001M2300,サワシリンカプセル２５０,アモキシシリン水和物,２５０ｍｇ１カプセル,15.3,
6131001M2327,アモキシシリンカプセル２５０ｍｇ「日医工」,アモキシシリン水和物,２５０ｍｇ１カプセル,11.2,
6131001M2335,アモキシシリンカプセル２５０ｍｇ「トーワ」,アモキシシリン水和物,２５０ｍｇ１カプセル,11.2,
6131001M2351,アモキシシリンカプセル２５０ｍｇ「ＴＣＫ」,アモキシシリン水和物,２５０ｍｇ１カプセル,10.8,
6131002M1147,ビクシリンカプセル２５０ｍｇ,アンピシリン水和物,２５０ｍｇ１カプセル,22,
6131002R1110,ビクシリンドライシロップ１０％,アンピシリン水和物,１００ｍｇ１ｇ,11.6,
6131004F2054,ペングッド錠２５０ｍｇ,バカンピシリン塩酸塩,２５０ｍｇ１錠,18.9,
6131008C1033,ユナシン細粒小児用１０％,スルタミシリントシル酸塩水和物,１００ｍｇ１ｇ,74.7,
6131008F1030,ユナシン錠３７５ｍｇ,スルタミシリントシル酸塩水和物,３７５ｍｇ１錠,59,
6132002E1034,Ｌ－ケフレックス小児用顆粒,セファレキシン,２００ｍｇ１ｇ,185.5,
6132002E2014,セファレキシン５００ｍｇ複合顆粒,セファレキシン,５００ｍｇ１ｇ,27.9,
6132002E2030,Ｌ－ケフレックス顆粒,セファレキシン,５００ｍｇ１ｇ,127.2,
6132002F1080,ラリキシン錠２５０ｍｇ,セファレキシン,２５０ｍｇ１錠,31.5,
6132002F1102,セファレキシン錠２５０ｍｇ「日医工」,セファレキシン,２５０ｍｇ１錠,31.5,
6132002M2175,セファレキシンカプセル２５０ｍｇ「トーワ」,セファレキシン,２５０ｍｇ１カプセル,31.5,
6132002M2183,ケフレックスカプセル２５０ｍｇ,セファレキシン,２５０ｍｇ１カプセル,31.5,
6132002R1010,セファレキシン１００ｍｇシロップ用,セファレキシン,１００ｍｇ１ｇ,24.2,
6132002R1141,ケフレックスシロップ用細粒１００,セファレキシン,１００ｍｇ１ｇ,36.3,
6132002R2032,ケフレックスシロップ用細粒２００,セファレキシン,２００ｍｇ１ｇ,45.5,
6132002R2130,ラリキシンドライシロップ小児用２０％,セファレキシン,２００ｍｇ１ｇ,38.1,
6132002R4019,セファレキシン５００ｍｇシロップ用,セファレキシン,５００ｍｇ１ｇ,18.9,
6132005C1010,セファクロル１００ｍｇ細粒,セファクロル,１００ｍｇ１ｇ,44.3,
6132005C1053,ケフラール細粒小児用１００ｍｇ,セファクロル,１００ｍｇ１ｇ,44.3,
6132005C1240,セファクロル細粒小児用１０％「ＪＧ」,セファクロル,１００ｍｇ１ｇ,45,
6132005C1266,セファクロル細粒小児用１０％「ＳＷ」,セファクロル,１００ｍｇ１ｇ,45,
6132005C2017,セファクロル２００ｍｇ細粒,セファクロル,２００ｍｇ１ｇ,19.6,
6132005E1020,Ｌ－ケフラール顆粒,セファクロル,３７５ｍｇ１包,158.1,
6132005M1016,セファクロル２５０ｍｇカプセル,セファクロル,２５０ｍｇ１カプセル,54.7,
6132005M1059,ケフラールカプセル２５０ｍｇ,セファクロル,２５０ｍｇ１カプセル,54.7,
6132005M1210,セファクロルカプセル２５０ｍｇ「ＴＣＫ」,セファクロル,２５０ｍｇ１カプセル,54.7,
6132005M1229,セファクロルカプセル２５０ｍｇ「トーワ」,セファクロル,２５０ｍｇ１カプセル,54.7,
6132005M1245,セファクロルカプセル２５０ｍｇ「ＪＧ」,セファクロル,２５０ｍｇ１カプセル,54.7,
6132006R1093,オラスポア小児用ドライシロップ１０％,セフロキサジン水和物,１００ｍｇ１ｇ,28.9,
6132008C1022,セフスパン細粒５０ｍｇ,セフィキシム水和物,５０ｍｇ１ｇ,40.6,
6132008M1028,セフスパンカプセル５０ｍｇ,セフィキシム水和物,５０ｍｇ１カプセル,87.4,
6132008M2024,セフスパンカプセル１００ｍｇ,セフィキシム水和物,１００ｍｇ１カプセル,69.6,
6132009C2023,トミロン細粒小児用２０％,セフテラム　ピボキシル,２００ｍｇ１ｇ,189.4,
6132009F1023,トミロン錠５０,セフテラム　ピボキシル,５０ｍｇ１錠,31.8,
6132009F2020,トミロン錠１００,セフテラム　ピボキシル,１００ｍｇ１錠,42.4,
6132010F1034,オラセフ錠２５０ｍｇ,セフロキシム　アキセチル,２５０ｍｇ１錠,62,
6132011F1080,バナン錠１００ｍｇ,セフポドキシム　プロキセチル,１００ｍｇ１錠,36.4,
6132011F1101,セフポドキシムプロキセチル錠１００ｍｇ「ＪＧ」,セフポドキシム　プロキセチル,１００ｍｇ１錠,28.1,
6132011F1136,セフポドキシムプロキセチル錠１００ｍｇ「ＳＷ」,セフポドキシム　プロキセチル,１００ｍｇ１錠,35.3,
6132011R1078,バナンドライシロップ５％,セフポドキシム　プロキセチル,５０ｍｇ１ｇ,24.2,
6132011R1086,セフポドキシムプロキセチルＤＳ小児用５％「サワイ」,セフポドキシム　プロキセチル,５０ｍｇ１ｇ,22.3,
6132013C1031,セフゾン細粒小児用１０％,セフジニル,１００ｍｇ１ｇ,55.3,
6132013C1147,セフジニル細粒小児用１０％「ＪＧ」,セフジニル,１００ｍｇ１ｇ,34.4,
6132013C1163,セフジニル細粒小児用１０％「トーワ」,セフジニル,１００ｍｇ１ｇ,44.8,R9.3.31まで
6132013C1171,セフジニル細粒小児用１０％「ＳＷ」,セフジニル,１００ｍｇ１ｇ,44.8,
6132013F1011,セフジニル５０ｍｇ錠,セフジニル,５０ｍｇ１錠,40.2,
6132013F2018,セフジニル１００ｍｇ錠,セフジニル,１００ｍｇ１錠,44.6,
6132013M1029,セフゾンカプセル５０ｍｇ,セフジニル,５０ｍｇ１カプセル,52,
6132013M1096,セフジニルカプセル５０ｍｇ「日医工」,セフジニル,５０ｍｇ１カプセル,52,
6132013M1126,セフジニルカプセル５０ｍｇ「ＪＧ」,セフジニル,５０ｍｇ１カプセル,52,
6132013M2025,セフゾンカプセル１００ｍｇ,セフジニル,１００ｍｇ１カプセル,59.7,
6132013M2114,セフジニルカプセル１００ｍｇ「日医工」,セフジニル,１００ｍｇ１カプセル,59.7,
6132013M2149,セフジニルカプセル１００ｍｇ「ＪＧ」,セフジニル,１００ｍｇ１カプセル,59.7,
6132015C1014,セフジトレン　ピボキシル１００ｍｇ細粒,セフジトレン　ピボキシル,１００ｍｇ１ｇ,128.5,
6132015C1049,セフジトレンピボキシル小児用細粒１０％「ＣＨ」,セフジトレン　ピボキシル,１００ｍｇ１ｇ,142.9,
6132015C1081,セフジトレンピボキシル細粒小児用１０％「トーワ」,セフジトレン　ピボキシル,１００ｍｇ１ｇ,192.8,
6132015C1103,メイアクトＭＳ小児用細粒１０％,セフジトレン　ピボキシル,１００ｍｇ１ｇ,192.8,
6132015C1120,セフジトレンピボキシル小児用細粒１０％「ＳＷ」,セフジトレン　ピボキシル,１００ｍｇ１ｇ,128.5,R9.3.31まで
6132015C1138,セフジトレン　ピボキシル小児用細粒１０％「ＯＫ」,セフジトレン　ピボキシル,１００ｍｇ１ｇ,192.8,
6132015C1146,セフジトレン　ピボキシル小児用細粒１０％「ＳＷ」,セフジトレン　ピボキシル,１００ｍｇ１ｇ,128.5,
6132015F1010,セフジトレン　ピボキシル１００ｍｇ錠,セフジトレン　ピボキシル,１００ｍｇ１錠,56.6,
6132015F1037,メイアクトＭＳ錠１００ｍｇ,セフジトレン　ピボキシル,１００ｍｇ１錠,73.6,
6132015F1061,セフジトレンピボキシル錠１００ｍｇ「トーワ」,セフジトレン　ピボキシル,１００ｍｇ１錠,56.6,
6132015F1096,セフジトレンピボキシル錠１００ｍｇ「ＳＷ」,セフジトレン　ピボキシル,１００ｍｇ１錠,56.6,R9.3.31まで
6132015F1100,セフジトレン　ピボキシル錠１００ｍｇ「ＯＫ」,セフジトレン　ピボキシル,１００ｍｇ１錠,73.6,
6132015F1118,セフジトレン　ピボキシル錠１００ｍｇ「ＳＷ」,セフジトレン　ピボキシル,１００ｍｇ１錠,56.6,
6132016C1019,セフカペン　ピボキシル塩酸塩１００ｍｇ細粒,セフカペン　ピボキシル塩酸塩水和物,１００ｍｇ１ｇ,74.4,
6132016C1027,フロモックス小児用細粒１００ｍｇ,セフカペン　ピボキシル塩酸塩水和物,１００ｍｇ１ｇ,110.6,
6132016C1124,セフカペンピボキシル塩酸塩小児用細粒１０％「ＳＷ」,セフカペン　ピボキシル塩酸塩水和物,１００ｍｇ１ｇ,110.6,R9.3.31まで
6132016C1132,セフカペンピボキシル塩酸塩細粒小児用１０％「ＴＷ」,セフカペン　ピボキシル塩酸塩水和物,１００ｍｇ１ｇ,110.6,R9.3.31まで
6132016C1140,セフカペン　ピボキシル塩酸塩細粒小児用１０％「ＴＷ」,セフカペン　ピボキシル塩酸塩水和物,１００ｍｇ１ｇ,110.6,
6132016C1159,セフカペン　ピボキシル塩酸塩小児用細粒１０％「ＳＷ」,セフカペン　ピボキシル塩酸塩水和物,１００ｍｇ１ｇ,110.6,
6132016F1023,フロモックス錠７５ｍｇ,セフカペン　ピボキシル塩酸塩水和物,７５ｍｇ１錠,36.3,
6132016F1040,セフカペンピボキシル塩酸塩錠７５ｍｇ「ＣＨ」,セフカペン　ピボキシル塩酸塩水和物,７５ｍｇ１錠,36.3,
6132016F1112,セフカペンピボキシル塩酸塩錠７５ｍｇ「ＳＷ」,セフカペン　ピボキシル塩酸塩水和物,７５ｍｇ１錠,36.3,R9.3.31まで
6132016F1120,セフカペンピボキシル塩酸塩錠７５ｍｇ「ＴＷ」,セフカペン　ピボキシル塩酸塩水和物,７５ｍｇ１錠,36.3,R9.3.31まで
6132016F1139,セフカペン　ピボキシル塩酸塩錠７５ｍｇ「ＳＷ」,セフカペン　ピボキシル塩酸塩水和物,７５ｍｇ１錠,36.3,
6132016F1147,セフカペン　ピボキシル塩酸塩錠７５ｍｇ「ＴＷ」,セフカペン　ピボキシル塩酸塩水和物,７５ｍｇ１錠,36.3,
6132016F2020,フロモックス錠１００ｍｇ,セフカペン　ピボキシル塩酸塩水和物,１００ｍｇ１錠,41.1,
6132016F2046,セフカペンピボキシル塩酸塩錠１００ｍｇ「ＣＨ」,セフカペン　ピボキシル塩酸塩水和物,１００ｍｇ１錠,41.1,
6132016F2119,セフカペンピボキシル塩酸塩錠１００ｍｇ「ＳＷ」,セフカペン　ピボキシル塩酸塩水和物,１００ｍｇ１錠,41.1,R9.3.31まで
6132016F2127,セフカペンピボキシル塩酸塩錠１００ｍｇ「ＴＷ」,セフカペン　ピボキシル塩酸塩水和物,１００ｍｇ１錠,41.1,R9.3.31まで
6132016F2135,セフカペン　ピボキシル塩酸塩錠１００ｍｇ「ＳＷ」,セフカペン　ピボキシル塩酸塩水和物,１００ｍｇ１錠,41.1,
6132016F2143,セフカペン　ピボキシル塩酸塩錠１００ｍｇ「ＴＷ」,セフカペン　ピボキシル塩酸塩水和物,１００ｍｇ１錠,41.1,
6135001F1029,ホスミシン錠２５０,ホスホマイシンカルシウム水和物,２５０ｍｇ１錠,52.3,
6135001F2025,ホスミシン錠５００,ホスホマイシンカルシウム水和物,５００ｍｇ１錠,88,
6135001R1025,ホスミシンドライシロップ２００,ホスホマイシンカルシウム水和物,２００ｍｇ１ｇ,86.2,
6135001R2013,ホスホマイシンカルシウム４００ｍｇシロップ用,ホスホマイシンカルシウム水和物,４００ｍｇ１ｇ,80.5,
6135001R2110,ホスミシンドライシロップ４００,ホスホマイシンカルシウム水和物,４００ｍｇ１ｇ,86.2,
6139001F1028,ファロム錠１５０ｍｇ,ファロペネムナトリウム水和物,１５０ｍｇ１錠,141.6,
6139001F2024,ファロム錠２００ｍｇ,ファロペネムナトリウム水和物,２００ｍｇ１錠,173,
6139001R1032,ファロムドライシロップ小児用１０％,ファロペネムナトリウム水和物,１００ｍｇ１ｇ,190.7,
6139002C1026,オラペネム小児用細粒１０％,テビペネム　ピボキシル,１００ｍｇ１ｇ,329.5,
6139100F1048,オーグメンチン配合錠１２５ＳＳ,アモキシシリン水和物・クラブラン酸カリウム,（１８７．５ｍｇ）１錠,31.8,
6139100F2044,オーグメンチン配合錠２５０ＲＳ,アモキシシリン水和物・クラブラン酸カリウム,（３７５ｍｇ）１錠,45.7,
6139100R1036,クラバモックス小児用配合ドライシロップ,アモキシシリン水和物・クラブラン酸カリウム,（６３６．５ｍｇ）１ｇ,92,
6141001D1033,エリスロシンＷ顆粒２０％,エリスロマイシンエチルコハク酸エステル,２００ｍｇ１ｇ,46.7,
6141001R1120,エリスロシンドライシロップ１０％,エリスロマイシンエチルコハク酸エステル,１００ｍｇ１ｇ,18.9,
6141001R2053,エリスロシンドライシロップＷ２０％,エリスロマイシンエチルコハク酸エステル,２００ｍｇ１ｇ,32,
6141002F2078,エリスロマイシン錠２００ｍｇ「サワイ」,エリスロマイシン,２００ｍｇ１錠,19.3,
6141004F1038,エリスロシン錠１００ｍｇ,エリスロマイシンステアリン酸塩,１００ｍｇ１錠,6.3,
6141004F2042,エリスロシン錠２００ｍｇ,エリスロマイシンステアリン酸塩,２００ｍｇ１錠,7.1,
6149002F1029,ルリッド錠１５０,ロキシスロマイシン,１５０ｍｇ１錠,18.7,
6149002F1177,ロキシスロマイシン錠１５０ｍｇ「サワイ」,ロキシスロマイシン,１５０ｍｇ１錠,17.7,
6149002F1193,ロキシスロマイシン錠１５０ｍｇ「トーワ」,ロキシスロマイシン,１５０ｍｇ１錠,18.3,
6149003F1015,クラリスロマイシン５０ｍｇ錠,クラリスロマイシン,５０ｍｇ１錠,11.2,
6149003F1023,クラリシッド錠５０ｍｇ小児用,クラリスロマイシン,５０ｍｇ１錠,16.9,
6149003F1031,クラリス錠５０小児用,クラリスロマイシン,５０ｍｇ１錠,16.9,
6149003F1066,クラリスロマイシン錠５０ｍｇ小児用「ＮＰＩ」,クラリスロマイシン,５０ｍｇ１錠,13.9,
6149003F2011,クラリスロマイシン２００ｍｇ錠,クラリスロマイシン,２００ｍｇ１錠,19.2,
6149003F2020,クラリシッド錠２００ｍｇ,クラリスロマイシン,２００ｍｇ１錠,21.6,
6149003F2038,クラリス錠２００,クラリスロマイシン,２００ｍｇ１錠,21.6,
6149003F2046,クラリスロマイシン錠２００ｍｇ「ＣＨ」,クラリスロマイシン,２００ｍｇ１錠,25.3,
6149003F2070,クラリスロマイシン錠２００ｍｇ「ＮＰＩ」,クラリスロマイシン,２００ｍｇ１錠,25.3,
6149003F2100,クラリスロマイシン錠２００ｍｇ「サワイ」,クラリスロマイシン,２００ｍｇ１錠,22.8,
6149003F2135,クラリスロマイシン錠２００ｍｇ「タカタ」,クラリスロマイシン,２００ｍｇ１錠,25.3,
6149003F2232,クラリスロマイシン錠２００ｍｇ「トーワ」,クラリスロマイシン,２００ｍｇ１錠,25.3,
6149003F2267,クラリスロマイシン錠２００ｍｇ「ＴＣＫ」,クラリスロマイシン,２００ｍｇ１錠,25.3,
6149003F2283,クラリスロマイシン錠２００ｍｇ「大正」,クラリスロマイシン,２００ｍｇ１錠,25.3,
6149003F2291,クラリスロマイシン錠２００ｍｇ「ＮＩＧ」,クラリスロマイシン,２００ｍｇ１錠,25.3,
6149003R1054,クラリスロマイシンＤＳ１０％小児用「サワイ」,クラリスロマイシン,１００ｍｇ１ｇ,57.9,
6149003R1062,クラリスロマイシンＤＳ小児用１０％「タカタ」,クラリスロマイシン,１００ｍｇ１ｇ,57.9,
6149003R1143,クラリスドライシロップ１０％小児用,クラリスロマイシン,１００ｍｇ１ｇ,85.3,
6149003R1216,クラリスロマイシンＤＳ小児用１０％「トーワ」,クラリスロマイシン,１００ｍｇ１ｇ,38,
6149003R1240,クラリスロマイシンドライシロップ１０％小児用「大正」,クラリスロマイシン,１００ｍｇ１ｇ,85.3,
6149003R1259,クラリスロマイシンドライシロップ１０％小児用「ＮＩＧ」,クラリスロマイシン,１００ｍｇ１ｇ,57.9,
6149004C1030,ジスロマック細粒小児用１０％,アジスロマイシン水和物,１００ｍｇ１ｇ,113.2,
6149004C1080,アジスロマイシン小児用細粒１０％「タカタ」,アジスロマイシン水和物,１００ｍｇ１ｇ,52,
6149004C1102,アジスロマイシン細粒小児用１０％「トーワ」,アジスロマイシン水和物,１００ｍｇ１ｇ,59.2,
6149004F1028,ジスロマック錠２５０ｍｇ,アジスロマイシン水和物,２５０ｍｇ１錠,115,
6149004F1036,アジスロマイシン錠２５０ｍｇ「ＤＳＥＰ」,アジスロマイシン水和物,２５０ｍｇ１錠,56.3,
6149004F1125,アジスロマイシン錠２５０ｍｇ「サワイ」,アジスロマイシン水和物,２５０ｍｇ１錠,56.3,
6149004F1141,アジスロマイシン錠２５０ｍｇ「タカタ」,アジスロマイシン水和物,２５０ｍｇ１錠,90.5,
6149004F1168,アジスロマイシン錠２５０ｍｇ「トーワ」,アジスロマイシン水和物,２５０ｍｇ１錠,56.3,
6149004F2024,ジスロマック錠６００ｍｇ,アジスロマイシン水和物,６００ｍｇ１錠,446.2,
6149004F3020,アジスロマイシン小児用錠１００ｍｇ「タカタ」,アジスロマイシン水和物,１００ｍｇ１錠,34.2,
6149004F4027,アジスロマイシン錠５００ｍｇ「トーワ」,アジスロマイシン水和物,５００ｍｇ１錠,162.8,
6149004M1027,ジスロマックカプセル小児用１００ｍｇ,アジスロマイシン水和物,１００ｍｇ１カプセル,68.4,
6151001F1030,クロロマイセチン錠５０,クロラムフェニコール,５０ｍｇ１錠,12.1,
6151001F2053,クロロマイセチン錠２５０,クロラムフェニコール,２５０ｍｇ１錠,24.6,
6152002M1023,アクロマイシンＶカプセル５０ｍｇ,テトラサイクリン塩酸塩,５０ｍｇ１カプセル,8.3,R9.3.31まで
6152002M2020,アクロマイシンＶカプセル２５０ｍｇ,テトラサイクリン塩酸塩,２５０ｍｇ１カプセル,9.4,R9.3.31まで
6152003M1036,レダマイシンカプセル１５０ｍｇ,デメチルクロルテトラサイクリン塩酸塩,１５０ｍｇ１カプセル,15.2,
6152004F1074,ビブラマイシン錠５０ｍｇ,ドキシサイクリン塩酸塩水和物,５０ｍｇ１錠,12.5,
6152004F2089,ビブラマイシン錠１００ｍｇ,ドキシサイクリン塩酸塩水和物,１００ｍｇ１錠,22,
6152005D1094,ミノマイシン顆粒２％,ミノサイクリン塩酸塩,２０ｍｇ１ｇ,20,
6152005D1108,ミノサイクリン塩酸塩顆粒２％「サワイ」,ミノサイクリン塩酸塩,２０ｍｇ１ｇ,30,
6152005F1052,ミノマイシン錠５０ｍｇ,ミノサイクリン塩酸塩,５０ｍｇ１錠,10.8,
6152005F1095,ミノサイクリン塩酸塩錠５０ｍｇ「サワイ」,ミノサイクリン塩酸塩,５０ｍｇ１錠,14.3,
6152005F1109,ミノサイクリン塩酸塩錠５０ｍｇ「トーワ」,ミノサイクリン塩酸塩,５０ｍｇ１錠,14.3,
6152005F2113,ミノサイクリン塩酸塩錠１００ｍｇ「サワイ」,ミノサイクリン塩酸塩,１００ｍｇ１錠,28,
6152005F2121,ミノサイクリン塩酸塩錠１００ｍｇ「トーワ」,ミノサイクリン塩酸塩,１００ｍｇ１錠,20,
6152005M1043,ミノマイシンカプセル５０ｍｇ,ミノサイクリン塩酸塩,５０ｍｇ１カプセル,10.8,
6152005M2074,ミノマイシンカプセル１００ｍｇ,ミノサイクリン塩酸塩,１００ｍｇ１カプセル,19.9,
6162001M1041,サイクロセリンカプセル２５０ｍｇ「明治」,サイクロセリン,２５０ｍｇ１カプセル,340.1,
6164001M1186,リファンピシンカプセル１５０ｍｇ「サンド」,リファンピシン,１５０ｍｇ１カプセル,16.9,
6164001M1216,リファジンカプセル１５０ｍｇ,リファンピシン,１５０ｍｇ１カプセル,10.8,
6169001M1026,ミコブティンカプセル１５０ｍｇ,リファブチン,１５０ｍｇ１カプセル,375.8,
6173001Q1012,アムホテリシンＢ１００ｍｇ１ｍＬシロップ,アムホテリシンＢ,１００ｍｇ１ｍＬ,48.8,R9.3.31まで
6173001Q1047,ファンギゾンシロップ１００ｍｇ／ｍＬ,アムホテリシンＢ,１００ｍｇ１ｍＬ,54.6,
6179001D1022,ボリコナゾール顆粒２０％「タカタ」,ボリコナゾール,２０％１ｇ,2624.9,
6179001F1023,ブイフェンド錠５０ｍｇ,ボリコナゾール,５０ｍｇ１錠,236.3,
6179001F1031,ボリコナゾール錠５０ｍｇ「ＤＳＥＰ」,ボリコナゾール,５０ｍｇ１錠,108.6,
6179001F1040,ボリコナゾール錠５０ｍｇ「ＪＧ」,ボリコナゾール,５０ｍｇ１錠,131.1,
6179001F1058,ボリコナゾール錠５０ｍｇ「アメル」,ボリコナゾール,５０ｍｇ１錠,108.6,
6179001F1066,ボリコナゾール錠５０ｍｇ「タカタ」,ボリコナゾール,５０ｍｇ１錠,131.1,
6179001F1082,ボリコナゾール錠５０ｍｇ「トーワ」,ボリコナゾール,５０ｍｇ１錠,131.1,
6179001F1112,ボリコナゾール錠５０ｍｇ「ＮＩＧ」,ボリコナゾール,５０ｍｇ１錠,108.6,
6179001F2020,ブイフェンド錠２００ｍｇ,ボリコナゾール,２００ｍｇ１錠,868.3,
6179001F2038,ボリコナゾール錠２００ｍｇ「ＤＳＥＰ」,ボリコナゾール,２００ｍｇ１錠,384,
6179001F2046,ボリコナゾール錠２００ｍｇ「ＪＧ」,ボリコナゾール,２００ｍｇ１錠,384,
6179001F2054,ボリコナゾール錠２００ｍｇ「アメル」,ボリコナゾール,２００ｍｇ１錠,384,
6179001F2062,ボリコナゾール錠２００ｍｇ「タカタ」,ボリコナゾール,２００ｍｇ１錠,513.8,
6179001F2089,ボリコナゾール錠２００ｍｇ「トーワ」,ボリコナゾール,２００ｍｇ１錠,384,
6179001F2119,ボリコナゾール錠２００ｍｇ「ＮＩＧ」,ボリコナゾール,２００ｍｇ１錠,384,
6179001F3026,ボリコナゾール錠１００ｍｇ「ＪＧ」,ボリコナゾール,１００ｍｇ１錠,199.6,
6179001F3034,ボリコナゾール錠１００ｍｇ「アメル」,ボリコナゾール,１００ｍｇ１錠,199.6,
6179001R1020,ブイフェンドドライシロップ２８００ｍｇ,ボリコナゾール,４０ｍｇ１ｍＬ（懸濁後の内用液として）,602.1,
6179002H1029,ノクサフィル錠１００ｍｇ,ポサコナゾール,１００ｍｇ１錠,2679.7,
6179003M1021,クレセンバカプセル１００ｍｇ,イサブコナゾニウム硫酸塩,１００ｍｇ１カプセル,4406.3,
6179003M2028,クレセンバカプセル４０ｍｇ,イサブコナゾニウム硫酸塩,４０ｍｇ１カプセル,1979.5,
6191001F1036,ビクシリンＳ配合錠,アンピシリン水和物・クロキサシリンナトリウム水和物,（２５０ｍｇ）１錠,19,
6199001F1026,リフキシマ錠２００ｍｇ,リファキシミン,２００ｍｇ１錠,235.1,
6199104X1023,ボノサップパック４００,ボノプラザンフマル酸塩・アモキシシリン水和物・クラリスロマイシン,１シート,435.5,
6199104X2020,ボノサップパック８００,ボノプラザンフマル酸塩・アモキシシリン水和物・クラリスロマイシン,１シート,554.2,
6199105X1028,ボノピオンパック,ボノプラザンフマル酸塩・アモキシシリン水和物・メトロニダゾール,１シート,409,
6212002X1011,スルファメトキサゾール,スルファメトキサゾール,１ｇ,11.4,
6219001F1071,サラゾピリン錠５００ｍｇ,サラゾスルファピリジン,５００ｍｇ１錠,6.3,
6219001H1056,アザルフィジンＥＮ錠５００ｍｇ,サラゾスルファピリジン,５００ｍｇ１錠,21,
6219001H1102,サラゾスルファピリジン腸溶錠５００ｍｇ「ＣＨ」,サラゾスルファピリジン,５００ｍｇ１錠,13,
6219001H1129,サラゾスルファピリジン腸溶錠５００ｍｇ「ＮＩＧ」,サラゾスルファピリジン,５００ｍｇ１錠,24.2,
6219001H2036,アザルフィジンＥＮ錠２５０ｍｇ,サラゾスルファピリジン,２５０ｍｇ１錠,14,
6219001H2095,サラゾスルファピリジン腸溶錠２５０ｍｇ「ＣＨ」,サラゾスルファピリジン,２５０ｍｇ１錠,12.5,
6219001H2117,サラゾスルファピリジン腸溶錠２５０ｍｇ「ＮＩＧ」,サラゾスルファピリジン,２５０ｍｇ１錠,17.7,
6219002X1012,スルファメチゾール,スルファメチゾール,１ｇ,14.9,
6221001D1036,アルミノニッパスカルシウム顆粒９９％,アルミノパラアミノサリチル酸カルシウム水和物,１ｇ,32.8,R9.3.31まで
6221002D1014,パラアミノサリチル酸カルシウム顆粒,パラアミノサリチル酸カルシウム水和物,１ｇ,29.8,
6222001F2014,イソニアジド錠,イソニアジド,５０ｍｇ１錠,9.8,
6222001F3010,イソニアジド錠,イソニアジド,１００ｍｇ１錠,10.8,
6222001X1013,イソニアジド,イソニアジド,１ｇ,12.5,
6222006F1029,デルティバ錠５０ｍｇ,デラマニド,５０ｍｇ１錠,5999.2,
6222007F1023,サチュロ錠１００ｍｇ,ベダキリンフマル酸塩,１００ｍｇ１錠,21636.5,
6223001X1010,ピラジナミド,ピラジナミド,１ｇ,18.8,
6224001F1039,ツベルミン錠１００ｍｇ,エチオナミド,１００ｍｇ１錠,126.4,
6225001F1010,エタンブトール塩酸塩１２５ｍｇ錠,エタンブトール塩酸塩,１２５ｍｇ１錠,7.9,
6225001F1036,エブトール１２５ｍｇ錠,エタンブトール塩酸塩,１２５ｍｇ１錠,17.3,
6225001F2016,エタンブトール塩酸塩２５０ｍｇ錠,エタンブトール塩酸塩,２５０ｍｇ１錠,20.6,
6225001F2032,エブトール２５０ｍｇ錠,エタンブトール塩酸塩,２５０ｍｇ１錠,32.2,
6239001M1022,ランプレンカプセル５０ｍｇ,クロファジミン,５０ｍｇ１カプセル,149.2,
6241005F1020,バクシダール錠１００ｍｇ,ノルフロキサシン,１００ｍｇ１錠,40.9,
6241005F1267,ノルフロキサシン錠１００ｍｇ「ツルハラ」,ノルフロキサシン,１００ｍｇ１錠,23.7,
6241005F1275,ノルフロキサシン錠１００ｍｇ「サワイ」,ノルフロキサシン,１００ｍｇ１錠,40.9,
6241005F2026,バクシダール錠２００ｍｇ,ノルフロキサシン,２００ｍｇ１錠,64.2,
6241005F2301,ノルフロキサシン錠２００ｍｇ「ツルハラ」,ノルフロキサシン,２００ｍｇ１錠,35.6,
6241005F2310,ノルフロキサシン錠２００ｍｇ「サワイ」,ノルフロキサシン,２００ｍｇ１錠,64.2,
6241005F3022,小児用バクシダール錠５０ｍｇ,ノルフロキサシン,５０ｍｇ１錠,67.1,
6241006F1040,オフロキサシン錠１００ｍｇ「サワイ」,オフロキサシン,１００ｍｇ１錠,82.8,
6241006F1059,オフロキサシン錠１００ｍｇ「ツルハラ」,オフロキサシン,１００ｍｇ１錠,65.9,
6241006F1121,タリビッド錠１００ｍｇ,オフロキサシン,１００ｍｇ１錠,82.8,
6241008F1023,シプロキサン錠１００ｍｇ,シプロフロキサシン塩酸塩,１００ｍｇ１錠,20.1,
6241008F2020,シプロキサン錠２００ｍｇ,シプロフロキサシン塩酸塩,２００ｍｇ１錠,24.5,
6241010C1024,オゼックス細粒小児用１５％,トスフロキサシントシル酸塩水和物,１５０ｍｇ１ｇ,256.5,
6241010C1032,トスフロキサシントシル酸塩細粒小児用１５％「タカタ」,トスフロキサシントシル酸塩水和物,１５０ｍｇ１ｇ,102.6,
6241010C1040,トスフロキサシントシル酸塩細粒小児用１５％「トーワ」,トスフロキサシントシル酸塩水和物,１５０ｍｇ１ｇ,102.6,
6241010C1059,トスフロキサシントシル酸塩小児用細粒１５％「明治」,トスフロキサシントシル酸塩水和物,１５０ｍｇ１ｇ,102.6,
6241010C1067,トスフロキサシントシル酸塩細粒小児用１５％「ＴＣＫ」,トスフロキサシントシル酸塩水和物,１５０ｍｇ１ｇ,102.6,
6241010F1012,トスフロキサシントシル酸塩７５ｍｇ錠,トスフロキサシントシル酸塩水和物,７５ｍｇ１錠,23.2,
6241010F1080,トスフロキサシントシル酸塩錠７５ｍｇ「サワイ」,トスフロキサシントシル酸塩水和物,７５ｍｇ１錠,37.8,
6241010F2019,トスフロキサシントシル酸塩１５０ｍｇ錠,トスフロキサシントシル酸塩水和物,１５０ｍｇ１錠,22,
6241010F2027,オゼックス錠１５０,トスフロキサシントシル酸塩水和物,１５０ｍｇ１錠,28.6,
6241010F2086,トスフロキサシントシル酸塩錠１５０ｍｇ「サワイ」,トスフロキサシントシル酸塩水和物,１５０ｍｇ１錠,28.6,
6241010F3023,オゼックス錠小児用６０ｍｇ,トスフロキサシントシル酸塩水和物,６０ｍｇ１錠,91.1,
6241013C2024,クラビット細粒１０％,レボフロキサシン水和物,１００ｍｇ１ｇ（レボフロキサシンとして）,32.5,
6241013C2032,レボフロキサシン細粒１０％「ＤＳＥＰ」,レボフロキサシン水和物,１００ｍｇ１ｇ（レボフロキサシンとして）,26.2,
6241013F2020,クラビット錠２５０ｍｇ,レボフロキサシン水和物,２５０ｍｇ１錠（レボフロキサシンとして）,59.8,
6241013F2047,レボフロキサシン錠２５０ｍｇ「ＣＨ」,レボフロキサシン水和物,２５０ｍｇ１錠（レボフロキサシンとして）,31.3,
6241013F2055,レボフロキサシン錠２５０ｍｇ「ＤＳＥＰ」,レボフロキサシン水和物,２５０ｍｇ１錠（レボフロキサシンとして）,31.3,
6241013F2080,レボフロキサシン錠２５０ｍｇ「ＴＣＫ」,レボフロキサシン水和物,２５０ｍｇ１錠（レボフロキサシンとして）,24.7,
6241013F2101,レボフロキサシン錠２５０ｍｇ「ＺＥ」,レボフロキサシン水和物,２５０ｍｇ１錠（レボフロキサシンとして）,31.3,R9.3.31まで
6241013F2136,レボフロキサシン錠２５０ｍｇ「イワキ」,レボフロキサシン水和物,２５０ｍｇ１錠（レボフロキサシンとして）,24.7,
6241013F2160,レボフロキサシン錠２５０ｍｇ「杏林」,レボフロキサシン水和物,２５０ｍｇ１錠（レボフロキサシンとして）,24.7,
6241013F2179,レボフロキサシン錠２５０ｍｇ「ケミファ」,レボフロキサシン水和物,２５０ｍｇ１錠（レボフロキサシンとして）,76.7,
6241013F2209,レボフロキサシン錠２５０ｍｇ「サワイ」,レボフロキサシン水和物,２５０ｍｇ１錠（レボフロキサシンとして）,31.3,
6241013F2225,レボフロキサシン錠２５０ｍｇ「タカタ」,レボフロキサシン水和物,２５０ｍｇ１錠（レボフロキサシンとして）,24.7,
6241013F2250,レボフロキサシン錠２５０ｍｇ「トーワ」,レボフロキサシン水和物,２５０ｍｇ１錠（レボフロキサシンとして）,31.3,
6241013F2330,レボフロキサシン錠２５０ｍｇ「陽進」,レボフロキサシン水和物,２５０ｍｇ１錠（レボフロキサシンとして）,24.7,
6241013F2349,レボフロキサシン錠２５０ｍｇ「クニヒロ」,レボフロキサシン水和物,２５０ｍｇ１錠（レボフロキサシンとして）,24.7,
6241013F3019,レボフロキサシン５００ｍｇ錠,レボフロキサシン水和物,５００ｍｇ１錠（レボフロキサシンとして）,36.7,
6241013F3027,クラビット錠５００ｍｇ,レボフロキサシン水和物,５００ｍｇ１錠（レボフロキサシンとして）,91.8,
6241013F3043,レボフロキサシン錠５００ｍｇ「ＣＨ」,レボフロキサシン水和物,５００ｍｇ１錠（レボフロキサシンとして）,60.8,
6241013F3051,レボフロキサシン錠５００ｍｇ「ＤＳＥＰ」,レボフロキサシン水和物,５００ｍｇ１錠（レボフロキサシンとして）,60.8,
6241013F3086,レボフロキサシン錠５００ｍｇ「ＴＣＫ」,レボフロキサシン水和物,５００ｍｇ１錠（レボフロキサシンとして）,60.8,
6241013F3175,レボフロキサシン錠５００ｍｇ「ケミファ」,レボフロキサシン水和物,５００ｍｇ１錠（レボフロキサシンとして）,91.8,
6241013F3205,レボフロキサシン錠５００ｍｇ「サワイ」,レボフロキサシン水和物,５００ｍｇ１錠（レボフロキサシンとして）,60.8,
6241013F3256,レボフロキサシン錠５００ｍｇ「トーワ」,レボフロキサシン水和物,５００ｍｇ１錠（レボフロキサシンとして）,60.8,
6241013F4023,レボフロキサシンＯＤ錠２５０ｍｇ「トーワ」,レボフロキサシン水和物,２５０ｍｇ１錠（レボフロキサシンとして）,31.3,
6241013F6026,レボフロキサシン粒状錠２５０ｍｇ「モチダ」,レボフロキサシン水和物,２５０ｍｇ１包（レボフロキサシンとして）,31.3,
6241013F7022,レボフロキサシン粒状錠５００ｍｇ「モチダ」,レボフロキサシン水和物,５００ｍｇ１包（レボフロキサシンとして）,36.7,
6241013S2029,レボフロキサシン内用液２５０ｍｇ「トーワ」,レボフロキサシン水和物,２５０ｍｇ１０ｍＬ１包（レボフロキサシンとして）,90.4,
6241015F1023,スオード錠１００,プルリフロキサシン,１００ｍｇ１錠（活性本体として）,61,
6241016F1028,アベロックス錠４００ｍｇ,モキシフロキサシン塩酸塩,４００ｍｇ１錠,187.9,
6241017F1022,ジェニナック錠２００ｍｇ,メシル酸ガレノキサシン水和物,２００ｍｇ１錠,134.5,
6241018C1020,グレースビット細粒１０％,シタフロキサシン水和物,１００ｍｇ１ｇ,264.8,
6241018F1027,グレースビット錠５０ｍｇ,シタフロキサシン水和物,５０ｍｇ１錠,63.1,
6241018F1035,シタフロキサシン錠５０ｍｇ「サワイ」,シタフロキサシン水和物,５０ｍｇ１錠,92.6,
6241019F1021,ラスビック錠７５ｍｇ,ラスクフロキサシン塩酸塩,７５ｍｇ１錠,270.2,
6249002F1024,ザイボックス錠６００ｍｇ,リネゾリド,６００ｍｇ１錠,5243.9,
6249002F1032,リネゾリド錠６００ｍｇ「明治」,リネゾリド,６００ｍｇ１錠,4077.2,
6249002F1040,リネゾリド錠６００ｍｇ「サワイ」,リネゾリド,６００ｍｇ１錠,4077.2,
6249003F1029,シベクトロ錠２００ｍｇ,テジゾリドリン酸エステル,２００ｍｇ１錠,16370.5,
6250001M1038,レトロビルカプセル１００ｍｇ,ジドブジン,１００ｍｇ１カプセル,128.5,
6250002D1016,アシクロビル４０％顆粒,アシクロビル,４０％１ｇ,39.8,
6250002D1024,ゾビラックス顆粒４０％,アシクロビル,４０％１ｇ,51.7,
6250002F1025,ゾビラックス錠２００,アシクロビル,２００ｍｇ１錠,11.8,
6250002F1238,アシクロビル錠２００ｍｇ「サワイ」,アシクロビル,２００ｍｇ１錠,18.3,
6250002F1262,アシクロビル錠２００ｍｇ「トーワ」,アシクロビル,２００ｍｇ１錠,18.3,
6250002F2021,ゾビラックス錠４００,アシクロビル,４００ｍｇ１錠,28.5,
6250002F2234,アシクロビル錠４００ｍｇ「サワイ」,アシクロビル,４００ｍｇ１錠,32.6,
6250002F2269,アシクロビル錠４００ｍｇ「トーワ」,アシクロビル,４００ｍｇ１錠,32.6,
6250002Q1034,アシクロビル内服ゼリー２００ｍｇ「日医工」,アシクロビル,２００ｍｇ１包,140,
6250002Q2030,アシクロビル内服ゼリー８００ｍｇ「日医工」,アシクロビル,８００ｍｇ１包,357,
6250002Q3045,アシクロビルシロップ８％「タカタ」,アシクロビル,８％１ｍＬ,19.3,
6250002R1048,アシクロビルＤＳ８０％「サワイ」,アシクロビル,８０％１ｇ,121.5,
6250006F1031,エピビル錠１５０,ラミブジン,１５０ｍｇ１錠,528.9,
6250006F2020,エピビル錠３００,ラミブジン,３００ｍｇ１錠,852.6,
6250011F1024,ノービア錠１００ｍｇ,リトナビル,１００ｍｇ１錠,73.6,
6250013F1023,ビラミューン錠２００,ネビラピン,２００ｍｇ１錠,580.2,R9.3.31まで
6250014F1036,ザイアジェン錠３００ｍｇ,アバカビル硫酸塩,３００ｍｇ１錠,535,
6250019D1020,バルトレックス顆粒５０％,バラシクロビル塩酸塩,５０％１ｇ,141.3,
6250019D1046,バラシクロビル顆粒５０％「トーワ」,バラシクロビル塩酸塩水和物,５０％１ｇ,164.6,
6250019F1020,バルトレックス錠５００,バラシクロビル塩酸塩,５００ｍｇ１錠,112.1,
6250019F1055,バラシクロビル錠５００ｍｇ「ＤＳＥＰ」,バラシクロビル塩酸塩,５００ｍｇ１錠,64.4,
6250019F1063,バラシクロビル錠５００ｍｇ「ＥＥ」,バラシクロビル塩酸塩,５００ｍｇ１錠,112.1,
6250019F1080,バラシクロビル錠５００ｍｇ「ＦＦＰ」,バラシクロビル塩酸塩,５００ｍｇ１錠,64.4,
6250019F1098,バラシクロビル錠５００ｍｇ「ＪＧ」,バラシクロビル塩酸塩,５００ｍｇ１錠,103.3,
6250019F1128,バラシクロビル錠５００ｍｇ「ＮＰ」,バラシクロビル塩酸塩,５００ｍｇ１錠,103.3,
6250019F1144,バラシクロビル錠５００ｍｇ「ＴＣＫ」,バラシクロビル塩酸塩,５００ｍｇ１錠,64.4,
6250019F1152,バラシクロビル錠５００ｍｇ「ＹＤ」,バラシクロビル塩酸塩,５００ｍｇ１錠,64.4,
6250019F1179,バラシクロビル錠５００ｍｇ「イワキ」,バラシクロビル塩酸塩,５００ｍｇ１錠,64.4,
6250019F1209,バラシクロビル錠５００ｍｇ「杏林」,バラシクロビル塩酸塩,５００ｍｇ１錠,64.4,
6250019F1217,バラシクロビル錠５００ｍｇ「ケミファ」,バラシクロビル塩酸塩,５００ｍｇ１錠,64.4,
6250019F1225,バラシクロビル錠５００ｍｇ「サトウ」,バラシクロビル塩酸塩,５００ｍｇ１錠,103.3,
6250019F1233,バラシクロビル錠５００ｍｇ「サワイ」,バラシクロビル塩酸塩,５００ｍｇ１錠,64.4,
6250019F1241,バラシクロビル錠５００ｍｇ「三和」,バラシクロビル塩酸塩,５００ｍｇ１錠,103.3,
6250019F1250,バラシクロビル錠５００ｍｇ「ツルハラ」,バラシクロビル塩酸塩,５００ｍｇ１錠,89.5,
6250019F1276,バラシクロビル錠５００ｍｇ「トーワ」,バラシクロビル塩酸塩水和物,５００ｍｇ１錠,112.1,
6250019F1292,バラシクロビル錠５００ｍｇ「日本臓器」,バラシクロビル塩酸塩,５００ｍｇ１錠,112.1,R9.3.31まで
6250019F1349,バラシクロビル錠５００ｍｇ「ＮＰＩ」,バラシクロビル塩酸塩,５００ｍｇ１錠,64.4,
6250019F1365,バラシクロビル錠５００ｍｇ「ＳＰＫＫ」,バラシクロビル塩酸塩,５００ｍｇ１錠,64.4,
6250019F1373,バラシクロビル錠５００ｍｇ「ＮＩＧ」,バラシクロビル塩酸塩,５００ｍｇ１錠,112.1,
6250019F2027,バラシクロビル粒状錠５００ｍｇ「モチダ」,バラシクロビル塩酸塩,５００ｍｇ１包,101.5,
6250020F1023,ゼフィックス錠１００,ラミブジン,１００ｍｇ１錠,222,
6250021F1028,オセルタミビル錠７５ｍｇ「トーワ」,オセルタミビルリン酸塩,７５ｍｇ１錠,104.1,
6250021M1027,タミフルカプセル７５,オセルタミビルリン酸塩,７５ｍｇ１カプセル,172.3,
6250021M1035,オセルタミビルカプセル７５ｍｇ「サワイ」,オセルタミビルリン酸塩,７５ｍｇ１カプセル,108,
6250021R1024,タミフルドライシロップ３％,オセルタミビルリン酸塩,３％１ｇ,103,
6250021R1032,オセルタミビルＤＳ３％「サワイ」,オセルタミビルリン酸塩,３％１ｇ,75.9,
6250021R1040,オセルタミビルＤＳ３％「トーワ」,オセルタミビルリン酸塩,３％１ｇ,75.9,
6250022M1021,レベトールカプセル２００ｍｇ,リバビリン,２００ｍｇ１カプセル,190.4,
6250024F1021,ビリアード錠３００ｍｇ,テノホビル　ジソプロキシルフマル酸塩,３００ｍｇ１錠,1399.2,
6250024F1030,テノゼット錠３００ｍｇ,テノホビル　ジソプロキシルフマル酸塩,３００ｍｇ１錠,388.6,
6250025F1026,バリキサ錠４５０ｍｇ,バルガンシクロビル塩酸塩,４５０ｍｇ１錠,2000.5,
6250025R1022,バリキサドライシロップ５０００ｍｇ,バルガンシクロビル塩酸塩,５０ｍｇ１ｍＬ（懸濁後の内用液として）,444.8,
6250029F1016,エンテカビル０．５ｍｇ錠,エンテカビル水和物,０．５ｍｇ１錠,60.8,
6250029F1024,バラクルード錠０．５ｍｇ,エンテカビル水和物,０．５ｍｇ１錠,165.2,
6250029F1032,エンテカビル錠０．５ｍｇ「ＣＭＸ」,エンテカビル水和物,０．５ｍｇ１錠,66.9,
6250029F1067,エンテカビル錠０．５ｍｇ「ＪＧ」,エンテカビル水和物,０．５ｍｇ１錠,66.9,
6250029F1083,エンテカビル錠０．５ｍｇ「ＹＤ」,エンテカビル水和物,０．５ｍｇ１錠,122.7,
6250029F1091,エンテカビル錠０．５ｍｇ「サンド」,エンテカビル水和物,０．５ｍｇ１錠,66.9,
6250029F1121,エンテカビル錠０．５ｍｇ「トーワ」,エンテカビル水和物,０．５ｍｇ１錠,66.9,
6250029F1156,エンテカビル錠０．５ｍｇ「ＮＩＧ」,エンテカビル水和物,０．５ｍｇ１錠,66.9,
6250029F2020,エンテカビルＯＤ錠０．５ｍｇ「サワイ」,エンテカビル水和物,０．５ｍｇ１錠,66.9,
6250030F4026,プリジスタ錠６００ｍｇ,ダルナビル　エタノール付加物,６００ｍｇ１錠,388.7,
6250031F1013,ファムシクロビル２５０ｍｇ錠,ファムシクロビル,２５０ｍｇ１錠,66,
6250031F1021,ファムビル錠２５０ｍｇ,ファムシクロビル,２５０ｍｇ１錠,180.2,
6250031F1048,ファムシクロビル錠２５０ｍｇ「ＪＧ」,ファムシクロビル,２５０ｍｇ１錠,72.7,
6250031F1064,ファムシクロビル錠２５０ｍｇ「ＹＤ」,ファムシクロビル,２５０ｍｇ１錠,72.7,
6250031F1080,ファムシクロビル錠２５０ｍｇ「サワイ」,ファムシクロビル,２５０ｍｇ１錠,72.7,
6250031F1099,ファムシクロビル錠２５０ｍｇ「タカタ」,ファムシクロビル,２５０ｍｇ１錠,72.7,
6250031F1102,ファムシクロビル錠２５０ｍｇ「トーワ」,ファムシクロビル,２５０ｍｇ１錠,72.7,
6250031F1137,ファムシクロビル錠２５０ｍｇ「日本臓器」,ファムシクロビル,２５０ｍｇ１錠,72.7,R9.3.31まで
6250031F1153,ファムシクロビル錠２５０ｍｇ「ＫＭＰ」,ファムシクロビル,２５０ｍｇ１錠,72.7,
6250031F2044,ファムシクロビル錠５００ｍｇ「日本臓器」,ファムシクロビル,５００ｍｇ１錠,118.2,R9.3.31まで
6250032F1026,アイセントレス錠４００ｍｇ,ラルテグラビルカリウム,４００ｍｇ１錠,825.1,
6250032F2022,アイセントレス錠６００ｍｇ,ラルテグラビルカリウム,６００ｍｇ１錠,1330.4,
6250034F1025,シーエルセントリ錠１５０ｍｇ,マラビロク,１５０ｍｇ１錠,1148.2,
6250036F1024,エジュラント錠２５ｍｇ,リルピビリン塩酸塩,２５ｍｇ１錠,1955.6,
6250038F1023,テビケイ錠５０ｍｇ,ドルテグラビルナトリウム,５０ｍｇ１錠,3108.8,
6250045F1023,ベムリディ錠２５ｍｇ,テノホビル　アラフェナミドフマル酸塩,２５ｍｇ１錠,883.1,
6250046F1028,アメナリーフ錠２００ｍｇ,アメナメビル,２００ｍｇ１錠,1124.3,
6250047D1021,ゾフルーザ顆粒２％分包,バロキサビル　マルボキシル,２％５００ｍｇ１包,1666.2,
6250047F1022,ゾフルーザ錠１０ｍｇ,バロキサビル　マルボキシル,１０ｍｇ１錠,1535.4,
6250047F2029,ゾフルーザ錠２０ｍｇ,バロキサビル　マルボキシル,２０ｍｇ１錠,2438.8,
6250048D1026,プレバイミス顆粒分包２０ｍｇ,レテルモビル,２０ｍｇ１包,3025.6,
6250048D2022,プレバイミス顆粒分包１２０ｍｇ,レテルモビル,１２０ｍｇ１包,10006.2,
6250048F1027,プレバイミス錠２４０ｍｇ,レテルモビル,２４０ｍｇ１錠,16095.4,
6250049F1021,ピフェルトロ錠１００ｍｇ,ドラビリン,１００ｍｇ１錠,2068.8,
6250050F1024,ボカブリア錠３０ｍｇ,カボテグラビルナトリウム,３０ｍｇ１錠,3541.6,
6250051F1029,ラゲブリオ錠４００ｍｇ,モルヌピラビル,４００ｍｇ１錠,4329.8,
6250051M1028,ラゲブリオカプセル２００ｍｇ,モルヌピラビル,２００ｍｇ１カプセル,2164.9,
6250052F1023,ゾコーバ錠１２５ｍｇ,エンシトレルビル　フマル酸,１２５ｍｇ１錠,7090,
6250053F1028,シュンレンカ錠３００ｍｇ,レナカパビルナトリウム,３００ｍｇ１錠,94814.2,
6250054F1022,アビガン錠２００ｍｇ,ファビピラビル,２００ｍｇ１錠,39862.5,
6250055F1027,リブテンシティ錠２００ｍｇ,マリバビル,２００ｍｇ１錠,37536.2,
6250100F1032,コンビビル配合錠,ジドブジン・ラミブジン,１錠,885,
6250101F1037,カレトラ配合錠,ロピナビル・リトナビル,１錠,273.1,
6250101S1035,カレトラ配合内用液,ロピナビル・リトナビル,１ｍＬ,137.1,
6250102F1031,エプジコム配合錠,ラミブジン・アバカビル硫酸塩,１錠,1788.4,
6250102F1040,ラバミコム配合錠「アメル」,ラミブジン・アバカビル硫酸塩,１錠,645.7,
6250103F1036,ツルバダ配合錠,エムトリシタビン・テノホビル　ジソプロキシルフマル酸塩,１錠,2414.7,
6250106F1021,トリーメク配合錠,ドルテグラビルナトリウム・アバカビル硫酸塩・ラミブジン,１錠,6439.5,
6250107F1026,ハーボニー配合錠,レジパスビル　アセトン付加物・ソホスブビル,１錠,55491.7,
6250109F1025,ゲンボイヤ配合錠,エルビテグラビル・コビシスタット・エムトリシタビン・テノホビル　アラフェナミドフマル酸塩,１錠,7040.5,
6250110F1028,プレジコビックス配合錠,ダルナビル　エタノール付加物・コビシスタット,１錠,1808.4,
6250111F1022,デシコビ配合錠ＬＴ,エムトリシタビン・テノホビル　アラフェナミドフマル酸塩,１錠,2781.1,
6250111F2029,デシコビ配合錠ＨＴ,エムトリシタビン・テノホビル　アラフェナミドフマル酸塩,１錠,3991.5,
6250113D1020,マヴィレット配合顆粒小児用,グレカプレビル水和物・ピブレンタスビル,１包,20313.9,
6250113F1021,マヴィレット配合錠,グレカプレビル水和物・ピブレンタスビル,１錠,17422.8,
6250114F1026,オデフシィ配合錠,リルピビリン塩酸塩・エムトリシタビン・テノホビル　アラフェナミドフマル酸塩,１錠,4845.5,
6250115F1020,ジャルカ配合錠,ドルテグラビルナトリウム・リルピビリン塩酸塩,１錠,5387.5,
6250116F1025,エプクルーサ配合錠,ソホスブビル・ベルパタスビル,１錠,61157.8,
6250117F1020,ビクタルビ配合錠,ビクテグラビルナトリウム・エムトリシタビン・テノホビル　アラフェナミドフマル酸塩,１錠,7094.1,
6250118F1024,シムツーザ配合錠,ダルナビル　エタノール付加物・コビシスタット・エムトリシタビン・テノホビル　アラフェナミドフマル酸塩,１錠,4166.8,
6250119F1029,ドウベイト配合錠,ドルテグラビルナトリウム・ラミブジン,１錠,4792,
6250120X1027,パキロビッドパック３００,ニルマトレルビル・リトナビル,１シート,12538.6,
6250120X2023,パキロビッドパック６００,ニルマトレルビル・リトナビル,１シート,19805.5,
6250121F1026,イドビンソ配合錠,ドラビリン・イスラトラビル水和物,１錠,6610.5,
6290001F1050,アンコチル錠５００ｍｇ,フルシトシン,５００ｍｇ１錠,534.1,
6290002M1020,ジフルカンカプセル５０ｍｇ,フルコナゾール,５０ｍｇ１カプセル,70.4,
6290002M1062,フルコナゾールカプセル５０ｍｇ「Ｆ」,フルコナゾール,５０ｍｇ１カプセル,93.6,
6290002M1100,フルコナゾールカプセル５０ｍｇ「アメル」,フルコナゾール,５０ｍｇ１カプセル,93.6,
6290002M1135,フルコナゾールカプセル５０ｍｇ「サワイ」,フルコナゾール,５０ｍｇ１カプセル,93.6,
6290002M1143,フルコナゾールカプセル５０ｍｇ「ＪＧ」,フルコナゾール,５０ｍｇ１カプセル,93.6,
6290002M1151,フルコナゾールカプセル５０ｍｇ「サンド」,フルコナゾール,５０ｍｇ１カプセル,93.6,
6290002M1178,フルコナゾールカプセル５０ｍｇ「タカタ」,フルコナゾール,５０ｍｇ１カプセル,93.6,
6290002M2026,ジフルカンカプセル１００ｍｇ,フルコナゾール,１００ｍｇ１カプセル,114.6,
6290002M2069,フルコナゾールカプセル１００ｍｇ「Ｆ」,フルコナゾール,１００ｍｇ１カプセル,137.2,
6290002M2115,フルコナゾールカプセル１００ｍｇ「アメル」,フルコナゾール,１００ｍｇ１カプセル,137.2,
6290002M2131,フルコナゾールカプセル１００ｍｇ「サワイ」,フルコナゾール,１００ｍｇ１カプセル,137.2,
6290002M2140,フルコナゾールカプセル１００ｍｇ「ＪＧ」,フルコナゾール,１００ｍｇ１カプセル,137.2,
6290002M2158,フルコナゾールカプセル１００ｍｇ「サンド」,フルコナゾール,１００ｍｇ１カプセル,137.2,
6290002M2174,フルコナゾールカプセル１００ｍｇ「タカタ」,フルコナゾール,１００ｍｇ１カプセル,137.2,
6290002R1027,ジフルカンドライシロップ３５０ｍｇ,フルコナゾール,１０ｍｇ１ｍＬ（懸濁後の内用液として）,65.1,
6290002R2023,ジフルカンドライシロップ１４００ｍｇ,フルコナゾール,４０ｍｇ１ｍＬ（懸濁後の内用液として）,322.2,
6290003X1039,フロリードゲル経口用２％,ミコナゾール,２％１ｇ,98.2,
6290004F1062,イトラコナゾール錠５０ｍｇ「科研」,イトラコナゾール,５０ｍｇ１錠,55.1,
6290004F1070,イトラコナゾール錠５０ｍｇ「日医工」,イトラコナゾール,５０ｍｇ１錠,95.6,
6290004F2069,イトラコナゾール錠１００ｍｇ「日医工」,イトラコナゾール,１００ｍｇ１錠,143.4,
6290004M1029,イトリゾールカプセル５０,イトラコナゾール,５０ｍｇ１カプセル,85.4,
6290004M1070,イトラコナゾールカプセル５０ｍｇ「ＳＷ」,イトラコナゾール,５０ｍｇ１カプセル,55.1,
6290004S1044,イトラコナゾール内用液１％「ＶＴＲＳ」,イトラコナゾール,１％１ｍＬ,49.5,
6290005F1016,テルビナフィン塩酸塩１２５ｍｇ錠,テルビナフィン塩酸塩,１２５ｍｇ１錠,29.6,
6290005F1024,ラミシール錠１２５ｍｇ,テルビナフィン塩酸塩,１２５ｍｇ１錠,32.7,
6290005F1300,テルビナフィン錠１２５ｍｇ「トーワ」,テルビナフィン塩酸塩,１２５ｍｇ１錠,32.7,
6290005F1326,テルビナフィン錠１２５ｍｇ「イワキ」,テルビナフィン塩酸塩,１２５ｍｇ１錠,32.7,
6290005F1334,テルビナフィン錠１２５ｍｇ「ＴＣＫ」,テルビナフィン塩酸塩,１２５ｍｇ１錠,32.7,
6290005F1342,テルビナフィン錠１２５ｍｇ「タカタ」,テルビナフィン塩酸塩,１２５ｍｇ１錠,32.7,
6290006S1027,サムチレール内用懸濁液１５％,アトバコン,７５０ｍｇ５ｍＬ１包,1471.1,
6290007M1022,ネイリンカプセル１００ｍｇ,ホスラブコナゾール　Ｌ－リシンエタノール付加物,１００ｍｇ１カプセル,772.6,
6290100D1070,ダイフェン配合顆粒,スルファメトキサゾール・トリメトプリム,１ｇ,50.2,
6290100D1088,バクタ配合顆粒,スルファメトキサゾール・トリメトプリム,１ｇ,78.8,
6290100D1096,バクトラミン配合顆粒,スルファメトキサゾール・トリメトプリム,１ｇ,78.8,
6290100F2018,スルファメトキサゾール・トリメトプリム錠,スルファメトキサゾール・トリメトプリム,１錠,13.2,
6290100F2115,バクタ配合錠,スルファメトキサゾール・トリメトプリム,１錠,69.2,
6290100F2123,バクトラミン配合錠,スルファメトキサゾール・トリメトプリム,１錠,42.6,
6290100F3022,バクタミニ配合錠,スルファメトキサゾール・トリメトプリム,１錠,33.7,
6415001X1010,キニーネエチル炭酸エステル,キニーネエチル炭酸エステル,１ｇ,124.9,
6415002X1014,キニーネ塩酸塩水和物,キニーネ塩酸塩水和物,１ｇ,131.6,
6415003X1019,キニーネ硫酸塩水和物,キニーネ硫酸塩水和物,１ｇ,118.1,
6419001F1048,チニダゾール錠２００ｍｇ「Ｆ」,チニダゾール,２００ｍｇ１錠,46.8,R9.3.31まで
6419001F2044,チニダゾール錠５００ｍｇ「Ｆ」,チニダゾール,５００ｍｇ１錠,124.7,R9.3.31まで
6419002F1131,フラジール内服錠２５０ｍｇ,メトロニダゾール,２５０ｍｇ１錠,44.5,
6419003F1039,メファキン「ヒサミツ」錠２７５,メフロキン塩酸塩,２７５ｍｇ１錠,757.6,
6419004M1024,アメパロモカプセル２５０ｍｇ,パロモマイシン硫酸塩,２５０ｍｇ１カプセル,420.5,
6419005F1020,プリマキン錠１５ｍｇ「サノフィ」,プリマキンリン酸塩,１５ｍｇ１錠,2242.8,
6419006F1024,スピラマイシン錠１５０万単位「サノフィ」,スピラマイシン,１５０万国際単位１錠,228.8,
6419101F1020,マラロン配合錠,アトバコン・プログアニル塩酸塩,１錠,507.3,
6419101F2026,マラロン小児用配合錠,アトバコン・プログアニル塩酸塩,１錠,246.8,
6419102F1024,リアメット配合錠,アルテメテル・ルメファントリン,１錠,246.8,
6422001X1014,チモール,チモール,１ｇ,18.1,
6424001X1019,サントニン,サントニン,１ｇ,256.1,
6428001F1012,ジエチルカルバマジンクエン酸塩錠,ジエチルカルバマジンクエン酸塩,５０ｍｇ１錠,10.8,
6429001F1036,コンバントリン錠１００ｍｇ,ピランテルパモ酸塩,１００ｍｇ１錠,82.5,
6429001R1032,コンバントリンドライシロップ１００ｍｇ,ピランテルパモ酸塩,１０％１ｇ,126.9,
6429005F1026,メベンダゾール錠１００（ヤンセンファーマ）,メベンダゾール,１００ｍｇ１錠,366.4,
6429006F1039,ビルトリシド錠６００ｍｇ,プラジカンテル,６００ｍｇ１錠,1251.7,
6429007F1033,エスカゾール錠２００ｍｇ,アルベンダゾール,２００ｍｇ１錠,312.3,
6429008F1020,ストロメクトール錠３ｍｇ,イベルメクチン,３ｍｇ１錠,539.4,
7111001X1019,乳糖水和物,乳糖水和物,１０ｇ,11,
7111001X1094,乳糖水和物（小堺）,乳糖水和物,１０ｇ,19.4,
7111001X1183,乳糖（日興製薬）,乳糖水和物,１０ｇ,24.6,
7111001X1248,乳糖（山善）,乳糖水和物,１０ｇ,19.5,
7111001X1302,乳糖水和物原末「マルイシ」,乳糖水和物,１０ｇ,19.4,R9.3.31まで
7111001X1310,乳糖水和物「ヨシダ」,乳糖水和物,１０ｇ,24.6,
7111001X1345,乳糖水和物「シオエ」,乳糖水和物,１０ｇ,24.6,
7111001X1370,乳糖水和物「ホエイ」,乳糖水和物,１０ｇ,14.8,
7112001X1016,コムギデンプン,コムギデンプン,１０ｇ,8,
7112002X1010,コメデンプン,コメデンプン,１０ｇ,7.1,
7112003X1015,トウモロコシデンプン,トウモロコシデンプン,１０ｇ,8,
7112003X1090,トウモロコシデンプン「ヨシダ」,トウモロコシデンプン,１０ｇ,8.4,
7112004X1010,バレイショデンプン,バレイショデンプン,１０ｇ,8,
7112004X1265,バレイショデンプン「ヨシダ」,バレイショデンプン,１０ｇ,9.1,
7119001X1017,亜硫酸水素ナトリウム,亜硫酸水素ナトリウム,１０ｇ,8,
7119002X1011,カプセル,カプセル,１０個,15.8,
7131001X1011,精製水,精製水,１０ｍＬ,1,
7131001X1097,精製水（共栄）,精製水,１０ｍＬ,1.4,
7131001X1100,精製水「ケンエー」,精製水,１０ｍＬ,2.4,
7131001X1127,精製水（小堺）,精製水,１０ｍＬ,2.5,
7131001X1143,精製水（シオエ）,精製水,１０ｍＬ,2.5,
7131001X1178,精製水（昭和）,精製水,１０ｍＬ,2.5,
7131001X1186,精製水（高杉）,精製水,１０ｍＬ,2.4,
7131001X1208,精製水（大成）,精製水,１０ｍＬ,2.4,
7131001X1224,精製水（東豊）,精製水,１０ｍＬ,2.5,
7131001X1240,精製水（東海製薬）,精製水,１０ｍＬ,2.5,
7131001X1259,精製水（日興製薬）,精製水,１０ｍＬ,2.5,
7131001X1321,精製水（サンケミファ）,精製水,１０ｍＬ,1.6,
7131001X1356,精製水（山善）,精製水,１０ｍＬ,2.4,
7131001X1445,精製水「ヨシダ」,精製水,１０ｍＬ,2.5,
7131001X1453,精製水「ＮｉｋＰ」,精製水,１０ｍＬ,2.5,R9.3.31まで
7131001X1461,精製水「ヤクハン」,精製水,１０ｍＬ,2.5,
7142001X1015,単シロップ,単シロップ,１０ｍＬ,5.1,
7142001X1066,単シロップ（シオエ）,単シロップ,１０ｍＬ,9.1,
7142001X1139,単シロップ（日興製薬）,単シロップ,１０ｍＬ,9.4,
7143001X1012,ウイキョウ油,ウイキョウ油,１ｍＬ,52.1,
7143002S1010,カンゾウエキス,カンゾウエキス,１ｇ,9.3,
7143003B1030,芳香散（鈴粉末）,ケイヒ末・サンショウ末配合剤,１ｇ,6.9,
7149001X1016,サッカリンナトリウム水和物,サッカリンナトリウム水和物,１ｇ,8,
7149002X1010,白糖,白糖,１０ｇ,11.1,
7149003X1015,ハチミツ,ハチミツ,１０ｇ,9.6,
7149004X1010,ｌ－メントール,ｌ－メントール,１ｇ,15.9,
7149004X1052,ｌ－メントール「ケンエー」,ｌ－メントール,１ｇ,19.5,
7149004X1060,ｌ－メントール「コザカイ・Ｍ」,ｌ－メントール,１ｇ,20.4,
7149005X1014,ハッカ水,ハッカ水,１０ｍＬ,10.9,
7149006X1019,ハッカ油,ハッカ油,１ｍＬ,10.9,
7149006X1060,ハッカ油「ケンエー」,ハッカ油,１ｍＬ,20.1,
7149006X1078,ハッカ油「コザカイ・Ｍ」,ハッカ油,１ｍＬ,16.1,
7149006X1124,ハッカ油「東海」,ハッカ油,１ｍＬ,12.3,
7149006X1221,ハッカ油「ニッコー」,ハッカ油,１ｍＬ,21.2,
7149007X1013,クエン酸水和物,クエン酸水和物,１０ｇ,12,
7149007X1153,クエン酸（山善）,クエン酸水和物,１０ｇ,15.4,
7149007X1234,クエン酸水和物原末「ニッコー」,クエン酸水和物,１０ｇ,14.2,
7149007X1250,クエン酸水和物「ケンエー」原末,クエン酸水和物,１０ｇ,15.4,
7149007X1269,クエン酸水和物「コザカイ」原末,クエン酸水和物,１０ｇ,14.2,
7149008X1018,無水クエン酸,無水クエン酸,１０ｇ,11.8,
7149009X1012,酒石酸,酒石酸,１０ｇ,25.4,
7149009X1071,酒石酸「コザカイ・Ｍ」,酒石酸,１０ｇ,27.4,
7211001X1030,ガストログラフイン経口・注腸用,アミドトリゾ酸ナトリウムメグルミン,１ｍＬ,23.3,
7212010X1029,バリトゲン－デラックス,硫酸バリウム,９７．９８％１０ｇ,12.9,
7212020B1033,バリブライトＰ,硫酸バリウム,９８％１０ｇ,16,
7212021X1019,硫酸バリウム,硫酸バリウム,１０ｇ,17.3,
7212022A1029,バリコンミール,硫酸バリウム,９９％１０ｇ,14.9,
7212022A1037,バリトップＨＤ,硫酸バリウム,９９％１０ｇ,14.8,
7212022A2033,ネオバルギンＥＨＤ,硫酸バリウム,９９．０％１０ｇ,15.1,
7212029X1023,バリトゲンＨＤ,硫酸バリウム,９８．６％１０ｇ,14.4,
7212031B1031,バリテスターＡ２４０散,硫酸バリウム,９８．５％１０ｇ,13.2,
7212032B1028,バリブライトＣＬ,硫酸バリウム,９９．１％１０ｇ,15.2,
7212032B1036,硫酸バリウム散９９．１％「共成」,硫酸バリウム,９９．１％１０ｇ,15.2,
7212033B1022,バリコンクＭＸ,硫酸バリウム,９９．４％１０ｇ,15.4,
7212034B1027,バリブライトＬＶ,硫酸バリウム,９９．５％１０ｇ,14.3,
7212034B1035,硫酸バリウム散９９．５％「ＦＳＫ」,硫酸バリウム,９９．５％１０ｇ,14,
7212036B1026,硫酸バリウム散９８．８％「ホリイ」,硫酸バリウム,９８．８％１０ｇ,14.2,
7212037B1020,硫酸バリウム散９７．５％「ホリイ」,硫酸バリウム,９７．５％１０ｇ,14.8,
7212038S1025,コロンフォート内用懸濁液２５％,硫酸バリウム,２５％３２ｍＬ１瓶,498.6,
7213005B1028,マグコロール散６８％分包５０ｇ,クエン酸マグネシウム,６８％５０ｇ１包,377.4,
7213005B2024,マグコロール散６８％分包１００ｇ,クエン酸マグネシウム,６８％１００ｇ１包,768.9,
7213005S2024,マグコロール内用液１３．６％分包２５０ｍＬ,クエン酸マグネシウム,１３．６％２５０ｍＬ１包,393.5,
7213012D1029,バルギン発泡顆粒,炭酸水素ナトリウム・酒石酸,１ｇ,11.8,
7213013D1023,バロス発泡顆粒,炭酸水素ナトリウム・酒石酸,１ｇ,14.7,
7213014D1028,バロス発泡顆粒－Ｓ,炭酸水素ナトリウム・酒石酸,１ｇ,13.5,
7213016D1027,バリエース発泡顆粒,炭酸水素ナトリウム・酒石酸,１ｇ,13.5,
7213017D1030,バックス発泡顆粒,炭酸水素ナトリウム・酒石酸,１ｇ,11.6,
7223001M1035,メトピロンカプセル２５０ｍｇ,メチラポン,２５０ｍｇ１カプセル,1211.2,
7229001S1038,膵外分泌機能検査用ＰＦＤ内服液５００ｍｇ,ベンチロミド,５％１０ｍＬ１瓶,602.8,
7290001S1037,トレーランＧ液５０ｇ,デンプン部分加水分解物,１５０ｍＬ１瓶,205.2,
7290003S1044,トレーランＧ液７５ｇ,デンプン部分加水分解物,２２５ｍＬ１瓶,205.2,
7290004B1030,フェリセルツ散２０％,クエン酸鉄アンモニウム,６００ｍｇ１包,718.4,
7290005F1029,ピロニック錠１００ｍｇ,尿素（１３Ｃ）,１００ｍｇ１錠,1844.1,R9.3.31まで
7290005F1037,ユービット錠１００ｍｇ,尿素（１３Ｃ）,１００ｍｇ１錠,2591.4,
7290006S1021,ボースデル内用液１０,塩化マンガン四水和物,１０ｍｇ２５０ｍＬ１袋,784.1,
7290007A1020,アラグリオ原末分包１．５ｇ,アミノレブリン酸塩酸塩,１．５ｇ１包,75985.9,
7290007X1031,アラベル内用剤１．５ｇ,アミノレブリン酸塩酸塩,１．５ｇ１瓶,92051.5,
7290007X1040,アラグリオ内用剤１．５ｇ,アミノレブリン酸塩酸塩,１．５ｇ１瓶,75985.9,
7319001X1018,安息香酸,安息香酸,１０ｇ,16.8,
7319002X1012,安息香酸ナトリウム,安息香酸ナトリウム,１０ｇ,22.6,
7990001S2015,Ｄ－ソルビトール液,Ｄ－ソルビトール,６５％１０ｍＬ,10.2,
7990001S3011,Ｄ－ソルビトール液,Ｄ－ソルビトール,７５％１０ｍＬ,10.9,
7990001X1016,Ｄ－ソルビトール,Ｄ－ソルビトール,１０ｇ,11.9,
7990002B2036,プロナーゼＭＳ,プロナーゼ,２０，０００単位,121.4,
7990002B2044,ガスチーム散４万単位／ｇ,プロナーゼ,２０，０００単位,105.2,
7990003F1028,チャンピックス錠０．５ｍｇ,バレニクリン酒石酸塩,０．５ｍｇ１錠,77.5,
7990003F2024,チャンピックス錠１ｍｇ,バレニクリン酒石酸塩,１ｍｇ１錠,136.1,
7990004S1020,ミンクリア内用散布液０．８％,ｌ－メントール,２０ｍＬ１筒,769.7,
7990100A1106,ニフレック配合内用剤,ナトリウム・カリウム配合剤,１袋,718.4,
7990101F1035,ビジクリア配合錠,リン酸二水素ナトリウム一水和物・無水リン酸水素二ナトリウム,１錠,43.8,
7990102A1024,モビプレップ配合内用剤,ナトリウム・カリウム・アスコルビン酸配合剤,１袋,1513,
7990103A1029,ピコプレップ配合内用剤,ピコスルファートナトリウム水和物・酸化マグネシウム・無水クエン酸,１包,981.5,
7990104S1029,サルプレップ配合内用液,無水硫酸ナトリウム・硫酸カリウム・硫酸マグネシウム水和物,４８０ｍＬ１瓶,922.8,
8112001A1018,アヘン末,アヘン,１ｇ,1118.8,
8112001B1013,アヘン散,アヘン,１０％１ｇ,250.6,
8113001S1010,アヘンチンキ,アヘンチンキ,１０％１ｍＬ,193.2,
8114001X1015,アヘンアルカロイド塩酸塩,アヘンアルカロイド塩酸塩,１ｇ,1174.6,
8114002X1010,エチルモルヒネ塩酸塩水和物,エチルモルヒネ塩酸塩水和物,１ｇ,8295.9,
8114003F1019,モルヒネ塩酸塩錠,モルヒネ塩酸塩水和物,１０ｍｇ１錠,152.1,
8114003X1014,モルヒネ塩酸塩水和物,モルヒネ塩酸塩水和物,１ｇ,2243.8,
8114004C3028,モルヒネ硫酸塩水和物徐放細粒分包１０ｍｇ「フジモト」,モルヒネ硫酸塩水和物,１０ｍｇ１包,198.4,
8114004C4024,モルヒネ硫酸塩水和物徐放細粒分包３０ｍｇ「フジモト」,モルヒネ硫酸塩水和物,３０ｍｇ１包,528.3,
8114004G1027,ＭＳコンチン錠１０ｍｇ,モルヒネ硫酸塩水和物,１０ｍｇ１錠,245.6,
8114004G2023,ＭＳコンチン錠３０ｍｇ,モルヒネ硫酸塩水和物,３０ｍｇ１錠,713.5,
8114004G3020,ＭＳコンチン錠６０ｍｇ,モルヒネ硫酸塩水和物,６０ｍｇ１錠,1288.1,
8114004N4025,ＭＳツワイスロンカプセル１０ｍｇ,モルヒネ硫酸塩水和物,１０ｍｇ１カプセル,236.1,
8114004N5021,ＭＳツワイスロンカプセル３０ｍｇ,モルヒネ硫酸塩水和物,３０ｍｇ１カプセル,632.4,
8114004N6028,ＭＳツワイスロンカプセル６０ｍｇ,モルヒネ硫酸塩水和物,６０ｍｇ１カプセル,1173.6,
8114005S1024,オプソ内服液５ｍｇ,モルヒネ塩酸塩水和物,５ｍｇ２．５ｍＬ１包,263.3,
8114005S2020,オプソ内服液１０ｍｇ,モルヒネ塩酸塩水和物,１０ｍｇ５ｍＬ１包,281.1,
8115001F1017,コデインリン酸塩錠,コデインリン酸塩水和物,２０ｍｇ１錠,74.4,
8115001F1106,コデインリン酸塩錠２０ｍｇ「タケダ」,コデインリン酸塩水和物,２０ｍｇ１錠,79.5,
8115001X1012,コデインリン酸塩水和物,コデインリン酸塩水和物,１ｇ,1243.5,
8115002B2016,コデインリン酸塩散１０％,コデインリン酸塩水和物,１０％１ｇ,149.8,
8115003X1011,ジヒドロコデインリン酸塩,ジヒドロコデインリン酸塩,１ｇ,1133.2,
8115004B2015,ジヒドロコデインリン酸塩散１０％,ジヒドロコデインリン酸塩,１０％１ｇ,135.8,
8119001F1032,メテバニール錠２ｍｇ,オキシメテバノール,２ｍｇ１錠,91,
8119002B2023,オキノーム散２．５ｍｇ,オキシコドン塩酸塩水和物,２．５ｍｇ１包,53.8,
8119002B3020,オキノーム散５ｍｇ,オキシコドン塩酸塩水和物,５ｍｇ１包,111.2,
8119002B4026,オキノーム散１０ｍｇ,オキシコドン塩酸塩水和物,１０ｍｇ１包,220.7,
8119002B5022,オキノーム散２０ｍｇ,オキシコドン塩酸塩水和物,２０ｍｇ１包,457.5,
8119002F5024,オキシコドン錠２．５ｍｇＮＸ「第一三共」,オキシコドン塩酸塩水和物,２．５ｍｇ１錠,46.5,
8119002F6020,オキシコドン錠５ｍｇＮＸ「第一三共」,オキシコドン塩酸塩水和物,５ｍｇ１錠,84.7,
8119002F7027,オキシコドン錠１０ｍｇＮＸ「第一三共」,オキシコドン塩酸塩水和物,１０ｍｇ１錠,154,
8119002F8023,オキシコドン錠２０ｍｇＮＸ「第一三共」,オキシコドン塩酸塩水和物,２０ｍｇ１錠,300.9,
8119002G5020,オキシコンチンＴＲ錠５ｍｇ,オキシコドン塩酸塩水和物,５ｍｇ１錠,121.4,
8119002G5038,オキシコドン徐放錠５ｍｇＮＸ「第一三共」,オキシコドン塩酸塩水和物,５ｍｇ１錠,121.4,
8119002G6026,オキシコンチンＴＲ錠１０ｍｇ,オキシコドン塩酸塩水和物,１０ｍｇ１錠,233.6,
8119002G6034,オキシコドン徐放錠１０ｍｇＮＸ「第一三共」,オキシコドン塩酸塩水和物,１０ｍｇ１錠,233.6,
8119002G7022,オキシコンチンＴＲ錠２０ｍｇ,オキシコドン塩酸塩水和物,２０ｍｇ１錠,433.7,
8119002G7030,オキシコドン徐放錠２０ｍｇＮＸ「第一三共」,オキシコドン塩酸塩水和物,２０ｍｇ１錠,433.7,
8119002G8029,オキシコンチンＴＲ錠４０ｍｇ,オキシコドン塩酸塩水和物,４０ｍｇ１錠,799.1,
8119002G8037,オキシコドン徐放錠４０ｍｇＮＸ「第一三共」,オキシコドン塩酸塩水和物,４０ｍｇ１錠,799.1,
8119002N1023,オキシコドン徐放カプセル５ｍｇ「テルモ」,オキシコドン塩酸塩水和物,５ｍｇ１カプセル,121.4,
8119002N2020,オキシコドン徐放カプセル１０ｍｇ「テルモ」,オキシコドン塩酸塩水和物,１０ｍｇ１カプセル,233.6,
8119002N3026,オキシコドン徐放カプセル２０ｍｇ「テルモ」,オキシコドン塩酸塩水和物,２０ｍｇ１カプセル,433.7,
8119002N4022,オキシコドン徐放カプセル４０ｍｇ「テルモ」,オキシコドン塩酸塩水和物,４０ｍｇ１カプセル,799.1,
8119002S1027,オキシコドン内服液２．５ｍｇ「日本臓器」,オキシコドン塩酸塩水和物,２．５ｍｇ２．５ｍＬ１包,87,
8119002S2023,オキシコドン内服液５ｍｇ「日本臓器」,オキシコドン塩酸塩水和物,５ｍｇ２．５ｍＬ１包,152.2,
8119002S3020,オキシコドン内服液１０ｍｇ「日本臓器」,オキシコドン塩酸塩水和物,１０ｍｇ５ｍＬ１包,290.1,
8119002S4026,オキシコドン内服液２０ｍｇ「日本臓器」,オキシコドン塩酸塩水和物,２０ｍｇ５ｍＬ１包,541.7,
8119003F1023,ナルラピド錠１ｍｇ,ヒドロモルフォン塩酸塩,１ｍｇ１錠,112.6,
8119003F2020,ナルラピド錠２ｍｇ,ヒドロモルフォン塩酸塩,２ｍｇ１錠,206.6,
8119003F3026,ナルラピド錠４ｍｇ,ヒドロモルフォン塩酸塩,４ｍｇ１錠,378.8,
8119003G1029,ナルサス錠２ｍｇ,ヒドロモルフォン塩酸塩,２ｍｇ１錠,206.6,
8119003G2025,ナルサス錠６ｍｇ,ヒドロモルフォン塩酸塩,６ｍｇ１錠,540,
8119003G3021,ナルサス錠１２ｍｇ,ヒドロモルフォン塩酸塩,１２ｍｇ１錠,990.2,
8119003G4028,ナルサス錠２４ｍｇ,ヒドロモルフォン塩酸塩,２４ｍｇ１錠,1815.8,
8119100B1018,アヘン・トコン散,アヘン・トコン,１ｇ,233.3,
8211001X1019,ペチジン塩酸塩,ペチジン塩酸塩,１ｇ,3806,
8219001F1020,アブストラル舌下錠１００μｇ,フェンタニルクエン酸塩,１００μｇ１錠,527.5,
8219001F2026,アブストラル舌下錠２００μｇ,フェンタニルクエン酸塩,２００μｇ１錠,750.5,
8219001F3022,アブストラル舌下錠４００μｇ,フェンタニルクエン酸塩,４００μｇ１錠,898.1,
8219001K5023,イーフェンバッカル錠５０μｇ,フェンタニルクエン酸塩,５０μｇ１錠,478,
8219001K6020,イーフェンバッカル錠１００μｇ,フェンタニルクエン酸塩,１００μｇ１錠,663.6,
8219001K7026,イーフェンバッカル錠２００μｇ,フェンタニルクエン酸塩,２００μｇ１錠,846.4,
8219001K8022,イーフェンバッカル錠４００μｇ,フェンタニルクエン酸塩,４００μｇ１錠,1361.5,
8219001K9029,イーフェンバッカル錠６００μｇ,フェンタニルクエン酸塩,６００μｇ１錠,1547.9,
8219001T1023,イーフェンバッカル錠８００μｇ,フェンタニルクエン酸塩,８００μｇ１錠,1812.6,
8219002F1024,メサペイン錠５ｍｇ,メサドン塩酸塩,５ｍｇ１錠,184.8,
8219002F2020,メサペイン錠１０ｍｇ,メサドン塩酸塩,１０ｍｇ１錠,351.2,
1115400X1019,注射用チオペンタールナトリウム,チオペンタールナトリウム,３００ｍｇ１管,731,
1115400X2015,注射用チオペンタールナトリウム,チオペンタールナトリウム,５００ｍｇ１管,892,
1115403D3019,注射用チアミラールナトリウム,チアミラールナトリウム,５００ｍｇ１瓶（溶解液付）,572,
1115403D3043,イソゾール注射用０．５ｇ,チアミラールナトリウム,５００ｍｇ１瓶（溶解液付）,572,
1115403D4015,注射用チアミラールナトリウム,チアミラールナトリウム,３００ｍｇ１瓶（溶解液付）,458,
1119400A1031,ケタラール静注用２００ｍｇ,ケタミン塩酸塩,２００ｍｇ２０ｍＬ１瓶,1618,
1119400A2038,ケタラール筋注用５００ｍｇ,ケタミン塩酸塩,５００ｍｇ１０ｍＬ１瓶,1529,
1119400A3026,ケタラール静注用５０ｍｇ,ケタミン塩酸塩,５０ｍｇ５ｍＬ１管,680,
1119401A1036,ドロレプタン注射液２５ｍｇ,ドロペリドール,２．５ｍｇ１ｍＬバイアル,90,
1119402A1022,１％ディプリバン注,プロポフォール,２００ｍｇ２０ｍＬ１管,887,
1119402A1073,プロポフォール１％静注２０ｍＬ「日医工」,プロポフォール,２００ｍｇ２０ｍＬ１管,594,
1119402A1103,プロポフォール静注１％２０ｍＬ「ＦＫ」,プロポフォール,２００ｍｇ２０ｍＬ１管,594,
1119402A1120,プロポフォール静注１％２０ｍＬ「マルイシ」,プロポフォール,２００ｍｇ２０ｍＬ１管,887,
1119402A1138,プロポフォール１％静注２０ｍＬ「ＶＴＲＳ」,プロポフォール,２００ｍｇ２０ｍＬ１管,752,
1119402A2029,１％ディプリバン注,プロポフォール,５００ｍｇ５０ｍＬ１瓶,1021,
1119402A2100,プロポフォール１％静注５０ｍＬ「日医工」,プロポフォール,５００ｍｇ５０ｍＬ１瓶,1327,
1119402A2134,プロポフォール静注１％５０ｍＬ「ＦＫ」,プロポフォール,５００ｍｇ５０ｍＬ１瓶,886,
1119402A2150,プロポフォール静注１％５０ｍＬ「マルイシ」,プロポフォール,５００ｍｇ５０ｍＬ１瓶,1327,
1119402A2169,プロポフォール１％静注５０ｍＬ「ＶＴＲＳ」,プロポフォール,５００ｍｇ５０ｍＬ１瓶,1021,
1119402A3050,プロポフォール１％静注１００ｍＬ「日医工」,プロポフォール,１ｇ１００ｍＬ１瓶,1900,
1119402A3084,プロポフォール静注１％１００ｍＬ「ＦＫ」,プロポフォール,１ｇ１００ｍＬ１瓶,1268,
1119402A3106,プロポフォール静注１％１００ｍＬ「マルイシ」,プロポフォール,１ｇ１００ｍＬ１瓶,1900,
1119402A3114,プロポフォール１％静注１００ｍＬ「ＶＴＲＳ」,プロポフォール,１ｇ１００ｍＬ１瓶,1593,
1119402A5036,プロポフォール静注２％５０ｍＬ「マルイシ」,プロポフォール,１ｇ５０ｍＬ１瓶,1900,
1119402G1025,１％ディプリバン注－キット,プロポフォール,２００ｍｇ２０ｍＬ１筒,2670,
1119402G2021,１％ディプリバン注－キット,プロポフォール,５００ｍｇ５０ｍＬ１筒,2670,
1119403F1024,アネレム静注用５０ｍｇ,レミマゾラムベシル酸塩,５０ｍｇ１瓶,2218,
1119403F2020,アネレム静注用２０ｍｇ,レミマゾラムベシル酸塩,２０ｍｇ１瓶,1540,
1124400A1058,サイレース静注２ｍｇ,フルニトラゼパム,２ｍｇ１管,121,
1124401A1052,ドルミカム注射液１０ｍｇ,ミダゾラム,１０ｍｇ２ｍＬ１管,115,
1124401A1060,ミダゾラム注１０ｍｇ「サンド」,ミダゾラム,１０ｍｇ２ｍＬ１管,92,
1124401A1095,ミダゾラム注射液１０ｍｇ「ＮＩＧ」,ミダゾラム,１０ｍｇ２ｍＬ１管,115,
1124402A1057,ジアゼパム注射液５ｍｇ「ＮＩＧ」,ジアゼパム,５ｍｇ１管,120,
1124402A2045,ホリゾン注射液１０ｍｇ,ジアゼパム,１０ｍｇ１管,118,
1124402A2070,ジアゼパム注射液１０ｍｇ「ＮＩＧ」,ジアゼパム,１０ｍｇ１管,118,
1125402A1054,フェノバール注射液１００ｍｇ,フェノバルビタール,１０％１ｍＬ１管,70,
1129400A1054,プレセデックス静注液２００μｇ「ファイザー」,デクスメデトミジン塩酸塩,２００μｇ２ｍＬ１瓶,2154,
1129400A1062,デクスメデトミジン静注液２００μｇ「サンド」,デクスメデトミジン塩酸塩,２００μｇ２ｍＬ１瓶,1076,
1129400A1070,デクスメデトミジン静注液２００μｇ「ニプロ」,デクスメデトミジン塩酸塩,２００μｇ２ｍＬ１瓶,1434,
1129400G1022,プレセデックス静注液２００μｇ／５０ｍＬシリンジ「ファイザー」,デクスメデトミジン塩酸塩,２００μｇ５０ｍＬ１筒,1927,
1129400G1049,デクスメデトミジン静注液２００μｇ／５０ｍＬシリンジ「ニプロ」,デクスメデトミジン塩酸塩,２００μｇ５０ｍＬ１筒,1877,
1132400A1033,アレビアチン注２５０ｍｇ,フェニトインナトリウム,５％５ｍＬ１管,123,
1132401A1020,ホストイン静注７５０ｍｇ,ホスフェニトインナトリウム水和物,７５０ｍｇ１０ｍＬ１瓶,6419,
1139400F1023,ノーベルバール静注用２５０ｍｇ,フェノバルビタールナトリウム,２５０ｍｇ１瓶,1802,
1139401A1020,ミダフレッサ静注０．１％,ミダゾラム,１０ｍｇ１０ｍＬ１瓶,3146,
1139402A1025,イーケプラ点滴静注５００ｍｇ,レベチラセタム,５００ｍｇ５ｍＬ１瓶,1180,
1139402A2021,レベチラセタム点滴静注５００ｍｇ「アメル」,レベチラセタム,５００ｍｇ５ｍＬ１管,572,
1139402A2030,レベチラセタム点滴静注５００ｍｇ「日新」,レベチラセタム,５００ｍｇ５ｍＬ１管,625,
1139402A2048,レベチラセタム点滴静注５００ｍｇ「明治」,レベチラセタム,５００ｍｇ５ｍＬ１管,639,
1139403A1020,ロラピタ静注２ｍｇ,ロラゼパム,２ｍｇ１ｍＬ１瓶,1964,
1139404A1024,ビムパット点滴静注２００ｍｇ,ラコサミド,２００ｍｇ２０ｍＬ１瓶,4298,
1139404A2020,ビムパット点滴静注１００ｍｇ,ラコサミド,１００ｍｇ１０ｍＬ１瓶,2450,
1139405D1025,フィコンパ点滴静注用２ｍｇ,ペランパネル水和物,２ｍｇ１瓶,1962,
1139406A1023,ブリィビアクト静注２５ｍｇ,ブリーバラセタム,２５ｍｇ２．５ｍＬ１瓶,2450,
1141400A2020,アセリオ静注液１０００ｍｇバッグ,アセトアミノフェン,１，０００ｍｇ１００ｍＬ１袋,292,
1143400A2017,サリチル酸ナトリウム５％１０ｍＬ注射液,サリチル酸ナトリウム,５％１０ｍＬ１管,63,
1144400A1018,スルピリン注射液,スルピリン水和物,１０％２ｍＬ１管,94,
1144400A2014,スルピリン注射液,スルピリン水和物,２５％１ｍＬ１管,97,
1144400A3010,スルピリン注射液,スルピリン水和物,２５％２ｍＬ１管,94,
1144400A4017,スルピリン注射液,スルピリン水和物,５０％１ｍＬ１管,94,
1149400A1049,トラマール注１００,トラマドール塩酸塩,１００ｍｇ１管,241,
1149401A1027,ソセゴン注射液１５ｍｇ,ペンタゾシン,１５ｍｇ１管,87,
1149401A2023,ソセゴン注射液３０ｍｇ,ペンタゾシン,３０ｍｇ１管,171,
1149402A1080,ケトプロフェン筋注５０ｍｇ「日新」,ケトプロフェン,５０ｍｇ１管,63,
1149403A1050,レペタン注０．２ｍｇ,ブプレノルフィン塩酸塩,０．２ｍｇ１管,174,
1149403A1077,ブプレノルフィン注０．２ｍｇ「日新」,ブプレノルフィン塩酸塩,０．２ｍｇ１管,174,
1149403A2057,レペタン注０．３ｍｇ,ブプレノルフィン塩酸塩,０．３ｍｇ１管,205,
1149403A2073,ブプレノルフィン注０．３ｍｇ「日新」,ブプレノルフィン塩酸塩,０．３ｍｇ１管,205,
1149407A1040,ロピオン静注５０ｍｇ,フルルビプロフェンアキセチル,５０ｍｇ５ｍＬ１管,278,
1149500A1110,カシワドール静注,コンドロイチン硫酸エステルナトリウム・サリチル酸ナトリウム,２０ｍＬ１管,78,R9.3.31まで
1149501A1017,コンドロイチン硫酸エステルナトリウム・サリチル酸ナトリウム１０ｍＬ注射液,コンドロイチン硫酸エステルナトリウム・サリチル酸ナトリウム,１０ｍＬ１管,63,
1149502A1011,サリチル酸ナトリウム・ジブカイン配合２ｍＬ注射液,サリチル酸ナトリウム・ジブカイン配合剤,２ｍＬ１管,63,
1149502A1089,ネオビタカイン注２ｍＬ,サリチル酸ナトリウム・ジブカイン配合剤,２ｍＬ１管,186,
1149502G1022,ネオビタカイン注シリンジ２ｍＬ,サリチル酸ナトリウム・ジブカイン配合剤,２ｍＬ１筒,385,
1149503A1016,サリチル酸ナトリウム・ジブカイン配合５ｍＬ注射液,サリチル酸ナトリウム・ジブカイン配合剤,５ｍＬ１管,63,
1149503A1083,ネオビタカイン注５ｍＬ,サリチル酸ナトリウム・ジブカイン配合剤,５ｍＬ１管,226,
1149503G1027,ネオビタカイン注シリンジ５ｍＬ,サリチル酸ナトリウム・ジブカイン配合剤,５ｍＬ１筒,351,
1149601A1031,ノイロトロピン注射液１．２単位,ワクシニアウイルス接種家兎炎症皮膚抽出液,１ｍＬ１管,84,
1149601A2062,ノイロトロピン注射液３．６単位,ワクシニアウイルス接種家兎炎症皮膚抽出液,３ｍＬ１管,158,
1162400A1059,アキネトン注射液５ｍｇ,乳酸ビペリデン,０．５％１ｍＬ１管,63,
1162400A1067,乳酸ビペリデン注５ｍｇ「ヨシトミ」,乳酸ビペリデン,０．５％１ｍＬ１管,63,
1164400A1045,ドパストン静注２５ｍｇ,レボドパ,０．２５％１０ｍＬ１管,192,
1164400A2041,ドパストン静注５０ｍｇ,レボドパ,０．２５％２０ｍＬ１管,339,
1169400G1028,アポカイン皮下注３０ｍｇ,アポモルヒネ塩酸塩水和物,３０ｍｇ３ｍＬ１筒,7910,
1169500A1023,ヴィアレブ配合持続皮下注,ホスレボドパ・ホスカルビドパ水和物,１０ｍＬ１瓶,13277,
1171400A1015,クロルプロマジン塩酸塩注射液,クロルプロマジン塩酸塩,０．５％２ｍＬ１管,104,
1171400A2011,クロルプロマジン塩酸塩注射液,クロルプロマジン塩酸塩,０．５％５ｍＬ１管,104,
1171400A3018,クロルプロマジン塩酸塩注射液,クロルプロマジン塩酸塩,１％５ｍＬ１管,104,
1172402A1046,ピーゼットシー筋注２ｍｇ,塩酸ペルフェナジン,０．２％１ｍＬ１管,63,
1172404A1037,ノバミン筋注５ｍｇ,プロクロルペラジン,０．５％１ｍＬ１管,63,R9.3.31まで
1172405A1031,フルデカシン筋注２５ｍｇ,フルフェナジンデカン酸エステル,２５ｍｇ１ｍＬ１瓶,1383,
1174401A1038,アナフラニール点滴静注液２５ｍｇ,クロミプラミン塩酸塩,２５ｍｇ１管,225,
1179401A1026,アタラックス－Ｐ注射液（２５ｍｇ／ｍｌ）,ヒドロキシジン塩酸塩,２．５％１ｍＬ１管,63,
1179401A2022,アタラックス－Ｐ注射液（５０ｍｇ／ｍｌ）,ヒドロキシジン塩酸塩,５％１ｍＬ１管,63,
1179403A1050,ドグマチール筋注１００ｍｇ,スルピリド,１００ｍｇ１管,129,
1179404A1070,セレネース注５ｍｇ,ハロペリドール,０．５％１ｍＬ１管,130,
1179404A1097,ハロペリドール注５ｍｇ「ヨシトミ」,ハロペリドール,０．５％１ｍＬ１管,104,
1179406A1037,ハロマンス注５０ｍｇ,ハロペリドールデカン酸エステル,５０ｍｇ１ｍＬ１管,1407,
1179406A2033,ハロマンス注１００ｍｇ,ハロペリドールデカン酸エステル,１００ｍｇ１ｍＬ１管,2203,
1179407G1026,リスパダール　コンスタ筋注用２５ｍｇ,リスペリドン,２５ｍｇ１キット（懸濁用液付）,12801,
1179407G2022,リスパダール　コンスタ筋注用３７．５ｍｇ,リスペリドン,３７．５ｍｇ１キット（懸濁用液付）,16128,
1179407G3029,リスパダール　コンスタ筋注用５０ｍｇ,リスペリドン,５０ｍｇ１キット（懸濁用液付）,19079,
1179408E1020,ジプレキサ筋注用１０ｍｇ,オランザピン,１０ｍｇ１瓶,1538,
1179409G1025,ゼプリオン水懸筋注２５ｍｇシリンジ,パリペリドンパルミチン酸エステル,２５ｍｇ１キット,16939,
1179409G2021,ゼプリオン水懸筋注５０ｍｇシリンジ,パリペリドンパルミチン酸エステル,５０ｍｇ１キット,27641,
1179409G3028,ゼプリオン水懸筋注７５ｍｇシリンジ,パリペリドンパルミチン酸エステル,７５ｍｇ１キット,36297,
1179409G4024,ゼプリオン水懸筋注１００ｍｇシリンジ,パリペリドンパルミチン酸エステル,１００ｍｇ１キット,44031,
1179409G5020,ゼプリオン水懸筋注１５０ｍｇシリンジ,パリペリドンパルミチン酸エステル,１５０ｍｇ１キット,56520,
1179409G6027,ゼプリオンＴＲＩ水懸筋注１７５ｍｇシリンジ,パリペリドンパルミチン酸エステル,１７５ｍｇ１キット,62397,
1179409G7023,ゼプリオンＴＲＩ水懸筋注２６３ｍｇシリンジ,パリペリドンパルミチン酸エステル,２６３ｍｇ１キット,81676,
1179409G8020,ゼプリオンＴＲＩ水懸筋注３５０ｍｇシリンジ,パリペリドンパルミチン酸エステル,３５０ｍｇ１キット,99067,
1179409G9026,ゼプリオンＴＲＩ水懸筋注５２５ｍｇシリンジ,パリペリドンパルミチン酸エステル,５２５ｍｇ１キット,129783,
1179410E1027,エビリファイ持続性水懸筋注用３００ｍｇ,アリピプラゾール水和物,３００ｍｇ１瓶（懸濁用液付）,33580,
1179410E2023,エビリファイ持続性水懸筋注用４００ｍｇ,アリピプラゾール水和物,４００ｍｇ１瓶（懸濁用液付）,41967,
1179410G1028,エビリファイ持続性水懸筋注用３００ｍｇシリンジ,アリピプラゾール水和物,３００ｍｇ１キット,34008,
1179410G2024,エビリファイ持続性水懸筋注用４００ｍｇシリンジ,アリピプラゾール水和物,４００ｍｇ１キット,40812,
1190401A1023,ラジカット注３０ｍｇ,エダラボン,３０ｍｇ２０ｍＬ１管,1731,
1190401A1066,エダラボン点滴静注３０ｍｇ「ＮＰ」,エダラボン,３０ｍｇ２０ｍＬ１管,828,
1190401A1112,エダラボン点滴静注３０ｍｇ「タカタ」,エダラボン,３０ｍｇ２０ｍＬ１管,832,
1190401A1155,エダラボン点滴静注液３０ｍｇ「ＮＳ」,エダラボン,３０ｍｇ２０ｍＬ１管,580,
1190401A1171,エダラボン点滴静注液３０ｍｇ「ケミファ」,エダラボン,３０ｍｇ２０ｍＬ１管,1350,
1190401A1201,エダラボン点滴静注液３０ｍｇ「日医工」,エダラボン,３０ｍｇ２０ｍＬ１管,1227,
1190401A2020,エダラボン点滴静注３０ｍｇ「トーワ」,エダラボン,３０ｍｇ２０ｍＬ１瓶,806,
1190401G1026,ラジカット点滴静注バッグ３０ｍｇ,エダラボン,３０ｍｇ１００ｍＬ１キット,1731,
1190401G1042,エダラボン点滴静注３０ｍｇバッグ「アイロム」,エダラボン,３０ｍｇ１００ｍＬ１キット,1454,R9.3.31まで
1190401G1050,エダラボン点滴静注３０ｍｇバッグ「タカタ」,エダラボン,３０ｍｇ１００ｍＬ１キット,1463,
1190401G1069,エダラボン点滴静注液３０ｍｇバッグ「ＮＰ」,エダラボン,３０ｍｇ１００ｍＬ１キット,1143,
1190401G1131,エダラボン点滴静注バッグ３０ｍｇ「ＮＳ」,エダラボン,３０ｍｇ１００ｍＬ１キット,1468,
1190402A1028,タイサブリ点滴静注３００ｍｇ,ナタリズマブ（遺伝子組換え）,３００ｍｇ１５ｍＬ１瓶,230345,
1190403A1022,スピンラザ髄注１２ｍｇ,ヌシネルセンナトリウム,１２ｍｇ５ｍＬ１瓶,9493024,
1190403A2029,スピンラザ髄注２８ｍｇ,ヌシネルセンナトリウム,２８ｍｇ５ｍＬ１瓶,9661483,
1190403A3025,スピンラザ髄注５０ｍｇ,ヌシネルセンナトリウム,５０ｍｇ５ｍＬ１瓶,9778481,
1190404G1020,エムガルティ皮下注１２０ｍｇシリンジ,ガルカネズマブ（遺伝子組換え）,１２０ｍｇ１ｍＬ１筒,42284,
1190404G2026,エムガルティ皮下注１２０ｍｇオートインジェクター,ガルカネズマブ（遺伝子組換え）,１２０ｍｇ１ｍＬ１キット,42400,
1190405G1024,ケシンプタ皮下注２０ｍｇペン,オファツムマブ（遺伝子組換え）,２０ｍｇ０．４ｍＬ１キット,230860,
1190406G1029,アイモビーグ皮下注７０ｍｇペン,エレヌマブ（遺伝子組換え）,７０ｍｇ１ｍＬ１キット,38842,
1190407G1023,アジョビ皮下注２２５ｍｇシリンジ,フレマネズマブ（遺伝子組換え）,２２５ｍｇ１．５ｍＬ１筒,39022,
1190407G2020,アジョビ皮下注２２５ｍｇオートインジェクター,フレマネズマブ（遺伝子組換え）,２２５ｍｇ１．５ｍＬ１キット,38856,
1190408A1025,レケンビ点滴静注２００ｍｇ,レカネマブ（遺伝子組換え）,２００ｍｇ２ｍＬ１瓶,38910,
1190408A2021,レケンビ点滴静注５００ｍｇ,レカネマブ（遺伝子組換え）,５００ｍｇ５ｍＬ１瓶,97277,
1190409A1020,ケサンラ点滴静注液３５０ｍｇ,ドナネマブ（遺伝子組換え）,３５０ｍｇ２０ｍＬ１瓶,66948,
1190410E1024,ロゼバラミン筋注用２５ｍｇ,メコバラミン,２５ｍｇ１瓶,10425,
1190411A1027,クアルソディ髄注１００ｍｇ,トフェルセン,１００ｍｇ１５ｍＬ１瓶,2788883,
1211401A1017,プロカイン塩酸塩注射液,プロカイン塩酸塩,０．５％１ｍＬ１管,94,
1211401A2013,プロカイン塩酸塩注射液,プロカイン塩酸塩,０．５％２ｍＬ１管,94,
1211401A3010,プロカイン塩酸塩注射液,プロカイン塩酸塩,０．５％５ｍＬ１管,104,
1211401A3060,プロカイン塩酸塩注射液０．５％「日医工」,プロカイン塩酸塩,０．５％５ｍＬ１管,130,
1211401A4016,プロカイン塩酸塩注射液,プロカイン塩酸塩,１％１ｍＬ１管,104,
1211401A5012,プロカイン塩酸塩注射液,プロカイン塩酸塩,１％２ｍＬ１管,104,
1211401A6019,プロカイン塩酸塩注射液,プロカイン塩酸塩,１％５ｍＬ１管,104,
1211401A7015,プロカイン塩酸塩注射液,プロカイン塩酸塩,１％１０ｍＬ１管,94,
1211401A8011,プロカイン塩酸塩注射液,プロカイン塩酸塩,２％１ｍＬ１管,104,
1211401A9018,プロカイン塩酸塩注射液,プロカイン塩酸塩,２％２ｍＬ１管,104,
1211401H1015,プロカイン塩酸塩注射液,プロカイン塩酸塩,２％５ｍＬ１管,104,
1211401H3018,プロカイン塩酸塩注射液,プロカイン塩酸塩,０．５％１０ｍＬ１管,130,
1214400A1022,キシロカイン注射液「０．５％」エピレナミン（１：１００，０００）含有,リドカイン塩酸塩・アドレナリン,０．５％１０ｍＬバイアル,118,
1214400A2029,キシロカイン注射液「１％」エピレナミン（１：１００，０００）含有,リドカイン塩酸塩・アドレナリン,１％１０ｍＬバイアル,119,
1214400A3025,キシロカイン注射液「２％」エピレナミン（１：８０，０００）含有,リドカイン塩酸塩・アドレナリン,２％１０ｍＬバイアル,153,
1214400A5052,キシロカイン注ポリアンプ０．５％,リドカイン塩酸塩,０．５％５ｍＬ１管,63,
1214400A5060,リドカイン塩酸塩注０．５％「日新」,リドカイン塩酸塩,０．５％５ｍＬ１管,104,
1214400A5087,リドカイン塩酸塩注射液０．５％「ＶＴＲＳ」,リドカイン塩酸塩,０．５％５ｍＬ１管,100,
1214400A6059,キシロカイン注ポリアンプ０．５％,リドカイン塩酸塩,０．５％１０ｍＬ１管,91,
1214400A6067,リドカイン塩酸塩注０．５％「日新」,リドカイン塩酸塩,０．５％１０ｍＬ１管,104,
1214400A6083,リドカイン塩酸塩注射液０．５％「ＶＴＲＳ」,リドカイン塩酸塩,０．５％１０ｍＬ１管,100,
1214400A7055,キシロカイン注ポリアンプ１％,リドカイン塩酸塩,１％５ｍＬ１管,63,
1214400A7063,リドカイン塩酸塩注１％「日新」,リドカイン塩酸塩,１％５ｍＬ１管,104,
1214400A7080,リドカイン塩酸塩注射液１％「ＶＴＲＳ」,リドカイン塩酸塩,１％５ｍＬ１管,100,
1214400A8051,キシロカイン注ポリアンプ１％,リドカイン塩酸塩,１％１０ｍＬ１管,84,
1214400A8060,リドカイン塩酸塩注１％「日新」,リドカイン塩酸塩,１％１０ｍＬ１管,104,
1214400A8086,リドカイン塩酸塩注射液１％「ＶＴＲＳ」,リドカイン塩酸塩,１％１０ｍＬ１管,91,
1214400A9058,キシロカイン注ポリアンプ２％,リドカイン塩酸塩,２％５ｍＬ１管,77,
1214400A9066,リドカイン塩酸塩注２％「日新」,リドカイン塩酸塩,２％５ｍＬ１管,104,
1214400A9082,リドカイン塩酸塩注射液２％「ＶＴＲＳ」,リドカイン塩酸塩,２％５ｍＬ１管,98,
1214400G1025,キシロカイン注シリンジ０．５％,リドカイン塩酸塩,０．５％１０ｍＬ１筒,210,
1214400G2021,キシロカイン注シリンジ１％,リドカイン塩酸塩,１％１０ｍＬ１筒,198,
1214400H1055,キシロカイン注ポリアンプ２％,リドカイン塩酸塩,２％１０ｍＬ１管,117,
1214400H1063,リドカイン塩酸塩注２％「日新」,リドカイン塩酸塩,２％１０ｍＬ１管,104,
1214400H1080,リドカイン塩酸塩注射液２％「ＶＴＲＳ」,リドカイン塩酸塩,２％１０ｍＬ１管,100,
1214401A1019,リドカイン注射液,リドカイン,０．５％１０ｍＬバイアル,104,
1214401A2015,リドカイン注射液,リドカイン,０．５％３ｍＬ１管,155,
1214401A3011,リドカイン注射液,リドカイン,１％１０ｍＬバイアル,104,
1214401A3020,キシロカイン注射液１％,リドカイン,１％１０ｍＬバイアル,110,
1214401A4018,リドカイン注射液,リドカイン,２％１０ｍＬバイアル,130,
1214401A4026,キシロカイン注射液２％,リドカイン,２％１０ｍＬバイアル,156,
1214401A5014,リドカイン注射液,リドカイン,２％５ｍＬ１管,100,
1214401A5022,静注用キシロカイン２％,リドカイン,２％５ｍＬ１管,155,
1214401A6010,リドカイン注射液,リドカイン,１０％１０ｍＬ１管,340,
1214402A1013,メピバカイン塩酸塩注射液,メピバカイン塩酸塩,０．５％１０ｍＬバイアル,133,
1214402A2010,メピバカイン塩酸塩注射液,メピバカイン塩酸塩,１％１０ｍＬバイアル,146,
1214402A3016,メピバカイン塩酸塩注射液,メピバカイン塩酸塩,２％１０ｍＬバイアル,183,
1214402A5019,メピバカイン塩酸塩注射液,メピバカイン塩酸塩,０．５％５ｍＬ１管,104,
1214402A6015,メピバカイン塩酸塩注射液,メピバカイン塩酸塩,０．５％１０ｍＬ１管,104,
1214402A8018,メピバカイン塩酸塩注射液,メピバカイン塩酸塩,１％２ｍＬ１管,104,
1214402A9014,メピバカイン塩酸塩注射液,メピバカイン塩酸塩,１％５ｍＬ１管,104,
1214402H1011,メピバカイン塩酸塩注射液,メピバカイン塩酸塩,１％１０ｍＬ１管,104,
1214402H3014,メピバカイン塩酸塩注射液,メピバカイン塩酸塩,２％２ｍＬ１管,110,
1214402H4010,メピバカイン塩酸塩注射液,メピバカイン塩酸塩,２％５ｍＬ１管,107,
1214402H5017,メピバカイン塩酸塩注射液,メピバカイン塩酸塩,２％１０ｍＬ１管,140,
1214403A1026,マーカイン注０．１２５％,ブピバカイン塩酸塩水和物,０．１２５％１０ｍＬバイアル,125,
1214403A2022,マーカイン注０．２５％,ブピバカイン塩酸塩水和物,０．２５％１０ｍＬバイアル,143,
1214403A3029,マーカイン注０．５％,ブピバカイン塩酸塩水和物,０．５％１０ｍＬバイアル,188,
1214403A4025,マーカイン注脊麻用０．５％高比重,ブピバカイン塩酸塩水和物,０．５％４ｍＬ１管,318,
1214403A5021,マーカイン注脊麻用０．５％等比重,ブピバカイン塩酸塩水和物,０．５％４ｍＬ１管,318,
1214404A2035,リドカイン点滴静注液１％「タカタ」,リドカイン,１％２００ｍＬ１袋,689,
1214405A1025,アナペイン注２ｍｇ／ｍＬ,ロピバカイン塩酸塩水和物,０．２％１０ｍＬ１管,287,
1214405A1033,ロピバカイン塩酸塩０．２％注２０ｍｇ／１０ｍＬ「テルモ」,ロピバカイン塩酸塩水和物,０．２％１０ｍＬ１管,93,
1214405A2021,アナペイン注２ｍｇ／ｍＬ,ロピバカイン塩酸塩水和物,０．２％１００ｍＬ１袋,2353,
1214405A2030,ロピバカイン塩酸塩０．２％注バッグ２００ｍｇ／１００ｍＬ「テルモ」,ロピバカイン塩酸塩水和物,０．２％１００ｍＬ１袋,924,
1214405A3028,アナペイン注７．５ｍｇ／ｍＬ,ロピバカイン塩酸塩水和物,０．７５％１０ｍＬ１管,520,
1214405A3036,ロピバカイン塩酸塩０．７５％注７５ｍｇ／１０ｍＬ「テルモ」,ロピバカイン塩酸塩水和物,０．７５％１０ｍＬ１管,259,
1214405A4024,アナペイン注７．５ｍｇ／ｍＬ,ロピバカイン塩酸塩水和物,０．７５％２０ｍＬ１管,940,
1214405A4032,ロピバカイン塩酸塩０．７５％注１５０ｍｇ／２０ｍＬ「テルモ」,ロピバカイン塩酸塩水和物,０．７５％２０ｍＬ１管,520,
1214405A5020,アナペイン注１０ｍｇ／ｍＬ,ロピバカイン塩酸塩水和物,１％１０ｍＬ１管,640,
1214405A6027,アナペイン注１０ｍｇ／ｍＬ,ロピバカイン塩酸塩水和物,１％２０ｍＬ１管,802,
1214406A1038,メピバカイン塩酸塩注０．５％「日新」,メピバカイン塩酸塩,０．５％５ｍＬ１管,104,
1214406A2034,メピバカイン塩酸塩注０．５％「日新」,メピバカイン塩酸塩,０．５％１０ｍＬ１管,104,
1214406A3030,メピバカイン塩酸塩注１％「日新」,メピバカイン塩酸塩,１％５ｍＬ１管,104,
1214406A4037,メピバカイン塩酸塩注１％「日新」,メピバカイン塩酸塩,１％１０ｍＬ１管,104,
1214406A5033,メピバカイン塩酸塩注２％「日新」,メピバカイン塩酸塩,２％５ｍＬ１管,104,
1214406A6030,メピバカイン塩酸塩注２％「日新」,メピバカイン塩酸塩,２％１０ｍＬ１管,104,
1214406G1030,メピバカイン塩酸塩注射液０．５％シリンジ５０ｍｇ／１０ｍＬ「ＮＰ」,メピバカイン塩酸塩,０．５％１０ｍＬ１筒,185,
1214406G2037,メピバカイン塩酸塩注射液１％シリンジ１００ｍｇ／１０ｍＬ「ＮＰ」,メピバカイン塩酸塩,１％１０ｍＬ１筒,149,
1214406G3033,メピバカイン塩酸塩注射液２％シリンジ２００ｍｇ／１０ｍＬ「ＮＰ」,メピバカイン塩酸塩,２％１０ｍＬ１筒,223,
1214407A1024,ポプスカイン０．２５％注２５ｍｇ／１０ｍＬ,塩酸レボブピバカイン,２５ｍｇ１０ｍＬ１管,241,
1214407A2020,ポプスカイン０．７５％注７５ｍｇ／１０ｍＬ,塩酸レボブピバカイン,７５ｍｇ１０ｍＬ１管,373,
1214407A3027,ポプスカイン０．７５％注１５０ｍｇ／２０ｍＬ,塩酸レボブピバカイン,１５０ｍｇ２０ｍＬ１管,679,
1214407A4023,ポプスカイン０．５％注５０ｍｇ／１０ｍＬ,塩酸レボブピバカイン,５０ｍｇ１０ｍＬ１管,410,
1214407G1027,ポプスカイン０．２５％注シリンジ２５ｍｇ／１０ｍＬ,塩酸レボブピバカイン,２５ｍｇ１０ｍＬ１筒,243,
1214407G2023,ポプスカイン０．７５％注シリンジ７５ｍｇ／１０ｍＬ,塩酸レボブピバカイン,７５ｍｇ１０ｍＬ１筒,548,
1214407G3020,ポプスカイン０．２５％注バッグ２５０ｍｇ／１００ｍＬ,塩酸レボブピバカイン,２５０ｍｇ１００ｍＬ１袋,882,
1214407G4026,ポプスカイン０．５％注シリンジ５０ｍｇ／１０ｍＬ,塩酸レボブピバカイン,５０ｍｇ１０ｍＬ１筒,489,
1224400A1010,スキサメトニウム塩化物注射液,スキサメトニウム塩化物水和物,２％１ｍＬ１管,94,
1224400A2017,スキサメトニウム塩化物注射液,スキサメトニウム塩化物水和物,２％２ｍＬ１管,136,
1224400A2050,スキサメトニウム注４０「マルイシ」,スキサメトニウム塩化物水和物,２％２ｍＬ１管,379,
1224400A3013,スキサメトニウム塩化物注射液,スキサメトニウム塩化物水和物,２％５ｍＬ１管,240,
1224400A3056,スキサメトニウム注１００「マルイシ」,スキサメトニウム塩化物水和物,２％５ｍＬ１管,706,
1224401X2014,注射用スキサメトニウム塩化物,スキサメトニウム塩化物水和物,２００ｍｇ１瓶（溶解液付）,185,
1229401A1089,ロキシーン注２ｍｇ,プリジノールメシル酸塩,０．２％１ｍＬ１管,63,
1229402D1039,ダントリウム静注用２０ｍｇ,ダントロレンナトリウム水和物,２０ｍｇ１瓶,8926,
1229404D1020,ボトックス注用５０単位,Ａ型ボツリヌス毒素,５０単位１瓶,31531,
1229404D2026,ボトックス注用１００単位,Ａ型ボツリヌス毒素,１００単位１瓶,55420,
1229405A1028,エスラックス静注２５ｍｇ／２．５ｍＬ,ロクロニウム臭化物,２５ｍｇ２．５ｍＬ１瓶,353,
1229405A1036,ロクロニウム臭化物静注液２５ｍｇ／２．５ｍＬ「Ｆ」,ロクロニウム臭化物,２５ｍｇ２．５ｍＬ１瓶,320,
1229405A1044,ロクロニウム臭化物静注液２５ｍｇ／２．５ｍＬ「マルイシ」,ロクロニウム臭化物,２５ｍｇ２．５ｍＬ１瓶,385,
1229405A2024,エスラックス静注５０ｍｇ／５．０ｍＬ,ロクロニウム臭化物,５０ｍｇ５ｍＬ１瓶,488,
1229405A2032,ロクロニウム臭化物静注液５０ｍｇ／５．０ｍＬ「Ｆ」,ロクロニウム臭化物,５０ｍｇ５ｍＬ１瓶,415,
1229405A2040,ロクロニウム臭化物静注液５０ｍｇ／５．０ｍＬ「マルイシ」,ロクロニウム臭化物,５０ｍｇ５ｍＬ１瓶,540,
1229407D1023,ゼオマイン注用５０単位,インコボツリヌストキシンＡ,５０単位１瓶,16660,
1229407D2020,ゼオマイン注用１００単位,インコボツリヌストキシンＡ,１００単位１瓶,32477,
1229407D3026,ゼオマイン注用２００単位,インコボツリヌストキシンＡ,２００単位１瓶,63484,
1229407E1029,ゼオマイン筋注用５０単位,インコボツリヌストキシンＡ,５０単位１瓶,16660,R9.3.31まで
1229407E2025,ゼオマイン筋注用１００単位,インコボツリヌストキシンＡ,１００単位１瓶,32477,R9.3.31まで
1229407E3021,ゼオマイン筋注用２００単位,インコボツリヌストキシンＡ,２００単位１瓶,63484,R9.3.31まで
1232400X1015,注射用アセチルコリン塩化物,アセチルコリン塩化物,１００ｍｇ１管（溶解液付）,482,
1233400A2016,ネオスチグミンメチル硫酸塩注射液,ネオスチグミンメチル硫酸塩,０．０５％１ｍＬ１管,104,
1233400A3012,ネオスチグミンメチル硫酸塩注射液,ネオスチグミンメチル硫酸塩,０．０５％４ｍＬ１管,214,
1233500G2025,アトワゴリバース静注シリンジ６ｍＬ,ネオスチグミンメチル硫酸塩・アトロピン硫酸塩水和物,６ｍＬ１筒,495,
1242401A1315,ブスコパン注２０ｍｇ,ブチルスコポラミン臭化物,２％１ｍＬ１管,63,
1242401A1366,ブチルスコポラミン臭化物注２０ｍｇ「ＮＰ」,ブチルスコポラミン臭化物,２％１ｍＬ１管,86,
1242401A1382,ブチルスコポラミン臭化物注射液２０ｍｇ「タカタ」,ブチルスコポラミン臭化物,２％１ｍＬ１管,63,
1242405A1011,アトロピン硫酸塩注射液,アトロピン硫酸塩水和物,０．０５％１ｍＬ１管,104,
1242406G1035,アトロピン注０．０５％シリンジ「テルモ」,アトロピン硫酸塩水和物,０．０５％１ｍＬ１筒,300,
1243400A1016,パパベリン塩酸塩注射液,パパベリン塩酸塩,４％１ｍＬ１管,104,
1244400A1030,静注用マグネゾール２０ｍＬ,硫酸マグネシウム水和物・ブドウ糖,２０ｍＬ１管,395,
1244401A1018,硫酸マグネシウム注射液,硫酸マグネシウム水和物,０．５モル２０ｍＬ１管,129,
1249400A1036,セスデン注７．５ｍｇ,チメピジウム臭化物水和物,０．７５％１ｍＬ１管,89,
1249401A1022,ギャバロン髄注０．００５％,バクロフェン,０．００５％１ｍＬ１管,1159,
1249401A2029,ギャバロン髄注０．０５％,バクロフェン,０．０５％２０ｍＬ１管,23045,
1249401A3025,ギャバロン髄注０．２％,バクロフェン,０．２％５ｍＬ１管,23012,
1290401G1021,アムヴトラ皮下注２５ｍｇシリンジ,ブトリシランナトリウム,２５ｍｇ０．５ｍＬ１筒,8006196,
1290402G1026,コルスバ静注透析用シリンジ１７．５μｇ,ジフェリケファリン酢酸塩,１７．５μｇ０．７ｍＬ１筒,2971,
1290402G2022,コルスバ静注透析用シリンジ２５．０μｇ,ジフェリケファリン酢酸塩,２５μｇ０．７ｍＬ１筒,3609,
1290402G3029,コルスバ静注透析用シリンジ３５．０μｇ,ジフェリケファリン酢酸塩,３５μｇ０．７ｍＬ１筒,4341,
1319401F1026,ビスダイン静注用１５ｍｇ,ベルテポルフィン,１５ｍｇ１瓶,134340,
1319403A1036,ルセンティス硝子体内注射液１０ｍｇ／ｍＬ,ラニビズマブ（遺伝子組換え）,０．５ｍｇ０．０５ｍＬ１瓶,108517,
1319403G1020,ルセンティス硝子体内注射用キット１０ｍｇ／ｍＬ,ラニビズマブ（遺伝子組換え）,０．５ｍｇ０．０５ｍＬ１筒,92753,
1319404D1037,マキュエイド眼注用４０ｍｇ,トリアムシノロンアセトニド,４０ｍｇ１瓶,4979,
1319405A1027,アイリーア硝子体内注射液４０ｍｇ／ｍＬ,アフリベルセプト（遺伝子組換え）,２ｍｇ０．０５ｍＬ１瓶,113912,
1319405A2023,アイリーア８ｍｇ硝子体内注射液１１４．３ｍｇ／ｍＬ,アフリベルセプト（遺伝子組換え）,８ｍｇ０．０７ｍＬ１瓶,146272,
1319405G1020,アイリーア硝子体内注射用キット４０ｍｇ／ｍＬ,アフリベルセプト（遺伝子組換え）,２ｍｇ０．０５ｍＬ１筒,99522,
1319405G1038,アフリベルセプト硝子体内注射用キット４０ｍｇ／ｍＬ「バイエル」,アフリベルセプト（遺伝子組換え）,２ｍｇ０．０５ｍＬ１筒,67959,
1319405G2026,アイリーア８ｍｇ硝子体内注射用キット１１４．３ｍｇ／ｍＬ,アフリベルセプト（遺伝子組換え）,８ｍｇ０．０７ｍＬ１筒,145718,
1319406G1024,ベオビュ硝子体内注射用キット１２０ｍｇ／ｍＬ,ブロルシズマブ（遺伝子組換え）,６ｍｇ０．０５ｍＬ１筒,103163,
1319407G1029,ラニビズマブＢＳ硝子体内注射用キット１０ｍｇ／ｍＬ「センジュ」,ラニビズマブ（遺伝子組換え）［ラニビズマブ後続１］,０．５ｍｇ０．０５ｍＬ１筒,72136,
1319408A1020,バビースモ硝子体内注射液１２０ｍｇ／ｍＬ,ファリシマブ（遺伝子組換え）,６ｍｇ０．０５ｍＬ１瓶,141784,
1319408G1023,バビースモ硝子体内注射用キット１２０ｍｇ／ｍＬ,ファリシマブ（遺伝子組換え）,６ｍｇ０．０５ｍＬ１筒,141784,
1319409A1025,アイザベイ硝子体内注射液２０ｍｇ／ｍＬ,アバシンカプタド　ペゴルナトリウム,２ｍｇ０．１ｍＬ１瓶,142522,
1319410A1028,アフリベルセプトＢＳ硝子体内注射液４０ｍｇ／ｍＬ「ＮＩＴ」,アフリベルセプト（遺伝子組換え）［アフリベルセプト後続２］,２ｍｇ０．０５ｍＬ１瓶,77531,
1319410G1020,アフリベルセプトＢＳ硝子体内注射用キット４０ｍｇ／ｍＬ「ＮＩＴ」,アフリベルセプト（遺伝子組換え）［アフリベルセプト後続２］,２ｍｇ０．０５ｍＬ１筒,67959,
1339500A1025,トラベルミン注,ジフェンヒドラミン・ジプロフィリン,１ｍＬ１管,63,
1390400D1026,テッペーザ点滴静注用５００ｍｇ,テプロツムマブ（遺伝子組換え）,５００ｍｇ１瓶,1175904,
1900400A1025,ビルテプソ点滴静注２５０ｍｇ,ビルトラルセン,２５０ｍｇ５ｍＬ１瓶,91136,
2113400A1016,ジゴキシン注射液,ジゴキシン,０．０２５％１ｍＬ１管,186,
2113400A1032,ジゴシン注０．２５ｍｇ,ジゴキシン,０．０２５％１ｍＬ１管,186,
2113401A1010,デスラノシド注射液,デスラノシド,０．０２％２ｍＬ１管,139,
2115400A1010,アミノフィリン注射液,アミノフィリン水和物,２．５％１０ｍＬ１管,104,
2115401A1201,ジプロフィリン注３００ｍｇ「エーザイ」,ジプロフィリン,１５％２ｍＬ１管,95,
2115401A1210,ジプロフィリン注３００ｍｇ「日新」,ジプロフィリン,１５％２ｍＬ１管,63,
2115403A1049,安息香酸Ｎａカフェイン注１００ｍｇ「フソー」,安息香酸ナトリウムカフェイン,１０％１ｍＬ１管,64,
2115403A2045,安息香酸Ｎａカフェイン注２００ｍｇ「フソー」,安息香酸ナトリウムカフェイン,２０％１ｍＬ１管,64,
2115404A1043,ネオフィリン注ＰＬ２５０ｍｇ,アミノフィリン水和物,２．５％１０ｍＬ１管,104,
2115404A1051,アミノフィリン静注２５０ｍｇＰＢ「日新」,アミノフィリン水和物,２．５％１０ｍＬ１管,104,
2115404A2031,アプニション静注１５ｍｇ,アミノフィリン水和物,１５ｍｇ３ｍＬ１管,112,
2115404G1020,ネオフィリン注点滴用バッグ２５０ｍｇ,アミノフィリン水和物,２５０ｍｇ２５０ｍＬ１袋,209,
2115405A1021,レスピア静注・経口液６０ｍｇ,無水カフェイン,６０ｍｇ３ｍＬ１瓶,825,
2119400A1036,プロタノールＬ注０．２ｍｇ,ｌ－イソプレナリン塩酸塩,０．０２％１ｍＬ１管,182,
2119400A2032,プロタノールＬ注１ｍｇ,ｌ－イソプレナリン塩酸塩,０．０２％５ｍＬ１管,1000,R9.3.31まで
2119401A1057,エホチール注１０ｍｇ,エチレフリン塩酸塩,１％１ｍＬ１管,63,
2119402A1019,ドパミン塩酸塩１００ｍｇ５ｍＬ注射液,ドパミン塩酸塩,１００ｍｇ５ｍＬ１管,146,R9.3.31まで
2119402A1299,イノバン注１００ｍｇ,ドパミン塩酸塩,１００ｍｇ５ｍＬ１管,182,
2119402A1426,ドパミン塩酸塩点滴静注１００ｍｇ「ＮＰ」,ドパミン塩酸塩,１００ｍｇ５ｍＬ１管,151,
2119402A1442,ドパミン塩酸塩点滴静注１００ｍｇ「イセイ」,ドパミン塩酸塩,１００ｍｇ５ｍＬ１管,151,
2119402A1450,ドパミン塩酸塩点滴静注１００ｍｇ「ツルハラ」,ドパミン塩酸塩,１００ｍｇ５ｍＬ１管,146,
2119402A1477,ドパミン塩酸塩点滴静注液１００ｍｇ「ＮＩＧ」,ドパミン塩酸塩,１００ｍｇ５ｍＬ１管,151,
2119402A1485,ドパミン塩酸塩点滴静注液１００ｍｇ「ＶＴＲＳ」,ドパミン塩酸塩,１００ｍｇ５ｍＬ１管,151,
2119402A3178,ドパミン塩酸塩点滴静注液５０ｍｇ「ＮＩＧ」,ドパミン塩酸塩,５０ｍｇ２．５ｍＬ１管,512,
2119402A4123,ツルドパミ点滴静注２００ｍｇ,ドパミン塩酸塩,２００ｍｇ１０ｍＬ１管,174,
2119402A4220,ドパミン塩酸塩点滴静注液２００ｍｇ「ＮＩＧ」,ドパミン塩酸塩,２００ｍｇ１０ｍＬ１管,226,
2119402P1011,ドパミン塩酸塩０．１％２００ｍＬキット,ドパミン塩酸塩,０．１％２００ｍＬ１袋,1362,R9.3.31まで
2119402P1135,ドパミン塩酸塩点滴静注液２００ｍｇバッグ「ＮＩＧ」,ドパミン塩酸塩,０．１％２００ｍＬ１袋,1362,
2119402P1143,ドパミン塩酸塩点滴静注液２００ｍｇキット「ＶＴＲＳ」,ドパミン塩酸塩,０．１％２００ｍＬ１袋,1362,
2119402P2018,ドパミン塩酸塩０．３％２００ｍＬキット,ドパミン塩酸塩,０．３％２００ｍＬ１袋,1429,R9.3.31まで
2119402P2140,ドパミン塩酸塩点滴静注液６００ｍｇバッグ「ＮＩＧ」,ドパミン塩酸塩,０．３％２００ｍＬ１袋,1429,
2119402P2158,ドパミン塩酸塩点滴静注液６００ｍｇキット「ＶＴＲＳ」,ドパミン塩酸塩,０．３％２００ｍＬ１袋,1185,
2119402P3030,イノバン注０．１％シリンジ,ドパミン塩酸塩,０．１％５０ｍＬ１筒,509,
2119402P4037,イノバン注０．３％シリンジ,ドパミン塩酸塩,０．３％５０ｍＬ１筒,711,
2119402P5025,イノバン注０．６％シリンジ,ドパミン塩酸塩,０．６％５０ｍＬ１筒,1341,
2119404A1026,ドブトレックス注射液１００ｍｇ,ドブタミン塩酸塩,１００ｍｇ１管,298,
2119404A1140,ドブタミン点滴静注１００ｍｇ「アイロム」,ドブタミン塩酸塩,１００ｍｇ１管,251,R9.3.31まで
2119404A1182,ドブタミン塩酸塩点滴静注液１００ｍｇ「サワイ」,ドブタミン塩酸塩,１００ｍｇ１管,196,
2119404A1212,ドブタミン点滴静注液１００ｍｇ「Ｆ」,ドブタミン塩酸塩,１００ｍｇ１管,181,R9.3.31まで
2119404A1239,ドブタミン点滴静注液１００ｍｇ「ＶＴＲＳ」,ドブタミン塩酸塩,１００ｍｇ１管,198,
2119404G3056,ドブトレックスキット点滴静注用２００ｍｇ,ドブタミン塩酸塩,０．１％２００ｍＬ１袋,1559,
2119404G3072,ドブタミン点滴静注液２００ｍｇキット「ＶＴＲＳ」,ドブタミン塩酸塩,０．１％２００ｍＬ１袋,1689,
2119404G4052,ドブトレックスキット点滴静注用６００ｍｇ,ドブタミン塩酸塩,０．３％２００ｍＬ１袋,1575,
2119404G4079,ドブタミン点滴静注液６００ｍｇキット「ＶＴＲＳ」,ドブタミン塩酸塩,０．３％２００ｍＬ１袋,1594,
2119404G5059,ドブタミン持続静注５０ｍｇシリンジ「テルモ」,ドブタミン塩酸塩,０．１％５０ｍＬ１筒,305,
2119404G6055,ドブタミン持続静注１５０ｍｇシリンジ「テルモ」,ドブタミン塩酸塩,０．３％５０ｍＬ１筒,450,
2119404G7043,ドブタミン持続静注３００ｍｇシリンジ「テルモ」,ドブタミン塩酸塩,０．６％５０ｍＬ１筒,878,
2119405D1035,アクトシン注射用３００ｍｇ,ブクラデシンナトリウム,３００ｍｇ１管（溶解液付）,1111,
2119407A1020,コアテック注５ｍｇ,オルプリノン塩酸塩水和物,５ｍｇ５ｍＬ１管,2368,
2119408A1024,ミルリーラ注射液１０ｍｇ,ミルリノン,１０ｍｇ１０ｍＬ１管,1969,
2119408A1040,ミルリノン注１０ｍｇ「タカタ」,ミルリノン,１０ｍｇ１０ｍＬ１管,1326,
2119408A1067,ミルリノン静注液１０ｍｇ「ＮＩＧ」,ミルリノン,１０ｍｇ１０ｍＬ１管,1322,
2119408A2020,ミルリノン注射液１０ｍｇ「Ｆ」,ミルリノン,１０ｍｇ１０ｍＬ１瓶,1754,
2119408G1035,ミルリノン注２２．５ｍｇバッグ「タカタ」,ミルリノン,２２．５ｍｇ１５０ｍＬ１袋,3368,
2121400A1018,プロカインアミド塩酸塩注射液,プロカインアミド塩酸塩,１０％１ｍＬ１管,104,
2121400A2014,プロカインアミド塩酸塩注射液,プロカインアミド塩酸塩,１０％２ｍＬ１管,104,
2123402A1020,インデラル注射液２ｍｇ,プロプラノロール塩酸塩,０．１％２ｍＬ１管,134,
2123404D1033,オノアクト点滴静注用５０ｍｇ,ランジオロール塩酸塩,５０ｍｇ１瓶,3539,
2123404D1041,ランジオロール塩酸塩点滴静注用５０ｍｇ「Ｆ」,ランジオロール塩酸塩,５０ｍｇ１瓶,1759,
2123404D2021,コアベータ静注用１２．５ｍｇ,ランジオロール塩酸塩,１２．５ｍｇ１瓶,2616,
2123404D3028,オノアクト点滴静注用１５０ｍｇ,ランジオロール塩酸塩,１５０ｍｇ１瓶,9057,
2123404D3036,ランジオロール塩酸塩点滴静注用１５０ｍｇ「Ｆ」,ランジオロール塩酸塩,１５０ｍｇ１瓶,4530,
2123405A1023,ブレビブロック注　１００ｍｇ,エスモロール塩酸塩,１００ｍｇ１０ｍＬ１瓶,2600,
2129402A1040,ワソラン静注５ｍｇ,ベラパミル塩酸塩,０．２５％２ｍＬ１管,192,
2129402A1066,ベラパミル塩酸塩静注５ｍｇ「ＮＩＧ」,ベラパミル塩酸塩,０．２５％２ｍＬ１管,167,
2129403A1044,メキシチール点滴静注１２５ｍｇ,メキシレチン塩酸塩,１２５ｍｇ５ｍＬ１管,786,
2129405A1035,シベノール静注７０ｍｇ,シベンゾリンコハク酸塩,７０ｍｇ５ｍＬ１管,772,
2129406A1030,タンボコール静注５０ｍｇ,フレカイニド酢酸塩,５０ｍｇ５ｍＬ１管,306,
2129407D1030,シンビット静注用５０ｍｇ,ニフェカラント塩酸塩,５０ｍｇ１瓶,3948,
2129408A1020,サンリズム注射液５０,ピルシカイニド塩酸塩水和物,５０ｍｇ５ｍＬ１管,470,
2129409G1036,リドカイン静注用２％シリンジ「テルモ」,リドカイン塩酸塩,２％５ｍＬ１筒,176,
2129410A1028,アンカロン注１５０,アミオダロン塩酸塩,１５０ｍｇ３ｍＬ１管,1152,
2129410A1036,アミオダロン塩酸塩静注１５０ｍｇ「ＴＥ」,アミオダロン塩酸塩,１５０ｍｇ３ｍＬ１管,768,
2133400D1082,ソルダクトン静注用１００ｍｇ,カンレノ酸カリウム,１００ｍｇ１管,176,
2133400D2097,ソルダクトン静注用２００ｍｇ,カンレノ酸カリウム,２００ｍｇ１管,275,
2133400D3034,カンレノ酸カリウム静注用２００ｍｇ「サワイ」,カンレノ酸カリウム,２００ｍｇ１瓶,183,
2133400D4022,カンレノ酸カリウム静注用１００ｍｇ「サワイ」,カンレノ酸カリウム,１００ｍｇ１瓶,117,
2134400D1039,ダイアモックス注射用５００ｍｇ,アセタゾラミドナトリウム,５００ｍｇ１瓶,455,
2139401A1033,ラシックス注１００ｍｇ,フロセミド,１００ｍｇ１管,126,
2139401A2013,フロセミド２０ｍｇ注射液,フロセミド,２０ｍｇ１管,104,
2139401A2137,ラシックス注２０ｍｇ,フロセミド,２０ｍｇ１管,104,
2139403D1020,サムタス点滴静注用８ｍｇ,トルバプタンリン酸エステルナトリウム,８ｍｇ１瓶,1148,
2142400D1014,注射用ヒドララジン塩酸塩,ヒドララジン塩酸塩,２０ｍｇ１管,233,
2143400A1015,レセルピン注射液,レセルピン,０．０３％１ｍＬ１管,97,
2143400A2011,レセルピン注射液,レセルピン,０．０５％１ｍＬ１管,97,
2143400A3018,レセルピン注射液,レセルピン,０．１％１ｍＬ１管,97,
2149400A1019,ニカルジピン塩酸塩２ｍｇ２ｍＬ注射液,ニカルジピン塩酸塩,２ｍｇ２ｍＬ１管,104,
2149400A1027,ペルジピン注射液２ｍｇ,ニカルジピン塩酸塩,２ｍｇ２ｍＬ１管,104,
2149400A1132,ニカルジピン塩酸塩注射液２ｍｇ「サワイ」,ニカルジピン塩酸塩,２ｍｇ２ｍＬ１管,104,
2149400A2015,ニカルジピン塩酸塩１０ｍｇ１０ｍＬ注射液,ニカルジピン塩酸塩,１０ｍｇ１０ｍＬ１管,104,
2149400A2023,ペルジピン注射液１０ｍｇ,ニカルジピン塩酸塩,１０ｍｇ１０ｍＬ１管,104,
2149400A2155,ニカルジピン塩酸塩注射液１０ｍｇ「サワイ」,ニカルジピン塩酸塩,１０ｍｇ１０ｍＬ１管,104,
2149400A3011,ニカルジピン塩酸塩２５ｍｇ２５ｍＬ注射液,ニカルジピン塩酸塩,２５ｍｇ２５ｍＬ１管,182,
2149400A3020,ペルジピン注射液２５ｍｇ,ニカルジピン塩酸塩,２５ｍｇ２５ｍＬ１管,195,
2149400A3070,ニカルジピン塩酸塩注射液２５ｍｇ「サワイ」,ニカルジピン塩酸塩,２５ｍｇ２５ｍＬ１管,195,
2149401A1030,ニトプロ持続静注液６ｍｇ,ニトロプルシドナトリウム水和物,６ｍｇ２ｍＬ１管,603,
2149401A2036,ニトプロ持続静注液３０ｍｇ,ニトロプルシドナトリウム水和物,３０ｍｇ１０ｍＬ１管,2360,
2160400A1032,ネオシネジンコーワ注１ｍｇ,フェニレフリン塩酸塩,０．１％１ｍＬ１管,96,
2160400A2039,ネオシネジンコーワ注５ｍｇ,フェニレフリン塩酸塩,０．５％１ｍＬ１管,102,
2160402G1026,イミグランキット皮下注３ｍｇ,スマトリプタンコハク酸塩,３ｍｇ０．５ｍＬ１筒,1397,
2171402A1159,ジピリダモール静注液１０ｍｇ「日医工」,ジピリダモール,０．５％２ｍＬ１管,88,
2171403A1030,ミリスロール注１ｍｇ／２ｍＬ,ニトログリセリン,１ｍｇ２ｍＬ１管,121,
2171403A1072,ニトログリセリン静注１ｍｇ／２ｍＬ「ＴＥ」,ニトログリセリン,１ｍｇ２ｍＬ１管,176,
2171403A2052,ミリスロール注５ｍｇ／１０ｍＬ,ニトログリセリン,５ｍｇ１０ｍＬ１管,248,
2171403A2087,ニトログリセリン静注５ｍｇ／１０ｍＬ「ＴＥ」,ニトログリセリン,５ｍｇ１０ｍＬ１管,248,
2171403A7062,ニトログリセリン点滴静注５０ｍｇ／１００ｍＬ「ＴＥ」,ニトログリセリン,５０ｍｇ１００ｍＬ１袋,2025,
2171403A8042,ニトログリセリン点滴静注２５ｍｇ／５０ｍＬ「ＴＥ」,ニトログリセリン,２５ｍｇ５０ｍＬ１袋,2035,
2171403G1024,ニトログリセリン注２５ｍｇ／５０ｍＬシリンジ「テルモ」,ニトログリセリン,２５ｍｇ５０ｍＬ１筒,1208,
2171403G1032,ニトログリセリン静注２５ｍｇ／５０ｍＬシリンジ「ＴＥ」,ニトログリセリン,２５ｍｇ５０ｍＬ１筒,1503,
2171403G1040,ニトログリセリン静注２５ｍｇ／５０ｍＬＲＦＩＤシリンジ「テルモ」,ニトログリセリン,２５ｍｇ５０ｍＬ１筒,1208,
2171404A1026,ニトロール注５ｍｇ,硝酸イソソルビド,０．０５％１０ｍＬ１管,151,
2171404A1042,硝酸イソソルビド注５ｍｇ／１０ｍＬ「タカタ」,硝酸イソソルビド,０．０５％１０ｍＬ１管,214,
2171404A2030,硝酸イソソルビド注５ｍｇ／５ｍＬ「タカタ」,硝酸イソソルビド,０．１％５ｍＬ１管,201,
2171404A4033,硝酸イソソルビド注５０ｍｇ／１００ｍＬ「タカタ」,硝酸イソソルビド,０．０５％１００ｍＬ１瓶,1597,
2171404A5056,硝酸イソソルビド注５０ｍｇ／５０ｍＬ「タカタ」,硝酸イソソルビド,０．１％５０ｍＬ１瓶,1002,
2171404A6052,硝酸イソソルビド注１００ｍｇ／１００ｍＬ「タカタ」,硝酸イソソルビド,０．１％１００ｍＬ１瓶,2095,
2171404A8039,ニトロール点滴静注５０ｍｇバッグ,硝酸イソソルビド,０．０５％１００ｍＬ１袋,1258,
2171404A9035,ニトロール点滴静注１００ｍｇバッグ,硝酸イソソルビド,０．０５％２００ｍＬ１袋,1895,
2171404G1029,ニトロール注５ｍｇシリンジ,硝酸イソソルビド,５ｍｇ１０ｍＬ１筒,206,
2171404G2025,ニトロール持続静注２５ｍｇシリンジ,硝酸イソソルビド,２５ｍｇ５０ｍＬ１筒,607,
2171405D3020,ヘルベッサー注射用２５０,ジルチアゼム塩酸塩,２５０ｍｇ１瓶,1419,
2171405D3089,ジルチアゼム塩酸塩注射用２５０ｍｇ「サワイ」,ジルチアゼム塩酸塩,２５０ｍｇ１瓶,946,
2171405D4050,ヘルベッサー注射用１０,ジルチアゼム塩酸塩,１０ｍｇ１瓶,156,
2171405D4069,ジルチアゼム塩酸塩注射用１０ｍｇ「サワイ」,ジルチアゼム塩酸塩,１０ｍｇ１瓶,104,
2171405D5057,ヘルベッサー注射用５０,ジルチアゼム塩酸塩,５０ｍｇ１瓶,411,
2171405D5065,ジルチアゼム塩酸塩注射用５０ｍｇ「サワイ」,ジルチアゼム塩酸塩,５０ｍｇ１瓶,274,
2171406D1021,シグマート注２ｍｇ,ニコランジル,２ｍｇ１瓶,138,
2171406D1030,ニコランジル点滴静注用２ｍｇ「サワイ」,ニコランジル,２ｍｇ１瓶,88,
2171406D2028,シグマート注１２ｍｇ,ニコランジル,１２ｍｇ１瓶,506,
2171406D2036,ニコランジル点滴静注用１２ｍｇ「サワイ」,ニコランジル,１２ｍｇ１瓶,350,
2171406D3024,シグマート注４８ｍｇ,ニコランジル,４８ｍｇ１瓶,1680,
2171406D3032,ニコランジル点滴静注用４８ｍｇ「サワイ」,ニコランジル,４８ｍｇ１瓶,1055,
2172400A1033,ズファジラン筋注５ｍｇ,イソクスプリン塩酸塩,０．５％１ｍＬ１管,63,
2179400D1022,ハンプ注射用１０００,カルペリチド（遺伝子組換え）,１，０００μｇ１瓶,1113,
2189401G2026,レパーサ皮下注１４０ｍｇペン,エボロクマブ（遺伝子組換え）,１４０ｍｇ１ｍＬ１キット,24302,
2189403G1029,レクビオ皮下注３００ｍｇシリンジ,インクリシランナトリウム,３００ｍｇ１．５ｍＬ１筒,394758,
2189404A1020,エヴキーザ点滴静注液３４５ｍｇ,エビナクマブ（遺伝子組換え）,３４５ｍｇ２．３ｍＬ１瓶,1409928,
2190400A2011,Ｄ－マンニトール注射液,Ｄ－マンニトール,２０％２００ｍＬ１瓶,268,
2190400A3018,Ｄ－マンニトール注射液,Ｄ－マンニトール,２０％３００ｍＬ１瓶,444,
2190400A4014,Ｄ－マンニトール注射液,Ｄ－マンニトール,２０％５００ｍＬ１瓶,559,
2190400A5010,Ｄ－マンニトール注射液,Ｄ－マンニトール,２０％３００ｍＬ１袋,444,
2190400A7013,Ｄ－マンニトール注射液,Ｄ－マンニトール,１５％５００ｍＬ１袋,597,
2190402D2092,プロスタンディン点滴静注用５００μｇ,アルプロスタジル　アルファデクス,５００μｇ１瓶,5934,
2190402D2106,アルプロスタジルアルファデクス点滴静注用５００μｇ「タカタ」,アルプロスタジル　アルファデクス,５００μｇ１瓶,3956,
2190402D3064,プロスタンディン注射用２０μｇ,アルプロスタジル　アルファデクス,２０μｇ１瓶,443,
2190402D3080,アルプロスタジルアルファデクス注射用２０μｇ「タカタ」,アルプロスタジル　アルファデクス,２０μｇ１瓶,295,
2190404A1307,ニコリン注射液１００ｍｇ,シチコリン,５％２ｍＬ１管,173,R9.3.31まで
2190404A1340,シチコリン注１００ｍｇ／２ｍＬ「ＮＰ」,シチコリン,５％２ｍＬ１管,63,R9.3.31まで
2190404A5191,ニコリン注射液５００ｍｇ,シチコリン,５％１０ｍＬ１管,310,R9.3.31まで
2190404H1275,ニコリン注射液２５０ｍｇ,シチコリン,１２．５％２ｍＬ１管,236,R9.3.31まで
2190404H4118,ニコリンＨ注射液０．５ｇ,シチコリン,２５％２ｍＬ１管,337,
2190404H5084,ニコリンＨ注射液１ｇ,シチコリン,２５％４ｍＬ１管,538,
2190406A1055,パルクス注５μｇ,アルプロスタジル,５μｇ１ｍＬ１管,1204,
2190406A1063,リプル注５μｇ,アルプロスタジル,５μｇ１ｍＬ１管,1204,
2190406A1110,アルプロスタジル注５μｇ「サワイ」,アルプロスタジル,５μｇ１ｍＬ１管,588,
2190406A1128,アルプロスタジル注５μｇ「Ｆ」,アルプロスタジル,５μｇ１ｍＬ１管,1204,
2190406A1144,アルプロスタジル注５μｇ「ＮＩＧ」,アルプロスタジル,５μｇ１ｍＬ１管,819,
2190406A2051,パルクス注１０μｇ,アルプロスタジル,１０μｇ２ｍＬ１管,1295,
2190406A2060,リプル注１０μｇ,アルプロスタジル,１０μｇ２ｍＬ１管,1295,
2190406A2116,アルプロスタジル注１０μｇ「サワイ」,アルプロスタジル,１０μｇ２ｍＬ１管,825,
2190406A2124,アルプロスタジル注１０μｇ「Ｆ」,アルプロスタジル,１０μｇ２ｍＬ１管,830,
2190406A2140,アルプロスタジル注１０μｇ「ＮＩＧ」,アルプロスタジル,１０μｇ２ｍＬ１管,1295,
2190406G1040,アルプロスタジル注５μｇシリンジ「サワイ」,アルプロスタジル,５μｇ１ｍＬ１筒,845,
2190406G1104,アルプロスタジル注５μｇシリンジ「ＴＷ」,アルプロスタジル,５μｇ１ｍＬ１筒,845,
2190406G1112,アルプロスタジル注５μｇシリンジ「日医工」,アルプロスタジル,５μｇ１ｍＬ１筒,845,
2190406G2038,パルクス注ディスポ１０μｇ,アルプロスタジル,１０μｇ２ｍＬ１筒,1482,
2190406G2046,リプルキット注１０μｇ,アルプロスタジル,１０μｇ２ｍＬ１筒,1482,
2190406G2062,アルプロスタジル注１０μｇシリンジ「サワイ」,アルプロスタジル,１０μｇ２ｍＬ１筒,988,
2190406G2127,アルプロスタジル注１０μｇシリンジ「ＴＷ」,アルプロスタジル,１０μｇ２ｍＬ１筒,988,
2190406G2135,アルプロスタジル注１０μｇシリンジ「日医工」,アルプロスタジル,１０μｇ２ｍＬ１筒,988,
2190408A1089,アルガトロバン注射液１０ｍｇ「サワイ」,アルガトロバン水和物,１０ｍｇ２０ｍＬ１管,685,
2190408A2026,スロンノンＨＩ注１０ｍｇ／２ｍＬ,アルガトロバン水和物,１０ｍｇ２ｍＬ１管,1284,
2190408A2034,ノバスタンＨＩ注１０ｍｇ／２ｍＬ,アルガトロバン水和物,１０ｍｇ２ｍＬ１管,1205,
2190408A2042,アルガトロバンＨＩ注１０ｍｇ／２ｍＬ「フソー」,アルガトロバン水和物,１０ｍｇ２ｍＬ１管,1201,
2190411F1037,インダシン静注用１ｍｇ,インドメタシンナトリウム水和物,１ｍｇ１瓶,6554,
2190413F1028,静注用フローラン０．５ｍｇ,エポプロステノールナトリウム,０．５ｍｇ１瓶（溶解液付）,11247,
2190413F2024,静注用フローラン０．５ｍｇ,エポプロステノールナトリウム,０．５ｍｇ１瓶,6194,
2190413F2075,エポプロステノール静注用０．５ｍｇ「ヤンセン」,エポプロステノールナトリウム,０．５ｍｇ１瓶,3566,
2190413F3020,静注用フローラン１．５ｍｇ,エポプロステノールナトリウム,１．５ｍｇ１瓶,12123,
2190413F3071,エポプロステノール静注用１．５ｍｇ「ヤンセン」,エポプロステノールナトリウム,１．５ｍｇ１瓶,6340,
2190413F4027,静注用フローラン１．５ｍｇ,エポプロステノールナトリウム,１．５ｍｇ１瓶（溶解液付）,19309,
2190414A1033,エリル点滴静注液３０ｍｇ,ファスジル塩酸塩水和物,３０．８ｍｇ２ｍＬ１管,1693,
2190414A1041,ファスジル塩酸塩点滴静注液３０ｍｇ「ＫＣＣ」,ファスジル塩酸塩水和物,３０．８ｍｇ２ｍＬ１管,703,
2190415A1020,静注用フローラン専用溶解液,エポプロステノールナトリウム専用溶解液,５０ｍＬ１瓶,1117,
2190416A1024,トレプロスト注射液２０ｍｇ,トレプロスチニル,２０ｍｇ２０ｍＬ１瓶,137132,
2190416A2020,トレプロスト注射液５０ｍｇ,トレプロスチニル,５０ｍｇ２０ｍＬ１瓶,275996,
2190416A3027,トレプロスト注射液１００ｍｇ,トレプロスチニル,１００ｍｇ２０ｍＬ１瓶,376170,
2190416A4023,トレプロスト注射液２００ｍｇ,トレプロスチニル,２００ｍｇ２０ｍＬ１瓶,595844,
2190417A1029,イブリーフ静注２０ｍｇ,イブプロフェン　Ｌ－リシン,２０ｍｇ２ｍＬ１瓶,13235,
2190418A1023,ピヴラッツ点滴静注液１５０ｍｇ,クラゾセンタンナトリウム,１５０ｍｇ６ｍＬ１瓶,80596,
2190419D1024,エアウィン皮下注用４５ｍｇ,ソタテルセプト（遺伝子組換え）,４５ｍｇ１瓶,1082630,
2190419D2020,エアウィン皮下注用６０ｍｇ,ソタテルセプト（遺伝子組換え）,６０ｍｇ１瓶,1441677,
2190501A3100,グリセリン・果糖配合点滴静注「ＨＫ」,濃グリセリン・果糖,５００ｍＬ１瓶,706,
2190501A4084,グリセオール注,濃グリセリン・果糖,２００ｍＬ１袋,302,
2190501A4106,グリセリン・果糖配合点滴静注「ＨＫ」,濃グリセリン・果糖,２００ｍＬ１袋,304,
2190501A4114,グリセレブ配合点滴静注,濃グリセリン・果糖,２００ｍＬ１袋,285,
2190501A4122,ヒシセオール配合点滴静注,濃グリセリン・果糖,２００ｍＬ１袋,306,
2190501A5064,グリセオール注,濃グリセリン・果糖,５００ｍＬ１袋,706,R9.3.31まで
2190501A5080,グリセレブ配合点滴静注,濃グリセリン・果糖,５００ｍＬ１袋,419,
2190501A5099,ヒシセオール配合点滴静注,濃グリセリン・果糖,５００ｍＬ１袋,591,
2190501A6087,グリセオール注,濃グリセリン・果糖,３００ｍＬ１袋,373,
2190501A6109,グリセリン・果糖配合点滴静注「ＨＫ」,濃グリセリン・果糖,３００ｍＬ１袋,274,
2190501A6117,グリセレブ配合点滴静注,濃グリセリン・果糖,３００ｍＬ１袋,373,
2190501A6125,ヒシセオール配合点滴静注,濃グリセリン・果糖,３００ｍＬ１袋,373,
2213400A1011,ジモルホラミン注射液,ジモルホラミン,１．５％２ｍＬ１管,143,
2213400A2018,ジモルホラミン注射液,ジモルホラミン,１．５％３ｍＬ１管,143,
2213401A1032,ロルファン注射液１ｍｇ,レバロルファン酒石酸塩,０．１％１ｍＬ１管,354,
2219400A1031,ドプラム注射液４００ｍｇ,ドキサプラム塩酸塩水和物,２０ｍｇ１ｍＬバイアル,166,
2219402A1049,ナロキソン塩酸塩静注０．２ｍｇ「ＡＦＰ」,ナロキソン塩酸塩,０．２ｍｇ１ｍＬ１管,878,
2219403A1027,アネキセート注射液０．５ｍｇ,フルマゼニル,０．５ｍｇ５ｍＬ１管,1492,
2219403A1035,フルマゼニル注射液０．５ｍｇ「Ｆ」,フルマゼニル,０．５ｍｇ５ｍＬ１管,991,
2219403A1086,フルマゼニル静注液０．５ｍｇ「テバ」,フルマゼニル,０．５ｍｇ５ｍＬ１管,1005,
2219403A1094,フルマゼニル注射液０．５ｍｇ「ニプロ」,フルマゼニル,０．５ｍｇ５ｍＬ１管,982,
2219403A1108,フルマゼニル静注液０．５ｍｇ「ＳＷ」,フルマゼニル,０．５ｍｇ５ｍＬ１管,1005,
2219403G1020,フルマゼニル静注０．５ｍｇシリンジ「テルモ」,フルマゼニル,０．５ｍｇ５ｍＬ１筒,1135,
2221400A2010,エフェドリン塩酸塩注射液,エフェドリン塩酸塩,４％１ｍＬ１管,104,
2221401A1050,メチエフ注４０ｍｇ,ｄｌ－メチルエフェドリン塩酸塩,４％１ｍＬ１管,91,
2234400A1054,ブロムヘキシン塩酸塩注射液４ｍｇ「タイヨー」,ブロムヘキシン塩酸塩,０．２％２ｍＬ１管,63,
2290400D1033,ゾレア皮下注用１５０ｍｇ,オマリズマブ（遺伝子組換え）,１５０ｍｇ１瓶,21819,
2290400G1021,ゾレア皮下注７５ｍｇシリンジ,オマリズマブ（遺伝子組換え）,７５ｍｇ０．５ｍＬ１筒,11476,
2290400G2028,ゾレア皮下注１５０ｍｇシリンジ,オマリズマブ（遺伝子組換え）,１５０ｍｇ１ｍＬ１筒,20822,
2290400G3024,ゾレア皮下注７５ｍｇペン,オマリズマブ（遺伝子組換え）,７５ｍｇ０．５ｍＬ１キット,11700,
2290400G4020,ゾレア皮下注１５０ｍｇペン,オマリズマブ（遺伝子組換え）,１５０ｍｇ１ｍＬ１キット,21260,
2290400G5027,ゾレア皮下注３００ｍｇペン,オマリズマブ（遺伝子組換え）,３００ｍｇ２ｍＬ１キット,39329,
2290401G1026,ヌーカラ皮下注１００ｍｇシリンジ,メポリズマブ（遺伝子組換え）,１００ｍｇ１ｍＬ１筒,159891,
2290401G2022,ヌーカラ皮下注１００ｍｇペン,メポリズマブ（遺伝子組換え）,１００ｍｇ１ｍＬ１キット,159891,
2290401G3029,小児用ヌーカラ皮下注４０ｍｇシリンジ,メポリズマブ（遺伝子組換え）,４０ｍｇ０．４ｍＬ１筒,68964,
2290402G1020,ファセンラ皮下注３０ｍｇシリンジ,ベンラリズマブ（遺伝子組換え）,３０ｍｇ１ｍＬ１筒,335309,
2290402G2027,ファセンラ皮下注１０ｍｇシリンジ,ベンラリズマブ（遺伝子組換え）,１０ｍｇ０．５ｍＬ１筒,134121,
2290402G3023,ファセンラ皮下注３０ｍｇペン,ベンラリズマブ（遺伝子組換え）,３０ｍｇ１ｍＬ１キット,351731,
2290403G1025,テゼスパイア皮下注２１０ｍｇシリンジ,テゼペルマブ（遺伝子組換え）,２１０ｍｇ１．９１ｍＬ１筒,169058,
2290403G2021,テゼスパイア皮下注２１０ｍｇペン,テゼペルマブ（遺伝子組換え）,２１０ｍｇ１．９１ｍＬ１キット,170987,
2290404G1020,エキシデンサー皮下注１００ｍｇシリンジ,デペモキマブ（遺伝子組換え）,１００ｍｇ１ｍＬ１筒,1143284,
2290404G2026,エキシデンサー皮下注１００ｍｇペン,デペモキマブ（遺伝子組換え）,１００ｍｇ１ｍＬ１キット,1143284,
2290405G1024,オマリズマブＢＳ皮下注７５ｍｇシリンジ「ＣＴ」,オマリズマブ（遺伝子組換え）［オマリズマブ後続１］,７５ｍｇ０．５ｍＬ１筒,8044,
2290405G2020,オマリズマブＢＳ皮下注１５０ｍｇシリンジ「ＣＴ」,オマリズマブ（遺伝子組換え）［オマリズマブ後続１］,１５０ｍｇ１ｍＬ１筒,14602,
2290405G3027,オマリズマブＢＳ皮下注７５ｍｇペン「ＣＴ」,オマリズマブ（遺伝子組換え）［オマリズマブ後続１］,７５ｍｇ０．５ｍＬ１キット,8044,
2290405G4023,オマリズマブＢＳ皮下注１５０ｍｇペン「ＣＴ」,オマリズマブ（遺伝子組換え）［オマリズマブ後続１］,１５０ｍｇ１ｍＬ１キット,14602,
2314400A2045,ベルベリン硫酸塩注２ｍｇ「日新」,ベルベリン硫酸塩水和物,０．１％２ｍＬ１管,63,
2325400A1077,タガメット注射液２００ｍｇ,シメチジン,１０％２ｍＬ１管,78,
2325400A1239,シメチジン注２００ｍｇ「ＮＰ」,シメチジン,１０％２ｍＬ１管,72,
2325400A1263,シメチジン注射液２００ｍｇ「ＳＷ」,シメチジン,１０％２ｍＬ１管,63,
2325401A1020,ガスター注射液１０ｍｇ,ファモチジン,１０ｍｇ１ｍＬ１管,143,
2325401A1039,ファモチジン注射液１０ｍｇ「トーワ」,ファモチジン,１０ｍｇ１ｍＬ１管,104,
2325401A2027,ガスター注射液２０ｍｇ,ファモチジン,２０ｍｇ２ｍＬ１管,140,
2325401A2035,ファモチジン注射液２０ｍｇ「トーワ」,ファモチジン,２０ｍｇ２ｍＬ１管,104,
2325401A3015,ファモチジン２０ｍｇ２０ｍＬ注射液,ファモチジン,２０ｍｇ２０ｍＬ１管,104,
2325401A4011,ファモチジン１０ｍｇ１０ｍＬ注射液,ファモチジン,１０ｍｇ１０ｍＬ１管,104,
2325401D1019,ファモチジン２０ｍｇ注射用,ファモチジン,２０ｍｇ１管,104,
2325401D1108,ファモチジン注射用２０ｍｇ「タカタ」,ファモチジン,２０ｍｇ１管,146,
2325401D2090,ファモチジン注射用１０ｍｇ「タカタ」,ファモチジン,１０ｍｇ１管,146,
2325401D2104,ファモチジン注射用１０ｍｇ「オーハラ」,ファモチジン,１０ｍｇ１管,134,
2325401D2112,ファモチジン注射用１０ｍｇ「テバ」,ファモチジン,１０ｍｇ１管,104,
2325403D2022,アルタット静注用７５ｍｇ,ロキサチジン酢酸エステル塩酸塩,７５ｍｇ１瓶,162,R9.3.31まで
2329401A1100,ドグマチール筋注５０ｍｇ,スルピリド,５０ｍｇ１管,89,
2329403D1017,オメプラゾールナトリウム２０ｍｇ注射用,オメプラゾールナトリウム,２０ｍｇ１瓶,284,R9.3.31まで
2329403D1041,オメプラゾール注用２０ｍｇ「ＮＰ」,オメプラゾールナトリウム,２０ｍｇ１瓶,299,R9.3.31まで
2329403D1068,オメプラゾール注射用２０ｍｇ「日医工」,オメプラゾールナトリウム,２０ｍｇ１瓶,339,
2329404F1020,タケプロン静注用３０ｍｇ,ランソプラゾール,３０ｍｇ１瓶,430,
2362400A2018,デヒドロコール酸注射液,デヒドロコール酸,１０％１０ｍＬ１管,484,
2362400A2026,１０％デヒドロコール酸注「ニッシン」,デヒドロコール酸,１０％１０ｍＬ１管,484,
2391400A3024,カイトリル注１ｍｇ,グラニセトロン塩酸塩,１ｍｇ１ｍＬ１管,521,
2391400A3075,グラニセトロン静注液１ｍｇ「アイロム」,グラニセトロン塩酸塩,１ｍｇ１ｍＬ１管,354,R9.3.31まで
2391400A3130,グラニセトロン静注液１ｍｇ「サワイ」,グラニセトロン塩酸塩,１ｍｇ１ｍＬ１管,584,
2391400A3148,グラニセトロン静注液１ｍｇ「トーワ」,グラニセトロン塩酸塩,１ｍｇ１ｍＬ１管,591,
2391400A3164,グラニセトロン静注液１ｍｇ「明治」,グラニセトロン塩酸塩,１ｍｇ１ｍＬ１管,478,
2391400A3172,グラニセトロン静注液１ｍｇ「Ｆ」,グラニセトロン塩酸塩,１ｍｇ１ｍＬ１管,576,R9.3.31まで
2391400A4020,カイトリル注３ｍｇ,グラニセトロン塩酸塩,３ｍｇ３ｍＬ１管,1250,
2391400A4055,グラニセトロン静注液３ｍｇ「Ｆ」,グラニセトロン塩酸塩,３ｍｇ３ｍＬ１管,1219,R9.3.31まで
2391400A4080,グラニセトロン静注液３ｍｇ「アイロム」,グラニセトロン塩酸塩,３ｍｇ３ｍＬ１管,652,R9.3.31まで
2391400A4110,グラニセトロン静注液３ｍｇ「トーワ」,グラニセトロン塩酸塩,３ｍｇ３ｍＬ１管,1306,
2391400A4152,グラニセトロン静注液３ｍｇ「サワイ」,グラニセトロン塩酸塩,３ｍｇ３ｍＬ１管,660,
2391400A4179,グラニセトロン静注液３ｍｇ「明治」,グラニセトロン塩酸塩,３ｍｇ３ｍＬ１管,1122,
2391400G1016,グラニセトロン塩酸塩３ｍｇ１００ｍＬキット,グラニセトロン塩酸塩,３ｍｇ１００ｍＬ１袋,711,R9.3.31まで
2391400G1130,カイトリル点滴静注バッグ３ｍｇ／１００ｍＬ,グラニセトロン塩酸塩,３ｍｇ１００ｍＬ１袋,1259,
2391400G1156,グラニセトロン点滴静注バッグ３ｍｇ／１００ｍＬ「ＨＫ」,グラニセトロン塩酸塩,３ｍｇ１００ｍＬ１袋,1265,
2391400G1210,グラニセトロン点滴静注バッグ３ｍｇ／１００ｍＬ「ＮＩＧ」,グラニセトロン塩酸塩,３ｍｇ１００ｍＬ１袋,1265,
2391400G1229,グラニセトロン点滴静注バッグ３ｍｇ／１００ｍＬ「タカタ」,グラニセトロン塩酸塩,３ｍｇ１００ｍＬ１袋,1259,
2391400G2012,グラニセトロン塩酸塩３ｍｇ３ｍＬキット,グラニセトロン塩酸塩,３ｍｇ３ｍＬ１筒,1259,
2391400G3019,グラニセトロン塩酸塩１ｍｇ１ｍＬキット,グラニセトロン塩酸塩,１ｍｇ１ｍＬ１筒,754,
2391400G4015,グラニセトロン塩酸塩３ｍｇ５０ｍＬキット,グラニセトロン塩酸塩,３ｍｇ５０ｍＬ１袋,1259,
2391400G4031,グラニセトロン点滴静注バッグ３ｍｇ／５０ｍＬ「ＨＫ」,グラニセトロン塩酸塩,３ｍｇ５０ｍＬ１袋,1265,
2391400G4104,グラニセトロン点滴静注バッグ３ｍｇ／５０ｍＬ「ＮＩＧ」,グラニセトロン塩酸塩,３ｍｇ５０ｍＬ１袋,1265,
2391400G5011,グラニセトロン塩酸塩１ｍｇ５０ｍＬキット,グラニセトロン塩酸塩,１ｍｇ５０ｍＬ１袋,754,R9.3.31まで
2391400G5054,グラニセトロン点滴静注バッグ１ｍｇ／５０ｍＬ「ＨＫ」,グラニセトロン塩酸塩,１ｍｇ５０ｍＬ１袋,809,
2391400G5070,グラニセトロン点滴静注バッグ１ｍｇ／５０ｍＬ「ＮＩＧ」,グラニセトロン塩酸塩,１ｍｇ５０ｍＬ１袋,809,
2391401A1050,オンダンセトロン注射液４ｍｇ「サンド」,オンダンセトロン塩酸塩水和物,４ｍｇ２ｍＬ１管,1276,
2391401G1045,オンダンセトロン注４ｍｇシリンジ「マルイシ」,オンダンセトロン塩酸塩水和物,４ｍｇ２ｍＬ１筒,2981,
2391403A1025,ナゼア注射液０．３ｍｇ,ラモセトロン塩酸塩,０．３ｍｇ２ｍＬ１管,2017,
2391404A1020,アロキシ静注０．７５ｍｇ,パロノセトロン塩酸塩,０．７５ｍｇ５ｍＬ１瓶,7411,
2391404A1038,パロノセトロン静注０．７５ｍｇ／５ｍＬ「タイホウ」,パロノセトロン塩酸塩,０．７５ｍｇ５ｍＬ１瓶,4129,
2391404A2026,パロノセトロン静注０．７５ｍｇ／２ｍＬ「日医工」,パロノセトロン塩酸塩,０．７５ｍｇ２ｍＬ１瓶,4337,
2391404G1022,アロキシ点滴静注バッグ０．７５ｍｇ,パロノセトロン塩酸塩,０．７５ｍｇ５０ｍＬ１袋,6826,
2391404G1030,パロノセトロン点滴静注バッグ０．７５ｍｇ／５０ｍＬ「タイホウ」,パロノセトロン塩酸塩,０．７５ｍｇ５０ｍＬ１袋,4363,
2391404G2029,パロノセトロン静注０．７５ｍｇ／２ｍＬシリンジ「ＮＰ」,パロノセトロン塩酸塩,０．７５ｍｇ２ｍＬ１筒,2836,
2391404G2037,パロノセトロン静注０．７５ｍｇ／２ｍＬシリンジ「トーワ」,パロノセトロン塩酸塩,０．７５ｍｇ２ｍＬ１筒,4297,
2391405D1039,ホスアプレピタント点滴静注用１５０ｍｇ「ＮＫ」,ホスアプレピタントメグルミン,１５０ｍｇ１瓶,4924,
2391406A1029,アロカリス点滴静注２３５ｍｇ,ホスネツピタント塩化物塩酸塩,２３５ｍｇ１０ｍＬ１瓶,11275,
2399401A1016,塩酸メトクロプラミド０．５％２ｍＬ注射液,メトクロプラミド,０．５％２ｍＬ１管,63,
2399401A1083,プリンペラン注射液１０ｍｇ,メトクロプラミド,０．５％２ｍＬ１管,68,
2399402F1026,レミケード点滴静注用１００,インフリキシマブ（遺伝子組換え）,１００ｍｇ１瓶,35981,
2399403F1039,インフリキシマブＢＳ点滴静注用１００ｍｇ「ＮＫ」,インフリキシマブ（遺伝子組換え）［インフリキシマブ後続１］,１００ｍｇ１瓶,14500,
2399404F1025,インフリキシマブＢＳ点滴静注用１００ｍｇ「あゆみ」,インフリキシマブ（遺伝子組換え）［インフリキシマブ後続２］,１００ｍｇ１瓶,16912,R9.3.31まで
2399404F1033,インフリキシマブＢＳ点滴静注用１００ｍｇ「日医工」,インフリキシマブ（遺伝子組換え）［インフリキシマブ後続２］,１００ｍｇ１瓶,12662,R9.3.31まで
2399405F1020,エンタイビオ点滴静注用３００ｍｇ,ベドリズマブ（遺伝子組換え）,３００ｍｇ１瓶,279573,
2399405G1025,エンタイビオ皮下注１０８ｍｇシリンジ,ベドリズマブ（遺伝子組換え）,１０８ｍｇ０．６８ｍＬ１筒,69888,
2399405G2021,エンタイビオ皮下注１０８ｍｇペン,ベドリズマブ（遺伝子組換え）,１０８ｍｇ０．６８ｍＬ１キット,69888,
2399406F1024,インフリキシマブＢＳ点滴静注用１００ｍｇ「ファイザー」,インフリキシマブ（遺伝子組換え）［インフリキシマブ後続３］,１００ｍｇ１瓶,13860,
2399407A1021,オンボー点滴静注３００ｍｇ,ミリキズマブ（遺伝子組換え）,３００ｍｇ１５ｍＬ１瓶,187532,
2399407G1024,オンボー皮下注１００ｍｇシリンジ,ミリキズマブ（遺伝子組換え）,１００ｍｇ１ｍＬ１筒,122509,
2399407G2020,オンボー皮下注１００ｍｇオートインジェクター,ミリキズマブ（遺伝子組換え）,１００ｍｇ１ｍＬ１キット,123561,
2399407G3027,オンボー皮下注２００ｍｇシリンジ,ミリキズマブ（遺伝子組換え）,２００ｍｇ２ｍＬ１筒,239795,
2399407G4023,オンボー皮下注２００ｍｇオートインジェクター,ミリキズマブ（遺伝子組換え）,２００ｍｇ２ｍＬ１キット,241157,
2411400D2029,コートロシン注射用０．２５ｍｇ,テトラコサクチド酢酸塩,０．２５ｍｇ１瓶（溶解液付）,2963,
2411401A3023,コートロシンＺ筋注０．５ｍｇ,酢酸テトラコサクチド亜鉛,０．５ｍｇ１瓶,6737,
2412402A3033,ソマトロピンＢＳ皮下注５ｍｇ「サンド」シュアパル,ソマトロピン（遺伝子組換え）,５ｍｇ１筒,11772,
2412402A4030,ソマトロピンＢＳ皮下注１０ｍｇ「サンド」シュアパル,ソマトロピン（遺伝子組換え）,１０ｍｇ１筒,22973,
2412402A5036,グロウジェクト皮下注１２ｍｇ,ソマトロピン（遺伝子組換え）,１２ｍｇ１筒,61669,
2412402A6024,グロウジェクト皮下注６ｍｇ,ソマトロピン（遺伝子組換え）,６ｍｇ１筒,30164,
2412402D9038,ジェノトロピンＴＣ注用５．３ｍｇ,ソマトロピン（遺伝子組換え）,５．３３ｍｇ１筒（溶解液付）,13101,
2412402L4057,ジェノトロピンＴＣ注用１２ｍｇ,ソマトロピン（遺伝子組換え）,１２ｍｇ１筒（溶解液付）,29742,
2412402P4024,ジェノトロピンゴークイック注用５．３ｍｇ,ソマトロピン（遺伝子組換え）,５．３３ｍｇ１キット,21455,
2412402P5020,ジェノトロピンゴークイック注用１２ｍｇ,ソマトロピン（遺伝子組換え）,１２ｍｇ１キット,52414,
2412402P6027,ノルディトロピン　フレックスプロ注　５ｍｇ,ソマトロピン（遺伝子組換え）,５ｍｇ１キット,30852,
2412402P7023,ノルディトロピン　フレックスプロ注　１０ｍｇ,ソマトロピン（遺伝子組換え）,１０ｍｇ１キット,52589,
2412402P8020,ノルディトロピン　フレックスプロ注　１５ｍｇ,ソマトロピン（遺伝子組換え）,１５ｍｇ１キット,88535,
2412403G1020,ソグルーヤ皮下注５ｍｇ,ソマプシタン（遺伝子組換え）,５ｍｇ１．５ｍＬ１キット,26238,
2412403G2026,ソグルーヤ皮下注１０ｍｇ,ソマプシタン（遺伝子組換え）,１０ｍｇ１．５ｍＬ１キット,52476,
2412403G3022,ソグルーヤ皮下注１５ｍｇ,ソマプシタン（遺伝子組換え）,１５ｍｇ１．５ｍＬ１キット,76753,
2412404G1024,エヌジェンラ皮下注２４ｍｇペン,ソムアトロゴン（遺伝子組換え）,２４ｍｇ１．２ｍＬ１キット,42875,
2412404G2020,エヌジェンラ皮下注６０ｍｇペン,ソムアトロゴン（遺伝子組換え）,６０ｍｇ１．２ｍＬ１キット,106838,
2413400D1019,ヒト下垂体性性腺刺激ホルモン７５単位注射用,ヒト下垂体性性腺刺激ホルモン,７５単位１瓶（溶解液付）,1303,
2413400D1094,ＨＭＧ注用７５単位「あすか」,ヒト下垂体性性腺刺激ホルモン,７５単位１瓶（溶解液付）,1539,
2413400D2015,ヒト下垂体性性腺刺激ホルモン１５０単位注射用,ヒト下垂体性性腺刺激ホルモン,１５０単位１瓶（溶解液付）,1464,
2413400D2090,ＨＭＧ注用１５０単位「あすか」,ヒト下垂体性性腺刺激ホルモン,１５０単位１瓶（溶解液付）,1953,
2413400D3143,ＨＭＧ注射用７５単位「Ｆ」,ヒト下垂体性性腺刺激ホルモン,７５単位１管（溶解液付）,1539,
2413400D4123,ＨＭＧ注射用１５０単位「Ｆ」,ヒト下垂体性性腺刺激ホルモン,１５０単位１管（溶解液付）,1953,
2413402X1014,注射用ヒト絨毛性性腺刺激ホルモン,ヒト絨毛性性腺刺激ホルモン,５００単位１管,153,
2413402X2010,注射用ヒト絨毛性性腺刺激ホルモン,ヒト絨毛性性腺刺激ホルモン,１，０００単位１管,708,
2413402X3017,注射用ヒト絨毛性性腺刺激ホルモン,ヒト絨毛性性腺刺激ホルモン,３，０００単位１管,1005,
2413402X3068,注射用ＨＣＧ３，０００単位「Ｆ」,ヒト絨毛性性腺刺激ホルモン,３，０００単位１管,2769,
2413402X4013,注射用ヒト絨毛性性腺刺激ホルモン,ヒト絨毛性性腺刺激ホルモン,５，０００単位１管,1290,
2413402X4099,注射用ＨＣＧ５，０００単位「Ｆ」,ヒト絨毛性性腺刺激ホルモン,５，０００単位１管,3522,
2413402X5010,注射用ヒト絨毛性性腺刺激ホルモン,ヒト絨毛性性腺刺激ホルモン,１０，０００単位１管,2712,
2413402X5052,注射用ＨＣＧ１０，０００単位「Ｆ」,ヒト絨毛性性腺刺激ホルモン,１０，０００単位１管,7467,
2413402X6016,注射用ヒト絨毛性性腺刺激ホルモン,ヒト絨毛性性腺刺激ホルモン,１，０００単位１瓶,2670,
2413402X7012,注射用ヒト絨毛性性腺刺激ホルモン,ヒト絨毛性性腺刺激ホルモン,３，０００単位１瓶,2769,
2413402X8019,注射用ヒト絨毛性性腺刺激ホルモン,ヒト絨毛性性腺刺激ホルモン,５，０００単位１瓶,3522,
2413403A1040,フォリルモンＰ注７５,精製下垂体性性腺刺激ホルモン,７５単位１管（溶解液付）,1476,
2413403D1020,フォリルモンＰ注１５０,精製下垂体性性腺刺激ホルモン,１５０単位１管（溶解液付）,2441,
2413403D2027,ｕＦＳＨ注用７５単位「あすか」,精製下垂体性性腺刺激ホルモン,７５単位１瓶（溶解液付）,1476,
2413403D3023,ｕＦＳＨ注用１５０単位「あすか」,精製下垂体性性腺刺激ホルモン,１５０単位１瓶（溶解液付）,2441,
2413404G1021,ゴナールエフ皮下注ペン４５０,ホリトロピンアルファ（遺伝子組換え）,４５０国際単位０．７５ｍＬ１筒,15718,
2413404G2028,ゴナールエフ皮下注ペン９００,ホリトロピンアルファ（遺伝子組換え）,９００国際単位１．５ｍＬ１筒,28364,
2413404G3024,ゴナールエフ皮下注ペン３００,ホリトロピンアルファ（遺伝子組換え）,３００国際単位０．５ｍＬ１筒,11399,
2413404G4020,ゴナールエフ皮下注ペン１５０,ホリトロピンアルファ（遺伝子組換え）,１５０国際単位０．２５ｍＬ１筒,6266,
2413405G4025,フォリスチム注３００ＩＵカートリッジ,フォリトロピン　ベータ（遺伝子組換え）,３００国際単位０．３６ｍＬ１筒,11381,
2413405G5021,フォリスチム注６００ＩＵカートリッジ,フォリトロピン　ベータ（遺伝子組換え）,６００国際単位０．７２ｍＬ１筒,20936,
2413405G6028,フォリスチム注９００ＩＵカートリッジ,フォリトロピン　ベータ（遺伝子組換え）,９００国際単位１．０８ｍＬ１筒,29923,
2413406G1020,オビドレル皮下注シリンジ２５０μｇ,コリオゴナドトロピン　アルファ（遺伝子組換え）,２５０μｇ０．５ｍＬ１筒,2890,
2413407G1025,レコベル皮下注１２μｇペン,ホリトロピンデルタ（遺伝子組換え）,１２μｇ０．３６ｍＬ１キット,10378,
2413407G2021,レコベル皮下注３６μｇペン,ホリトロピンデルタ（遺伝子組換え）,３６μｇ１．０８ｍＬ１キット,25657,
2413407G3028,レコベル皮下注７２μｇペン,ホリトロピンデルタ（遺伝子組換え）,７２μｇ２．１６ｍＬ１キット,44467,
2414400A1010,オキシトシン注射液,オキシトシン,１単位１管,130,
2414400A2016,オキシトシン注射液,オキシトシン,５単位１管,114,
2414400A2075,アトニン－Ｏ注５単位,オキシトシン,５単位１管,164,
2414402A1019,バソプレシン注射液,バソプレシン,２０単位１管,509,
2419400A1032,デスモプレシン静注４μｇ「フェリング」,デスモプレシン酢酸塩水和物,４μｇ１管,1335,
2431400A1029,チラーヂンＳ静注液２００μｇ,レボチロキシンナトリウム水和物,２００μｇ１ｍＬ１管,20192,
2432400A1034,メルカゾール注１０ｍｇ,チアマゾール,１０ｍｇ１管,289,
2439400G1020,フォルテオ皮下注キット６００μｇ,テリパラチド（遺伝子組換え）,６００μｇ１キット,20071,
2439401D1028,テリボン皮下注用５６．５μｇ,テリパラチド酢酸塩,５６．５μｇ１瓶,10054,
2439401D2024,テリボン皮下注用５６．５μｇ,テリパラチド酢酸塩,５６．５μｇ１瓶（溶解液付）,10624,
2439401G1024,テリボン皮下注２８．２μｇオートインジェクター,テリパラチド酢酸塩,２８．２μｇ１キット,5995,
2439402G1029,テリパラチドＢＳ皮下注キット６００μｇ「モチダ」,テリパラチド（遺伝子組換え）［テリパラチド後続１］,６００μｇ１キット,14924,
2439403A1020,オスタバロ皮下注カートリッジ１．５ｍｇ,アバロパラチド酢酸塩,１．５ｍｇ０．７５ｍＬ１筒,16005,
2439404G1028,ヨビパス皮下注１６８μｇペン,パロペグテリパラチド,１６８μｇ０．５６ｍＬ１キット,571509,
2439404G2024,ヨビパス皮下注２９４μｇペン,パロペグテリパラチド,２９４μｇ０．９８ｍＬ１キット,584139,
2439404G3020,ヨビパス皮下注４２０μｇペン,パロペグテリパラチド,４２０μｇ１．４ｍＬ１キット,596310,
2449403A2015,メテノロンエナント酸エステル注射液,メテノロンエナント酸エステル,１００ｍｇ１管,673,
2451400A1013,アドレナリン注射液,アドレナリン,０．１％１ｍＬ１管,188,
2451401A1018,ノルアドレナリン注射液,ノルアドレナリン,０．１％１ｍＬ１管,104,
2451402G1040,アドレナリン注０．１％シリンジ「テルモ」,アドレナリン,０．１％１ｍＬ１筒,354,
2451402G2020,エピペン注射液０．１５ｍｇ,アドレナリン,０．１５ｍｇ１筒,9672,
2451402G3026,エピペン注射液０．３ｍｇ,アドレナリン,０．３ｍｇ１筒,10197,
2452400D1084,ソル・コーテフ注射用１００ｍｇ,ヒドロコルチゾンコハク酸エステルナトリウム,１００ｍｇ１瓶（溶解液付）,343,
2452400D3052,ソル・コーテフ静注用２５０ｍｇ,ヒドロコルチゾンコハク酸エステルナトリウム,２５０ｍｇ１瓶（溶解液付）,808,
2452400D6060,ソル・コーテフ静注用５００ｍｇ,ヒドロコルチゾンコハク酸エステルナトリウム,５００ｍｇ１瓶（溶解液付）,1071,
2452402A1095,ヒドロコルチゾンリン酸エステルＮａ静注液１００ｍｇ「ＡＦＰ」,ヒドロコルチゾンリン酸エステルナトリウム,１００ｍｇ２ｍＬ１管,191,
2452402A2040,水溶性ハイドロコートン注射液１００ｍｇ,ヒドロコルチゾンリン酸エステルナトリウム,１００ｍｇ２ｍＬ１瓶,495,
2452402A5090,水溶性ハイドロコートン注射液５００ｍｇ,ヒドロコルチゾンリン酸エステルナトリウム,５００ｍｇ１０ｍＬ１瓶,1782,
2452402A5112,ヒドロコルチゾンリン酸エステルＮａ静注液５００ｍｇ「ＡＦＰ」,ヒドロコルチゾンリン酸エステルナトリウム,５００ｍｇ１０ｍＬ１瓶,715,
2454402A2037,ケナコルト－Ａ皮内用関節腔内用水懸注５０ｍｇ／５ｍＬ,トリアムシノロンアセトニド,１０ｍｇ１ｍＬバイアル,197,
2454402A3033,ケナコルト－Ａ筋注用関節腔内用水懸注４０ｍｇ／１ｍＬ,トリアムシノロンアセトニド,４０ｍｇ１ｍＬ１瓶,769,
2454404A1064,リンデロン注２ｍｇ（０．４％）,ベタメタゾンリン酸エステルナトリウム,２ｍｇ１管,166,
2454404A1080,リノロサール注射液２ｍｇ（０．４％）,ベタメタゾンリン酸エステルナトリウム,２ｍｇ１管,63,
2454404A2060,リンデロン注４ｍｇ（０．４％）,ベタメタゾンリン酸エステルナトリウム,４ｍｇ１管,268,
2454404A2087,リノロサール注射液４ｍｇ（０．４％）,ベタメタゾンリン酸エステルナトリウム,４ｍｇ１管,82,
2454404A3067,リンデロン注２０ｍｇ（０．４％）,ベタメタゾンリン酸エステルナトリウム,２０ｍｇ１管,1256,
2454404A3083,リノロサール注射液２０ｍｇ（０．４％）,ベタメタゾンリン酸エステルナトリウム,２０ｍｇ１管,420,
2454404A4039,リンデロン注２０ｍｇ（２％）,ベタメタゾンリン酸エステルナトリウム,２０ｍｇ１ｍＬ１管,1318,
2454404A5035,リンデロン注１００ｍｇ（２％）,ベタメタゾンリン酸エステルナトリウム,１００ｍｇ５ｍＬ１管,3717,
2454405H1024,デカドロン注射液１．６５ｍｇ,デキサメタゾンリン酸エステルナトリウム,１．６５ｍｇ０．５ｍＬ１管,108,
2454405H1032,デキサート注射液１．６５ｍｇ,デキサメタゾンリン酸エステルナトリウム,１．６５ｍｇ０．５ｍＬ１管,108,
2454405H2020,オルガドロン注射液１．９ｍｇ,デキサメタゾンリン酸エステルナトリウム,１．９ｍｇ０．５ｍＬ１管,129,
2454405H3027,デカドロン注射液３．３ｍｇ,デキサメタゾンリン酸エステルナトリウム,３．３ｍｇ１ｍＬ１管,173,
2454405H3035,デキサート注射液３．３ｍｇ,デキサメタゾンリン酸エステルナトリウム,３．３ｍｇ１ｍＬ１管,173,
2454405H4023,オルガドロン注射液３．８ｍｇ,デキサメタゾンリン酸エステルナトリウム,３．８ｍｇ１ｍＬ１管,169,
2454405H5020,デカドロン注射液６．６ｍｇ,デキサメタゾンリン酸エステルナトリウム,６．６ｍｇ２ｍＬ１瓶,181,
2454405H5038,デキサート注射液６．６ｍｇ,デキサメタゾンリン酸エステルナトリウム,６．６ｍｇ２ｍＬ１瓶,197,
2454405H6026,オルガドロン注射液１９ｍｇ,デキサメタゾンリン酸エステルナトリウム,１９ｍｇ５ｍＬ１瓶,793,
2454407A1033,リメタゾン静注２．５ｍｇ,デキサメタゾンパルミチン酸エステル,２．５ｍｇ１ｍＬ１管,1776,
2454408C1020,リンデロン懸濁注,ベタメタゾン酢酸エステル・ベタメタゾンリン酸エステルナトリウム,２．５ｍｇ１管,207,
2456400D1067,ソル・メドロール静注用４０ｍｇ,メチルプレドニゾロンコハク酸エステルナトリウム,４０ｍｇ１瓶（溶解液付）,270,
2456400D2098,ソル・メドロール静注用１２５ｍｇ,メチルプレドニゾロンコハク酸エステルナトリウム,１２５ｍｇ１瓶（溶解液付）,593,
2456400D3094,ソル・メドロール静注用５００ｍｇ,メチルプレドニゾロンコハク酸エステルナトリウム,５００ｍｇ１瓶（溶解液付）,1610,
2456400D4074,ソル・メドロール静注用１０００ｍｇ,メチルプレドニゾロンコハク酸エステルナトリウム,１ｇ１瓶（溶解液付）,2782,
2456402C1044,デポ・メドロール水懸注２０ｍｇ,メチルプレドニゾロン酢酸エステル,２０ｍｇ１ｍＬ１瓶,194,
2456402C2040,デポ・メドロール水懸注４０ｍｇ,メチルプレドニゾロン酢酸エステル,４０ｍｇ１ｍＬ１瓶,368,
2456405D1019,注射用プレドニゾロンコハク酸エステルナトリウム,プレドニゾロンコハク酸エステルナトリウム,１０ｍｇ１管,226,
2456405D2015,注射用プレドニゾロンコハク酸エステルナトリウム,プレドニゾロンコハク酸エステルナトリウム,２０ｍｇ１管,309,
2456405D3011,注射用プレドニゾロンコハク酸エステルナトリウム,プレドニゾロンコハク酸エステルナトリウム,５０ｍｇ１管,603,
2461400A1010,テストステロンエナント酸エステル注射液,テストステロンエナント酸エステル,１２５ｍｇ１ｍＬ１管,624,
2461400A1079,エナルモンデポー筋注１２５ｍｇ,テストステロンエナント酸エステル,１２５ｍｇ１ｍＬ１管,712,
2461400A2083,テスチノンデポー筋注用２５０ｍｇ,テストステロンエナント酸エステル,２５０ｍｇ１ｍＬ１管,1144,
2461400A2091,エナルモンデポー筋注２５０ｍｇ,テストステロンエナント酸エステル,２５０ｍｇ１ｍＬ１管,1295,
2461401A1014,テストステロンプロピオン酸エステル注射液,テストステロンプロピオン酸エステル,１０ｍｇ１管,233,
2461401A2010,テストステロンプロピオン酸エステル注射液,テストステロンプロピオン酸エステル,２５ｍｇ１管,306,
2473401C1016,エストラジオール安息香酸エステル水性懸濁注射液,エストラジオール安息香酸エステル,０．２ｍｇ１管,102,
2473401C2012,エストラジオール安息香酸エステル水性懸濁注射液,エストラジオール安息香酸エステル,１ｍｇ１管,169,
2473402A2040,ペラニンデポー筋注１０ｍｇ,エストラジオール吉草酸エステル,１０ｍｇ１管,224,R9.3.31まで
2473402A2059,プロギノン・デポー筋注１０ｍｇ,エストラジオール吉草酸エステル,１０ｍｇ１管,306,
2475401A2016,エストリオール水性懸濁注射液,エストリオール,１０ｍｇ１ｍＬ１管,160,
2477400A2075,プロゲデポー筋注１２５ｍｇ,ヒドロキシプロゲステロンカプロン酸エステル,１２５ｍｇ１管,180,R9.3.31まで
2477401A1014,プロゲステロン注射液,プロゲステロン,１０ｍｇ１管,110,
2477401A4013,プロゲステロン注射液,プロゲステロン,２５ｍｇ１管,134,
2477401A5010,プロゲステロン注射液,プロゲステロン,５０ｍｇ１管,181,
2479401A1035,デポスタット筋注２００ｍｇ,ゲストノロンカプロン酸エステル,１０％２ｍＬ１管,1956,R9.3.31まで
2481402A1054,プリモジアン・デポー筋注,テストステロンエナント酸エステル・エストラジオール吉草酸エステル,１ｍＬ１管,530,
2482403A1021,ルテスデポー注,ヒドロキシプロゲステロンカプロン酸エステル・エストラジオール安息香酸エステル,１ｍＬ１管,279,R9.3.31まで
2492403A3047,ヒューマリンＮ注１００単位／ｍＬ,インスリン　ヒト（遺伝子組換え）,１００単位１ｍＬバイアル,269,
2492403A4043,ノボリンＲ注　１００単位／ｍＬ,インスリン　ヒト（遺伝子組換え）,１００単位１ｍＬバイアル,243,
2492403A4051,ヒューマリンＲ注１００単位／ｍＬ,インスリン　ヒト（遺伝子組換え）,１００単位１ｍＬバイアル,228,
2492403H1034,ヒューマリン３／７注１００単位／ｍＬ,インスリン　ヒト（遺伝子組換え）,１００単位１ｍＬバイアル,307,
2492403H4041,ヒューマリンＲ注カート,インスリン　ヒト（遺伝子組換え）,３００単位１筒,864,
2492403H5030,ヒューマリンＮ注カート,インスリン　ヒト（遺伝子組換え）,３００単位１筒,920,
2492403H6036,ヒューマリン３／７注カート,インスリン　ヒト（遺伝子組換え）,３００単位１筒,913,
2492413G1059,ノボリンＮ注フレックスペン,インスリン　ヒト（遺伝子組換え）,３００単位１キット,1122,
2492413G5054,ノボリン３０Ｒ注フレックスペン,インスリン　ヒト（遺伝子組換え）,３００単位１キット,1181,
2492413G8053,ノボリンＲ注フレックスペン,インスリン　ヒト（遺伝子組換え）,３００単位１キット,997,
2492413G9025,ヒューマリン３／７注ミリオペン,インスリン　ヒト（遺伝子組換え）,３００単位１キット,1296,
2492413P1024,ヒューマリンＮ注ミリオペン,インスリン　ヒト（遺伝子組換え）,３００単位１キット,1243,
2492413P2020,ヒューマリンＲ注ミリオペン,インスリン　ヒト（遺伝子組換え）,３００単位１キット,1159,
2492414A1026,ヒューマログ注カート,インスリンリスプロ（遺伝子組換え）,３００単位１筒,903,
2492414A2030,ヒューマログ注１００単位／ｍＬ,インスリンリスプロ（遺伝子組換え）,１００単位１ｍＬバイアル,215,
2492414A3029,ヒューマログミックス２５注カート,インスリンリスプロ（遺伝子組換え）,３００単位１筒,969,
2492414A4025,ヒューマログミックス５０注カート,インスリンリスプロ（遺伝子組換え）,３００単位１筒,982,
2492414A6028,ルムジェブ注１００単位／ｍＬ,インスリンリスプロ（遺伝子組換え）,１００単位１ｍＬバイアル,256,
2492414A7024,ルムジェブ注カート,インスリンリスプロ（遺伝子組換え）,３００単位１筒,1104,
2492414G5024,ヒューマログ注ミリオペン,インスリンリスプロ（遺伝子組換え）,３００単位１キット,1108,
2492414G6020,ヒューマログミックス２５注ミリオペン,インスリンリスプロ（遺伝子組換え）,３００単位１キット,1208,
2492414G7027,ヒューマログミックス５０注ミリオペン,インスリンリスプロ（遺伝子組換え）,３００単位１キット,1168,
2492414G9020,ヒューマログ注ミリオペンＨＤ,インスリンリスプロ（遺伝子組換え）,３００単位１キット,1108,
2492414P1029,ルムジェブ注ミリオペン,インスリンリスプロ（遺伝子組換え）,３００単位１キット,1293,
2492414P2025,ルムジェブ注ミリオペンＨＤ,インスリンリスプロ（遺伝子組換え）,３００単位１キット,1293,
2492415A2035,ノボラピッド注　ペンフィル,インスリンアスパルト（遺伝子組換え）,３００単位１筒,732,
2492415A3031,ノボラピッド注　１００単位／ｍＬ,インスリンアスパルト（遺伝子組換え）,１００単位１ｍＬバイアル,158,
2492415A4038,ノボラピッド３０ミックス注　ペンフィル,インスリンアスパルト（遺伝子組換え）,３００単位１筒,963,
2492415A5026,フィアスプ注　１００単位／ｍＬ,インスリンアスパルト（遺伝子組換え）,１００単位１ｍＬバイアル,216,
2492415A6022,フィアスプ注　ペンフィル,インスリンアスパルト（遺伝子組換え）,３００単位１筒,871,
2492415G1031,ノボラピッド注　フレックスペン,インスリンアスパルト（遺伝子組換え）,３００単位１キット,1058,
2492415G2020,ノボラピッド３０ミックス注　フレックスペン,インスリンアスパルト（遺伝子組換え）,３００単位１キット,1251,
2492415G4022,ノボラピッド５０ミックス注　フレックスペン,インスリンアスパルト（遺伝子組換え）,３００単位１キット,1203,
2492415G6025,ノボラピッド注　フレックスタッチ,インスリンアスパルト（遺伝子組換え）,３００単位１キット,1380,
2492415G7021,フィアスプ注　フレックスタッチ,インスリンアスパルト（遺伝子組換え）,３００単位１キット,1289,
2492416A1033,ランタス注カート,インスリングラルギン（遺伝子組換え）,３００単位１筒,773,
2492416A3036,ランタス注１００単位／ｍＬ,インスリングラルギン（遺伝子組換え）,１００単位１ｍＬバイアル,241,
2492416G2024,ランタス注ソロスター,インスリングラルギン（遺伝子組換え）,３００単位１キット,888,
2492416G3020,ランタスＸＲ注ソロスター,インスリングラルギン（遺伝子組換え）,４５０単位１キット,1674,
2492417A1038,レベミル注　ペンフィル,インスリンデテミル（遺伝子組換え）,３００単位１筒,1007,
2492417G1030,レベミル注　フレックスペン,インスリンデテミル（遺伝子組換え）,３００単位１キット,1182,
2492418A1024,アピドラ注１００単位／ｍＬ,インスリングルリジン（遺伝子組換え）,１００単位１ｍＬバイアル,138,
2492418A2020,アピドラ注カート,インスリングルリジン（遺伝子組換え）,３００単位１筒,699,
2492418G1027,アピドラ注ソロスター,インスリングルリジン（遺伝子組換え）,３００単位１キット,874,
2492419A1029,トレシーバ注　ペンフィル,インスリンデグルデク（遺伝子組換え）,３００単位１筒,1167,
2492419G1021,トレシーバ注　フレックスタッチ,インスリンデグルデク（遺伝子組換え）,３００単位１キット,1559,
2492420A1021,インスリン　グラルギンＢＳ注カート「リリー」,インスリングラルギン（遺伝子組換え）［インスリングラルギン後続１］,３００単位１筒,646,
2492420G1024,インスリン　グラルギンＢＳ注ミリオペン「リリー」,インスリングラルギン（遺伝子組換え）［インスリングラルギン後続１］,３００単位１キット,997,
2492421G1029,インスリン　グラルギンＢＳ注キット「ＦＦＰ」,インスリングラルギン（遺伝子組換え）［インスリングラルギン後続２］,３００単位１キット,970,
2492422A1020,インスリン　リスプロＢＳ注１００単位／ｍＬ　ＨＵ「サノフィ」,インスリンリスプロ（遺伝子組換え）［インスリンリスプロ後続１］,１００単位１ｍＬバイアル,121,
2492422A2027,インスリン　リスプロＢＳ注カート　ＨＵ「サノフィ」,インスリンリスプロ（遺伝子組換え）［インスリンリスプロ後続１］,３００単位１筒,361,
2492422G1023,インスリン　リスプロＢＳ注ソロスター　ＨＵ「サノフィ」,インスリンリスプロ（遺伝子組換え）［インスリンリスプロ後続１］,３００単位１キット,774,
2492423A1025,インスリン　アスパルトＢＳ注１００単位／ｍＬ　ＮＲ「サノフィ」,インスリンアスパルト（遺伝子組換え）［インスリンアスパルト後続１］,１００単位１ｍＬバイアル,208,
2492423A2021,インスリン　アスパルトＢＳ注カート　ＮＲ「サノフィ」,インスリンアスパルト（遺伝子組換え）［インスリンアスパルト後続１］,３００単位１筒,674,
2492423G1028,インスリン　アスパルトＢＳ注ソロスター　ＮＲ「サノフィ」,インスリンアスパルト（遺伝子組換え）［インスリンアスパルト後続１］,３００単位１キット,1213,
2492424G1022,アウィクリ注　フレックスタッチ　総量３００単位,インスリン　イコデク（遺伝子組換え）,３００単位１キット,2081,
2492424G2029,アウィクリ注　フレックスタッチ　総量７００単位,インスリン　イコデク（遺伝子組換え）,７００単位１キット,3809,
2492500G1025,ライゾデグ配合注　フレックスタッチ,インスリン　デグルデク（遺伝子組換え）・インスリン　アスパルト（遺伝子組換え）,３００単位１キット,1444,
2499401A2050,プロスタルモン・Ｆ注射液１０００,ジノプロスト,１ｍｇ１ｍＬ１管,342,
2499401A2093,ジノプロスト注射液１０００μｇ「Ｆ」,ジノプロスト,１ｍｇ１ｍＬ１管,228,
2499401A3081,ジノプロスト注射液２０００μｇ「Ｆ」,ジノプロスト,２ｍｇ２ｍＬ１管,500,
2499403A1037,サンドスタチン皮下注用５０μｇ,オクトレオチド酢酸塩,５０μｇ１ｍＬ１管,566,
2499403A1053,オクトレオチド皮下注５０μｇ「あすか」,オクトレオチド酢酸塩,５０μｇ１ｍＬ１管,428,
2499403A1061,オクトレオチド酢酸塩皮下注５０μｇ「サンド」,オクトレオチド酢酸塩,５０μｇ１ｍＬ１管,369,
2499403A2033,サンドスタチン皮下注用１００μｇ,オクトレオチド酢酸塩,１００μｇ１ｍＬ１管,963,
2499403A2050,オクトレオチド皮下注１００μｇ「あすか」,オクトレオチド酢酸塩,１００μｇ１ｍＬ１管,663,
2499403A2068,オクトレオチド酢酸塩皮下注１００μｇ「サンド」,オクトレオチド酢酸塩,１００μｇ１ｍＬ１管,633,
2499403G1021,サンドスタチンＬＡＲ筋注用キット１０ｍｇ,オクトレオチド酢酸塩,１０ｍｇ１キット（溶解液付）,61720,
2499403G2028,サンドスタチンＬＡＲ筋注用キット２０ｍｇ,オクトレオチド酢酸塩,２０ｍｇ１キット（溶解液付）,97568,
2499403G3024,サンドスタチンＬＡＲ筋注用キット３０ｍｇ,オクトレオチド酢酸塩,３０ｍｇ１キット（溶解液付）,140349,
2499404A1023,ヒポクライン注射液１．２,ゴナドレリン酢酸塩,１．２ｍｇ３ｍＬ１管,18564,
2499404A2020,ヒポクライン注射液２．４,ゴナドレリン酢酸塩,２．４ｍｇ３ｍＬ１管,35193,
2499406G1025,ゾラデックス３．６ｍｇデポ,ゴセレリン酢酸塩,３．６ｍｇ１筒（ゴセレリンとして）,19869,
2499406G2021,ゾラデックス１．８ｍｇデポ,ゴセレリン酢酸塩,１．８ｍｇ１筒（ゴセレリンとして）,18957,
2499406G3028,ゾラデックスＬＡ１０．８ｍｇデポ,ゴセレリン酢酸塩,１０．８ｍｇ１筒（ゴセレリンとして）,32175,
2499407D1031,リュープリン注射用３．７５ｍｇ,リュープロレリン酢酸塩,３．７５ｍｇ１瓶（懸濁用液付）,23243,
2499407D2038,リュープリン注射用１．８８ｍｇ,リュープロレリン酢酸塩,１．８８ｍｇ１瓶（懸濁用液付）,15850,
2499407G1038,リュープロレリン酢酸塩注射用キット１．８８ｍｇ「ＮＰ」,リュープロレリン酢酸塩,１．８８ｍｇ１筒,13534,
2499407G1046,リュープロレリン酢酸塩注射用キット１．８８ｍｇ「あすか」,リュープロレリン酢酸塩,１．８８ｍｇ１筒,14429,
2499407G1054,リュープリン注射用キット１．８８ｍｇ,リュープロレリン酢酸塩,１．８８ｍｇ１筒,16187,
2499407G2034,リュープロレリン酢酸塩注射用キット３．７５ｍｇ「ＮＰ」,リュープロレリン酢酸塩,３．７５ｍｇ１筒,16726,
2499407G2042,リュープロレリン酢酸塩注射用キット３．７５ｍｇ「あすか」,リュープロレリン酢酸塩,３．７５ｍｇ１筒,17056,
2499407G2050,リュープリン注射用キット３．７５ｍｇ,リュープロレリン酢酸塩,３．７５ｍｇ１筒,21354,
2499407G3030,リュープリンＳＲ注射用キット１１．２５ｍｇ,リュープロレリン酢酸塩,１１．２５ｍｇ１筒,40500,
2499407G3049,リュープロレリン酢酸塩ＳＲ注射用キット１１．２５ｍｇ「ＮＰ」,リュープロレリン酢酸塩,１１．２５ｍｇ１筒,23774,
2499407G3057,リュープロレリン酢酸塩ＳＲ注射用キット１１．２５ｍｇ「あすか」,リュープロレリン酢酸塩,１１．２５ｍｇ１筒,22970,
2499407G4029,リュープリンＰＲＯ注射用キット２２．５ｍｇ,リュープロレリン酢酸塩,２２．５ｍｇ１筒,62561,
2499408D1028,ソマゾン注射用１０ｍｇ,メカセルミン（遺伝子組換え）,１０ｍｇ１瓶（溶解液付）,53252,
2499409D1022,ソマバート皮下注用１０ｍｇ,ペグビソマント（遺伝子組換え）,１０ｍｇ１瓶（溶解液付）,7111,
2499409D2029,ソマバート皮下注用１５ｍｇ,ペグビソマント（遺伝子組換え）,１５ｍｇ１瓶（溶解液付）,9624,
2499409D3025,ソマバート皮下注用２０ｍｇ,ペグビソマント（遺伝子組換え）,２０ｍｇ１瓶（溶解液付）,9159,
2499410G1021,ビクトーザ皮下注１８ｍｇ,リラグルチド（遺伝子組換え）,１８ｍｇ３ｍＬ１キット,4634,R9.3.31まで
2499412D3027,ゴナックス皮下注用８０ｍｇ,デガレリクス酢酸塩,８０ｍｇ１瓶（溶解液付）,17496,
2499412D4023,ゴナックス皮下注用１２０ｍｇ,デガレリクス酢酸塩,１２０ｍｇ１瓶（溶解液付）,21096,
2499412D5020,ゴナックス皮下注用２４０ｍｇ,デガレリクス酢酸塩,２４０ｍｇ１瓶（溶解液付）,24953,
2499413G1025,ソマチュリン皮下注６０ｍｇ,ランレオチド酢酸塩,６０ｍｇ１筒,166680,
2499413G2021,ソマチュリン皮下注９０ｍｇ,ランレオチド酢酸塩,９０ｍｇ１筒,230567,
2499413G3028,ソマチュリン皮下注１２０ｍｇ,ランレオチド酢酸塩,１２０ｍｇ１筒,274121,
2499414D1031,メトレレプチン皮下注用１１．２５ｍｇ「キエジ」,メトレレプチン（遺伝子組換え）,１１．２５ｍｇ１瓶,35490,
2499416G1029,トルリシティ皮下注０．７５ｍｇアテオス,デュラグルチド（遺伝子組換え）,０．７５ｍｇ０．５ｍＬ１キット,2699,
2499416G2025,トルリシティ皮下注１．５ｍｇアテオス,デュラグルチド（遺伝子組換え）,１．５ｍｇ０．５ｍＬ１キット,5435,
2499417G1023,シグニフォーＬＡＲ筋注用キット２０ｍｇ,パシレオチドパモ酸塩,２０ｍｇ１キット（溶解液付）,196787,
2499417G2020,シグニフォーＬＡＲ筋注用キット４０ｍｇ,パシレオチドパモ酸塩,４０ｍｇ１キット（溶解液付）,351593,
2499417G3026,シグニフォーＬＡＲ筋注用キット６０ｍｇ,パシレオチドパモ酸塩,６０ｍｇ１キット（溶解液付）,475635,
2499417G4022,シグニフォーＬＡＲ筋注用キット１０ｍｇ,パシレオチドパモ酸塩,１０ｍｇ１キット（溶解液付）,111623,
2499417G5029,シグニフォーＬＡＲ筋注用キット３０ｍｇ,パシレオチドパモ酸塩,３０ｍｇ１キット（溶解液付）,284833,
2499418G4027,オゼンピック皮下注２ｍｇ,セマグルチド（遺伝子組換え）,２ｍｇ１．５ｍＬ１キット,11151,
2499418G5023,ウゴービ皮下注０．２５ｍｇ　ＳＤ,セマグルチド（遺伝子組換え）,０．２５ｍｇ０．５ｍＬ１キット,1764,
2499418G6020,ウゴービ皮下注０．５ｍｇ　ＳＤ,セマグルチド（遺伝子組換え）,０．５ｍｇ０．５ｍＬ１キット,3009,
2499418G7026,ウゴービ皮下注１．０ｍｇ　ＳＤ,セマグルチド（遺伝子組換え）,１ｍｇ０．５ｍＬ１キット,5557,
2499418G8022,ウゴービ皮下注１．７ｍｇ　ＳＤ,セマグルチド（遺伝子組換え）,１．７ｍｇ０．７５ｍＬ１キット,7429,
2499418G9029,ウゴービ皮下注２．４ｍｇ　ＳＤ,セマグルチド（遺伝子組換え）,２．４ｍｇ０．７５ｍＬ１キット,10096,
2499418P1028,ウゴービ皮下注０．２５ｍｇペン　１．０ＭＤ,セマグルチド（遺伝子組換え）,１ｍｇ１．５ｍＬ１キット,6049,
2499418P2024,ウゴービ皮下注０．５ｍｇペン　２．０ＭＤ,セマグルチド（遺伝子組換え）,２ｍｇ１．５ｍＬ１キット,10590,
2499418P3020,ウゴービ皮下注１．０ｍｇペン　４．０ＭＤ,セマグルチド（遺伝子組換え）,４ｍｇ３ｍＬ１キット,19051,
2499418P4027,ウゴービ皮下注１．７ｍｇペン　６．８ＭＤ,セマグルチド（遺伝子組換え）,６．８ｍｇ３ｍＬ１キット,30194,
2499418P5023,ウゴービ皮下注２．４ｍｇペン　９．６ＭＤ,セマグルチド（遺伝子組換え）,９．６ｍｇ３ｍＬ１キット,40861,
2499419D1026,レベスティブ皮下注用３．８ｍｇ,テデュグルチド（遺伝子組換え）,３．８ｍｇ１瓶（溶解液付）,73683,
2499419D2022,レベスティブ皮下注用０．９５ｍｇ,テデュグルチド（遺伝子組換え）,０．９５ｍｇ１瓶（溶解液付）,18421,
2499420G1025,ガニレスト皮下注０．２５ｍｇシリンジ,ガニレリクス酢酸塩,０．２５ｍｇ０．５ｍＬ１筒,8904,
2499421D1023,セトロタイド注射用０．２５ｍｇ,セトロレリクス酢酸塩,０．２５ｍｇ１瓶（溶解液付）,9057,
2499422G1024,マンジャロ皮下注２．５ｍｇアテオス,チルゼパチド,２．５ｍｇ０．５ｍＬ１キット,1924,
2499422G2020,マンジャロ皮下注５ｍｇアテオス,チルゼパチド,５ｍｇ０．５ｍＬ１キット,3848,
2499422G3027,マンジャロ皮下注７．５ｍｇアテオス,チルゼパチド,７．５ｍｇ０．５ｍＬ１キット,5772,
2499422G4023,マンジャロ皮下注１０ｍｇアテオス,チルゼパチド,１０ｍｇ０．５ｍＬ１キット,7696,
2499422G5020,マンジャロ皮下注１２．５ｍｇアテオス,チルゼパチド,１２．５ｍｇ０．５ｍＬ１キット,9620,
2499422G6026,マンジャロ皮下注１５ｍｇアテオス,チルゼパチド,１５ｍｇ０．５ｍＬ１キット,11544,
2499422G7022,ゼップバウンド皮下注２．５ｍｇアテオス,チルゼパチド,２．５ｍｇ０．５ｍＬ１キット,3067,
2499422G8029,ゼップバウンド皮下注５ｍｇアテオス,チルゼパチド,５ｍｇ０．５ｍＬ１キット,5797,
2499422G9025,ゼップバウンド皮下注７．５ｍｇアテオス,チルゼパチド,７．５ｍｇ０．５ｍＬ１キット,7721,
2499422P1024,ゼップバウンド皮下注１０ｍｇアテオス,チルゼパチド,１０ｍｇ０．５ｍＬ１キット,8999,
2499422P2020,ゼップバウンド皮下注１２．５ｍｇアテオス,チルゼパチド,１２．５ｍｇ０．５ｍＬ１キット,10180,
2499422P3027,ゼップバウンド皮下注１５ｍｇアテオス,チルゼパチド,１５ｍｇ０．５ｍＬ１キット,11242,
2531400A1016,エルゴメトリンマレイン酸塩注射液,エルゴメトリンマレイン酸塩,０．０２％１ｍＬ１管,94,
2531401A1010,メチルエルゴメトリンマレイン酸塩０．０２％１ｍＬ注射液,メチルエルゴメトリンマレイン酸塩,０．０２％１ｍＬ１管,63,
2531401A1118,パルタンＭ注０．２ｍｇ,メチルエルゴメトリンマレイン酸塩,０．０２％１ｍＬ１管,82,
2559400A1033,パオスクレー内痔核内注射用２５０ｍｇ,フェノール,５％５ｍＬ１管,4583,
2559500A1023,ジオン注無痛化剤付,硫酸アルミニウムカリウム水和物・タンニン酸,１０ｍＬ１瓶（希釈液付）,4519,
2559500A2020,ジオン注生食液付,硫酸アルミニウムカリウム水和物・タンニン酸,１０ｍＬ１瓶（希釈液付）,4592,
2590402A1156,ウテメリン注５０ｍｇ,リトドリン塩酸塩,１％５ｍＬ１管,463,
2590402A1253,リトドリン塩酸塩点滴静注液５０ｍｇ「Ｆ」,リトドリン塩酸塩,１％５ｍＬ１管,200,R9.3.31まで
2590402A1261,リトドリン塩酸塩点滴静注液５０ｍｇ「日医工」,リトドリン塩酸塩,１％５ｍＬ１管,245,
2590402A1288,リトドリン塩酸塩点滴静注液５０ｍｇ「あすか」,リトドリン塩酸塩,１％５ｍＬ１管,463,
2590500A1023,マグセント注１００ｍＬ,硫酸マグネシウム水和物・ブドウ糖,１００ｍＬ１瓶,2443,
2590500G1026,マグセント注シリンジ４０ｍＬ,硫酸マグネシウム水和物・ブドウ糖,４０ｍＬ１筒,1914,R9.3.31まで
2900400A2034,セファランチン注１０ｍｇ,セファランチン,０．５％２ｍＬ１管,163,
3111400A1032,チョコラＡ筋注５万単位,レチノールパルミチン酸エステル,５万単位１管,121,
3112401A1026,オキサロール注２．５μｇ,マキサカルシトール,２．５μｇ１ｍＬ１管,422,
3112401A1050,マキサカルシトール静注透析用２．５μｇ「ニプロ」,マキサカルシトール,２．５μｇ１ｍＬ１管,205,
3112401A1077,マキサカルシトール静注透析用２．５μｇ「トーワ」,マキサカルシトール,２．５μｇ１ｍＬ１管,144,
3112401A1093,マキサカルシトール静注透析用２．５μｇ「ＮＩＧ」,マキサカルシトール,２．５μｇ１ｍＬ１管,142,
3112401A2022,オキサロール注５μｇ,マキサカルシトール,５μｇ１ｍＬ１管,551,
3112401A2057,マキサカルシトール静注透析用５μｇ「ニプロ」,マキサカルシトール,５μｇ１ｍＬ１管,265,
3112401A2073,マキサカルシトール静注透析用５μｇ「トーワ」,マキサカルシトール,５μｇ１ｍＬ１管,255,
3112401A2090,マキサカルシトール静注透析用５μｇ「ＮＩＧ」,マキサカルシトール,５μｇ１ｍＬ１管,183,
3112401A3029,オキサロール注１０μｇ,マキサカルシトール,１０μｇ１ｍＬ１管,800,
3112401A3053,マキサカルシトール静注透析用１０μｇ「ニプロ」,マキサカルシトール,１０μｇ１ｍＬ１管,324,
3112401A3070,マキサカルシトール静注透析用１０μｇ「トーワ」,マキサカルシトール,１０μｇ１ｍＬ１管,305,
3112401A3096,マキサカルシトール静注透析用１０μｇ「ＮＩＧ」,マキサカルシトール,１０μｇ１ｍＬ１管,313,
3112401G1029,マキサカルシトール静注透析用シリンジ２．５μｇ「イセイ」,マキサカルシトール,２．５μｇ１ｍＬ１筒,810,
3112401G1037,マキサカルシトール静注透析用シリンジ２．５μｇ「フソー」,マキサカルシトール,２．５μｇ１ｍＬ１筒,810,
3112401G2025,マキサカルシトール静注透析用シリンジ５μｇ「イセイ」,マキサカルシトール,５μｇ１ｍＬ１筒,858,
3112401G2033,マキサカルシトール静注透析用シリンジ５μｇ「フソー」,マキサカルシトール,５μｇ１ｍＬ１筒,858,
3112401G3021,マキサカルシトール静注透析用シリンジ１０μｇ「イセイ」,マキサカルシトール,１０μｇ１ｍＬ１筒,956,
3112401G3030,マキサカルシトール静注透析用シリンジ１０μｇ「フソー」,マキサカルシトール,１０μｇ１ｍＬ１筒,956,
3112402A1020,ロカルトロール注０．５,カルシトリオール,０．５μｇ１ｍＬ１管,528,
3112402A1039,カルシトリオール静注液０．５μｇ「Ｆ」,カルシトリオール,０．５μｇ１ｍＬ１管,227,
3112402A2027,ロカルトロール注１,カルシトリオール,１μｇ１ｍＬ１管,806,
3112402A2035,カルシトリオール静注液１μｇ「Ｆ」,カルシトリオール,１μｇ１ｍＬ１管,339,
3121400A1012,チアミン塩化物塩酸塩注射液,チアミン塩化物塩酸塩,５ｍｇ１管,104,
3121400A2019,チアミン塩化物塩酸塩注射液,チアミン塩化物塩酸塩,１０ｍｇ１管,104,
3121400A3015,チアミン塩化物塩酸塩注射液,チアミン塩化物塩酸塩,２０ｍｇ１管,104,
3121400A4011,チアミン塩化物塩酸塩注射液,チアミン塩化物塩酸塩,５０ｍｇ１管,104,
3122401A1049,アリナミンＦ５注,フルスルチアミン塩酸塩,５ｍｇ１管,63,
3122401A2045,アリナミンＦ１０注,フルスルチアミン塩酸塩,１０ｍｇ１管,63,
3122401A3025,アリナミンＦ２５注,フルスルチアミン塩酸塩,２５ｍｇ１０ｍＬ１管,63,
3122401A4013,フルスルチアミン塩酸塩５０ｍｇ２０ｍＬ注射液,フルスルチアミン塩酸塩,５０ｍｇ２０ｍＬ１管,63,
3122401A4021,アリナミンＦ５０注,フルスルチアミン塩酸塩,５０ｍｇ２０ｍＬ１管,104,
3122401A5028,アリナミンＦ１００注,フルスルチアミン塩酸塩,１００ｍｇ２０ｍＬ１管,116,
3122402A5162,バイオゲン静注５０ｍｇ,チアミンジスルフィド,５０ｍｇ２０ｍＬ１管,63,
3122404A1034,アリナミン注射液１０ｍｇ,プロスルチアミン,１０ｍｇ１管,95,
3131401A1013,リボフラビンリン酸エステルナトリウム注射液,リボフラビンリン酸エステルナトリウム,１ｍｇ１管,88,
3131401A2010,リボフラビンリン酸エステルナトリウム注射液,リボフラビンリン酸エステルナトリウム,５ｍｇ１管,104,
3131401A3016,リボフラビンリン酸エステルナトリウム注射液,リボフラビンリン酸エステルナトリウム,１０ｍｇ１管,104,
3131401A4012,リボフラビンリン酸エステルナトリウム注射液,リボフラビンリン酸エステルナトリウム,２０ｍｇ１管,104,
3132400A1016,ニコチン酸注射液,ニコチン酸,２０ｍｇ１管,95,
3132400A2012,ニコチン酸注射液,ニコチン酸,５０ｍｇ１管,95,
3133400A2052,パントシン注５％,パンテチン,１００ｍｇ１管,63,
3133400A3075,パントシン注１０％,パンテチン,２００ｍｇ１管,63,
3133400A3091,パンテチン注２００ｍｇ「ＫＣＣ」,パンテチン,２００ｍｇ１管,85,R9.3.31まで
3133401A1042,パントール注射液１００ｍｇ,パンテノール,１００ｍｇ１管,63,
3133401A1069,パンテノール注１００ｍｇ「ＫＣＣ」,パンテノール,１００ｍｇ１管,70,R9.3.31まで
3133401A2030,パントール注射液２５０ｍｇ,パンテノール,２５０ｍｇ１管,63,
3133401A2057,パンテノール注２５０ｍｇ「ＫＣＣ」,パンテノール,２５０ｍｇ１管,73,R9.3.31まで
3133401A3045,パントール注射液５００ｍｇ,パンテノール,５００ｍｇ１管,63,
3133401A3061,パンテノール注５００ｍｇ「ＫＣＣ」,パンテノール,５００ｍｇ１管,82,R9.3.31まで
3134400A1010,ピリドキシン塩酸塩注射液,ピリドキシン塩酸塩,１０ｍｇ１管,104,
3134400A3013,ピリドキシン塩酸塩注射液,ピリドキシン塩酸塩,３０ｍｇ１管,104,
3134402A1176,ピドキサール注１０ｍｇ,ピリドキサールリン酸エステル水和物,１０ｍｇ１管,86,
3134402A1184,ピリドキサール注１０ｍｇ「イセイ」,ピリドキサールリン酸エステル水和物,１０ｍｇ１管,63,
3134402A2180,ピドキサール注３０ｍｇ,ピリドキサールリン酸エステル水和物,３０ｍｇ１管,87,
3135400A1018,葉酸注射液,葉酸,１５ｍｇ１管,104,
3136401A1184,マスブロン注１ｍｇ,ヒドロキソコバラミン酢酸塩,１ｍｇ１管,63,
3136401A1192,フレスミンＳ注射液１０００μｇ,ヒドロキソコバラミン酢酸塩,１ｍｇ１管,101,
3136402A1014,シアノコバラミン注射液,シアノコバラミン,１００μｇ１管,84,
3136402A3017,シアノコバラミン注射液,シアノコバラミン,１ｍｇ１管,104,
3136403A1019,メコバラミン０．５ｍｇ注射液,メコバラミン,０．５ｍｇ１管,63,
3136403A1140,メチコバール注射液５００μｇ,メコバラミン,０．５ｍｇ１管,92,
3136403A1221,メコバラミン注５００μｇ「ＮＰ」,メコバラミン,０．５ｍｇ１管,67,
3136403G1038,メコバラミン注５００μｇシリンジ「ＮＰ」,メコバラミン,５００μｇ１ｍＬ１筒,149,R9.3.31まで
3140400A2014,アスコルビン酸注射液,アスコルビン酸,１００ｍｇ１管,104,
3140400A3010,アスコルビン酸注射液,アスコルビン酸,２００ｍｇ１管,84,
3140400A4017,アスコルビン酸注射液,アスコルビン酸,５００ｍｇ１管,104,
3140400A5013,アスコルビン酸注射液,アスコルビン酸,１ｇ１管,104,
3140400A5072,アスコルビン酸注１ｇ「ＮＰ」,アスコルビン酸,１ｇ１管,152,
3140400A6010,アスコルビン酸注射液,アスコルビン酸,２ｇ１管,104,
3140401A1039,アスコルビン酸注５００ｍｇＰＢ「日新」,アスコルビン酸,５００ｍｇ１管,104,
3140500A2020,クリストファン注,アスコルビン酸・Ｌ－システイン,２０ｍＬ１管,63,
3160401A6041,ケイツーＮ静注１０ｍｇ,メナテトレノン,１０ｍｇ１管,63,
3172400A1046,プレビタＳ注射液,チアミン・アスコルビン酸配合剤,５ｍＬ１管,63,
3179503A1022,ダイビタミックス注,チアミン塩化物塩酸塩・Ｂ６・Ｂ１２配合剤,２ｍＬ１管,63,
3179504A1116,ネオラミン・スリービー液（静注用）,チアミンジスルフィド・Ｂ６・Ｂ１２配合剤,１０ｍＬ１管,117,
3179504A1191,ジアイナ配合静注液,チアミンジスルフィド・Ｂ６・Ｂ１２配合剤,１０ｍＬ１管,63,
3179506F1023,ビタメジン静注用,チアミンモノホスフェイトジスルフィド・Ｂ６・Ｂ１２配合剤,１瓶,156,
3179507A1020,シーパラ注,チアミン・ニコチン酸アミド配合剤,２ｍＬ１管,63,
3179513A1026,オーツカＭＶ注,高カロリー輸液用総合ビタミン剤,１瓶１管１組,572,
3179515F1030,ダイメジン・マルチ注,高カロリー輸液用総合ビタミン剤,１瓶,262,
3179517G1035,ビタジェクト注キット,高カロリー輸液用総合ビタミン剤,２筒１キット,589,
3190400A1036,ビオチン注１ｍｇ「フソー」,ビオチン,１ｍｇ１管,63,
3213400A2047,カルチコール注射液８．５％５ｍＬ,グルコン酸カルシウム水和物,８．５％５ｍＬ１管,109,
3213400A3043,カルチコール注射液８．５％１０ｍＬ,グルコン酸カルシウム水和物,８．５％１０ｍＬ１管,125,
3215400A1010,塩化カルシウム注射液,塩化カルシウム水和物,０．５モル２０ｍＬ１管,127,
3215400A2017,塩化カルシウム注射液,塩化カルシウム水和物,２％２０ｍＬ１管,126,
3222400A1058,フェジン静注４０ｍｇ,含糖酸化鉄,４０ｍｇ２ｍＬ１管,127,
3222404A1021,フェインジェクト静注５００ｍｇ,カルボキシマルトース第二鉄,５００ｍｇ１０ｍＬ１瓶,5759,
3222405A1026,モノヴァー静注５００ｍｇ,デルイソマルトース第二鉄,５００ｍｇ５ｍＬ１瓶,6176,
3222405A2022,モノヴァー静注１０００ｍｇ,デルイソマルトース第二鉄,１，０００ｍｇ１０ｍＬ１瓶,12316,
3229400A1032,Ｋ．Ｃ．Ｌ．点滴液１５％,塩化カリウム,１５％２０ｍＬ１管,424,
3229401A1010,Ｌ－アスパラギン酸カリウム１７．１２％１０ｍＬ注射液,Ｌ－アスパラギン酸カリウム,１７．１２％１０ｍＬ１管,63,
3229401A1096,アスパラカリウム注１０ｍＥｑ,Ｌ－アスパラギン酸カリウム,１７．１２％１０ｍＬ１管,63,
3229401G1021,アスパラギン酸カリウム注１０ｍＥｑキット「テルモ」,Ｌ－アスパラギン酸カリウム,１７．１２％１０ｍＬ１キット,181,
3229402A1023,アセレンド注１００μｇ,亜セレン酸ナトリウム,１００μｇ２ｍＬ１瓶,1565,
3229500A1022,アスパラ注射液,アスパラギン酸カリウム・マグネシウム,（１０％）１０ｍＬ１管,63,
3229501A1019,塩化マンガン・硫酸亜鉛配合２ｍＬ注射液,塩化マンガン・硫酸亜鉛水和物配合剤,２ｍＬ１管,63,
3229501A1027,エレメンミック注,塩化マンガン・硫酸亜鉛水和物配合剤,２ｍＬ１管,94,
3229501A1078,ミネラミック注,塩化マンガン・硫酸亜鉛水和物配合剤,２ｍＬ１管,94,
3229501G1070,エレジェクト注シリンジ,塩化マンガン・硫酸亜鉛水和物配合剤,２ｍＬ１筒,251,
3231400G1025,大塚糖液５％ＴＮ,ブドウ糖,５％１００ｍＬ１キット,235,
3231400G2021,大塚糖液５％ＴＮ,ブドウ糖,５％５０ｍＬ１キット,223,
3231400G3028,５％糖液キットＨ,ブドウ糖,５％５０ｍＬ１キット,224,
3231400G4024,５％糖液キットＨ,ブドウ糖,５％１００ｍＬ１キット,258,
3231400G6035,テルモ糖注ＴＫ,ブドウ糖,５％１００ｍＬ１キット,258,
3231400G9034,ブドウ糖注５０％シリンジ「テルモ」,ブドウ糖,５０％２０ｍＬ１筒,310,
3231400P4032,大塚糖液５％２ポート１００ｍＬ,ブドウ糖,５％１００ｍＬ１キット,236,
3231400P6027,大塚糖液５％２ポート５０ｍＬ,ブドウ糖,５％５０ｍＬ１キット,224,
3231400P7023,テルモ糖注ＴＫ,ブドウ糖,５％５０ｍＬ１キット,152,
3231401A1019,ブドウ糖注射液,ブドウ糖,５％２０ｍＬ１管,100,
3231401A1094,大塚糖液５％,ブドウ糖,５％２０ｍＬ１管,104,
3231401A1124,５％ブドウ糖注射液「ニッシン」,ブドウ糖,５％２０ｍＬ１管,104,
3231401A1132,ブドウ糖注５％ＰＬ「フソー」,ブドウ糖,５％２０ｍＬ１管,104,
3231401A1159,光糖液５％,ブドウ糖,５％２０ｍＬ１管,104,
3231401A1191,ブドウ糖注射液５％「ＶＴＲＳ」,ブドウ糖,５％２０ｍＬ１管,104,
3231401A2015,ブドウ糖注射液,ブドウ糖,５％１００ｍＬ１瓶,162,
3231401A3011,ブドウ糖注射液,ブドウ糖,５％２００ｍＬ１瓶,159,
3231401A4018,ブドウ糖注射液,ブドウ糖,５％２５０ｍＬ１瓶,284,
3231401A6010,ブドウ糖注射液,ブドウ糖,５％５００ｍＬ１瓶,331,
3231401A6096,光糖液５％,ブドウ糖,５％５００ｍＬ１瓶,332,
3231401A6169,ブドウ糖注５％ＰＬ「フソー」,ブドウ糖,５％５００ｍＬ１瓶,282,
3231401A6185,ブドウ糖注射液５％「ＶＴＲＳ」,ブドウ糖,５％５００ｍＬ１瓶,332,
3231401A7017,ブドウ糖注射液,ブドウ糖,５％１Ｌ１瓶,220,
3231401A9095,ブドウ糖注１０％ＰＬ「フソー」,ブドウ糖,１０％５００ｍＬ１瓶,240,
3231401H1017,ブドウ糖注射液,ブドウ糖,２０％２０ｍＬ１管,100,
3231401H1025,２０％ブドウ糖注「日医工」,ブドウ糖,２０％２０ｍＬ１管,104,
3231401H1033,大塚糖液２０％,ブドウ糖,２０％２０ｍＬ１管,104,
3231401H1173,２０％ブドウ糖注射液「ニッシン」,ブドウ糖,２０％２０ｍＬ１管,104,
3231401H1254,ブドウ糖注２０％ＰＬ「フソー」,ブドウ糖,２０％２０ｍＬ１管,104,
3231401H1270,光糖液２０％,ブドウ糖,２０％２０ｍＬ１管,104,
3231401H1289,ブドウ糖注２０％「ＮＰ」,ブドウ糖,２０％２０ｍＬ１管,104,
3231401H1335,ブドウ糖注射液２０％「ＶＴＲＳ」,ブドウ糖,２０％２０ｍＬ１管,104,
3231401H6027,大塚糖液４０％,ブドウ糖,４０％２０ｍＬ１管,121,
3231401H7023,大塚糖液５０％,ブドウ糖,５０％２０ｍＬ１管,104,
3231401H7104,５０％ブドウ糖注射液「ニッシン」,ブドウ糖,５０％２０ｍＬ１管,104,
3231401H7112,ブドウ糖注５０％ＰＬ「フソー」,ブドウ糖,５０％２０ｍＬ１管,104,
3231401H7139,光糖液５０％,ブドウ糖,５０％２０ｍＬ１管,104,
3231401H9018,ブドウ糖注射液,ブドウ糖,５０％３００ｍＬ１瓶,256,
3231401J1019,ブドウ糖注射液,ブドウ糖,５％１００ｍＬ１袋,162,
3231401J3011,ブドウ糖注射液,ブドウ糖,５０％２００ｍＬ１袋,356,
3231401J3038,大塚糖液５０％,ブドウ糖,５０％２００ｍＬ１袋,356,
3231401J4018,ブドウ糖注射液,ブドウ糖,５０％５００ｍＬ１袋,430,
3231401J4034,大塚糖液５０％,ブドウ糖,５０％５００ｍＬ１袋,431,
3231401J5014,ブドウ糖注射液,ブドウ糖,７０％３５０ｍＬ１袋,507,
3231401J6010,ブドウ糖注射液,ブドウ糖,５％２５０ｍＬ１袋,227,
3231401J6029,大塚糖液５％,ブドウ糖,５％２５０ｍＬ１袋,284,
3231401J6070,光糖液５％,ブドウ糖,５％２５０ｍＬ１袋,284,
3231401J6088,テルモ糖注５％,ブドウ糖,５％２５０ｍＬ１袋,284,
3231401J7017,ブドウ糖注射液,ブドウ糖,１０％２０ｍＬ１管,104,
3231401Q2013,ブドウ糖注射液,ブドウ糖,５０％５００ｍＬ１瓶,309,
3231401Q3010,ブドウ糖注射液,ブドウ糖,５％５００ｍＬ１袋,331,
3231401Q3028,大塚糖液５％,ブドウ糖,５％５００ｍＬ１袋,332,
3231401Q3109,光糖液５％,ブドウ糖,５％５００ｍＬ１袋,332,
3231401Q3117,テルモ糖注５％,ブドウ糖,５％５００ｍＬ１袋,332,
3231401Q3125,ブドウ糖注５％バッグ「フソー」,ブドウ糖,５％５００ｍＬ１袋,282,
3231401Q3133,ブドウ糖注５％「ＮＰ」,ブドウ糖,５％５００ｍＬ１袋,282,
3231401Q3141,ブドウ糖注射液「ＡＹ」５％,ブドウ糖,５％５００ｍＬ１袋,332,
3231401Q3168,ブドウ糖注射液「ＹＤ」５％,ブドウ糖,５％５００ｍＬ１袋,332,
3231401Q4016,ブドウ糖注射液,ブドウ糖,５０％１００ｍＬ１瓶,157,
3231401Q5012,ブドウ糖注射液,ブドウ糖,１０％５００ｍＬ１袋,239,
3231401Q5020,大塚糖液１０％,ブドウ糖,１０％５００ｍＬ１袋,240,
3231401Q5071,光糖液１０％,ブドウ糖,１０％５００ｍＬ１袋,240,
3231401Q5098,ブドウ糖注１０％バッグ「フソー」,ブドウ糖,１０％５００ｍＬ１袋,240,
3231401Q6019,ブドウ糖注射液,ブドウ糖,５％５０ｍＬ１瓶,155,
3231401T1028,光糖液２０％,ブドウ糖,２０％５００ｍＬ１袋,313,
3231401T2024,光糖液３０％,ブドウ糖,３０％５００ｍＬ１袋,306,
3231401T3012,ブドウ糖注射液,ブドウ糖,５％２００ｍＬ１袋,200,
3232400A2018,果糖注射液,果糖,５％５００ｍＬ１瓶,149,
3232400A3014,果糖注射液,果糖,５％１Ｌ１瓶,332,
3232400A6013,果糖注射液,果糖,２０％２０ｍＬ１管,104,
3232400A8016,果糖注射液,果糖,５％２００ｍＬ１袋,121,
3232400A9012,果糖注射液,果糖,５％５００ｍＬ１袋,149,
3233400A4018,マルトース１０％５００ｍＬ注射液,マルトース水和物,１０％５００ｍＬ１袋,274,
3233400A4077,マルトス輸液１０％,マルトース水和物,１０％５００ｍＬ１袋,274,
3233400A6053,マルトス輸液１０％,マルトース水和物,１０％２５０ｍＬ１袋,207,
3233400A7017,マルトース１０％２００ｍＬ注射液,マルトース水和物,１０％２００ｍＬ１袋,210,
3234400A2012,キシリトール注射液,キシリトール,５％３００ｍＬ１瓶,228,
3234400A3019,キシリトール注射液,キシリトール,５％５００ｍＬ１瓶,296,
3234400A3159,キシリトール注「ヒカリ」５％,キシリトール,５％５００ｍＬ１瓶,319,
3234400A4015,キシリトール注射液,キシリトール,１０％２０ｍＬ１管,104,
3234400A8010,キシリトール注射液,キシリトール,２０％２０ｍＬ１管,104,
3234400A8215,キシリトール注２０％「フソー」,キシリトール,２０％２０ｍＬ１管,104,
3234400A8231,キシリトール注２０％「ＮＰ」,キシリトール,２０％２０ｍＬ１管,111,
3234400H1014,キシリトール注射液,キシリトール,５％２００ｍＬ１袋,226,
3234400H2010,キシリトール注射液,キシリトール,５％５００ｍＬ１袋,228,
3234400H2053,キシリトール注５％「フソー」,キシリトール,５％５００ｍＬ１袋,296,
3234400H3017,キシリトール注射液,キシリトール,５％３００ｍＬ１袋,228,
3239501A3026,マンニットールＳ注射液,Ｄ－ソルビトール・Ｄ－マンニトール,３００ｍＬ１袋,465,
3239502X1020,ハイカリック液－１号,高カロリー輸液用基本液,７００ｍＬ１袋,531,
3239503X1025,ハイカリック液－２号,高カロリー輸液用基本液,７００ｍＬ１袋,609,
3239507X1023,ハイカリック液－３号,高カロリー輸液用基本液,７００ｍＬ１袋,610,
3239515X1036,リハビックス－Ｋ１号輸液,高カロリー輸液用基本液,５００ｍＬ１袋,1391,
3239516X1030,リハビックス－Ｋ２号輸液,高カロリー輸液用基本液,５００ｍＬ１袋,1382,
3239527A1036,ハイカリックＲＦ輸液,高カロリー輸液用基本液,２５０ｍＬ１袋,582,
3239527A2032,ハイカリックＲＦ輸液,高カロリー輸液用基本液,５００ｍＬ１袋,558,
3253401A6034,ハイ・プレアミン注－１０％,高カロリー輸液用総合アミノ酸製剤,（１０％）２０ｍＬ１管,63,
3253401H4048,プロテアミン１２注射液,高カロリー輸液用総合アミノ酸製剤,（１２％）２００ｍＬ１袋,741,
3253401H5036,モリアミンＳ注,高カロリー輸液用総合アミノ酸製剤,（１０％）２００ｍＬ１袋,580,
3253403A2038,モリプロンＦ輸液,高カロリー輸液用総合アミノ酸製剤,２００ｍＬ１袋,474,
3253404A3055,アミノレバン点滴静注,肝不全用アミノ酸製剤,２００ｍＬ１袋,467,
3253404A3063,テルフィス点滴静注,肝不全用アミノ酸製剤,２００ｍＬ１袋,484,
3253404A4051,アミノレバン点滴静注,肝不全用アミノ酸製剤,５００ｍＬ１袋,715,
3253404A4060,テルフィス点滴静注,肝不全用アミノ酸製剤,５００ｍＬ１袋,792,
3253406A4034,アミパレン輸液,高カロリー輸液用総合アミノ酸製剤,２００ｍＬ１袋,551,
3253406A5030,アミパレン輸液,高カロリー輸液用総合アミノ酸製剤,３００ｍＬ１袋,744,
3253406A6037,アミパレン輸液,高カロリー輸液用総合アミノ酸製剤,４００ｍＬ１袋,864,
3253407A3032,アミニック輸液,高カロリー輸液用総合アミノ酸製剤,２００ｍＬ１袋,403,
3253410A1031,モリヘパミン点滴静注,肝不全用アミノ酸製剤,２００ｍＬ１袋,372,
3253410A2038,モリヘパミン点滴静注,肝不全用アミノ酸製剤,３００ｍＬ１袋,551,
3253410A3034,モリヘパミン点滴静注,肝不全用アミノ酸製剤,５００ｍＬ１袋,719,
3253411A1036,アミゼットＢ輸液,高カロリー輸液用総合アミノ酸製剤,２００ｍＬ１袋,850,
3253412A2029,プレアミン－Ｐ注射液,高カロリー輸液用総合アミノ酸製剤,２００ｍＬ１袋,488,
3253414A1030,キドミン輸液,腎不全用アミノ酸製剤,２００ｍＬ１袋,420,
3253414A2036,キドミン輸液,腎不全用アミノ酸製剤,３００ｍＬ１袋,603,
3253415A1034,ネオアミユー輸液,腎不全用アミノ酸製剤,２００ｍＬ１袋,448,
3253416A1020,ライザケア輸液,Ｌ－リシン塩酸塩・Ｌ－アルギニン塩酸塩,１Ｌ１袋,1177,
3259508A5031,ハイ・プレアミンＳ注－１０％,総合アミノ酸製剤（ソルビトール加）,（１０％）２０ｍＬ１管,63,
3259510A3036,プラスアミノ輸液,総合アミノ酸製剤（ブドウ糖加）,２００ｍＬ１袋,425,
3259510A4032,プラスアミノ輸液,総合アミノ酸製剤（ブドウ糖加）,５００ｍＬ１袋,652,
3259515G1039,ピーエヌツイン－１号輸液,アミノ酸・糖・電解質,１キット,704,
3259515G2035,ピーエヌツイン－２号輸液,アミノ酸・糖・電解質,１キット,785,
3259515G3031,ピーエヌツイン－３号輸液,アミノ酸・糖・電解質,１キット,890,
3259518G1059,ツインパル輸液,アミノ酸・糖・電解質,５００ｍＬ１キット,469,R9.3.31まで
3259518G2055,ツインパル輸液,アミノ酸・糖・電解質,１Ｌ１キット,568,R9.3.31まで
3259521G1034,ミキシッドＬ輸液,アミノ酸・糖・脂肪・電解質,９００ｍＬ１キット,1224,R9.3.31まで
3259522G1039,ミキシッドＨ輸液,アミノ酸・糖・脂肪・電解質,９００ｍＬ１キット,1220,R9.3.31まで
3259523G1033,フルカリック１号輸液,アミノ酸・糖・電解質・ビタミン,９０３ｍＬ１キット,1167,
3259523G3028,フルカリック１号輸液,アミノ酸・糖・電解質・ビタミン,１，３５４．５ｍＬ１キット,1506,
3259524G1038,フルカリック２号輸液,アミノ酸・糖・電解質・ビタミン,１，００３ｍＬ１キット,1320,
3259524G3022,フルカリック２号輸液,アミノ酸・糖・電解質・ビタミン,１，５０４．５ｍＬ１キット,1764,
3259525G1032,フルカリック３号輸液,アミノ酸・糖・電解質・ビタミン,１，１０３ｍＬ１キット,1657,
3259526G1037,ネオパレン１号輸液,アミノ酸・糖・電解質・ビタミン,１，０００ｍＬ１キット,1127,
3259526G2033,ネオパレン１号輸液,アミノ酸・糖・電解質・ビタミン,１，５００ｍＬ１キット,1541,
3259527G1031,ネオパレン２号輸液,アミノ酸・糖・電解質・ビタミン,１，０００ｍＬ１キット,1188,
3259527G2038,ネオパレン２号輸液,アミノ酸・糖・電解質・ビタミン,１，５００ｍＬ１キット,1595,
3259528G1044,パレセーフ輸液,アミノ酸・糖・電解質・ビタミン,５００ｍＬ１キット,479,R9.3.31まで
3259529G1030,ビーフリード輸液,アミノ酸・糖・電解質・ビタミン,５００ｍＬ１キット,551,
3259529G2037,ビーフリード輸液,アミノ酸・糖・電解質・ビタミン,１Ｌ１キット,779,
3259532G1024,パレプラス輸液,アミノ酸・糖・電解質・ビタミン,５００ｍＬ１キット,549,
3259532G2020,パレプラス輸液,アミノ酸・糖・電解質・ビタミン,１，０００ｍＬ１キット,883,
3259533G1029,エルネオパＮＦ１号輸液,アミノ酸・糖・電解質・ビタミン,１，０００ｍＬ１キット,1238,
3259533G2025,エルネオパＮＦ１号輸液,アミノ酸・糖・電解質・ビタミン,１，５００ｍＬ１キット,1806,
3259533G3021,エルネオパＮＦ１号輸液,アミノ酸・糖・電解質・ビタミン,２，０００ｍＬ１キット,2153,
3259534G1023,エルネオパＮＦ２号輸液,アミノ酸・糖・電解質・ビタミン,１，０００ｍＬ１キット,1327,
3259534G2020,エルネオパＮＦ２号輸液,アミノ酸・糖・電解質・ビタミン,１，５００ｍＬ１キット,1941,
3259534G3026,エルネオパＮＦ２号輸液,アミノ酸・糖・電解質・ビタミン,２，０００ｍＬ１キット,2347,
3259535G1028,ワンパル１号輸液,アミノ酸・糖・電解質・ビタミン,８００ｍＬ１キット,1313,
3259535G2024,ワンパル１号輸液,アミノ酸・糖・電解質・ビタミン,１，２００ｍＬ１キット,1706,
3259536G1022,ワンパル２号輸液,アミノ酸・糖・電解質・ビタミン,８００ｍＬ１キット,1399,
3259536G2029,ワンパル２号輸液,アミノ酸・糖・電解質・ビタミン,１，２００ｍＬ１キット,1825,
3259537G1027,エネフリード輸液,アミノ酸・糖・電解質・脂肪・ビタミン,５５０ｍＬ１キット,1021,
3259537G2023,エネフリード輸液,アミノ酸・糖・電解質・脂肪・ビタミン,１，１００ｍＬ１キット,1445,
3259538G1021,キドパレン輸液,アミノ酸・糖・電解質・総合ビタミン製剤,１，０５０ｍＬ１キット,2265,
3259600A1020,メルスモン,胎盤絨毛分解物,２ｍＬ１管,200,
3259601A1024,ラエンネック,胎盤加水分解物,２ｍＬ１管,189,
3299504A4032,イントラリポス輸液１０％,ダイズ油,１０％２５０ｍＬ１袋,1719,
3299505A4045,イントラリポス輸液２０％,ダイズ油,２０％１００ｍＬ１袋,1182,
3299505A5041,イントラリポス輸液２０％,ダイズ油,２０％２５０ｍＬ１袋,2136,
3299505A6030,イントラリポス輸液２０％,ダイズ油,２０％５０ｍＬ１袋,975,
3311400A1017,１０％塩化ナトリウム注射液,塩化ナトリウム,１０％２０ｍＬ１管,104,R9.3.31まで
3311400A1068,大塚食塩注１０％,塩化ナトリウム,１０％２０ｍＬ１管,104,
3311400A1092,塩化ナトリウム注１０％「日新」,塩化ナトリウム,１０％２０ｍＬ１管,104,
3311400A1106,塩化ナトリウム注１０％「フソー」,塩化ナトリウム,１０％２０ｍＬ１管,104,
3311400A1114,塩化ナトリウム注１０％「ＨＫ」,塩化ナトリウム,１０％２０ｍＬ１管,104,
3311401A1011,生理食塩液,生理食塩液,５ｍＬ１管,104,
3311401A1089,生理食塩液「フソー」,生理食塩液,５ｍＬ１管,104,
3311401A1100,生理食塩液「ＮＰ」,生理食塩液,５ｍＬ１管,111,
3311401A2018,生理食塩液,生理食塩液,２０ｍＬ１管,100,
3311401A2026,大塚生食注,生理食塩液,２０ｍＬ１管,104,
3311401A2115,生食液ＮＳ,生理食塩液,２０ｍＬ１管,104,
3311401A2204,生理食塩液ＰＬ「フソー」,生理食塩液,２０ｍＬ１管,104,
3311401A2212,生理食塩液「ヒカリ」,生理食塩液,２０ｍＬ１管,104,
3311401A2220,生理食塩液「ＮＰ」,生理食塩液,２０ｍＬ１管,104,
3311401A2263,生理食塩液「ＶＴＲＳ」,生理食塩液,２０ｍＬ１管,104,
3311401A3014,生理食塩液,生理食塩液,１００ｍＬ１瓶,145,
3311401A3111,大塚生食注,生理食塩液,１００ｍＬ１瓶,147,
3311401A3162,生理食塩液ＰＬ「フソー」,生理食塩液,１００ｍＬ１瓶,147,
3311401A3197,生理食塩液「ＶＴＲＳ」,生理食塩液,１００ｍＬ１瓶,147,
3311401A4010,生理食塩液,生理食塩液,２００ｍＬ１瓶,156,
3311401A5017,生理食塩液,生理食塩液,２５０ｍＬ１瓶,246,
3311401A7010,生理食塩液,生理食塩液,５００ｍＬ１瓶,236,
3311401A8016,生理食塩液,生理食塩液,１Ｌ１瓶,355,
3311401A8024,大塚生食注,生理食塩液,１Ｌ１瓶,356,
3311401A8040,生理食塩液「ヒカリ」,生理食塩液,１Ｌ１瓶,356,
3311401A9012,生理食塩液,生理食塩液,５００ｍＬ１袋,236,
3311401A9020,大塚生食注,生理食塩液,５００ｍＬ１袋,236,
3311401A9071,テルモ生食,生理食塩液,５００ｍＬ１袋,236,
3311401A9101,生理食塩液「ヒカリ」,生理食塩液,５００ｍＬ１袋,236,
3311401A9110,生理食塩液バッグ「フソー」,生理食塩液,５００ｍＬ１袋,236,
3311401A9128,生理食塩液「ＮＰ」,生理食塩液,５００ｍＬ１袋,236,
3311401A9136,生理食塩液「ＡＹ」,生理食塩液,５００ｍＬ１袋,236,
3311401A9152,生理食塩液「ＹＤ」,生理食塩液,５００ｍＬ１袋,236,
3311401H1010,生理食塩液,生理食塩液,１Ｌ１袋,355,
3311401H1028,大塚生食注,生理食塩液,１Ｌ１袋,356,
3311401H1079,テルモ生食,生理食塩液,１Ｌ１袋,356,
3311401H1117,生理食塩液バッグ「フソー」,生理食塩液,１Ｌ１袋,356,
3311401H2016,生理食塩液,生理食塩液,５０ｍＬ１瓶,143,
3311401H2032,生理食塩液「ヒカリ」,生理食塩液,５０ｍＬ１瓶,152,
3311401H2059,大塚生食注,生理食塩液,５０ｍＬ１瓶,152,
3311401H2083,生理食塩液ＰＬ「フソー」,生理食塩液,５０ｍＬ１瓶,152,
3311401H3012,生理食塩液,生理食塩液,５０ｍＬ１袋,152,
3311401H4019,生理食塩液,生理食塩液,１００ｍＬ１袋,144,
3311401H4035,テルモ生食,生理食塩液,１００ｍＬ１袋,147,
3311401H5015,生理食塩液,生理食塩液,２００ｍＬ１袋,195,
3311401H6011,生理食塩液,生理食塩液,２５０ｍＬ１袋,246,
3311401H6038,大塚生食注,生理食塩液,２５０ｍＬ１袋,246,
3311401H6062,生理食塩液「ヒカリ」,生理食塩液,２５０ｍＬ１袋,246,
3311401H6070,生理食塩液バッグ「フソー」,生理食塩液,２５０ｍＬ１袋,246,
3311401H6089,生理食塩液「ＮＰ」,生理食塩液,２５０ｍＬ１袋,246,
3311401H7018,生理食塩液,生理食塩液,１．３Ｌ１袋,226,
3311401H8014,生理食塩液,生理食塩液,１．５Ｌ１袋,224,
3311401H8049,生理食塩液バッグ「フソー」,生理食塩液,１．５Ｌ１袋,354,
3311401H9010,生理食塩液,生理食塩液,２Ｌ１袋,568,
3311402G1027,大塚生食注ＴＮ,生理食塩液,１００ｍＬ１キット,212,
3311402G2023,生食溶解液キットＨ,生理食塩液,１００ｍＬ１キット,212,
3311402G3020,大塚生食注ＴＮ,生理食塩液,５０ｍＬ１キット,213,
3311402G4026,生食溶解液キットＨ,生理食塩液,５０ｍＬ１キット,213,
3311402G5049,生食注キット「フソー」,生理食塩液,１００ｍＬ１キット,212,
3311402G6037,テルモ生食ＴＫ,生理食塩液,１００ｍＬ１キット,212,
3311402G7025,生食注シリンジ「ＮＰ」,生理食塩液,１０ｍＬ１筒,127,
3311402G7050,生食注シリンジ「オーツカ」１０ｍＬ,生理食塩液,１０ｍＬ１筒,127,
3311402G7084,生食注シリンジ「テルモ」１０ｍＬ,生理食塩液,１０ｍＬ１筒,127,
3311402G8013,生理食塩液２０ｍＬキット,生理食塩液,２０ｍＬ１筒,104,R9.3.31まで
3311402G8021,生食注シリンジ「ＮＰ」,生理食塩液,２０ｍＬ１筒,144,
3311402G8056,生食注シリンジ「オーツカ」２０ｍＬ,生理食塩液,２０ｍＬ１筒,144,
3311402G9036,大塚生食注２ポート１００ｍＬ,生理食塩液,１００ｍＬ１キット,212,
3311402P2040,生食注シリンジ「オーツカ」５ｍＬ,生理食塩液,５ｍＬ１筒,127,
3311402P2066,生食注シリンジ「ＮＰ」,生理食塩液,５ｍＬ１筒,127,
3311402P2082,生食注シリンジ「テルモ」５ｍＬ,生理食塩液,５ｍＬ１筒,127,
3311402P3020,大塚生食注２ポート５０ｍＬ,生理食塩液,５０ｍＬ１キット,213,
3311402P4026,生食注キット「フソー」,生理食塩液,５０ｍＬ１キット,213,
3311402P5022,テルモ生食ＴＫ,生理食塩液,５０ｍＬ１キット,165,
3311402P6029,生食注シリンジ５０ｍＬ「ニプロ」,生理食塩液,５０ｍＬ１筒,779,
3319402A2070,ＫＣＬ補正液１ｍＥｑ／ｍＬ,塩化カリウム,１モル２０ｍＬ１管,114,
3319402G2030,ＫＣＬ補正液キット２０ｍＥｑ,塩化カリウム,０．４モル５０ｍＬ１キット,151,R9.3.31まで
3319402G3028,ＫＣＬ注１０ｍＥｑキット「テルモ」,塩化カリウム,１モル１０ｍＬ１キット,155,
3319402G4024,ＫＣＬ注２０ｍＥｑキット「テルモ」,塩化カリウム,１モル２０ｍＬ１キット,225,
3319403A1035,塩化Ｎａ補正液１ｍＥｑ／ｍＬ,塩化ナトリウム,１モル２０ｍＬ１管,75,
3319403A2040,塩化Ｎａ補正液２．５ｍＥｑ／ｍＬ,塩化ナトリウム,２．５モル２０ｍＬ１管,117,
3319404A1064,乳酸Ｎａ補正液１ｍＥｑ／ｍＬ,乳酸ナトリウム,１モル２０ｍＬ１管,63,
3319406G2020,リン酸２カリウム注２０ｍＥｑキット「テルモ」,リン酸二カリウム,０．５モル２０ｍＬ１キット,173,
3319407A1025,リン酸Ｎａ補正液０．５ｍｍｏｌ／ｍＬ,リン酸水素ナトリウム水和物・リン酸二水素ナトリウム水和物,０．５モル２０ｍＬ１管,143,
3319408A1020,ボルベン輸液６％,ヒドロキシエチルデンプン１３００００,６％５００ｍＬ１袋,846,
3319500A2109,リプラス１号輸液,開始液,５００ｍＬ１瓶,239,
3319500A3059,リプラス１号輸液,開始液,５００ｍＬ１袋,239,
3319500A3067,ソルデム１輸液,開始液,５００ｍＬ１袋,239,
3319500A3075,ソリタ－Ｔ１号輸液,開始液,５００ｍＬ１袋,239,
3319500A3083,ＹＤソリタ－Ｔ１号輸液,開始液,５００ｍＬ１袋,182,R9.3.31まで
3319500A5051,リプラス１号輸液,開始液,２００ｍＬ１袋,189,
3319500A5060,ソルデム１輸液,開始液,２００ｍＬ１袋,189,
3319500A5078,ソリタ－Ｔ１号輸液,開始液,２００ｍＬ１袋,189,
3319500A5086,ＹＤソリタ－Ｔ１号輸液,開始液,２００ｍＬ１袋,143,R9.3.31まで
3319501A3045,ＫＮ１号輸液,開始液,５００ｍＬ１袋,242,
3319501A3053,デノサリン１輸液,開始液,５００ｍＬ１袋,242,
3319501A4041,ＫＮ１号輸液,開始液,２００ｍＬ１袋,231,
3319501A4050,デノサリン１輸液,開始液,２００ｍＬ１袋,231,
3319505A2020,低分子デキストラン糖注（大塚製薬工場）,デキストラン４０・ブドウ糖,５００ｍＬ１袋,713,
3319506A2041,１０％ＥＬ－３号輸液,維持液,５００ｍＬ１袋,241,
3319506A2050,ソルデム３ＰＧ輸液,維持液,５００ｍＬ１袋,241,
3319506A3030,ソルデム３ＰＧ輸液,維持液,２００ｍＬ１袋,279,
3319510A4075,ヒシナルク３号輸液,維持液,５００ｍＬ１袋,210,
3319510A4083,ソルデム３Ａ輸液,維持液,５００ｍＬ１袋,210,
3319510A4105,ソリタ－Ｔ３号輸液,維持液,５００ｍＬ１袋,210,
3319510A4113,ＹＤソリタ－Ｔ３号輸液,維持液,５００ｍＬ１袋,181,R9.3.31まで
3319510A4121,ユエキンキープ３号輸液,維持液,５００ｍＬ１袋,210,
3319510A4130,ハルトマン－Ｇ３号輸液,維持液,５００ｍＬ１袋,210,
3319510A5080,ヒシナルク３号輸液,維持液,２００ｍＬ１袋,198,
3319510A5098,ソルデム３Ａ輸液,維持液,２００ｍＬ１袋,198,
3319510A5101,ハルトマン－Ｇ３号輸液,維持液,２００ｍＬ１袋,198,
3319510A5128,ソリタ－Ｔ３号輸液,維持液,２００ｍＬ１袋,198,
3319510A5136,ＹＤソリタ－Ｔ３号輸液,維持液,２００ｍＬ１袋,175,R9.3.31まで
3319510A5144,ユエキンキープ３号輸液,維持液,２００ｍＬ１袋,198,
3319510A7031,ソルデム３Ａ輸液,維持液,１Ｌ１袋,449,
3319511A4037,ソルデム３ＡＧ輸液,維持液,５００ｍＬ１袋,246,
3319511A4045,ソリタ－Ｔ３号Ｇ輸液,維持液,５００ｍＬ１袋,246,
3319511A4053,ＹＤソリタ－Ｔ３号Ｇ輸液,維持液,５００ｍＬ１袋,188,R9.3.31まで
3319511A5033,ソルデム３ＡＧ輸液,維持液,２００ｍＬ１袋,203,
3319511A5041,ソリタ－Ｔ３号Ｇ輸液,維持液,２００ｍＬ１袋,203,
3319511A5050,ＹＤソリタ－Ｔ３号Ｇ輸液,維持液,２００ｍＬ１袋,170,R9.3.31まで
3319512A2039,リプラス３号輸液,維持液,５００ｍＬ１瓶,292,
3319512A3035,リプラス３号輸液,維持液,２００ｍＬ１袋,204,
3319512A4031,リプラス３号輸液,維持液,５００ｍＬ１袋,292,
3319513A3064,ＫＮ３号輸液,維持液,５００ｍＬ１袋,246,
3319513A3072,ソルデム３輸液,維持液,５００ｍＬ１袋,246,
3319513A4060,ＫＮ３号輸液,維持液,２００ｍＬ１袋,233,
3319513A4079,ソルデム３輸液,維持液,２００ｍＬ１袋,233,
3319514A4022,フルクトラクト注,維持液,２００ｍＬ１袋,185,
3319514A5029,フルクトラクト注,維持液,５００ｍＬ１袋,265,
3319516A1049,アステマリン３号ＭＧ輸液,維持液,５００ｍＬ１瓶,183,
3319516A3041,フィジオゾール３号輸液,維持液,５００ｍＬ１袋,238,
3319518A2036,ＥＬ－３号輸液,維持液,５００ｍＬ１袋,277,
3319522A4035,ＫＮＭＧ３号輸液,維持液,５００ｍＬ１袋,246,
3319523A3041,ＫＮ４号輸液,術後回復液,５００ｍＬ１袋,248,
3319523A3050,ソルデム６輸液,術後回復液,５００ｍＬ１袋,248,
3319523A4030,ソルデム６輸液,術後回復液,２００ｍＬ１袋,248,
3319524A3020,ソリタ－Ｔ４号輸液,術後回復液,２００ｍＬ１袋,256,
3319524A4026,ソリタ－Ｔ４号輸液,術後回復液,５００ｍＬ１袋,256,
3319529A2042,ソルデム２輸液,脱水補給液,５００ｍＬ１袋,248,
3319529A3030,ソルデム２輸液,脱水補給液,２００ｍＬ１袋,224,
3319530A2037,ＫＮ２号輸液,脱水補給液,５００ｍＬ１袋,350,
3319531A3020,ソリタ－Ｔ２号輸液,脱水補給液,２００ｍＬ１袋,260,
3319531A4026,ソリタ－Ｔ２号輸液,脱水補給液,５００ｍＬ１袋,277,
3319534A3066,ハルトマン液「コバヤシ」,乳酸リンゲル,５００ｍＬ１瓶,215,R9.3.31まで
3319534A3120,ラクトリンゲル液″フソー″,乳酸リンゲル,５００ｍＬ１瓶,248,
3319534A4046,ラクテック注,乳酸リンゲル,５００ｍＬ１袋,248,
3319534A4054,ラクトリンゲル液″フソー″,乳酸リンゲル,５００ｍＬ１袋,248,
3319534A4160,ソルラクト輸液,乳酸リンゲル,５００ｍＬ１袋,215,
3319534A4178,ハルトマン輸液「ＮＰ」,乳酸リンゲル,５００ｍＬ１袋,248,
3319534A4186,ハルトマン輸液ｐＨ８「ＮＰ」,乳酸リンゲル,５００ｍＬ１袋,248,
3319534A4194,ハルトマン液「コバヤシ」,乳酸リンゲル,５００ｍＬ１袋,228,R9.3.31まで
3319534A6049,ラクテック注,乳酸リンゲル,１Ｌ１袋,384,
3319534A6057,ラクトリンゲル液″フソー″,乳酸リンゲル,１Ｌ１袋,434,
3319534A6120,ソルラクト輸液,乳酸リンゲル,１Ｌ１袋,434,
3319534A6138,ハルトマン輸液ｐＨ８「ＮＰ」,乳酸リンゲル,１Ｌ１袋,434,R9.3.31まで
3319534A8033,ラクテック注,乳酸リンゲル,２５０ｍＬ１袋,247,
3319534A8041,ソルラクト輸液,乳酸リンゲル,２５０ｍＬ１袋,247,
3319534H1037,ラクトリンゲル液″フソー″,乳酸リンゲル,２００ｍＬ１袋,199,
3319535A4075,ニソリ・Ｓ注,ソルビトール加乳酸リンゲル,５００ｍＬ１瓶,228,
3319535A4113,ラクトリンゲルＳ注「フソー」,ソルビトール加乳酸リンゲル,５００ｍＬ１瓶,228,
3319535A5055,ラクトリンゲルＳ注「フソー」,ソルビトール加乳酸リンゲル,５００ｍＬ１袋,228,
3319535A5071,ソルラクトＳ輸液,ソルビトール加乳酸リンゲル,５００ｍＬ１袋,228,
3319535A5080,ラクテックＧ輸液,ソルビトール加乳酸リンゲル,５００ｍＬ１袋,228,
3319535A7040,ソルラクトＳ輸液,ソルビトール加乳酸リンゲル,２５０ｍＬ１袋,219,
3319535A7058,ラクテックＧ輸液,ソルビトール加乳酸リンゲル,２５０ｍＬ１袋,219,
3319535A8038,ラクテックＧ輸液,ソルビトール加乳酸リンゲル,１Ｌ１袋,421,
3319535A9026,ラクトリンゲルＳ注「フソー」,ソルビトール加乳酸リンゲル,２００ｍＬ１袋,207,
3319536A3022,低分子デキストランＬ注,デキストラン４０・乳酸リンゲル,５００ｍＬ１袋,728,
3319536A4029,低分子デキストランＬ注,デキストラン４０・乳酸リンゲル,２５０ｍＬ１袋,435,
3319537A1091,ハルトマンＤ液「フソー」,ブドウ糖加乳酸リンゲル,５００ｍＬ１瓶,205,
3319537A2047,ソルラクトＤ輸液,ブドウ糖加乳酸リンゲル,５００ｍＬ１袋,256,
3319537A2055,ラクテックＤ輸液,ブドウ糖加乳酸リンゲル,５００ｍＬ１袋,256,
3319537A2071,ハルトマンＤ液「フソー」,ブドウ糖加乳酸リンゲル,５００ｍＬ１袋,256,
3319537A3035,ソルラクトＤ輸液,ブドウ糖加乳酸リンゲル,２５０ｍＬ１袋,238,
3319538A1037,ニソリＭ注,マルトース加乳酸リンゲル,２５０ｍＬ１瓶,251,
3319538A2041,ニソリＭ注,マルトース加乳酸リンゲル,５００ｍＬ１瓶,294,
3319538A2092,ラクトリンゲルＭ注「フソー」,マルトース加乳酸リンゲル,５００ｍＬ１瓶,294,
3319538A4052,ラクトリンゲルＭ注「フソー」,マルトース加乳酸リンゲル,５００ｍＬ１袋,294,
3319538A4095,ソルラクトＴＭＲ輸液,マルトース加乳酸リンゲル,５００ｍＬ１袋,294,
3319538A4109,ポタコールＲ輸液,マルトース加乳酸リンゲル,５００ｍＬ１袋,279,
3319538A6080,ソルラクトＴＭＲ輸液,マルトース加乳酸リンゲル,２５０ｍＬ１袋,251,
3319538A6098,ポタコールＲ輸液,マルトース加乳酸リンゲル,２５０ｍＬ１袋,251,
3319538A7027,ラクトリンゲルＭ注「フソー」,マルトース加乳酸リンゲル,２００ｍＬ１袋,222,
3319539A1015,リンゲル液,リンゲル,５００ｍＬ１瓶,251,
3319539A2011,リンゲル液,リンゲル,５００ｍＬ１袋,219,
3319542A4024,クリニザルツ輸液,維持液（キシリトール加）,５００ｍＬ１袋,272,
3319550A1046,ペンライブ注,酢酸維持液,２００ｍＬ１瓶,206,
3319550A2026,ペンライブ注,酢酸維持液,３００ｍＬ１瓶,292,
3319550A3057,エスロンＢ注,酢酸維持液,５００ｍＬ１瓶,227,R9.3.31まで
3319550A3065,ペンライブ注,酢酸維持液,５００ｍＬ１瓶,275,
3319550A5076,ソルマルト輸液,酢酸維持液,５００ｍＬ１袋,245,
3319550A5084,アクマルト輸液,酢酸維持液,５００ｍＬ１袋,341,
3319550A5092,アクチット輸液,酢酸維持液,５００ｍＬ１袋,341,
3319550A5106,エスロンＢ注,酢酸維持液,５００ｍＬ１袋,329,R9.3.31まで
3319550A6048,エスロンＢ注,酢酸維持液,２００ｍＬ１袋,221,R9.3.31まで
3319550A6072,ソルマルト輸液,酢酸維持液,２００ｍＬ１袋,218,
3319550A6080,アクマルト輸液,酢酸維持液,２００ｍＬ１袋,222,
3319550A6099,アクチット輸液,酢酸維持液,２００ｍＬ１袋,222,
3319551A1059,ペロール注,ブドウ糖加酢酸リンゲル,３００ｍＬ１瓶,197,
3319551A2047,ソリューゲンＧ注,ブドウ糖加酢酸リンゲル,５００ｍＬ１瓶,197,R9.3.31まで
3319551A2055,ペロール注,ブドウ糖加酢酸リンゲル,５００ｍＬ１瓶,197,
3319551A2071,アクメインＤ輸液,ブドウ糖加酢酸リンゲル,５００ｍＬ１瓶,278,
3319551A4074,ソルアセトＤ輸液,ブドウ糖加酢酸リンゲル,５００ｍＬ１袋,278,
3319551A4090,ヴィーンＤ輸液,ブドウ糖加酢酸リンゲル,５００ｍＬ１袋,278,
3319551A4104,リナセートＤ輸液,ブドウ糖加酢酸リンゲル,５００ｍＬ１袋,278,
3319551A4112,ソリューゲンＧ注,ブドウ糖加酢酸リンゲル,５００ｍＬ１袋,221,R9.3.31まで
3319551A4120,アクメインＤ輸液,ブドウ糖加酢酸リンゲル,５００ｍＬ１袋,278,
3319551A5038,ソルアセトＤ輸液,ブドウ糖加酢酸リンゲル,２５０ｍＬ１袋,193,
3319551A7022,ソリューゲンＧ注,ブドウ糖加酢酸リンゲル,３００ｍＬ１袋,197,R9.3.31まで
3319551A8045,ソリューゲンＧ注,ブドウ糖加酢酸リンゲル,２００ｍＬ１袋,173,R9.3.31まで
3319551A8053,ソルアセトＤ輸液,ブドウ糖加酢酸リンゲル,２００ｍＬ１袋,173,
3319551A8070,ヴィーンＤ輸液,ブドウ糖加酢酸リンゲル,２００ｍＬ１袋,204,
3319551A8088,リナセートＤ輸液,ブドウ糖加酢酸リンゲル,２００ｍＬ１袋,204,
3319551A8096,アクメインＤ輸液,ブドウ糖加酢酸リンゲル,２００ｍＬ１袋,204,
3319554A4043,サヴィオゾール輸液,デキストラン４０・乳酸リンゲル,５００ｍＬ１袋,373,
3319555A2029,アルトフェッド注射液,酢酸維持液,５００ｍＬ１瓶,306,
3319555A3025,アルトフェッド注射液,酢酸維持液,５００ｍＬ１袋,306,
3319555A4021,アルトフェッド注射液,酢酸維持液,２００ｍＬ１袋,221,
3319556A2023,ソリタックス－Ｈ輸液,維持液（ブドウ糖加）,５００ｍＬ１袋,271,
3319557A1030,ソリューゲンＦ注,酢酸リンゲル,５００ｍＬ１瓶,206,
3319557A2036,ソルアセトＦ輸液,酢酸リンゲル,５００ｍＬ１袋,206,
3319557A2044,ヴィーンＦ輸液,酢酸リンゲル,５００ｍＬ１袋,206,
3319557A2052,リナセートＦ輸液,酢酸リンゲル,５００ｍＬ１袋,206,
3319557A2060,ソリューゲンＦ注,酢酸リンゲル,５００ｍＬ１袋,206,
3319557A3040,ソルアセトＦ輸液,酢酸リンゲル,１Ｌ１袋,356,
3319558A2030,トリフリード輸液,維持液（複合糖加）,５００ｍＬ１袋,256,
3319558A3037,トリフリード輸液,維持液（複合糖加）,１Ｌ１袋,370,R9.3.31まで
3319559A2035,フィジオ７０輸液,ブドウ糖加酢酸リンゲル,５００ｍＬ１袋,315,
3319560A1031,グルアセト３５注,維持液（ブドウ糖加）,２５０ｍＬ１袋,237,
3319560A1040,フィジオ３５輸液,維持液（ブドウ糖加）,２５０ｍＬ１袋,237,
3319560A2038,フィジオ３５輸液,維持液（ブドウ糖加）,５００ｍＬ１袋,268,
3319560A2046,グルアセト３５注,維持液（ブドウ糖加）,５００ｍＬ１袋,268,
3319561A1036,フィジオ１４０輸液,ブドウ糖加酢酸リンゲル,２５０ｍＬ１袋,233,
3319561A2032,フィジオ１４０輸液,ブドウ糖加酢酸リンゲル,５００ｍＬ１袋,256,
3319562A1049,アセトキープ３Ｇ注,酢酸維持液（ブドウ糖加）,２００ｍＬ１袋,205,R9.3.31まで
3319562A1057,アセテート維持液３Ｇ「ＨＫ」,酢酸維持液（ブドウ糖加）,２００ｍＬ１袋,205,
3319562A1065,ヴィーン３Ｇ輸液,酢酸維持液（ブドウ糖加）,２００ｍＬ１袋,205,
3319562A2037,アセトキープ３Ｇ注,酢酸維持液（ブドウ糖加）,５００ｍＬ１瓶,190,R9.3.31まで
3319562A3033,アセテート維持液３Ｇ「ＨＫ」,酢酸維持液（ブドウ糖加）,５００ｍＬ１袋,274,
3319562A3041,ヴィーン３Ｇ輸液,酢酸維持液（ブドウ糖加）,５００ｍＬ１袋,274,
3319562A3050,アセトキープ３Ｇ注,酢酸維持液（ブドウ糖加）,５００ｍＬ１袋,274,R9.3.31まで
3319563A2031,ビカーボン輸液,重炭酸リンゲル,５００ｍＬ１袋,364,
3319564A1021,ビカネイト輸液,重炭酸リンゲル,５００ｍＬ１袋,288,
3319564A2028,ビカネイト輸液,重炭酸リンゲル,１Ｌ１袋,504,
3321401A1077,アドナ注１０ｍｇ,カルバゾクロムスルホン酸ナトリウム水和物,０．５％２ｍＬ１管,95,
3321401A2138,アドナ注（静脈用）２５ｍｇ,カルバゾクロムスルホン酸ナトリウム水和物,０．５％５ｍＬ１管,89,
3321401A2170,カルバゾクロムスルホン酸ナトリウム静注液２５ｍｇ「日医工」,カルバゾクロムスルホン酸ナトリウム水和物,０．５％５ｍＬ１管,89,
3321401A2189,カルバゾクロムスルホン酸Ｎａ静注２５ｍｇ「フソー」,カルバゾクロムスルホン酸ナトリウム水和物,０．５％５ｍＬ１管,89,
3321401A3142,アドナ注（静脈用）５０ｍｇ,カルバゾクロムスルホン酸ナトリウム水和物,０．５％１０ｍＬ１管,89,
3321401A3185,カルバゾクロムスルホン酸ナトリウム静注液５０ｍｇ「日医工」,カルバゾクロムスルホン酸ナトリウム水和物,０．５％１０ｍＬ１管,89,
3321401A3193,カルバゾクロムスルホン酸Ｎａ静注５０ｍｇ「フソー」,カルバゾクロムスルホン酸ナトリウム水和物,０．５％１０ｍＬ１管,89,
3321401A4017,カルバゾクロムスルホン酸ナトリウム０．５％２０ｍＬ注射液,カルバゾクロムスルホン酸ナトリウム水和物,０．５％２０ｍＬ１管,63,
3321401A4181,アドナ注（静脈用）１００ｍｇ,カルバゾクロムスルホン酸ナトリウム水和物,０．５％２０ｍＬ１管,132,
3321401A4246,カルバゾクロムスルホン酸ナトリウム静注液１００ｍｇ「日医工」,カルバゾクロムスルホン酸ナトリウム水和物,０．５％２０ｍＬ１管,132,
3321401A4262,カルバゾクロムスルホン酸Ｎａ静注１００ｍｇ「フソー」,カルバゾクロムスルホン酸ナトリウム水和物,０．５％２０ｍＬ１管,132,
3327401A1127,トランサミン注５％,トラネキサム酸,５％５ｍＬ１管,130,
3327401A1160,トラネキサム酸注２５０ｍｇ／５ｍＬ「日新」,トラネキサム酸,５％５ｍＬ１管,104,
3327401A2069,トランサミン注１０％,トラネキサム酸,１０％２．５ｍＬ１管,130,
3327401A4010,トラネキサム酸１０％１０ｍＬ注射液,トラネキサム酸,１０％１０ｍＬ１管,104,
3327401A4185,トランサミン注１０％,トラネキサム酸,１０％１０ｍＬ１管,104,
3327401A4266,トラネキサム酸注１ｇ「ＮＰ」,トラネキサム酸,１０％１０ｍＬ１管,100,R9.3.31まで
3329403A1015,プロタミン硫酸塩注射液,プロタミン硫酸塩,１％１０ｍＬバイアル,683,
3329404D1032,オルダミン注射用１ｇ,モノエタノールアミンオレイン酸塩,１０％１０ｇ１瓶,14522,
3329405A1022,エトキシスクレロール１％注射液,ポリドカノール,１％３０ｍＬ１瓶,14814,
3329405A2029,ポリドカスクレロール０．５％注２ｍＬ,ポリドカノール,０．５％２ｍＬ１管,673,
3329405A3025,ポリドカスクレロール１％注２ｍＬ,ポリドカノール,１％２ｍＬ１管,719,
3329405A4021,ポリドカスクレロール３％注２ｍＬ,ポリドカノール,３％２ｍＬ１管,816,
3331400A1010,輸血用クエン酸ナトリウム注射液,クエン酸ナトリウム水和物,１０％５ｍＬ１管,104,
3331401A2029,チトラミン液「フソー」－４％,クエン酸ナトリウム水和物,４％５００ｍＬ１袋,965,
3334400A3049,ヘパリンＣａ皮下注２万単位／０．８ｍＬ「サワイ」,ヘパリンカルシウム,２０，０００単位０．８ｍＬ１瓶,1382,
3334400A4045,ヘパリンカルシウム注１万単位／１０ｍＬ「ＡＹ」,ヘパリンカルシウム,１０，０００単位１０ｍＬ１瓶,495,
3334400A4053,ヘパリンカルシウム注１万単位／１０ｍＬ「ＹＤ」,ヘパリンカルシウム,１０，０００単位１０ｍＬ１瓶,495,
3334400A5041,ヘパリンＣａ注射液２万単位／２０ｍＬ「サワイ」,ヘパリンカルシウム,２０，０００単位２０ｍＬ１瓶,1382,
3334400A6064,ヘパリンカルシウム注５万単位／５０ｍＬ「ＡＹ」,ヘパリンカルシウム,５０，０００単位５０ｍＬ１瓶,2229,
3334400A6072,ヘパリンＣａ注射液５万単位／５０ｍＬ「サワイ」,ヘパリンカルシウム,５０，０００単位５０ｍＬ１瓶,2229,
3334400A6080,ヘパリンカルシウム注５万単位／５０ｍＬ「ＹＤ」,ヘパリンカルシウム,５０，０００単位５０ｍＬ１瓶,2229,
3334400A7044,ヘパリンＣａ注射液１０万単位／１００ｍＬ「サワイ」,ヘパリンカルシウム,１００，０００単位１００ｍＬ１瓶,5829,
3334400A8024,ヘパリンＣａ皮下注１万単位／０．４ｍＬ「サワイ」,ヘパリンカルシウム,１０，０００単位０．４ｍＬ１瓶,1263,
3334400G1022,ヘパリンカルシウム皮下注５千単位／０．２ｍＬシリンジ「モチダ」,ヘパリンカルシウム,５，０００単位０．２ｍＬ１筒,522,
3334401A3019,ヘパリンナトリウム注射液,ヘパリンナトリウム,５，０００単位５ｍＬ１管,165,
3334401A5011,ヘパリンナトリウム注射液,ヘパリンナトリウム,５，０００単位５ｍＬ１瓶,215,
3334401A6018,ヘパリンナトリウム注射液,ヘパリンナトリウム,１０，０００単位１０ｍＬ１瓶,393,
3334401A7014,ヘパリンナトリウム注射液,ヘパリンナトリウム,５０，０００単位５０ｍＬ１瓶,1497,
3334401A8010,ヘパリンナトリウム注射液,ヘパリンナトリウム,１００，０００単位１００ｍＬ１瓶,2742,
3334402A1010,ヘパリンナトリウム５，０００単位２０ｍＬ注射液,ヘパリンナトリウム,５，０００単位２０ｍＬ１管,215,
3334402A1037,ヘパリンＮａ透析用２５０単位／ｍＬ「フソー」２０ｍＬ,ヘパリンナトリウム,５，０００単位２０ｍＬ１管,215,
3334402A2025,ヘパリンＮａ透析用１５０単位／ｍＬ「フソー」２０ｍＬ,ヘパリンナトリウム,３，０００単位２０ｍＬ１管,183,
3334402A3021,ヘパリンＮａ透析用２００単位／ｍＬ「フソー」２０ｍＬ,ヘパリンナトリウム,４，０００単位２０ｍＬ１管,215,
3334402G1048,ヘパフラッシュ１０単位／ｍＬシリンジ５ｍＬ,ヘパリンナトリウム,５０単位５ｍＬ１筒,131,
3334402G1064,ヘパリンＮａロック用１０単位／ｍＬシリンジ「オーツカ」５ｍＬ,ヘパリンナトリウム,５０単位５ｍＬ１筒,131,
3334402G1102,ヘパリンＮａロック用１０単位／ｍＬシリンジ５ｍＬ「ニプロ」,ヘパリンナトリウム,５０単位５ｍＬ１筒,131,
3334402G1137,ヘパリンＮａロック用１０単位／ｍＬシリンジ５ｍＬ「ＮＩＧ」,ヘパリンナトリウム,５０単位５ｍＬ１筒,131,
3334402G2052,ヘパフラッシュ１０単位／ｍＬシリンジ１０ｍＬ,ヘパリンナトリウム,１００単位１０ｍＬ１筒,104,
3334402G2079,ヘパリンＮａロック用１０単位／ｍＬシリンジ「オーツカ」１０ｍＬ,ヘパリンナトリウム,１００単位１０ｍＬ１筒,126,
3334402G2117,ヘパリンＮａロック用１０単位／ｍＬシリンジ１０ｍＬ「ニプロ」,ヘパリンナトリウム,１００単位１０ｍＬ１筒,126,
3334402G2141,ヘパリンＮａロック用１０単位／ｍＬシリンジ１０ｍＬ「ＮＩＧ」,ヘパリンナトリウム,１００単位１０ｍＬ１筒,126,
3334402G3040,ヘパフラッシュ１００単位／ｍＬシリンジ５ｍＬ,ヘパリンナトリウム,５００単位５ｍＬ１筒,155,
3334402G3067,ヘパリンＮａロック用１００単位／ｍＬシリンジ「オーツカ」５ｍＬ,ヘパリンナトリウム,５００単位５ｍＬ１筒,155,
3334402G3105,ヘパリンＮａロック用１００単位／ｍＬシリンジ５ｍＬ「ニプロ」,ヘパリンナトリウム,５００単位５ｍＬ１筒,155,
3334402G3130,ヘパリンＮａロック用１００単位／ｍＬシリンジ５ｍＬ「ＮＩＧ」,ヘパリンナトリウム,５００単位５ｍＬ１筒,155,
3334402G4055,ヘパフラッシュ１００単位／ｍＬシリンジ１０ｍＬ,ヘパリンナトリウム,１，０００単位１０ｍＬ１筒,135,
3334402G4071,ヘパリンＮａロック用１００単位／ｍＬシリンジ「オーツカ」１０ｍＬ,ヘパリンナトリウム,１，０００単位１０ｍＬ１筒,158,
3334402G4110,ヘパリンＮａロック用１００単位／ｍＬシリンジ１０ｍＬ「ニプロ」,ヘパリンナトリウム,１，０００単位１０ｍＬ１筒,158,
3334402G4144,ヘパリンＮａロック用１００単位／ｍＬシリンジ１０ｍＬ「ＮＩＧ」,ヘパリンナトリウム,１，０００単位１０ｍＬ１筒,158,
3334402G5043,ヘパリンＮａ透析用５００単位／ｍＬシリンジ１０ｍＬ「ＮＰ」,ヘパリンナトリウム,５，０００単位１０ｍＬ１筒,285,
3334402G6031,ヘパリンＮａ透析用５００単位／ｍＬシリンジ２０ｍＬ「ＮＰ」,ヘパリンナトリウム,１０，０００単位２０ｍＬ１筒,405,
3334402G8034,ヘパリンＮａ透析用１５０単位／ｍＬシリンジ２０ｍＬ「フソー」,ヘパリンナトリウム,３，０００単位２０ｍＬ１筒,239,
3334402G8042,ヘパフィルド透析用１５０単位／ｍＬシリンジ２０ｍＬ,ヘパリンナトリウム,３，０００単位２０ｍＬ１筒,233,
3334402G8050,ヘパリンＮａ透析用１５０単位／ｍＬシリンジ２０ｍＬ「ＮＩＧ」,ヘパリンナトリウム,３，０００単位２０ｍＬ１筒,239,
3334402P1030,ヘパリンＮａ透析用２００単位／ｍＬシリンジ２０ｍＬ「フソー」,ヘパリンナトリウム,４，０００単位２０ｍＬ１筒,263,
3334402P1048,ヘパフィルド透析用２００単位／ｍＬシリンジ２０ｍＬ,ヘパリンナトリウム,４，０００単位２０ｍＬ１筒,255,
3334402P1056,ヘパリンＮａ透析用２００単位／ｍＬシリンジ２０ｍＬ「ＮＩＧ」,ヘパリンナトリウム,４，０００単位２０ｍＬ１筒,263,
3334402P2028,ヘパフィルド透析用２５０単位／ｍＬシリンジ２０ｍＬ,ヘパリンナトリウム,５，０００単位２０ｍＬ１筒,255,
3334402P2044,ヘパリンＮａ透析用２５０単位／ｍＬシリンジ２０ｍＬ「フソー」,ヘパリンナトリウム,５，０００単位２０ｍＬ１筒,285,
3334402P2052,ヘパリンＮａ透析用２５０単位／ｍＬシリンジ２０ｍＬ「ニプロ」,ヘパリンナトリウム,５，０００単位２０ｍＬ１筒,285,
3334402P2060,ヘパリンＮａ透析用２５０単位／ｍＬシリンジ２０ｍＬ「ＮＩＧ」,ヘパリンナトリウム,５，０００単位２０ｍＬ１筒,285,
3334402P3024,ヘパリンＮａ透析用３５０単位／ｍＬシリンジ２０ｍＬ「フソー」,ヘパリンナトリウム,７，０００単位２０ｍＬ１筒,418,
3334402P4020,ヘパリンＮａ透析用２５０単位／ｍＬシリンジ１２ｍＬ「ニプロ」,ヘパリンナトリウム,３，０００単位１２ｍＬ１筒,239,
3334402P5027,ヘパリンＮａ透析用２５０単位／ｍＬシリンジ１６ｍＬ「ニプロ」,ヘパリンナトリウム,４，０００単位１６ｍＬ１筒,263,
3334402P6023,ヘパリンＮａ透析用カテーテルロック用１，０００単位／ｍＬシリンジ５ｍＬ「ニプロ」,ヘパリンナトリウム,５，０００単位５ｍＬ１筒,417,
3334403A1090,ダルテパリンＮａ静注５０００単位／５ｍＬ「日新」,ダルテパリンナトリウム,５，０００低分子ヘパリン国際単位１管,571,
3334403A2194,ダルテパリンＮａ静注５０００単位／５ｍＬ「サワイ」,ダルテパリンナトリウム,５，０００低分子ヘパリン国際単位１瓶,571,
3334403A2208,ダルテパリンＮａ静注５０００単位／５ｍＬ「ＡＦＰ」,ダルテパリンナトリウム,５，０００低分子ヘパリン国際単位１瓶,463,
3334403G2022,ダルテパリンＮａ静注２５００単位／１０ｍＬシリンジ「ニプロ」,ダルテパリンナトリウム,２，５００低分子ヘパリン国際単位１０ｍＬ１筒,443,
3334403G3029,ダルテパリンＮａ静注３０００単位／１２ｍＬシリンジ「ニプロ」,ダルテパリンナトリウム,３，０００低分子ヘパリン国際単位１２ｍＬ１筒,566,
3334403G4025,ダルテパリンＮａ静注４０００単位／１６ｍＬシリンジ「ニプロ」,ダルテパリンナトリウム,４，０００低分子ヘパリン国際単位１６ｍＬ１筒,553,
3334403G5021,ダルテパリンＮａ静注５０００単位／２０ｍＬシリンジ「ニプロ」,ダルテパリンナトリウム,５，０００低分子ヘパリン国際単位２０ｍＬ１筒,774,
3334404A1060,ローヘパ透析用５００単位／ｍＬバイアル１０ｍＬ,パルナパリンナトリウム,５，０００低分子量ヘパリン単位１瓶,809,
3334404G1039,ローヘパ透析用１００単位／ｍＬシリンジ２０ｍＬ,パルナパリンナトリウム,２，０００低分子量ヘパリン単位２０ｍＬ１筒,598,
3334404G1047,パルナパリンＮａ透析用１００単位／ｍＬシリンジ２０ｍＬ「フソー」,パルナパリンナトリウム,２，０００低分子量ヘパリン単位２０ｍＬ１筒,598,
3334404G2035,ローヘパ透析用１５０単位／ｍＬシリンジ２０ｍＬ,パルナパリンナトリウム,３，０００低分子量ヘパリン単位２０ｍＬ１筒,733,
3334404G2043,パルナパリンＮａ透析用１５０単位／ｍＬシリンジ２０ｍＬ「フソー」,パルナパリンナトリウム,３，０００低分子量ヘパリン単位２０ｍＬ１筒,733,
3334404G3031,ローヘパ透析用２００単位／ｍＬシリンジ２０ｍＬ,パルナパリンナトリウム,４，０００低分子量ヘパリン単位２０ｍＬ１筒,823,
3334404G3040,パルナパリンＮａ透析用２００単位／ｍＬシリンジ２０ｍＬ「フソー」,パルナパリンナトリウム,４，０００低分子量ヘパリン単位２０ｍＬ１筒,940,
3334406G1020,クレキサン皮下注キット２０００ＩＵ,エノキサパリンナトリウム,２，０００低分子ヘパリン国際単位０．２ｍＬ１筒,617,
3339400G1029,アリクストラ皮下注１．５ｍｇ,フォンダパリヌクスナトリウム,１．５ｍｇ０．３ｍＬ１筒,956,
3339400G2025,アリクストラ皮下注２．５ｍｇ,フォンダパリヌクスナトリウム,２．５ｍｇ０．５ｍＬ１筒,1071,
3339400G3021,アリクストラ皮下注５ｍｇ,フォンダパリヌクスナトリウム,５ｍｇ０．４ｍＬ１筒,2539,
3339400G4028,アリクストラ皮下注７．５ｍｇ,フォンダパリヌクスナトリウム,７．５ｍｇ０．６ｍＬ１筒,2877,
3339401D1027,リコモジュリン点滴静注用１２８００,トロンボモデュリンアルファ（遺伝子組換え）,１２，８００単位１瓶,32535,
3399400X1035,サム点滴静注セット,トロメタモール,３６．３％５０ｍＬ１管（希釈液・補正液付）,734,
3399403A1036,アンサー皮下注２０μｇ,結核菌熱水抽出物,２０μｇ１ｍＬ１管（Ｄ－アラビノース換算量として）,2184,
3399405A1027,グラン注射液７５,フィルグラスチム（遺伝子組換え）,７５μｇ０．３ｍＬ１管,6082,
3399405A4026,グラン注射液Ｍ３００,フィルグラスチム（遺伝子組換え）,３００μｇ０．７ｍＬ１管,7111,
3399405G1020,グランシリンジ７５,フィルグラスチム（遺伝子組換え）,７５μｇ０．３ｍＬ１筒,4025,
3399405G2026,グランシリンジ１５０,フィルグラスチム（遺伝子組換え）,１５０μｇ０．６ｍＬ１筒,7947,
3399405G3022,グランシリンジＭ３００,フィルグラスチム（遺伝子組換え）,３００μｇ０．７ｍＬ１筒,6979,
3399406D4027,ノイトロジン注５０μｇ,レノグラスチム（遺伝子組換え）,５０μｇ１瓶,1937,
3399406D5023,ノイトロジン注１００μｇ,レノグラスチム（遺伝子組換え）,１００μｇ１瓶,3586,
3399406D6020,ノイトロジン注２５０μｇ,レノグラスチム（遺伝子組換え）,２５０μｇ１瓶,8139,
3399408G1023,フィルグラスチムＢＳ注７５μｇシリンジ「Ｆ」,フィルグラスチム（遺伝子組換え）［フィルグラスチム後続１］,７５μｇ０．３ｍＬ１筒,1942,
3399408G2020,フィルグラスチムＢＳ注１５０μｇシリンジ「Ｆ」,フィルグラスチム（遺伝子組換え）［フィルグラスチム後続１］,１５０μｇ０．６ｍＬ１筒,3165,
3399408G3026,フィルグラスチムＢＳ注３００μｇシリンジ「Ｆ」,フィルグラスチム（遺伝子組換え）［フィルグラスチム後続１］,３００μｇ０．７ｍＬ１筒,5012,
3399409G1028,フィルグラスチムＢＳ注７５μｇシリンジ「ＮＫ」,フィルグラスチム（遺伝子組換え）［フィルグラスチム後続２］,７５μｇ０．３ｍＬ１筒,2713,
3399409G2024,フィルグラスチムＢＳ注１５０μｇシリンジ「ＮＫ」,フィルグラスチム（遺伝子組換え）［フィルグラスチム後続２］,１５０μｇ０．６ｍＬ１筒,3340,
3399409G3020,フィルグラスチムＢＳ注３００μｇシリンジ「ＮＫ」,フィルグラスチム（遺伝子組換え）［フィルグラスチム後続２］,３００μｇ０．７ｍＬ１筒,5351,
3399410G1020,ジーラスタ皮下注３．６ｍｇ,ペグフィルグラスチム（遺伝子組換え）,３．６ｍｇ０．３６ｍＬ１筒,77753,
3399410G2027,ジーラスタ皮下注３．６ｍｇボディーポッド,ペグフィルグラスチム（遺伝子組換え）,３．６ｍｇ０．３６ｍＬ１キット,90969,
3399412A1027,プリズバインド静注液２．５ｇ,イダルシズマブ（遺伝子組換え）,２．５ｇ５０ｍＬ１瓶,203626,
3399413A1021,モゾビル皮下注２４ｍｇ,プレリキサホル,２４ｍｇ１．２ｍＬ１瓶,592719,
3399414D1022,オンデキサ静注用２００ｍｇ,アンデキサネット　アルファ（遺伝子組換え）,２００ｍｇ１瓶,338671,
3399415D1027,カブリビ注射用１０ｍｇ,カプラシズマブ（遺伝子組換え）,１０ｍｇ１瓶（溶解液付）,515532,
3399416G1028,ペグフィルグラスチムＢＳ皮下注３．６ｍｇ「ニプロ」,ペグフィルグラスチム（遺伝子組換え）［ペグフィルグラスチム後続１］,３．６ｍｇ０．３６ｍＬ１筒,54924,
3399416G1036,ペグフィルグラスチムＢＳ皮下注３．６ｍｇ「モチダ」,ペグフィルグラスチム（遺伝子組換え）［ペグフィルグラスチム後続１］,３．６ｍｇ０．３６ｍＬ１筒,55680,
3399417D1026,レブロジル皮下注用２５ｍｇ,ルスパテルセプト（遺伝子組換え）,２５ｍｇ１瓶,169234,
3399417D2022,レブロジル皮下注用７５ｍｇ,ルスパテルセプト（遺伝子組換え）,７５ｍｇ１瓶,505267,
3399418D1020,アジンマ静注用１５００,アパダムターゼ　アルファ（遺伝子組換え）・シナキサダムターゼ　アルファ（遺伝子組換え）,１，５００国際単位１瓶（溶解液付）,1190537,
3399500G1025,アートセレブ脳脊髄手術用洗浄灌流液,ブドウ糖・無機塩類配合剤,５００ｍＬ１キット,1647,
3410507A1031,キンダリー透析剤ＡＦ１号,人工透析液,９Ｌ１瓶（炭酸水素ナトリウム液付）,3945,
3410508A1036,キンダリー透析剤ＡＦ１Ｐ号,人工透析液,１０Ｌ１瓶（炭酸水素ナトリウム付）,2005,
3410520A1037,キンダリー透析剤ＡＦ２号,人工透析液,９Ｌ１瓶（炭酸水素ナトリウム液付）,3613,
3410520A2033,キンダリー透析剤ＡＦ２Ｐ号,人工透析液,１０Ｌ１瓶（炭酸水素ナトリウム付）,1961,
3410520A5032,キンダリー透析剤ＡＦ２号,人工透析液,６Ｌ１瓶（炭酸水素ナトリウム液付）,2774,
3410520D2048,キンダリー透析剤２Ｅ,人工透析液,２袋１組,1926,
3410521A1031,ＡＫ－ソリタ透析剤・ＤＰ,人工透析液,９Ｌ１瓶（炭酸水素ナトリウム付）,1917,
3410521A2038,ＡＫ－ソリタ透析剤・ＦＰ,人工透析液,９Ｌ１瓶（炭酸水素ナトリウム付）,2205,
3410522A1036,ＡＫ－ソリタ透析剤・ＤＬ,人工透析液,９Ｌ１瓶（炭酸水素ナトリウム液付）,4276,
3410522A2032,ＡＫ－ソリタ透析剤・ＦＬ,人工透析液,９Ｌ１瓶（炭酸水素ナトリウム液付）,4277,
3410523A1030,キンダリー透析剤ＡＦ３号,人工透析液,９Ｌ１瓶（炭酸水素ナトリウム液付）,3641,
3410523A2037,キンダリー透析剤ＡＦ３Ｐ号,人工透析液,１０Ｌ１瓶（炭酸水素ナトリウム付）,2044,
3410523A4030,キンダリー透析剤ＡＦ３号,人工透析液,６Ｌ１瓶（炭酸水素ナトリウム液付）,2835,
3410523D2033,キンダリー透析剤３Ｅ,人工透析液,２袋１組,1943,
3410525D3039,リンパック透析剤ＴＡ１,人工透析液,２袋１組,1700,
3410526D2037,Ｄドライ透析剤２．５Ｓ,人工透析液,２瓶１組,1445,
3410527D2031,Ｄドライ透析剤３．０Ｓ,人工透析液,２瓶１組,1792,
3410530D2033,リンパック透析剤ＴＡ３,人工透析液,２袋１組,1650,
3410531A1035,バイフィル透析剤,人工透析液,６Ｌ１瓶,2047,
3410532A2036,バイフィル専用炭酸水素ナトリウム補充液１．３９％,人工透析液,２Ｌ１袋,1700,
3410534G2038,サブパック血液ろ過用補充液－Ｂｉ,人工透析液,２，０２０ｍＬ１キット,1286,
3410535A1025,カーボスター透析剤・Ｌ,人工透析液,６Ｌ１瓶（炭酸水素ナトリウム液付）,2597,
3410535A2021,カーボスター透析剤・Ｌ,人工透析液,９Ｌ１瓶（炭酸水素ナトリウム液付）,3479,
3410536A1020,カーボスター透析剤・Ｍ,人工透析液,１０Ｌ１瓶（炭酸水素ナトリウム付）,1784,
3410537D1020,カーボスター透析剤・Ｐ,人工透析液,２袋１組,1908,
3410537D2027,カーボスター透析剤・Ｐ,人工透析液,２瓶１組,1908,
3410538G1021,サブラッド血液ろ過用補充液ＢＳＧ,人工透析液,１，０１０ｍＬ１キット,735,
3410538G2028,サブラッド血液ろ過用補充液ＢＳＧ,人工透析液,２，０２０ｍＬ１キット,895,
3410539A1023,キンダリー透析剤ＡＦ４Ｐ号,人工透析液,１０Ｌ１瓶（炭酸水素ナトリウム付）,1693,
3410539D2026,キンダリー透析剤４Ｅ,人工透析液,２袋１組,1873,
3410540A1026,キンダリー透析剤ＡＦ４号,人工透析液,６Ｌ１瓶（炭酸水素ナトリウム液付）,2577,
3410540A2022,キンダリー透析剤ＡＦ４号,人工透析液,９Ｌ１瓶（炭酸水素ナトリウム液付）,3288,
3410541D1027,Ｄドライ透析剤２．７５Ｓ,人工透析液,２瓶１組,1614,
3410542A1025,キンダリー透析剤ＡＦ５号,人工透析液,６Ｌ１瓶（炭酸水素ナトリウム液付）,2577,
3410542A2021,キンダリー透析剤ＡＦ５号,人工透析液,９Ｌ１瓶（炭酸水素ナトリウム液付）,3327,
3410542A3028,キンダリー透析剤ＡＦ５Ｐ号,人工透析液,１０Ｌ１瓶（炭酸水素ナトリウム付）,1846,
3410542D1021,キンダリー透析剤５Ｅ,人工透析液,２袋１組,1890,
3410543D1026,リンパック透析剤ＴＡ５,人工透析液,２袋１組,1757,
3410544A1024,カーボスター透析剤２号・Ｌ,人工透析液,６Ｌ１瓶（炭酸水素ナトリウム液付）,2436,
3410544A2020,カーボスター透析剤２号・Ｌ,人工透析液,９Ｌ１瓶（炭酸水素ナトリウム液付）,3375,
3410545D1025,カーボスター透析剤２号・Ｐ,人工透析液,２瓶１組,1908,
3410545D2021,カーボスター透析剤２号・Ｐ,人工透析液,２袋１組,1908,
3420409A2051,ダイアニール－Ｎ　ＰＤ－２　１．５腹膜透析液,腹膜透析液,１Ｌ１袋,496,
3420409A3066,ダイアニール－Ｎ　ＰＤ－２　１．５腹膜透析液,腹膜透析液,１．５Ｌ１袋,345,
3420409A4062,ダイアニール－Ｎ　ＰＤ－２　１．５腹膜透析液,腹膜透析液,２Ｌ１袋,597,
3420409A5050,ダイアニール－Ｎ　ＰＤ－２　１．５腹膜透析液,腹膜透析液,１Ｌ１袋（排液用バッグ付）,791,
3420409A6090,ダイアニール－Ｎ　ＰＤ－２　１．５腹膜透析液,腹膜透析液,１．５Ｌ１袋（排液用バッグ付）,996,
3420409A7096,ダイアニール－Ｎ　ＰＤ－２　１．５腹膜透析液,腹膜透析液,２Ｌ１袋（排液用バッグ付）,1272,
3420409A8076,ダイアニール－Ｎ　ＰＤ－２　１．５腹膜透析液,腹膜透析液,５Ｌ１袋,1436,
3420409A9072,ダイアニール－Ｎ　ＰＤ－２　１．５腹膜透析液,腹膜透析液,２．５Ｌ１袋（排液用バッグ付）,1403,
3420409H1061,ダイアニール－Ｎ　ＰＤ－２　１．５腹膜透析液,腹膜透析液,２．５Ｌ１袋,918,
3420410A2054,ダイアニール－Ｎ　ＰＤ－２　２．５腹膜透析液,腹膜透析液,１Ｌ１袋,446,
3420410A3069,ダイアニール－Ｎ　ＰＤ－２　２．５腹膜透析液,腹膜透析液,１．５Ｌ１袋,152,
3420410A4065,ダイアニール－Ｎ　ＰＤ－２　２．５腹膜透析液,腹膜透析液,２Ｌ１袋,603,
3420410A5053,ダイアニール－Ｎ　ＰＤ－２　２．５腹膜透析液,腹膜透析液,１Ｌ１袋（排液用バッグ付）,298,
3420410A6092,ダイアニール－Ｎ　ＰＤ－２　２．５腹膜透析液,腹膜透析液,１．５Ｌ１袋（排液用バッグ付）,570,
3420410A7099,ダイアニール－Ｎ　ＰＤ－２　２．５腹膜透析液,腹膜透析液,２Ｌ１袋（排液用バッグ付）,1086,
3420410A8079,ダイアニール－Ｎ　ＰＤ－２　２．５腹膜透析液,腹膜透析液,５Ｌ１袋,1180,
3420410A9075,ダイアニール－Ｎ　ＰＤ－２　２．５腹膜透析液,腹膜透析液,２．５Ｌ１袋（排液用バッグ付）,1356,
3420410H1064,ダイアニール－Ｎ　ＰＤ－２　２．５腹膜透析液,腹膜透析液,２．５Ｌ１袋,410,
3420411A4051,ダイアニールＰＤ－２　４．２５腹膜透析液,腹膜透析液,２Ｌ１袋,927,
3420411A6089,ダイアニールＰＤ－２　４．２５腹膜透析液,腹膜透析液,１．５Ｌ１袋（排液用バッグ付）,1405,
3420411A7085,ダイアニールＰＤ－２　４．２５腹膜透析液,腹膜透析液,２Ｌ１袋（排液用バッグ付）,1559,
3420412A2045,ミッドペリック１３５腹膜透析液,腹膜透析液,２Ｌ１袋,1200,
3420412A5044,ミッドペリック１３５腹膜透析液,腹膜透析液,１Ｌ１袋（排液用バッグ付）,1260,
3420412A6040,ミッドペリック１３５腹膜透析液,腹膜透析液,１．５Ｌ１袋（排液用バッグ付）,1487,
3420412A7047,ミッドペリック１３５腹膜透析液,腹膜透析液,２Ｌ１袋（排液用バッグ付）,1511,
3420413A2040,ミッドペリック２５０腹膜透析液,腹膜透析液,２Ｌ１袋,1200,
3420413A5049,ミッドペリック２５０腹膜透析液,腹膜透析液,１Ｌ１袋（排液用バッグ付）,1146,
3420413A6045,ミッドペリック２５０腹膜透析液,腹膜透析液,１．５Ｌ１袋（排液用バッグ付）,1445,
3420413A7041,ミッドペリック２５０腹膜透析液,腹膜透析液,２Ｌ１袋（排液用バッグ付）,1617,
3420414A2044,ミッドペリック４００腹膜透析液,腹膜透析液,２Ｌ１袋,1271,
3420414A7046,ミッドペリック４００腹膜透析液,腹膜透析液,２Ｌ１袋（排液用バッグ付）,1767,
3420415A2049,ペリセート３６０Ｎ腹膜透析液,腹膜透析液,１Ｌ１袋,575,
3420415A3045,ペリセート３６０Ｎ腹膜透析液,腹膜透析液,１．５Ｌ１袋,785,
3420415A4041,ペリセート３６０Ｎ腹膜透析液,腹膜透析液,２Ｌ１袋,918,
3420415A6044,ペリセート３６０Ｎ腹膜透析液,腹膜透析液,１Ｌ１袋（排液用バッグ付）,1118,
3420415A7040,ペリセート３６０Ｎ腹膜透析液,腹膜透析液,１．５Ｌ１袋（排液用バッグ付）,1550,
3420415A8047,ペリセート３６０Ｎ腹膜透析液,腹膜透析液,２Ｌ１袋（排液用バッグ付）,1722,
3420415H1040,ペリセート３６０Ｎ腹膜透析液,腹膜透析液,３Ｌ１袋,1245,
3420415H6034,ペリセート３６０Ｎ腹膜透析液,腹膜透析液,２．５Ｌ１袋（排液用バッグ付）,1750,
3420416A2043,ペリセート４００Ｎ腹膜透析液,腹膜透析液,１Ｌ１袋,401,
3420416A3040,ペリセート４００Ｎ腹膜透析液,腹膜透析液,１．５Ｌ１袋,588,
3420416A4046,ペリセート４００Ｎ腹膜透析液,腹膜透析液,２Ｌ１袋,938,
3420416A6049,ペリセート４００Ｎ腹膜透析液,腹膜透析液,１Ｌ１袋（排液用バッグ付）,1212,
3420416A7045,ペリセート４００Ｎ腹膜透析液,腹膜透析液,１．５Ｌ１袋（排液用バッグ付）,1492,
3420416A8041,ペリセート４００Ｎ腹膜透析液,腹膜透析液,２Ｌ１袋（排液用バッグ付）,1597,
3420416H1045,ペリセート４００Ｎ腹膜透析液,腹膜透析液,３Ｌ１袋,1347,
3420416H3030,ペリセート４００Ｎ腹膜透析液,腹膜透析液,２．５Ｌ１袋（排液用バッグ付）,1540,
3420419A2047,ダイアニール－Ｎ　ＰＤ－４　１．５腹膜透析液,腹膜透析液,１Ｌ１袋,482,
3420419A3043,ダイアニール－Ｎ　ＰＤ－４　１．５腹膜透析液,腹膜透析液,１．５Ｌ１袋,625,
3420419A4040,ダイアニール－Ｎ　ＰＤ－４　１．５腹膜透析液,腹膜透析液,２Ｌ１袋,701,
3420419A5062,ダイアニール－Ｎ　ＰＤ－４　１．５腹膜透析液,腹膜透析液,２．５Ｌ１袋,956,
3420419A6050,ダイアニール－Ｎ　ＰＤ－４　１．５腹膜透析液,腹膜透析液,１Ｌ１袋（排液用バッグ付）,882,
3420419A7073,ダイアニール－Ｎ　ＰＤ－４　１．５腹膜透析液,腹膜透析液,１．５Ｌ１袋（排液用バッグ付）,1189,
3420419A8070,ダイアニール－Ｎ　ＰＤ－４　１．５腹膜透析液,腹膜透析液,２Ｌ１袋（排液用バッグ付）,1227,
3420419A9068,ダイアニール－Ｎ　ＰＤ－４　１．５腹膜透析液,腹膜透析液,２．５Ｌ１袋（排液用バッグ付）,1062,
3420419H1065,ダイアニール－Ｎ　ＰＤ－４　１．５腹膜透析液,腹膜透析液,５Ｌ１袋,1683,
3420420A2040,ダイアニール－Ｎ　ＰＤ－４　２．５腹膜透析液,腹膜透析液,１Ｌ１袋,495,
3420420A3046,ダイアニール－Ｎ　ＰＤ－４　２．５腹膜透析液,腹膜透析液,１．５Ｌ１袋,613,
3420420A4042,ダイアニール－Ｎ　ＰＤ－４　２．５腹膜透析液,腹膜透析液,２Ｌ１袋,693,
3420420A5065,ダイアニール－Ｎ　ＰＤ－４　２．５腹膜透析液,腹膜透析液,２．５Ｌ１袋,972,
3420420A6053,ダイアニール－Ｎ　ＰＤ－４　２．５腹膜透析液,腹膜透析液,１Ｌ１袋（排液用バッグ付）,1038,
3420420A7076,ダイアニール－Ｎ　ＰＤ－４　２．５腹膜透析液,腹膜透析液,１．５Ｌ１袋（排液用バッグ付）,1033,
3420420A8072,ダイアニール－Ｎ　ＰＤ－４　２．５腹膜透析液,腹膜透析液,２Ｌ１袋（排液用バッグ付）,1056,
3420420A9060,ダイアニール－Ｎ　ＰＤ－４　２．５腹膜透析液,腹膜透析液,２．５Ｌ１袋（排液用バッグ付）,1243,
3420420H1068,ダイアニール－Ｎ　ＰＤ－４　２．５腹膜透析液,腹膜透析液,５Ｌ１袋,1630,
3420421A4039,ダイアニールＰＤ－４　４．２５腹膜透析液,腹膜透析液,２Ｌ１袋,1057,
3420421A6040,ダイアニールＰＤ－４　４．２５腹膜透析液,腹膜透析液,１Ｌ１袋（排液用バッグ付）,1386,
3420421A8069,ダイアニールＰＤ－４　４．２５腹膜透析液,腹膜透析液,２Ｌ１袋（排液用バッグ付）,1565,
3420426A2047,ペリセート３６０ＮＬ腹膜透析液,腹膜透析液,１Ｌ１袋,572,
3420426A3043,ペリセート３６０ＮＬ腹膜透析液,腹膜透析液,１Ｌ１袋（排液用バッグ付）,1449,
3420426A4040,ペリセート３６０ＮＬ腹膜透析液,腹膜透析液,１．５Ｌ１袋,796,
3420426A5046,ペリセート３６０ＮＬ腹膜透析液,腹膜透析液,１．５Ｌ１袋（排液用バッグ付）,1557,
3420426A6042,ペリセート３６０ＮＬ腹膜透析液,腹膜透析液,２Ｌ１袋,828,
3420426A7049,ペリセート３６０ＮＬ腹膜透析液,腹膜透析液,２Ｌ１袋（排液用バッグ付）,1533,
3420426A8045,ペリセート３６０ＮＬ腹膜透析液,腹膜透析液,３Ｌ１袋,1419,
3420426H1030,ペリセート３６０ＮＬ腹膜透析液,腹膜透析液,２．５Ｌ１袋（排液用バッグ付）,1700,
3420427A2041,ペリセート４００ＮＬ腹膜透析液,腹膜透析液,１Ｌ１袋,367,
3420427A3048,ペリセート４００ＮＬ腹膜透析液,腹膜透析液,１Ｌ１袋（排液用バッグ付）,920,
3420427A4044,ペリセート４００ＮＬ腹膜透析液,腹膜透析液,１．５Ｌ１袋,673,
3420427A5040,ペリセート４００ＮＬ腹膜透析液,腹膜透析液,１．５Ｌ１袋（排液用バッグ付）,1417,
3420427A6047,ペリセート４００ＮＬ腹膜透析液,腹膜透析液,２Ｌ１袋,890,
3420427A7043,ペリセート４００ＮＬ腹膜透析液,腹膜透析液,２Ｌ１袋（排液用バッグ付）,1726,
3420427A8040,ペリセート４００ＮＬ腹膜透析液,腹膜透析液,３Ｌ１袋,1501,
3420427H1035,ペリセート４００ＮＬ腹膜透析液,腹膜透析液,２．５Ｌ１袋（排液用バッグ付）,1358,
3420429A2040,ミッドペリックＬ１３５腹膜透析液,腹膜透析液,１Ｌ１袋（排液用バッグ付）,1488,
3420429A4043,ミッドペリックＬ１３５腹膜透析液,腹膜透析液,１．５Ｌ１袋（排液用バッグ付）,1591,
3420429A5040,ミッドペリックＬ１３５腹膜透析液,腹膜透析液,２Ｌ１袋,1297,
3420429A6046,ミッドペリックＬ１３５腹膜透析液,腹膜透析液,２Ｌ１袋（排液用バッグ付）,1623,
3420429A7042,ミッドペリックＬ１３５腹膜透析液,腹膜透析液,２．５Ｌ１袋（排液用バッグ付）,1576,
3420429H1034,ミッドペリックＬ１３５腹膜透析液,腹膜透析液,２．５Ｌ１袋,1206,
3420430A2043,ミッドペリックＬ２５０腹膜透析液,腹膜透析液,１Ｌ１袋（排液用バッグ付）,1453,
3420430A4046,ミッドペリックＬ２５０腹膜透析液,腹膜透析液,１．５Ｌ１袋（排液用バッグ付）,1538,
3420430A5042,ミッドペリックＬ２５０腹膜透析液,腹膜透析液,２Ｌ１袋,1363,
3420430A6049,ミッドペリックＬ２５０腹膜透析液,腹膜透析液,２Ｌ１袋（排液用バッグ付）,1656,
3420430A7045,ミッドペリックＬ２５０腹膜透析液,腹膜透析液,２．５Ｌ１袋（排液用バッグ付）,1674,
3420430H1037,ミッドペリックＬ２５０腹膜透析液,腹膜透析液,２．５Ｌ１袋,1406,
3420431A2048,ミッドペリックＬ４００腹膜透析液,腹膜透析液,１Ｌ１袋（排液用バッグ付）,1590,
3420431A5047,ミッドペリックＬ４００腹膜透析液,腹膜透析液,２Ｌ１袋,1606,
3420431A6043,ミッドペリックＬ４００腹膜透析液,腹膜透析液,２Ｌ１袋（排液用バッグ付）,1244,
3420432A1038,エクストラニール腹膜透析液,腹膜透析液,１．５Ｌ１袋,998,
3420432A1046,ニコペリック腹膜透析液,腹膜透析液,１．５Ｌ１袋,1013,
3420432A2034,エクストラニール腹膜透析液,腹膜透析液,１．５Ｌ１袋（排液用バッグ付）,2027,
3420432A2042,ニコペリック腹膜透析液,腹膜透析液,１．５Ｌ１袋（排液用バッグ付）,2043,
3420432A3030,エクストラニール腹膜透析液,腹膜透析液,２Ｌ１袋,750,
3420432A3049,ニコペリック腹膜透析液,腹膜透析液,２Ｌ１袋,1311,
3420432A4037,エクストラニール腹膜透析液,腹膜透析液,２Ｌ１袋（排液用バッグ付）,1355,
3420432A4045,ニコペリック腹膜透析液,腹膜透析液,２Ｌ１袋（排液用バッグ付）,2296,
3420433A1024,レギュニール　ＨＣａ　１．５腹膜透析液,腹膜透析液,１Ｌ１袋（排液用バッグ付）,1132,
3420433A2020,レギュニール　ＨＣａ　１．５腹膜透析液,腹膜透析液,１．５Ｌ１袋（排液用バッグ付）,1230,
3420433A3027,レギュニール　ＨＣａ　１．５腹膜透析液,腹膜透析液,２Ｌ１袋（排液用バッグ付）,1199,
3420433A4023,レギュニール　ＨＣａ　１．５腹膜透析液,腹膜透析液,２．５Ｌ１袋,1620,
3420433A5020,レギュニール　ＨＣａ　１．５腹膜透析液,腹膜透析液,５Ｌ１袋,1888,
3420434A1029,レギュニール　ＨＣａ　２．５腹膜透析液,腹膜透析液,１Ｌ１袋（排液用バッグ付）,951,
3420434A2025,レギュニール　ＨＣａ　２．５腹膜透析液,腹膜透析液,１．５Ｌ１袋（排液用バッグ付）,1231,
3420434A3021,レギュニール　ＨＣａ　２．５腹膜透析液,腹膜透析液,２Ｌ１袋（排液用バッグ付）,1174,
3420434A4028,レギュニール　ＨＣａ　２．５腹膜透析液,腹膜透析液,２．５Ｌ１袋,1583,
3420434A5024,レギュニール　ＨＣａ　２．５腹膜透析液,腹膜透析液,５Ｌ１袋,1608,
3420435A1023,レギュニール　ＨＣａ　４．２５腹膜透析液,腹膜透析液,２Ｌ１袋,1656,
3420436A1028,レギュニール　ＬＣａ　１．５腹膜透析液,腹膜透析液,１Ｌ１袋（排液用バッグ付）,1127,
3420436A2024,レギュニール　ＬＣａ　１．５腹膜透析液,腹膜透析液,１．５Ｌ１袋（排液用バッグ付）,1325,
3420436A3020,レギュニール　ＬＣａ　１．５腹膜透析液,腹膜透析液,２Ｌ１袋（排液用バッグ付）,1473,
3420436A4027,レギュニール　ＬＣａ　１．５腹膜透析液,腹膜透析液,２．５Ｌ１袋,1670,
3420436A5023,レギュニール　ＬＣａ　１．５腹膜透析液,腹膜透析液,５Ｌ１袋,2146,
3420437A1022,レギュニール　ＬＣａ　２．５腹膜透析液,腹膜透析液,１Ｌ１袋（排液用バッグ付）,1211,
3420437A2029,レギュニール　ＬＣａ　２．５腹膜透析液,腹膜透析液,１．５Ｌ１袋（排液用バッグ付）,1333,
3420437A3025,レギュニール　ＬＣａ　２．５腹膜透析液,腹膜透析液,２Ｌ１袋（排液用バッグ付）,1443,
3420437A4021,レギュニール　ＬＣａ　２．５腹膜透析液,腹膜透析液,２．５Ｌ１袋,1761,
3420437A5028,レギュニール　ＬＣａ　２．５腹膜透析液,腹膜透析液,５Ｌ１袋,2155,
3420438A1027,レギュニール　ＬＣａ　４．２５腹膜透析液,腹膜透析液,２Ｌ１袋,1105,
3420438A2023,レギュニール　ＬＣａ　４．２５腹膜透析液,腹膜透析液,２Ｌ１袋（排液用バッグ付）,1989,
3919401A1020,デファイテリオ静注２００ｍｇ,デフィブロチドナトリウム,２００ｍｇ２．５ｍＬ１瓶,54091,
3919502A1015,グリチルリチン・グリシン・システイン配合２０ｍＬ注射液,グリチルリチン・グリシン・システイン配合剤,２０ｍＬ１管,63,
3919502A1341,強力ネオミノファーゲンシー静注２０ｍＬ,グリチルリチン・グリシン・システイン配合剤,２０ｍＬ１管,122,
3919502A1384,強力ネオミノファーゲンシーＰ静注２０ｍＬ,グリチルリチン・グリシン・システイン配合剤,２０ｍＬ１管,122,
3919502A2100,ニチファーゲン注,グリチルリチン・グリシン・システイン配合剤,５ｍＬ１管,63,
3919502G1077,強力ネオミノファーゲンシー静注シリンジ２０ｍＬ,グリチルリチン・グリシン・システイン配合剤,２０ｍＬ１筒,191,
3919502G2049,強力ネオミノファーゲンシー静注シリンジ４０ｍＬ,グリチルリチン・グリシン・システイン配合剤,４０ｍＬ１筒,321,
3921400A1032,ブライアン点滴静注１ｇ,エデト酸カルシウムナトリウム水和物,２０％５ｍＬ１管,444,
3922400D1060,タチオン注射用１００ｍｇ,グルタチオン,１００ｍｇ１管,85,
3922400D3128,タチオン注射用２００ｍｇ,グルタチオン,２００ｍｇ１管,129,
3922400D3136,グルタチオン注射用２００ｍｇ「ＮＩＧ」,グルタチオン,２００ｍｇ１管,129,
3923400A1010,ジメルカプロール注射液,ジメルカプロール,１０％１ｍＬ１管,2941,
3925400A1015,チオ硫酸ナトリウム注射液,チオ硫酸ナトリウム水和物,１０％２０ｍＬ１管,434,
3925400A2011,チオ硫酸ナトリウム注射液,チオ硫酸ナトリウム水和物,１０％２０ｍＬ１瓶,406,
3929400A3017,炭酸水素ナトリウム注射液,炭酸水素ナトリウム,７％２０ｍＬ１管,100,
3929400A3220,炭酸水素Ｎａ静注７％ＰＬ「フソー」,炭酸水素ナトリウム,７％２０ｍＬ１管,104,
3929400A3238,メイロン静注７％,炭酸水素ナトリウム,７％２０ｍＬ１管,104,
3929400A3246,重ソー静注７％「ＮＳ」,炭酸水素ナトリウム,７％２０ｍＬ１管,104,
3929400A3254,炭酸水素ナトリウム静注７％「ＮＰ」,炭酸水素ナトリウム,７％２０ｍＬ１管,104,R9.3.31まで
3929400A3262,炭酸水素ナトリウム静注７％ＰＬ「イセイ」,炭酸水素ナトリウム,７％２０ｍＬ１管,104,
3929400A7012,炭酸水素ナトリウム注射液,炭酸水素ナトリウム,８．４％２０ｍＬ１管,104,
3929400A7063,メイロン静注８．４％,炭酸水素ナトリウム,８．４％２０ｍＬ１管,138,
3929400H1012,炭酸水素ナトリウム注射液,炭酸水素ナトリウム,１．２６％１Ｌ１袋,463,
3929400H2019,炭酸水素ナトリウム注射液,炭酸水素ナトリウム,７％２５０ｍＬ１袋,345,
3929400H3015,炭酸水素ナトリウム注射液,炭酸水素ナトリウム,８．４％２５０ｍＬ１袋,346,
3929401A1035,パム静注５００ｍｇ,プラリドキシムヨウ化物,２．５％２０ｍＬ１管,1869,
3929402D1036,デスフェラール注射用５００ｍｇ,デフェロキサミンメシル酸塩,５００ｍｇ１瓶,1049,
3929403A1034,ロイコボリン注３ｍｇ,ホリナートカルシウム,０．３％１ｍＬ１管,256,
3929406A1020,ウロミテキサン注１００ｍｇ,メスナ,１００ｍｇ１ｍＬ１管,274,
3929406A2026,ウロミテキサン注４００ｍｇ,メスナ,４００ｍｇ４ｍＬ１管,606,
3929407D1055,レボホリナート点滴静注用２５ｍｇ「ＨＫ」,レボホリナートカルシウム,２５ｍｇ１瓶,456,R9.3.31まで
3929407D1063,レボホリナート点滴静注用２５ｍｇ「ＮＫ」,レボホリナートカルシウム,２５ｍｇ１瓶,446,
3929407D1071,レボホリナート点滴静注用２５ｍｇ「ＮＰ」,レボホリナートカルシウム,２５ｍｇ１瓶,403,
3929407D1080,レボホリナート点滴静注用２５「オーハラ」,レボホリナートカルシウム,２５ｍｇ１瓶,449,
3929407D1098,レボホリナート点滴静注用２５ｍｇ「サワイ」,レボホリナートカルシウム,２５ｍｇ１瓶,450,
3929407D1110,レボホリナート点滴静注用２５ｍｇ「トーワ」,レボホリナートカルシウム,２５ｍｇ１瓶,412,
3929407D1136,レボホリナート点滴静注用２５ｍｇ「ヤクルト」,レボホリナートカルシウム,２５ｍｇ１瓶,414,
3929407D1160,アイソボリン点滴静注用２５ｍｇ,レボホリナートカルシウム,２５ｍｇ１瓶,394,
3929407D2035,レボホリナート点滴静注用１００ｍｇ「ＮＫ」,レボホリナートカルシウム,１００ｍｇ１瓶,1442,
3929407D2043,レボホリナート点滴静注用１００「オーハラ」,レボホリナートカルシウム,１００ｍｇ１瓶,1444,
3929407D2051,レボホリナート点滴静注用１００ｍｇ「トーワ」,レボホリナートカルシウム,１００ｍｇ１瓶,1401,
3929407D2060,レボホリナート点滴静注用１００ｍｇ「ヤクルト」,レボホリナートカルシウム,１００ｍｇ１瓶,1399,
3929407D2078,レボホリナート点滴静注用１００ｍｇ「ＨＫ」,レボホリナートカルシウム,１００ｍｇ１瓶,1470,R9.3.31まで
3929407D2086,レボホリナート点滴静注用１００ｍｇ「ＮＰ」,レボホリナートカルシウム,１００ｍｇ１瓶,1408,
3929407D2094,レボホリナート点滴静注用１００ｍｇ「サワイ」,レボホリナートカルシウム,１００ｍｇ１瓶,1426,
3929407D2108,アイソボリン点滴静注用１００ｍｇ,レボホリナートカルシウム,１００ｍｇ１瓶,1296,
3929408D2021,シアノキット注射用５ｇセット,ヒドロキソコバラミン,５ｇ１瓶（溶解液付）,87992,
3929409A1023,ブリディオン静注２００ｍｇ,スガマデクスナトリウム,２００ｍｇ２ｍＬ１瓶,5578,
3929409A1031,スガマデクス静注液２００ｍｇ「Ｆ」,スガマデクスナトリウム,２００ｍｇ２ｍＬ１瓶,2470,
3929409A1040,スガマデクス静注液２００ｍｇ「ＶＴＲＳ」,スガマデクスナトリウム,２００ｍｇ２ｍＬ１瓶,2305,
3929409A1058,スガマデクス静注液２００ｍｇ「サンド」,スガマデクスナトリウム,２００ｍｇ２ｍＬ１瓶,2478,
3929409A1066,スガマデクス静注液２００ｍｇ「ニプロ」,スガマデクスナトリウム,２００ｍｇ２ｍＬ１瓶,2738,
3929409A1074,スガマデクス静注液２００ｍｇ「バクスター」,スガマデクスナトリウム,２００ｍｇ２ｍＬ１瓶,2146,
3929409A1082,スガマデクス静注液２００ｍｇ「マルイシ」,スガマデクスナトリウム,２００ｍｇ２ｍＬ１瓶,2661,
3929409A1090,スガマデクス静注液２００ｍｇ「トーワ」,スガマデクスナトリウム,２００ｍｇ２ｍＬ１瓶,2862,
3929409A2020,ブリディオン静注５００ｍｇ,スガマデクスナトリウム,５００ｍｇ５ｍＬ１瓶,15603,
3929409A2038,スガマデクス静注液５００ｍｇ「Ｆ」,スガマデクスナトリウム,５００ｍｇ５ｍＬ１瓶,6177,
3929409A2046,スガマデクス静注液５００ｍｇ「ＶＴＲＳ」,スガマデクスナトリウム,５００ｍｇ５ｍＬ１瓶,6177,
3929409A2054,スガマデクス静注液５００ｍｇ「サンド」,スガマデクスナトリウム,５００ｍｇ５ｍＬ１瓶,6177,
3929409A2062,スガマデクス静注液５００ｍｇ「ニプロ」,スガマデクスナトリウム,５００ｍｇ５ｍＬ１瓶,6914,
3929409A2070,スガマデクス静注液５００ｍｇ「バクスター」,スガマデクスナトリウム,５００ｍｇ５ｍＬ１瓶,6177,
3929409A2089,スガマデクス静注液５００ｍｇ「マルイシ」,スガマデクスナトリウム,５００ｍｇ５ｍＬ１瓶,6733,
3929409A2097,スガマデクス静注液５００ｍｇ「トーワ」,スガマデクスナトリウム,５００ｍｇ５ｍＬ１瓶,6699,
3929409G1026,スガマデクス静注液２００ｍｇシリンジ「Ｆ」,スガマデクスナトリウム,２００ｍｇ２ｍＬ１筒,2589,
3929409G1034,スガマデクス静注液２００ｍｇシリンジ「ニプロ」,スガマデクスナトリウム,２００ｍｇ２ｍＬ１筒,2652,
3929409G1042,スガマデクス静注液２００ｍｇシリンジ「マルイシ」,スガマデクスナトリウム,２００ｍｇ２ｍＬ１筒,2701,
3929410D1022,サビーン点滴静注用５００ｍｇ,デクスラゾキサン,５００ｍｇ１瓶,46437,
3929411A1020,ホメピゾール点滴静注１．５ｇ「タケダ」,ホメピゾール,１．５ｇ１瓶,140398,
3929412A1025,メチレンブルー静注５０ｍｇ「第一三共」,メチルチオニニウム塩化物水和物,５０ｍｇ１０ｍＬ１管,122611,
3929413F1027,メグルダーゼ静注用１０００,グルカルピダーゼ（遺伝子組換え）,１，０００単位１瓶,2674400,
3954400D4080,ウロナーゼ静注用６万単位,ウロキナーゼ,６０，０００単位１瓶,9400,
3954400D5043,ウロナーゼ冠動注用１２万単位,ウロキナーゼ,１２０，０００単位１瓶,7810,
3959400A1030,デフィブラーゼ点滴静注液１０単位,バトロキソビン,１０単位１管,6631,
3959402D1027,アクチバシン注６００万,アルテプラーゼ（遺伝子組換え）,６００万国際単位１瓶（溶解液付）,30214,
3959402D1035,グルトパ注６００万,アルテプラーゼ（遺伝子組換え）,６００万国際単位１瓶（溶解液付）,31900,
3959402D2023,アクチバシン注１２００万,アルテプラーゼ（遺伝子組換え）,１，２００万国際単位１瓶（溶解液付）,67269,
3959402D2031,グルトパ注１２００万,アルテプラーゼ（遺伝子組換え）,１，２００万国際単位１瓶（溶解液付）,62547,
3959402D3020,アクチバシン注２４００万,アルテプラーゼ（遺伝子組換え）,２，４００万国際単位１瓶（溶解液付）,135032,
3959402D3038,グルトパ注２４００万,アルテプラーゼ（遺伝子組換え）,２，４００万国際単位１瓶（溶解液付）,129067,
3959406D2021,セレザイム静注用４００単位,イミグルセラーゼ（遺伝子組換え）,４００単位１瓶,256941,
3959407D1038,クリアクター静注用４０万,モンテプラーゼ（遺伝子組換え）,４０万国際単位１瓶,35200,
3959407D2034,クリアクター静注用８０万,モンテプラーゼ（遺伝子組換え）,８０万国際単位１瓶,58147,
3959409D1029,ファブラザイム点滴静注用５ｍｇ,アガルシダーゼベータ（遺伝子組換え）,５ｍｇ１瓶,95674,
3959409D2025,ファブラザイム点滴静注用３５ｍｇ,アガルシダーゼベータ（遺伝子組換え）,３５ｍｇ１瓶,528502,
3959410A1025,リプレガル点滴静注用３．５ｍｇ,アガルシダーゼアルファ（遺伝子組換え）,３．５ｍｇ３．５ｍＬ１瓶,255011,
3959411A1020,アウドラザイム点滴静注液２．９ｍｇ,ラロニダーゼ（遺伝子組換え）,２．９ｍｇ５ｍＬ１瓶,94040,
3959412F1021,マイオザイム点滴静注用５０ｍｇ,アルグルコシダーゼアルファ（遺伝子組換え）,５０ｍｇ１瓶,62766,
3959413A1029,エラプレース点滴静注液６ｍｇ,イデュルスルファーゼ（遺伝子組換え）,６ｍｇ３ｍＬ１瓶,277520,
3959414A1023,ナグラザイム点滴静注液５ｍｇ,ガルスルファーゼ（遺伝子組換え）,５ｍｇ５ｍＬ１瓶,268320,
3959415F1025,ラスリテック点滴静注用１．５ｍｇ,ラスブリカーゼ（遺伝子組換え）,１．５ｍｇ１瓶（溶解液付）,6775,
3959415F2021,ラスリテック点滴静注用７．５ｍｇ,ラスブリカーゼ（遺伝子組換え）,７．５ｍｇ１瓶（溶解液付）,27659,
3959416F1020,ビプリブ点滴静注用４００単位,ベラグルセラーゼ　アルファ（遺伝子組換え）,４００単位１瓶,305550,
3959417A1027,ビミジム点滴静注液５ｍｇ,エロスルファーゼ　アルファ（遺伝子組換え）,５ｍｇ５ｍＬ１瓶,132314,
3959418A1021,ストレンジック皮下注１２ｍｇ／０．３ｍＬ,アスホターゼ　アルファ（遺伝子組換え）,１２ｍｇ０．３ｍＬ１瓶,134301,
3959418A2028,ストレンジック皮下注１８ｍｇ／０．４５ｍＬ,アスホターゼ　アルファ（遺伝子組換え）,１８ｍｇ０．４５ｍＬ１瓶,201451,
3959418A3024,ストレンジック皮下注２８ｍｇ／０．７ｍＬ,アスホターゼ　アルファ（遺伝子組換え）,２８ｍｇ０．７ｍＬ１瓶,313369,
3959418A4020,ストレンジック皮下注４０ｍｇ／１ｍＬ,アスホターゼ　アルファ（遺伝子組換え）,４０ｍｇ１ｍＬ１瓶,447669,
3959418A5027,ストレンジック皮下注８０ｍｇ／０．８ｍＬ,アスホターゼ　アルファ（遺伝子組換え）,８０ｍｇ０．８ｍＬ１瓶,895340,
3959419A1026,カヌマ点滴静注液２０ｍｇ,セベリパーゼ　アルファ（遺伝子組換え）,２０ｍｇ１０ｍＬ１瓶,1301517,
3959420A1029,アガルシダーゼ　ベータＢＳ点滴静注５ｍｇ「ＪＣＲ」,アガルシダーゼベータ（遺伝子組換え）［アガルシダーゼベータ後続１］,５ｍｇ１瓶,68796,
3959420A2025,アガルシダーゼ　ベータＢＳ点滴静注３５ｍｇ「ＪＣＲ」,アガルシダーゼベータ（遺伝子組換え）［アガルシダーゼベータ後続１］,３５ｍｇ１瓶,389144,
3959421A1023,レブコビ筋注２．４ｍｇ,エラペグアデマーゼ（遺伝子組換え）,２．４ｍｇ１．５ｍＬ１瓶,862022,
3959422A1028,ブリニューラ脳室内注射液１５０ｍｇ,セルリポナーゼ　アルファ（遺伝子組換え）,１５０ｍｇ５ｍＬ１瓶,1327645,
3959423A1022,ヒュンタラーゼ脳室内注射液１５ｍｇ,イデュルスルファーゼ　ベータ（遺伝子組換え）,１５ｍｇ１ｍＬ１瓶,1981462,
3959424D1023,イズカーゴ点滴静注用１０ｍｇ,パビナフスプ　アルファ（遺伝子組換え）,１０ｍｇ１瓶,251030,
3959425D1028,ネクスビアザイム点滴静注用１００ｍｇ,アバルグルコシダーゼ　アルファ（遺伝子組換え）,１００ｍｇ１瓶,196940,
3959426D1022,ゼンフォザイム点滴静注用２０ｍｇ,オリプダーゼ　アルファ（遺伝子組換え）,２０ｍｇ１瓶,570420,
3959427A1020,メプセヴィ点滴静注液１０ｍｇ,ベストロニダーゼ　アルファ（遺伝子組換え）,１０ｍｇ５ｍＬ１瓶,259932,
3959428D1021,ポムビリティ点滴静注用１０５ｍｇ,シパグルコシダーゼ　アルファ（遺伝子組換え）,１０５ｍｇ１瓶,204251,
3969500G1029,ゾルトファイ配合注　フレックスタッチ,インスリン　デグルデク（遺伝子組換え）・リラグルチド（遺伝子組換え）,１キット,3404,
3969501G1023,ソリクア配合注ソロスター,インスリングラルギン（遺伝子組換え）・リキシセナチド,１キット,4195,
3991400A4133,コンドロイチン硫酸ナトリウム注射液２００ｍｇ「日医工」,コンドロイチン硫酸エステルナトリウム,１％２０ｍＬ１管,63,
3992400A1085,ＡＴＰ注１０ｍｇ「イセイ」,アデノシン三リン酸二ナトリウム水和物,１０ｍｇ１管,63,
3992400A1123,アデホス－Ｌコーワ注１０ｍｇ,アデノシン三リン酸二ナトリウム水和物,１０ｍｇ１管,68,
3992400A2090,ＡＴＰ注２０ｍｇ「イセイ」,アデノシン三リン酸二ナトリウム水和物,２０ｍｇ１管,63,
3992400A2138,アデホス－Ｌコーワ注２０ｍｇ,アデノシン三リン酸二ナトリウム水和物,２０ｍｇ１管,69,
3992400A3045,アデホス－Ｌコーワ注４０ｍｇ,アデノシン三リン酸二ナトリウム水和物,４０ｍｇ１管,70,
3999401A1200,エルシトニン注４０単位,エルカトニン,４０エルカトニン単位１ｍＬ１管,344,
3999401A1226,エルカトニン注４０単位「ＴＢＰ」,エルカトニン,４０エルカトニン単位１ｍＬ１管,229,
3999401A2028,エルシトニン注１０単位,エルカトニン,１０エルカトニン単位１ｍＬ１管,95,
3999401A2290,エルカトニン筋注１０単位「ＴＢＰ」,エルカトニン,１０エルカトニン単位１ｍＬ１管,63,
3999401A3024,エルシトニン注２０Ｓ,エルカトニン,２０エルカトニン単位１ｍＬ１管,134,
3999401A3180,エルカトニン筋注２０単位「ＴＢＰ」,エルカトニン,２０エルカトニン単位１ｍＬ１管,89,
3999401G2020,エルシトニン注２０Ｓディスポ,エルカトニン,２０エルカトニン単位１ｍＬ１筒,659,
3999403D1019,ガベキサートメシル酸塩１００ｍｇ注射用,ガベキサートメシル酸塩,１００ｍｇ１瓶,179,
3999403D1221,注射用エフオーワイ１００,ガベキサートメシル酸塩,１００ｍｇ１瓶,179,
3999403D1310,ガベキサートメシル酸塩注射用１００ｍｇ「タカタ」,ガベキサートメシル酸塩,１００ｍｇ１瓶,179,
3999403D2015,ガベキサートメシル酸塩５００ｍｇ注射用,ガベキサートメシル酸塩,５００ｍｇ１瓶,483,
3999403D2023,注射用エフオーワイ５００,ガベキサートメシル酸塩,５００ｍｇ１瓶,486,
3999403D2120,ガベキサートメシル酸塩注射用５００ｍｇ「タカタ」,ガベキサートメシル酸塩,５００ｍｇ１瓶,486,
3999405A2077,ミラクリッド注射液５万単位,ウリナスタチン,５０，０００単位１ｍＬ１管,790,
3999405A3073,ミラクリッド注射液１０万単位,ウリナスタチン,１００，０００単位２ｍＬ１管,1393,
3999406A1032,サンディミュン点滴静注用２５０ｍｇ,シクロスポリン,５％５ｍＬ１管,1973,
3999407D1181,注射用フサン１０,ナファモスタットメシル酸塩,１０ｍｇ１瓶,336,
3999407D1270,ナファモスタット注射用１０ｍｇ「ＳＷ」,ナファモスタットメシル酸塩,１０ｍｇ１瓶,336,
3999407D1297,ナファモスタットメシル酸塩注用１０ｍｇ「トーワ」,ナファモスタットメシル酸塩,１０ｍｇ１瓶,299,
3999407D1327,ナファモスタットメシル酸塩注射用１０ｍｇ「ＡＹ」,ナファモスタットメシル酸塩,１０ｍｇ１瓶,299,
3999407D1343,ナファモスタットメシル酸塩注射用１０ｍｇ「ＮＩＧ」,ナファモスタットメシル酸塩,１０ｍｇ１瓶,336,
3999407D1351,ナファモスタットメシル酸塩注射用１０ｍｇ「ＹＤ」,ナファモスタットメシル酸塩,１０ｍｇ１瓶,299,
3999407D2021,注射用フサン５０,ナファモスタットメシル酸塩,５０ｍｇ１瓶,715,
3999407D2285,ナファモスタット注射用５０ｍｇ「ＳＷ」,ナファモスタットメシル酸塩,５０ｍｇ１瓶,650,
3999407D2307,ナファモスタットメシル酸塩注用５０ｍｇ「トーワ」,ナファモスタットメシル酸塩,５０ｍｇ１瓶,715,
3999407D2331,ナファモスタットメシル酸塩注射用５０ｍｇ「ＡＹ」,ナファモスタットメシル酸塩,５０ｍｇ１瓶,650,
3999407D2358,ナファモスタットメシル酸塩注射用５０ｍｇ「ＮＩＧ」,ナファモスタットメシル酸塩,５０ｍｇ１瓶,715,
3999407D2366,ナファモスタットメシル酸塩注射用５０ｍｇ「ＹＤ」,ナファモスタットメシル酸塩,５０ｍｇ１瓶,650,
3999407D3176,ナファモスタットメシル酸塩注射用１００ｍｇ「ＡＹ」,ナファモスタットメシル酸塩,１００ｍｇ１瓶,841,
3999407D3192,ナファモスタットメシル酸塩注射用１００ｍｇ「ＮＩＧ」,ナファモスタットメシル酸塩,１００ｍｇ１瓶,1138,
3999407D3206,ナファモスタットメシル酸塩注射用１００ｍｇ「ＹＤ」,ナファモスタットメシル酸塩,１００ｍｇ１瓶,841,
3999407D4032,ナファモスタットメシル酸塩注射用１５０ｍｇ「ＡＹ」,ナファモスタットメシル酸塩,１５０ｍｇ１瓶,1862,
3999407D4040,ナファモスタットメシル酸塩注射用１５０ｍｇ「ＹＤ」,ナファモスタットメシル酸塩,１５０ｍｇ１瓶,1862,
3999408A1295,ヒアルロン酸ナトリウム関節注２５ｍｇ「日医工」,精製ヒアルロン酸ナトリウム,１％２．５ｍＬ１管,258,
3999408A1309,ヒアルロン酸Ｎａ関節注２５ｍｇ「日新」,精製ヒアルロン酸ナトリウム,１％２．５ｍＬ１管,258,
3999408G1247,アルツディスポ関節注２５ｍｇ,精製ヒアルロン酸ナトリウム,１％２．５ｍＬ１筒,663,
3999408G1395,ヒアルロン酸Ｎａ関節注２５ｍｇシリンジ「ＮＰ」,精製ヒアルロン酸ナトリウム,１％２．５ｍＬ１筒,600,
3999408G1433,ヒアルロン酸Ｎａ関節注２５ｍｇシリンジ「トーワ」,精製ヒアルロン酸ナトリウム,１％２．５ｍＬ１筒,393,R9.3.31まで
3999408G1441,ヒアルロン酸Ｎａ関節注２５ｍｇシリンジ「明治」,精製ヒアルロン酸ナトリウム,１％２．５ｍＬ１筒,600,
3999408G1450,ヒアルロン酸Ｎａ関節注２５ｍｇシリンジ「ツルハラ」,精製ヒアルロン酸ナトリウム,１％２．５ｍＬ１筒,600,
3999408G1468,ヒアルロン酸Ｎａ関節注２５ｍｇシリンジ「ＮＩＧ」,精製ヒアルロン酸ナトリウム,１％２．５ｍＬ１筒,288,
3999409A2032,アルギメート点滴静注１０％,Ｌ－グルタミン酸Ｌ－アルギニン,１０％２００ｍＬ１袋,559,
3999411A1068,オザグレルＮａ静注液２０ｍｇ「日医工」,オザグレルナトリウム,２０ｍｇ２ｍＬ１管,312,
3999411A2056,オザグレルＮａ静注液８０ｍｇ「日医工」,オザグレルナトリウム,８０ｍｇ８ｍＬ１管,636,
3999411A3079,オザグレルＮａ点滴静注液２０ｍｇ「ケミファ」,オザグレルナトリウム,２０ｍｇ１ｍＬ１管,182,
3999411A3087,オザグレルＮａ点滴静注２０ｍｇ「ＩＰ」,オザグレルナトリウム,２０ｍｇ１ｍＬ１管,175,R9.3.31まで
3999411A3095,オザグレルＮａ点滴静注液２０ｍｇ「トーワ」,オザグレルナトリウム,２０ｍｇ１ｍＬ１管,320,
3999411A4075,オザグレルＮａ点滴静注液８０ｍｇ「ケミファ」,オザグレルナトリウム,８０ｍｇ４ｍＬ１管,635,
3999411A4083,オザグレルＮａ点滴静注８０ｍｇ「ＩＰ」,オザグレルナトリウム,８０ｍｇ４ｍＬ１管,607,R9.3.31まで
3999411A4091,オザグレルＮａ点滴静注液８０ｍｇ「トーワ」,オザグレルナトリウム,８０ｍｇ４ｍＬ１管,641,
3999411A6078,オザグレルＮａ点滴静注液４０ｍｇ「ケミファ」,オザグレルナトリウム,４０ｍｇ２ｍＬ１管,530,
3999411A6086,オザグレルＮａ点滴静注４０ｍｇ「ＩＰ」,オザグレルナトリウム,４０ｍｇ２ｍＬ１管,349,R9.3.31まで
3999411A6094,オザグレルＮａ点滴静注液４０ｍｇ「トーワ」,オザグレルナトリウム,４０ｍｇ２ｍＬ１管,355,
3999411A9042,オザグレルＮａ静注液４０ｍｇ「日医工」,オザグレルナトリウム,４０ｍｇ４ｍＬ１管,338,
3999411D1196,オザグレルＮａ注射用２０ｍｇ「ＳＷ」,オザグレルナトリウム,２０ｍｇ１瓶,176,
3999411D2079,オザグレルＮａ注射用４０ｍｇ「ＳＷ」,オザグレルナトリウム,４０ｍｇ１瓶,346,
3999411G1044,オザグレルＮａ点滴静注２０ｍｇシリンジ「ＮＩＧ」,オザグレルナトリウム,２０ｍｇ０．５ｍＬ１筒,515,
3999411G2040,オザグレルＮａ点滴静注４０ｍｇシリンジ「ＮＩＧ」,オザグレルナトリウム,４０ｍｇ１ｍＬ１筒,744,
3999411G3047,オザグレルＮａ点滴静注８０ｍｇシリンジ「ＮＩＧ」,オザグレルナトリウム,８０ｍｇ２ｍＬ１筒,1494,
3999411G4035,オザグレルＮａ注射液８０ｍｇシリンジ「サワイ」,オザグレルナトリウム,８０ｍｇ４ｍＬ１筒,1494,
3999411G4043,オザグレルＮａ注８０ｍｇシリンジ「ＩＰ」,オザグレルナトリウム,８０ｍｇ４ｍＬ１筒,911,R9.3.31まで
3999411G4051,オザグレルＮａ注８０ｍｇシリンジ「トーワ」,オザグレルナトリウム,８０ｍｇ４ｍＬ１筒,572,
3999411G5066,オザグレルＮａ点滴静注８０ｍｇバッグ「タカタ」,オザグレルナトリウム,８０ｍｇ２００ｍＬ１袋,858,
3999411G5074,オザグレルＮａ点滴静注８０ｍｇバッグ「テルモ」,オザグレルナトリウム,８０ｍｇ２００ｍＬ１袋,881,R9.3.31まで
3999411G6020,オザグレルＮａ注射液２０ｍｇシリンジ「サワイ」,オザグレルナトリウム,２０ｍｇ１ｍＬ１筒,515,
3999411G7026,オザグレルＮａ注射液４０ｍｇシリンジ「サワイ」,オザグレルナトリウム,４０ｍｇ２ｍＬ１筒,953,
3999411G8022,オザグレルＮａ点滴静注８０ｍｇ／１００ｍＬバッグ「ＩＰ」,オザグレルナトリウム,８０ｍｇ１００ｍＬ１袋,863,R9.3.31まで
3999411H1031,オザグレルＮａ点滴静注８０ｍｇ「タカタ」,オザグレルナトリウム,８０ｍｇ４ｍＬ１瓶,647,
3999411H3026,カタクロット注射液４０ｍｇ,オザグレルナトリウム,４０ｍｇ５ｍＬ１管,644,
3999411H7030,オザグレルＮａ点滴静注２０ｍｇ「タカタ」,オザグレルナトリウム,２０ｍｇ１ｍＬ１瓶,320,
3999411H8036,オザグレルＮａ点滴静注４０ｍｇ「タカタ」,オザグレルナトリウム,４０ｍｇ２ｍＬ１瓶,529,
3999412A7028,エスポー注射液７５０,エポエチンアルファ（遺伝子組換え）,７５０国際単位０．５ｍＬ１管,343,
3999412G7020,エスポー皮下用２４０００シリンジ,エポエチンアルファ（遺伝子組換え）,２４，０００国際単位０．５ｍＬ１筒,10898,
3999413G1035,エポジン注シリンジ７５０,エポエチンベータ（遺伝子組換え）,７５０国際単位０．５ｍＬ１筒,288,
3999413G2031,エポジン注シリンジ１５００,エポエチンベータ（遺伝子組換え）,１，５００国際単位０．５ｍＬ１筒,455,
3999413G3038,エポジン注シリンジ３０００,エポエチンベータ（遺伝子組換え）,３，０００国際単位０．５ｍＬ１筒,817,
3999413G7025,エポジン皮下注シリンジ２４０００,エポエチンベータ（遺伝子組換え）,２４，０００国際単位０．５ｍＬ１筒,12031,
3999415A2100,チオクト酸注２５ｍｇ「日新」,チオクト酸,０．５％５ｍＬ１管,63,
3999416A1028,プログラフ注射液５ｍｇ,タクロリムス水和物,５ｍｇ１ｍＬ１管,2672,
3999416A2024,プログラフ注射液２ｍｇ,タクロリムス水和物,２ｍｇ０．４ｍＬ１管,1410,
3999417D1037,スパニジン点滴静注用１００ｍｇ,グスペリムス塩酸塩,１００ｍｇ１瓶,43225,
3999418D1040,パミドロン酸二Ｎａ点滴静注用１５ｍｇ「サワイ」,パミドロン酸二ナトリウム水和物,１５ｍｇ１瓶,3034,
3999418D2046,パミドロン酸二Ｎａ点滴静注用３０ｍｇ「サワイ」,パミドロン酸二ナトリウム水和物,３０ｍｇ１瓶,5608,
3999419G1024,ボナロン点滴静注バッグ９００μｇ,アレンドロン酸ナトリウム水和物,９００μｇ１００ｍＬ１袋,2955,
3999419G1040,アレンドロン酸点滴静注バッグ９００μｇ「ＨＫ」,アレンドロン酸ナトリウム水和物,９００μｇ１００ｍＬ１袋,1182,
3999421A1037,アルギＵ点滴静注２０ｇ,Ｌ－アルギニン塩酸塩,１０％２００ｍＬ１袋,3039,
3999422D1020,注射用エラスポール１００,シベレスタットナトリウム水和物,１００ｍｇ１瓶,2938,
3999422D1054,シベレスタットＮａ点滴静注用１００ｍｇ「ニプロ」,シベレスタットナトリウム水和物,１００ｍｇ１瓶,1314,
3999423A1044,ゾメタ点滴静注４ｍｇ／５ｍＬ,ゾレドロン酸水和物,４ｍｇ５ｍＬ１瓶,7096,
3999423A1052,ゾレドロン酸点滴静注４ｍｇ／５ｍＬ「Ｆ」,ゾレドロン酸水和物,４ｍｇ５ｍＬ１瓶,5651,R9.3.31まで
3999423A1060,ゾレドロン酸点滴静注４ｍｇ／５ｍＬ「ＮＫ」,ゾレドロン酸水和物,４ｍｇ５ｍＬ１瓶,5683,
3999423A1087,ゾレドロン酸点滴静注４ｍｇ／５ｍＬ「サンド」,ゾレドロン酸水和物,４ｍｇ５ｍＬ１瓶,4481,
3999423A1109,ゾレドロン酸点滴静注４ｍｇ／５ｍＬ「ニプロ」,ゾレドロン酸水和物,４ｍｇ５ｍＬ１瓶,5905,
3999423A1168,ゾレドロン酸点滴静注４ｍｇ／５ｍＬ「ＮＩＧ」,ゾレドロン酸水和物,４ｍｇ５ｍＬ１瓶,5813,
3999423A2024,ゾメタ点滴静注４ｍｇ／１００ｍＬ,ゾレドロン酸水和物,４ｍｇ１００ｍＬ１瓶,9442,
3999423A3020,ゾレドロン酸点滴静注４ｍｇ／１００ｍＬバッグ「ＮＫ」,ゾレドロン酸水和物,４ｍｇ１００ｍＬ１袋,6294,
3999423A3047,ゾレドロン酸点滴静注４ｍｇ／１００ｍＬバッグ「トーワ」,ゾレドロン酸水和物,４ｍｇ１００ｍＬ１袋,6795,
3999423A3063,ゾレドロン酸点滴静注４ｍｇ／１００ｍＬバッグ「ニプロ」,ゾレドロン酸水和物,４ｍｇ１００ｍＬ１袋,6051,
3999423A3110,ゾレドロン酸点滴静注４ｍｇ／１００ｍＬバッグ「ＫＣＣ」,ゾレドロン酸水和物,４ｍｇ１００ｍＬ１袋,5367,R9.3.31まで
3999423A3128,ゾレドロン酸点滴静注４ｍｇ／１００ｍＬバッグ「日医工Ｐ」,ゾレドロン酸水和物,４ｍｇ１００ｍＬ１袋,6320,
3999423A5023,リクラスト点滴静注液５ｍｇ,ゾレドロン酸水和物,５ｍｇ１００ｍＬ１袋,32028,
3999424D1029,エンブレル皮下注用２５ｍｇ,エタネルセプト（遺伝子組換え）,２５ｍｇ１瓶,12337,
3999424D2025,エンブレル皮下注用１０ｍｇ,エタネルセプト（遺伝子組換え）,１０ｍｇ１瓶,4485,
3999424G1025,エンブレル皮下注２５ｍｇシリンジ０．５ｍＬ,エタネルセプト（遺伝子組換え）,２５ｍｇ０．５ｍＬ１筒,8396,
3999424G2021,エンブレル皮下注５０ｍｇシリンジ１．０ｍＬ,エタネルセプト（遺伝子組換え）,５０ｍｇ１ｍＬ１筒,17524,
3999424G3028,エンブレル皮下注５０ｍｇペン１．０ｍＬ,エタネルセプト（遺伝子組換え）,５０ｍｇ１ｍＬ１キット,14591,
3999424G4024,エンブレル皮下注２５ｍｇペン０．５ｍＬ,エタネルセプト（遺伝子組換え）,２５ｍｇ０．５ｍＬ１キット,7592,
3999424G5020,エンブレル皮下注２５ｍｇクリックワイズ用０．５ｍＬ,エタネルセプト（遺伝子組換え）,２５ｍｇ０．５ｍＬ１カセット,8880,
3999424G6027,エンブレル皮下注５０ｍｇクリックワイズ用１．０ｍＬ,エタネルセプト（遺伝子組換え）,５０ｍｇ１ｍＬ１カセット,16429,
3999425S5028,ネスプ注射液１０μｇプラシリンジ,ダルベポエチンアルファ（遺伝子組換え）,１０μｇ０．５ｍＬ１筒,841,
3999425S5036,ダルベポエチン　アルファ注１０μｇシリンジ「ＫＫＦ」,ダルベポエチンアルファ（遺伝子組換え）,１０μｇ０．５ｍＬ１筒,720,
3999425S6024,ネスプ注射液１５μｇプラシリンジ,ダルベポエチンアルファ（遺伝子組換え）,１５μｇ０．５ｍＬ１筒,1810,
3999425S6032,ダルベポエチン　アルファ注１５μｇシリンジ「ＫＫＦ」,ダルベポエチンアルファ（遺伝子組換え）,１５μｇ０．５ｍＬ１筒,992,
3999425S7020,ネスプ注射液２０μｇプラシリンジ,ダルベポエチンアルファ（遺伝子組換え）,２０μｇ０．５ｍＬ１筒,1955,
3999425S7039,ダルベポエチン　アルファ注２０μｇシリンジ「ＫＫＦ」,ダルベポエチンアルファ（遺伝子組換え）,２０μｇ０．５ｍＬ１筒,1260,
3999425S8027,ネスプ注射液３０μｇプラシリンジ,ダルベポエチンアルファ（遺伝子組換え）,３０μｇ０．５ｍＬ１筒,3404,
3999425S8035,ダルベポエチン　アルファ注３０μｇシリンジ「ＫＫＦ」,ダルベポエチンアルファ（遺伝子組換え）,３０μｇ０．５ｍＬ１筒,1848,
3999425S9023,ネスプ注射液４０μｇプラシリンジ,ダルベポエチンアルファ（遺伝子組換え）,４０μｇ０．５ｍＬ１筒,3884,
3999425S9031,ダルベポエチン　アルファ注４０μｇシリンジ「ＫＫＦ」,ダルベポエチンアルファ（遺伝子組換え）,４０μｇ０．５ｍＬ１筒,2207,
3999425U1023,ネスプ注射液６０μｇプラシリンジ,ダルベポエチンアルファ（遺伝子組換え）,６０μｇ０．５ｍＬ１筒,5212,
3999425U1031,ダルベポエチン　アルファ注６０μｇシリンジ「ＫＫＦ」,ダルベポエチンアルファ（遺伝子組換え）,６０μｇ０．５ｍＬ１筒,3188,
3999425U2020,ネスプ注射液１２０μｇプラシリンジ,ダルベポエチンアルファ（遺伝子組換え）,１２０μｇ０．５ｍＬ１筒,8615,
3999425U2038,ダルベポエチン　アルファ注１２０μｇシリンジ「ＫＫＦ」,ダルベポエチンアルファ（遺伝子組換え）,１２０μｇ０．５ｍＬ１筒,5710,
3999425U3026,ネスプ注射液１８０μｇプラシリンジ,ダルベポエチンアルファ（遺伝子組換え）,１８０μｇ０．５ｍＬ１筒,11281,
3999425U3034,ダルベポエチン　アルファ注１８０μｇシリンジ「ＫＫＦ」,ダルベポエチンアルファ（遺伝子組換え）,１８０μｇ０．５ｍＬ１筒,7647,
3999425U4022,ネスプ注射液５μｇプラシリンジ,ダルベポエチンアルファ（遺伝子組換え）,５μｇ０．５ｍＬ１筒,800,
3999425U4030,ダルベポエチン　アルファ注５μｇシリンジ「ＫＫＦ」,ダルベポエチンアルファ（遺伝子組換え）,５μｇ０．５ｍＬ１筒,412,
3999426G3027,ヒュミラ皮下注４０ｍｇシリンジ０．４ｍＬ,アダリムマブ（遺伝子組換え）,４０ｍｇ０．４ｍＬ１筒,46856,
3999426G4023,ヒュミラ皮下注８０ｍｇシリンジ０．８ｍＬ,アダリムマブ（遺伝子組換え）,８０ｍｇ０．８ｍＬ１筒,88274,
3999426G5020,ヒュミラ皮下注４０ｍｇペン０．４ｍＬ,アダリムマブ（遺伝子組換え）,４０ｍｇ０．４ｍＬ１キット,40275,
3999426G6026,ヒュミラ皮下注８０ｍｇペン０．８ｍＬ,アダリムマブ（遺伝子組換え）,８０ｍｇ０．８ｍＬ１キット,83873,
3999426G7022,ヒュミラ皮下注２０ｍｇシリンジ０．２ｍＬ,アダリムマブ（遺伝子組換え）,２０ｍｇ０．２ｍＬ１筒,22761,
3999427A1026,エポエチンアルファＢＳ注７５０「ＪＣＲ」,エポエチンカッパ（遺伝子組換え）［エポエチンアルファ後続１］,７５０国際単位０．５ｍＬ１瓶,761,
3999427G1029,エポエチンアルファＢＳ注７５０シリンジ「ＪＣＲ」,エポエチンカッパ（遺伝子組換え）［エポエチンアルファ後続１］,７５０国際単位０．５ｍＬ１筒,485,
3999427G2025,エポエチンアルファＢＳ注１５００シリンジ「ＪＣＲ」,エポエチンカッパ（遺伝子組換え）［エポエチンアルファ後続１］,１，５００国際単位１ｍＬ１筒,485,
3999427G3021,エポエチンアルファＢＳ注３０００シリンジ「ＪＣＲ」,エポエチンカッパ（遺伝子組換え）［エポエチンアルファ後続１］,３，０００国際単位２ｍＬ１筒,845,
3999429D1021,オレンシア点滴静注用２５０ｍｇ,アバタセプト（遺伝子組換え）,２５０ｍｇ１瓶,32840,
3999429G1028,オレンシア皮下注１２５ｍｇシリンジ１ｍＬ,アバタセプト（遺伝子組換え）,１２５ｍｇ１ｍＬ１筒,22113,
3999429G2024,オレンシア皮下注１２５ｍｇオートインジェクター１ｍＬ,アバタセプト（遺伝子組換え）,１２５ｍｇ１ｍＬ１キット,19068,
3999430D1024,ロミプレート皮下注２５０μｇ調製用,ロミプロスチム（遺伝子組換え）,２５０μｇ１瓶,40563,
3999431A1022,ステラーラ点滴静注１３０ｍｇ,ウステキヌマブ（遺伝子組換え）,１３０ｍｇ２６ｍＬ１瓶,178043,
3999431G1025,ステラーラ皮下注４５ｍｇシリンジ,ウステキヌマブ（遺伝子組換え）,４５ｍｇ０．５ｍＬ１筒,192647,
3999432G1020,ミルセラ注シリンジ２５μｇ,エポエチン　ベータ　ペゴル（遺伝子組換え）,２５μｇ０．３ｍＬ１筒,3959,
3999432G2026,ミルセラ注シリンジ５０μｇ,エポエチン　ベータ　ペゴル（遺伝子組換え）,５０μｇ０．３ｍＬ１筒,6606,
3999432G3022,ミルセラ注シリンジ７５μｇ,エポエチン　ベータ　ペゴル（遺伝子組換え）,７５μｇ０．３ｍＬ１筒,9012,
3999432G4029,ミルセラ注シリンジ１００μｇ,エポエチン　ベータ　ペゴル（遺伝子組換え）,１００μｇ０．３ｍＬ１筒,10443,
3999432G5025,ミルセラ注シリンジ１５０μｇ,エポエチン　ベータ　ペゴル（遺伝子組換え）,１５０μｇ０．３ｍＬ１筒,13798,
3999432G6021,ミルセラ注シリンジ２００μｇ,エポエチン　ベータ　ペゴル（遺伝子組換え）,２００μｇ０．３ｍＬ１筒,17356,
3999432G7028,ミルセラ注シリンジ２５０μｇ,エポエチン　ベータ　ペゴル（遺伝子組換え）,２５０μｇ０．３ｍＬ１筒,20819,
3999432G8024,ミルセラ注シリンジ１２．５μｇ,エポエチン　ベータ　ペゴル（遺伝子組換え）,１２．５μｇ０．３ｍＬ１筒,2194,
3999433G1024,シンポニー皮下注５０ｍｇシリンジ,ゴリムマブ（遺伝子組換え）,５０ｍｇ０．５ｍＬ１筒,108577,
3999433G2020,シンポニー皮下注５０ｍｇオートインジェクター,ゴリムマブ（遺伝子組換え）,５０ｍｇ０．５ｍＬ１キット,100813,
3999434A1026,イラリス皮下注射液１５０ｍｇ,カナキヌマブ（遺伝子組換え）,１５０ｍｇ１ｍＬ１瓶,1144556,
3999435A1020,ランマーク皮下注１２０ｍｇ,デノスマブ（遺伝子組換え）,１２０ｍｇ１．７ｍＬ１瓶,42706,
3999435G1023,プラリア皮下注６０ｍｇシリンジ,デノスマブ（遺伝子組換え）,６０ｍｇ１ｍＬ１筒,24466,
3999435G2020,ランマークＨＩ皮下注１２０ｍｇシリンジ１．０ｍＬ,デノスマブ（遺伝子組換え）,１２０ｍｇ１ｍＬ１筒,44390,
3999435G3026,プラリアＨＩ皮下注６０ｍｇシリンジ０．５ｍＬ,デノスマブ（遺伝子組換え）,６０ｍｇ０．５ｍＬ１筒,24466,
3999436G1028,エルカルチンＦＦ静注１０００ｍｇシリンジ,レボカルニチン,１，０００ｍｇ５ｍＬ１筒,772,
3999436G1036,レボカルニチンＦＦ静注１０００ｍｇシリンジ「トーワ」,レボカルニチン,１，０００ｍｇ５ｍＬ１筒,358,
3999436G1044,レボカルニチンＦＦ静注１０００ｍｇシリンジ「ニプロ」,レボカルニチン,１，０００ｍｇ５ｍＬ１筒,341,
3999436G1052,レボカルニチンＦＦ静注１０００ｍｇシリンジ「フソー」,レボカルニチン,１，０００ｍｇ５ｍＬ１筒,372,
3999437G1022,シムジア皮下注２００ｍｇシリンジ,セルトリズマブ　ペゴル（遺伝子組換え）,２００ｍｇ１ｍＬ１筒,52943,
3999437G2029,シムジア皮下注２００ｍｇオートクリックス,セルトリズマブ　ペゴル（遺伝子組換え）,２００ｍｇ１ｍＬ１キット,53942,
3999438G1027,ボンビバ静注１ｍｇシリンジ,イバンドロン酸ナトリウム水和物,１ｍｇ１ｍＬ１筒,3204,
3999438G1035,イバンドロン酸静注１ｍｇシリンジ「ＨＫ」,イバンドロン酸ナトリウム水和物,１ｍｇ１ｍＬ１筒,1776,
3999438G1043,イバンドロン酸静注１ｍｇシリンジ「ＶＴＲＳ」,イバンドロン酸ナトリウム水和物,１ｍｇ１ｍＬ１筒,1682,
3999438G1051,イバンドロン酸静注１ｍｇシリンジ「サワイ」,イバンドロン酸ナトリウム水和物,１ｍｇ１ｍＬ１筒,1639,
3999438G1060,イバンドロン酸静注１ｍｇシリンジ「トーワ」,イバンドロン酸ナトリウム水和物,１ｍｇ１ｍＬ１筒,1515,
3999439G2028,コセンティクス皮下注１５０ｍｇペン,セクキヌマブ（遺伝子組換え）,１５０ｍｇ１ｍＬ１キット,71469,
3999439G3024,コセンティクス皮下注７５ｍｇシリンジ,セクキヌマブ（遺伝子組換え）,７５ｍｇ０．５ｍＬ１筒,40144,
3999439G4020,コセンティクス皮下注３００ｍｇペン,セクキヌマブ（遺伝子組換え）,３００ｍｇ２ｍＬ１キット,138249,
3999440G1024,コパキソン皮下注２０ｍｇシリンジ,グラチラマー酢酸塩,２０ｍｇ１ｍＬ１筒,5134,
3999441G1029,ルミセフ皮下注２１０ｍｇシリンジ,ブロダルマブ（遺伝子組換え）,２１０ｍｇ１．５ｍＬ１筒,74513,
3999441G2025,ルミセフ皮下注２１０ｍｇペン,ブロダルマブ（遺伝子組換え）,２１０ｍｇ１．５ｍＬ１キット,73508,
3999442G2020,トルツ皮下注８０ｍｇオートインジェクター,イキセキズマブ（遺伝子組換え）,８０ｍｇ１ｍＬ１キット,148952,
3999443A1025,パーサビブ静注透析用２．５ｍｇ,エテルカルセチド塩酸塩,２．５ｍｇ２ｍＬ１瓶,673,
3999443A2021,パーサビブ静注透析用５ｍｇ,エテルカルセチド塩酸塩,５ｍｇ２ｍＬ１瓶,1018,
3999443A3028,パーサビブ静注透析用１０ｍｇ,エテルカルセチド塩酸塩,１０ｍｇ２ｍＬ１瓶,1513,
3999443G1028,パーサビブ静注透析用シリンジ２．５ｍｇ,エテルカルセチド塩酸塩,２．５ｍｇ２ｍＬ１筒,742,
3999443G2024,パーサビブ静注透析用シリンジ５ｍｇ,エテルカルセチド塩酸塩,５ｍｇ２ｍＬ１筒,1071,
3999443G3020,パーサビブ静注透析用シリンジ１０ｍｇ,エテルカルセチド塩酸塩,１０ｍｇ２ｍＬ１筒,1548,
3999444G1022,ケブザラ皮下注１５０ｍｇシリンジ,サリルマブ（遺伝子組換え）,１５０ｍｇ１．１４ｍＬ１筒,34860,
3999444G2029,ケブザラ皮下注２００ｍｇシリンジ,サリルマブ（遺伝子組換え）,２００ｍｇ１．１４ｍＬ１筒,46241,
3999444G3025,ケブザラ皮下注１５０ｍｇオートインジェクター,サリルマブ（遺伝子組換え）,１５０ｍｇ１．１４ｍＬ１キット,34444,
3999444G4021,ケブザラ皮下注２００ｍｇオートインジェクター,サリルマブ（遺伝子組換え）,２００ｍｇ１．１４ｍＬ１キット,45596,
3999445D1020,ベンリスタ点滴静注用１２０ｍｇ,ベリムマブ（遺伝子組換え）,１２０ｍｇ１瓶,16134,
3999445D2027,ベンリスタ点滴静注用４００ｍｇ,ベリムマブ（遺伝子組換え）,４００ｍｇ１瓶,54609,
3999445G1027,ベンリスタ皮下注２００ｍｇシリンジ,ベリムマブ（遺伝子組換え）,２００ｍｇ１ｍＬ１筒,24994,
3999445G2023,ベンリスタ皮下注２００ｍｇオートインジェクター,ベリムマブ（遺伝子組換え）,２００ｍｇ１ｍＬ１キット,26873,
3999446A1029,トレムフィア点滴静注２００ｍｇ,グセルクマブ（遺伝子組換え）,２００ｍｇ２０ｍＬ１瓶,251447,
3999446G1021,トレムフィア皮下注１００ｍｇシリンジ,グセルクマブ（遺伝子組換え）,１００ｍｇ１ｍＬ１筒,325040,
3999446G2028,トレムフィア皮下注２００ｍｇシリンジ,グセルクマブ（遺伝子組換え）,２００ｍｇ２ｍＬ１筒,339701,
3999446G3024,トレムフィア皮下注２００ｍｇペン,グセルクマブ（遺伝子組換え）,２００ｍｇ２ｍＬ１キット,339253,
3999447D1020,ヘルニコア椎間板注用１．２５単位,コンドリアーゼ,１．２５単位１瓶,83189,
3999448D1024,エタネルセプトＢＳ皮下注用１０ｍｇ「ＭＡ」,エタネルセプト（遺伝子組換え）［エタネルセプト後続１］,１０ｍｇ１瓶,4335,
3999448D2020,エタネルセプトＢＳ皮下注用２５ｍｇ「ＭＡ」,エタネルセプト（遺伝子組換え）［エタネルセプト後続１］,２５ｍｇ１瓶,5331,
3999448G1020,エタネルセプトＢＳ皮下注２５ｍｇシリンジ０．５ｍＬ「ＭＡ」,エタネルセプト（遺伝子組換え）［エタネルセプト後続１］,２５ｍｇ０．５ｍＬ１筒,6125,
3999448G2027,エタネルセプトＢＳ皮下注５０ｍｇシリンジ１．０ｍＬ「ＭＡ」,エタネルセプト（遺伝子組換え）［エタネルセプト後続１］,５０ｍｇ１ｍＬ１筒,11595,
3999448G3023,エタネルセプトＢＳ皮下注５０ｍｇペン１．０ｍＬ「ＭＡ」,エタネルセプト（遺伝子組換え）［エタネルセプト後続１］,５０ｍｇ１ｍＬ１キット,10463,
3999448G4020,エタネルセプトＢＳ皮下注２５ｍｇペン０．５ｍＬ「ＭＡ」,エタネルセプト（遺伝子組換え）［エタネルセプト後続１］,２５ｍｇ０．５ｍＬ１キット,5532,
3999449G1025,イベニティ皮下注１０５ｍｇシリンジ,ロモソズマブ（遺伝子組換え）,１０５ｍｇ１．１７ｍＬ１筒,25061,
3999450A1025,スキリージ点滴静注６００ｍｇ,リサンキズマブ（遺伝子組換え）,６００ｍｇ１０ｍＬ１瓶,190369,
3999450G1028,スキリージ皮下注７５ｍｇシリンジ０．８３ｍＬ,リサンキズマブ（遺伝子組換え）,７５ｍｇ０．８３ｍＬ１筒,233885,
3999450G2024,スキリージ皮下注１５０ｍｇシリンジ１ｍＬ,リサンキズマブ（遺伝子組換え）,１５０ｍｇ１ｍＬ１筒,474616,
3999450G3020,スキリージ皮下注１５０ｍｇペン１ｍＬ,リサンキズマブ（遺伝子組換え）,１５０ｍｇ１ｍＬ１キット,474761,
3999450G4027,スキリージ皮下注３６０ｍｇオートドーザー,リサンキズマブ（遺伝子組換え）,３６０ｍｇ２．４ｍＬ１キット,446462,
3999450G5023,スキリージ皮下注１８０ｍｇオートドーザー,リサンキズマブ（遺伝子組換え）,１８０ｍｇ１．２ｍＬ１キット,230502,
3999451G1022,エタネルセプトＢＳ皮下注１０ｍｇシリンジ１．０ｍＬ「ＴＹ」,エタネルセプト（遺伝子組換え）［エタネルセプト後続２］,１０ｍｇ１ｍＬ１筒,2256,
3999451G1030,エタネルセプトＢＳ皮下注１０ｍｇシリンジ１．０ｍＬ「日医工」,エタネルセプト（遺伝子組換え）［エタネルセプト後続２］,１０ｍｇ１ｍＬ１筒,2926,
3999451G2029,エタネルセプトＢＳ皮下注２５ｍｇシリンジ０．５ｍＬ「ＴＹ」,エタネルセプト（遺伝子組換え）［エタネルセプト後続２］,２５ｍｇ０．５ｍＬ１筒,5744,
3999451G2037,エタネルセプトＢＳ皮下注２５ｍｇシリンジ０．５ｍＬ「日医工」,エタネルセプト（遺伝子組換え）［エタネルセプト後続２］,２５ｍｇ０．５ｍＬ１筒,5744,
3999451G3025,エタネルセプトＢＳ皮下注５０ｍｇシリンジ１．０ｍＬ「ＴＹ」,エタネルセプト（遺伝子組換え）［エタネルセプト後続２］,５０ｍｇ１ｍＬ１筒,11768,
3999451G3033,エタネルセプトＢＳ皮下注５０ｍｇシリンジ１．０ｍＬ「日医工」,エタネルセプト（遺伝子組換え）［エタネルセプト後続２］,５０ｍｇ１ｍＬ１筒,10710,
3999451G4021,エタネルセプトＢＳ皮下注５０ｍｇペン１．０ｍＬ「ＴＹ」,エタネルセプト（遺伝子組換え）［エタネルセプト後続２］,５０ｍｇ１ｍＬ１キット,9924,
3999451G4030,エタネルセプトＢＳ皮下注５０ｍｇペン１．０ｍＬ「日医工」,エタネルセプト（遺伝子組換え）［エタネルセプト後続２］,５０ｍｇ１ｍＬ１キット,9924,
3999452A1024,クリースビータ皮下注１０ｍｇ,ブロスマブ（遺伝子組換え）,１０ｍｇ１ｍＬ１瓶,304818,
3999452A2020,クリースビータ皮下注２０ｍｇ,ブロスマブ（遺伝子組換え）,２０ｍｇ１ｍＬ１瓶,608282,
3999452A3027,クリースビータ皮下注３０ｍｇ,ブロスマブ（遺伝子組換え）,３０ｍｇ１ｍＬ１瓶,911812,
3999452G1027,クリースビータ皮下注１０ｍｇシリンジ,ブロスマブ（遺伝子組換え）,１０ｍｇ０．３３ｍＬ１筒,305043,
3999452G2023,クリースビータ皮下注２０ｍｇシリンジ,ブロスマブ（遺伝子組換え）,２０ｍｇ０．６７ｍＬ１筒,608836,
3999452G3020,クリースビータ皮下注３０ｍｇシリンジ,ブロスマブ（遺伝子組換え）,３０ｍｇ１ｍＬ１筒,912366,
3999453G1021,ダルベポエチン　アルファＢＳ注５μｇシリンジ「ＪＣＲ」,ダルベポエチンアルファ（遺伝子組換え）［ダルベポエチンアルファ後続１］,５μｇ０．５ｍＬ１筒,390,
3999453G2028,ダルベポエチン　アルファＢＳ注１０μｇシリンジ「ＪＣＲ」,ダルベポエチンアルファ（遺伝子組換え）［ダルベポエチンアルファ後続１］,１０μｇ０．５ｍＬ１筒,688,
3999453G3024,ダルベポエチン　アルファＢＳ注１５μｇシリンジ「ＪＣＲ」,ダルベポエチンアルファ（遺伝子組換え）［ダルベポエチンアルファ後続１］,１５μｇ０．５ｍＬ１筒,945,
3999453G4020,ダルベポエチン　アルファＢＳ注２０μｇシリンジ「ＪＣＲ」,ダルベポエチンアルファ（遺伝子組換え）［ダルベポエチンアルファ後続１］,２０μｇ０．５ｍＬ１筒,1207,
3999453G5027,ダルベポエチン　アルファＢＳ注３０μｇシリンジ「ＪＣＲ」,ダルベポエチンアルファ（遺伝子組換え）［ダルベポエチンアルファ後続１］,３０μｇ０．５ｍＬ１筒,1773,
3999453G6023,ダルベポエチン　アルファＢＳ注４０μｇシリンジ「ＪＣＲ」,ダルベポエチンアルファ（遺伝子組換え）［ダルベポエチンアルファ後続１］,４０μｇ０．５ｍＬ１筒,2109,
3999453G7020,ダルベポエチン　アルファＢＳ注６０μｇシリンジ「ＪＣＲ」,ダルベポエチンアルファ（遺伝子組換え）［ダルベポエチンアルファ後続１］,６０μｇ０．５ｍＬ１筒,3082,
3999453G8026,ダルベポエチン　アルファＢＳ注１２０μｇシリンジ「ＪＣＲ」,ダルベポエチンアルファ（遺伝子組換え）［ダルベポエチンアルファ後続１］,１２０μｇ０．５ｍＬ１筒,5568,
3999453G9022,ダルベポエチン　アルファＢＳ注１８０μｇシリンジ「ＪＣＲ」,ダルベポエチンアルファ（遺伝子組換え）［ダルベポエチンアルファ後続１］,１８０μｇ０．５ｍＬ１筒,7487,
3999454G1026,ダルベポエチン　アルファＢＳ注５μｇシリンジ「三和」,ダルベポエチンアルファ（遺伝子組換え）［ダルベポエチンアルファ後続２］,５μｇ０．５ｍＬ１筒,389,
3999454G2022,ダルベポエチン　アルファＢＳ注１０μｇシリンジ「三和」,ダルベポエチンアルファ（遺伝子組換え）［ダルベポエチンアルファ後続２］,１０μｇ０．５ｍＬ１筒,686,
3999454G3029,ダルベポエチン　アルファＢＳ注１５μｇシリンジ「三和」,ダルベポエチンアルファ（遺伝子組換え）［ダルベポエチンアルファ後続２］,１５μｇ０．５ｍＬ１筒,950,
3999454G4025,ダルベポエチン　アルファＢＳ注２０μｇシリンジ「三和」,ダルベポエチンアルファ（遺伝子組換え）［ダルベポエチンアルファ後続２］,２０μｇ０．５ｍＬ１筒,1207,
3999454G5021,ダルベポエチン　アルファＢＳ注３０μｇシリンジ「三和」,ダルベポエチンアルファ（遺伝子組換え）［ダルベポエチンアルファ後続２］,３０μｇ０．５ｍＬ１筒,1759,
3999454G6028,ダルベポエチン　アルファＢＳ注４０μｇシリンジ「三和」,ダルベポエチンアルファ（遺伝子組換え）［ダルベポエチンアルファ後続２］,４０μｇ０．５ｍＬ１筒,2093,
3999454G7024,ダルベポエチン　アルファＢＳ注６０μｇシリンジ「三和」,ダルベポエチンアルファ（遺伝子組換え）［ダルベポエチンアルファ後続２］,６０μｇ０．５ｍＬ１筒,3081,
3999454G8020,ダルベポエチン　アルファＢＳ注１２０μｇシリンジ「三和」,ダルベポエチンアルファ（遺伝子組換え）［ダルベポエチンアルファ後続２］,１２０μｇ０．５ｍＬ１筒,5575,
3999454G9027,ダルベポエチン　アルファＢＳ注１８０μｇシリンジ「三和」,ダルベポエチンアルファ（遺伝子組換え）［ダルベポエチンアルファ後続２］,１８０μｇ０．５ｍＬ１筒,7284,
3999456G1025,イルミア皮下注１００ｍｇシリンジ,チルドラキズマブ（遺伝子組換え）,１００ｍｇ１ｍＬ１筒,486197,
3999457G1020,アダリムマブＢＳ皮下注２０ｍｇシリンジ０．４ｍＬ「ＦＫＢ」,アダリムマブ（遺伝子組換え）［アダリムマブ後続１］,２０ｍｇ０．４ｍＬ１筒,9270,
3999457G2026,アダリムマブＢＳ皮下注４０ｍｇシリンジ０．８ｍＬ「ＦＫＢ」,アダリムマブ（遺伝子組換え）［アダリムマブ後続１］,４０ｍｇ０．８ｍＬ１筒,17987,
3999457G3022,アダリムマブＢＳ皮下注４０ｍｇペン０．８ｍＬ「ＦＫＢ」,アダリムマブ（遺伝子組換え）［アダリムマブ後続１］,４０ｍｇ０．８ｍＬ１キット,15584,
3999458G1024,ジョイクル関節注３０ｍｇ,ジクロフェナクエタルヒアルロン酸ナトリウム,３０ｍｇ３ｍＬ１筒,4332,
3999459G1029,アダリムマブＢＳ皮下注２０ｍｇシリンジ０．４ｍＬ「第一三共」,アダリムマブ（遺伝子組換え）［アダリムマブ後続２］,２０ｍｇ０．４ｍＬ１筒,12852,
3999459G2025,アダリムマブＢＳ皮下注４０ｍｇシリンジ０．８ｍＬ「第一三共」,アダリムマブ（遺伝子組換え）［アダリムマブ後続２］,４０ｍｇ０．８ｍＬ１筒,19261,
3999459G3021,アダリムマブＢＳ皮下注４０ｍｇペン０．８ｍＬ「第一三共」,アダリムマブ（遺伝子組換え）［アダリムマブ後続２］,４０ｍｇ０．８ｍＬ１キット,14953,
3999460G1021,ウパシタ静注透析用２５μｇシリンジ,ウパシカルセトナトリウム水和物,２５μｇ１ｍＬ１筒,933,
3999460G2028,ウパシタ静注透析用５０μｇシリンジ,ウパシカルセトナトリウム水和物,５０μｇ１ｍＬ１筒,1330,
3999460G3024,ウパシタ静注透析用１００μｇシリンジ,ウパシカルセトナトリウム水和物,１００μｇ１ｍＬ１筒,1915,
3999460G4020,ウパシタ静注透析用１５０μｇシリンジ,ウパシカルセトナトリウム水和物,１５０μｇ１ｍＬ１筒,2347,
3999460G5027,ウパシタ静注透析用２００μｇシリンジ,ウパシカルセトナトリウム水和物,２００μｇ１ｍＬ１筒,2765,
3999460G6023,ウパシタ静注透析用２５０μｇシリンジ,ウパシカルセトナトリウム水和物,２５０μｇ１ｍＬ１筒,3120,
3999460G7020,ウパシタ静注透析用３００μｇシリンジ,ウパシカルセトナトリウム水和物,３００μｇ１ｍＬ１筒,3371,
3999461A1023,ギブラーリ皮下注１８９ｍｇ,ギボシランナトリウム,１８９ｍｇ１ｍＬ１瓶,5001219,
3999462A1028,サフネロー点滴静注３００ｍｇ,アニフロルマブ（遺伝子組換え）,３００ｍｇ２ｍＬ１瓶,96068,
3999462G1020,サフネロー皮下注１２０ｍｇオートインジェクター,アニフロルマブ（遺伝子組換え）,１２０ｍｇ０．８ｍＬ１キット,24932,
3999463G1025,アダリムマブＢＳ皮下注２０ｍｇシリンジ０．２ｍＬ「ＭＡ」,アダリムマブ（遺伝子組換え）［アダリムマブ後続３］,２０ｍｇ０．２ｍＬ１筒,10266,
3999463G2021,アダリムマブＢＳ皮下注４０ｍｇシリンジ０．４ｍＬ「ＭＡ」,アダリムマブ（遺伝子組換え）［アダリムマブ後続３］,４０ｍｇ０．４ｍＬ１筒,19717,
3999463G3028,アダリムマブＢＳ皮下注８０ｍｇシリンジ０．８ｍＬ「ＭＡ」,アダリムマブ（遺伝子組換え）［アダリムマブ後続３］,８０ｍｇ０．８ｍＬ１筒,37546,
3999463G4024,アダリムマブＢＳ皮下注４０ｍｇペン０．４ｍＬ「ＭＡ」,アダリムマブ（遺伝子組換え）［アダリムマブ後続３］,４０ｍｇ０．４ｍＬ１キット,17554,
3999464G1020,ビンゼレックス皮下注１６０ｍｇシリンジ,ビメキズマブ（遺伝子組換え）,１６０ｍｇ１ｍＬ１筒,156587,
3999464G2026,ビンゼレックス皮下注１６０ｍｇオートインジェクター,ビメキズマブ（遺伝子組換え）,１６０ｍｇ１ｍＬ１キット,156820,
3999464G3022,ビンゼレックス皮下注３２０ｍｇオートインジェクター,ビメキズマブ（遺伝子組換え）,３２０ｍｇ２ｍＬ１キット,303466,
3999465D1028,ボックスゾゴ皮下注用０．４ｍｇ,ボソリチド（遺伝子組換え）,０．４ｍｇ１瓶（溶解液付）,104092,
3999465D2024,ボックスゾゴ皮下注用０．５６ｍｇ,ボソリチド（遺伝子組換え）,０．５６ｍｇ１瓶（溶解液付）,106850,
3999465D3020,ボックスゾゴ皮下注用１．２ｍｇ,ボソリチド（遺伝子組換え）,１．２ｍｇ１瓶（溶解液付）,107498,
3999466A1026,スペビゴ点滴静注４５０ｍｇ,スペソリマブ（遺伝子組換え）,４５０ｍｇ７．５ｍＬ１瓶,963821,
3999467G1023,ナノゾラ皮下注３０ｍｇシリンジ,オゾラリズマブ（遺伝子組換え）,３０ｍｇ０．３７５ｍＬ１筒,110579,
3999467G2020,ナノゾラ皮下注３０ｍｇオートインジェクター,オゾラリズマブ（遺伝子組換え）,３０ｍｇ０．３７５ｍＬ１キット,111521,
3999468G1028,メトジェクト皮下注７．５ｍｇシリンジ０．１５ｍＬ,メトトレキサート,７．５ｍｇ０．１５ｍＬ１筒,1721,
3999468G2024,メトジェクト皮下注１０ｍｇシリンジ０．２０ｍＬ,メトトレキサート,１０ｍｇ０．２ｍＬ１筒,2082,
3999468G3020,メトジェクト皮下注１２．５ｍｇシリンジ０．２５ｍＬ,メトトレキサート,１２．５ｍｇ０．２５ｍＬ１筒,2443,
3999468G4027,メトジェクト皮下注１５ｍｇシリンジ０．３０ｍＬ,メトトレキサート,１５ｍｇ０．３ｍＬ１筒,2750,
3999468G5023,メトジェクト皮下注７．５ｍｇペン０．１５ｍＬ,メトトレキサート,７．５ｍｇ０．１５ｍＬ１キット,1906,
3999468G6020,メトジェクト皮下注１０ｍｇペン０．２０ｍＬ,メトトレキサート,１０ｍｇ０．２ｍＬ１キット,2265,
3999468G7026,メトジェクト皮下注１２．５ｍｇペン０．２５ｍＬ,メトトレキサート,１２．５ｍｇ０．２５ｍＬ１キット,2601,
3999468G8022,メトジェクト皮下注１５ｍｇペン０．３０ｍＬ,メトトレキサート,１５ｍｇ０．３ｍＬ１キット,2910,
3999469G1022,パリンジック皮下注２．５ｍｇ,ペグバリアーゼ（遺伝子組換え）,２．５ｍｇ０．５ｍＬ１筒,61606,
3999469G2029,パリンジック皮下注１０ｍｇ,ペグバリアーゼ（遺伝子組換え）,１０ｍｇ０．５ｍＬ１筒,64155,
3999469G3025,パリンジック皮下注２０ｍｇ,ペグバリアーゼ（遺伝子組換え）,２０ｍｇ１ｍＬ１筒,65468,
3999470A1022,エムパベリ皮下注１０８０ｍｇ,ペグセタコプラン,１，０８０ｍｇ２０ｍＬ１瓶,488121,
3999471G1020,ジルビスク皮下注１６．６ｍｇシリンジ,ジルコプランナトリウム,１６．６ｍｇ０．４１６ｍＬ１筒,67763,
3999471G2026,ジルビスク皮下注２３．０ｍｇシリンジ,ジルコプランナトリウム,２３ｍｇ０．５７４ｍＬ１筒,93832,
3999471G3022,ジルビスク皮下注３２．４ｍｇシリンジ,ジルコプランナトリウム,３２．４ｍｇ０．８１ｍＬ１筒,132119,
3999472G1024,アダリムマブＢＳ皮下注２０ｍｇシリンジ０．２ｍＬ「ＣＴＮＫ」,アダリムマブ（遺伝子組換え）［アダリムマブ後続４］,２０ｍｇ０．２ｍＬ１筒,9952,
3999472G2020,アダリムマブＢＳ皮下注４０ｍｇシリンジ０．４ｍＬ「ＣＴＮＫ」,アダリムマブ（遺伝子組換え）［アダリムマブ後続４］,４０ｍｇ０．４ｍＬ１筒,18326,
3999472G3027,アダリムマブＢＳ皮下注８０ｍｇシリンジ０．８ｍＬ「ＣＴＮＫ」,アダリムマブ（遺伝子組換え）［アダリムマブ後続４］,８０ｍｇ０．８ｍＬ１筒,30601,
3999472G4023,アダリムマブＢＳ皮下注４０ｍｇペン０．４ｍＬ「ＣＴＮＫ」,アダリムマブ（遺伝子組換え）［アダリムマブ後続４］,４０ｍｇ０．４ｍＬ１キット,16078,
3999472G5020,アダリムマブＢＳ皮下注８０ｍｇペン０．８ｍＬ「ＣＴＮＫ」,アダリムマブ（遺伝子組換え）［アダリムマブ後続４］,８０ｍｇ０．８ｍＬ１キット,33549,
3999473G1029,ウステキヌマブＢＳ皮下注４５ｍｇシリンジ「Ｆ」,ウステキヌマブ（遺伝子組換え）［ウステキヌマブ後続１］,４５ｍｇ０．５ｍＬ１筒,131440,
3999473G2025,ウステキヌマブＢＳ皮下注９０ｍｇシリンジ「Ｆ」,ウステキヌマブ（遺伝子組換え）［ウステキヌマブ後続１］,９０ｍｇ１ｍＬ１筒,254206,
3999474G1023,ウステキヌマブＢＳ皮下注４５ｍｇシリンジ「ＹＤ」,ウステキヌマブ（遺伝子組換え）［ウステキヌマブ後続２］,４５ｍｇ０．５ｍＬ１筒,136554,
3999475A1025,ウステキヌマブＢＳ点滴静注１３０ｍｇ「ＣＴ」,ウステキヌマブ（遺伝子組換え）［ウステキヌマブ後続３］,１３０ｍｇ２６ｍＬ１瓶,97928,
3999475G1028,ウステキヌマブＢＳ皮下注４５ｍｇシリンジ「ＣＴ」,ウステキヌマブ（遺伝子組換え）［ウステキヌマブ後続３］,４５ｍｇ０．５ｍＬ１筒,129689,
3999476G1022,ウステキヌマブＢＳ皮下注４５ｍｇシリンジ「ニプロ」,ウステキヌマブ（遺伝子組換え）［ウステキヌマブ後続４］,４５ｍｇ０．５ｍＬ１筒,131408,
3999477G1027,ゴリムマブＢＳ皮下注５０ｍｇシリンジ「Ｆ」,ゴリムマブ（遺伝子組換え）［ゴリムマブ後続１］,５０ｍｇ０．５ｍＬ１筒,67615,
3999478A1029,デノスマブＢＳ皮下注１２０ｍｇＲＭ「Ｆ」,デノスマブ（遺伝子組換え）［デノスマブ後続１］,１２０ｍｇ１．７ｍＬ１瓶,23481,
4191400A1020,ロイコン注射液２０ｍｇ,アデニン,１％２ｍＬ１管,86,
4211401D1033,注射用エンドキサン１００ｍｇ,シクロホスファミド水和物,１００ｍｇ１瓶,516,
4211401D2021,注射用エンドキサン５００ｍｇ,シクロホスファミド水和物,５００ｍｇ１瓶,1500,
4211402D1020,注射用イホマイド１ｇ,イホスファミド,１ｇ１瓶,2050,
4212400A1021,リサイオ点滴静注液１００ｍｇ,チオテパ,１００ｍｇ２．５ｍＬ１瓶,193331,
4213400A2025,ブスルフェクス点滴静注用６０ｍｇ,ブスルファン,６０ｍｇ１瓶,27117,
4219400D1029,ニドラン注射用２５ｍｇ,ニムスチン塩酸塩,２５ｍｇ１瓶,3879,
4219400D2025,ニドラン注射用５０ｍｇ,ニムスチン塩酸塩,５０ｍｇ１瓶,5607,
4219401D1031,ダカルバジン注用１００,ダカルバジン,１００ｍｇ１瓶,2522,
4219402D1028,注射用サイメリン５０ｍｇ,ラニムスチン,５０ｍｇ１瓶,7940,
4219402D2024,注射用サイメリン１００ｍｇ,ラニムスチン,１００ｍｇ１瓶,17460,
4219403F1023,アルケラン静注用５０ｍｇ,メルファラン,５０ｍｇ１瓶（溶解液付）,8511,
4219404D1027,テモダール点滴静注用１００ｍｇ,テモゾロミド,１００ｍｇ１瓶,30541,
4219405A1025,トレアキシン点滴静注液１００ｍｇ／４ｍＬ,ベンダムスチン塩酸塩水和物,１００ｍｇ４ｍＬ１瓶,66868,
4219405A1033,ベンダムスチン塩酸塩点滴静注液１００ｍｇ／４ｍＬ「トーワ」,ベンダムスチン塩酸塩水和物,１００ｍｇ４ｍＬ１瓶,23417,
4219405A1041,ベンダムスチン塩酸塩点滴静注液１００ｍｇ／４ｍＬ「ファイザー」,ベンダムスチン塩酸塩水和物,１００ｍｇ４ｍＬ１瓶,21064,
4219405A1050,ベンダムスチン塩酸塩点滴静注液１００ｍｇ／４ｍＬ「イセイ」,ベンダムスチン塩酸塩水和物,１００ｍｇ４ｍＬ１瓶,23450,
4219405A2021,ベンダムスチン塩酸塩点滴静注液２５ｍｇ／１ｍＬ「トーワ」,ベンダムスチン塩酸塩水和物,２５ｍｇ１ｍＬ１瓶,7416,
4219405A2030,ベンダムスチン塩酸塩点滴静注液２５ｍｇ／１ｍＬ「ファイザー」,ベンダムスチン塩酸塩水和物,２５ｍｇ１ｍＬ１瓶,6686,
4219405A2048,ベンダムスチン塩酸塩点滴静注液２５ｍｇ／１ｍＬ「イセイ」,ベンダムスチン塩酸塩水和物,２５ｍｇ１ｍＬ１瓶,7134,
4219405D1021,トレアキシン点滴静注用１００ｍｇ,ベンダムスチン塩酸塩,１００ｍｇ１瓶,72394,
4219405D2028,トレアキシン点滴静注用２５ｍｇ,ベンダムスチン塩酸塩,２５ｍｇ１瓶,20060,
4219406D1026,ザノサー点滴静注用１ｇ,ストレプトゾシン,１ｇ１瓶,43310,
4222400A1036,メソトレキセート点滴静注液２００ｍｇ,メトトレキサート,２００ｍｇ８ｍＬ１瓶,6475,
4222400A2024,メソトレキセート点滴静注液１０００ｍｇ,メトトレキサート,１，０００ｍｇ４０ｍＬ１瓶,28884,
4222400D1024,注射用メソトレキセート５ｍｇ,メトトレキサート,５ｍｇ１瓶,1027,
4222400D2020,注射用メソトレキセート５０ｍｇ,メトトレキサート,５０ｍｇ１瓶,3394,
4223401A3022,５－ＦＵ注１０００ｍｇ,フルオロウラシル,１，０００ｍｇ１瓶,667,
4223401A3030,フルオロウラシル注１０００ｍｇ「トーワ」,フルオロウラシル,１，０００ｍｇ１瓶,567,
4223401A4029,５－ＦＵ注２５０ｍｇ,フルオロウラシル,２５０ｍｇ１瓶,228,
4223401A4037,フルオロウラシル注２５０ｍｇ「トーワ」,フルオロウラシル,２５０ｍｇ１瓶,239,
4224401A1035,キロサイド注２０ｍｇ,シタラビン,２０ｍｇ１管,228,
4224401A2031,キロサイド注４０ｍｇ,シタラビン,４０ｍｇ１管,453,
4224401A3038,キロサイド注６０ｍｇ,シタラビン,６０ｍｇ１管,617,
4224401A4034,キロサイド注１００ｍｇ,シタラビン,１００ｍｇ１管,1197,
4224401A5030,キロサイド注２００ｍｇ,シタラビン,２００ｍｇ１管,1781,
4224401A6037,キロサイドＮ注４００ｍｇ,シタラビン,４００ｍｇ１管,2001,
4224401A7025,キロサイドＮ注１ｇ,シタラビン,１ｇ１瓶,3622,
4224401A7041,シタラビン点滴静注液１ｇ「ＮＩＧ」,シタラビン,１ｇ１瓶,3207,
4224401A8030,シタラビン点滴静注液４００ｍｇ「ＮＩＧ」,シタラビン,４００ｍｇ１瓶,1429,
4224402D1036,サンラビン点滴静注用１５０ｍｇ,エノシタビン,１５０ｍｇ１瓶,2253,
4224402D2032,サンラビン点滴静注用２００ｍｇ,エノシタビン,２００ｍｇ１瓶,2458,
4224402D3039,サンラビン点滴静注用２５０ｍｇ,エノシタビン,２５０ｍｇ１瓶,3872,
4224403A1026,ゲムシタビン点滴静注液２００ｍｇ／５ｍＬ「サンド」,ゲムシタビン塩酸塩,２００ｍｇ５ｍＬ１瓶,870,
4224403A1034,ゲムシタビン点滴静注液２００ｍｇ／５ｍＬ「ＮＫ」,ゲムシタビン塩酸塩,２００ｍｇ５ｍＬ１瓶,867,
4224403A2022,ゲムシタビン点滴静注液１ｇ／２５ｍＬ「サンド」,ゲムシタビン塩酸塩,１ｇ２５ｍＬ１瓶,3708,
4224403A2030,ゲムシタビン点滴静注液１ｇ／２５ｍＬ「ＮＫ」,ゲムシタビン塩酸塩,１ｇ２５ｍＬ１瓶,3220,
4224403D1065,ゲムシタビン点滴静注用２００ｍｇ「ヤクルト」,ゲムシタビン塩酸塩,２００ｍｇ１瓶,842,R9.3.31まで
4224403D1073,ゲムシタビン点滴静注用２００ｍｇ「ＮＫ」,ゲムシタビン塩酸塩,２００ｍｇ１瓶,867,
4224403D1162,ゲムシタビン点滴静注用２００ｍｇ「タカタ」,ゲムシタビン塩酸塩,２００ｍｇ１瓶,842,
4224403D2061,ゲムシタビン点滴静注用１ｇ「ヤクルト」,ゲムシタビン塩酸塩,１ｇ１瓶,3973,R9.3.31まで
4224403D2070,ゲムシタビン点滴静注用１ｇ「ＮＫ」,ゲムシタビン塩酸塩,１ｇ１瓶,3728,
4224403D2169,ゲムシタビン点滴静注用１ｇ「タカタ」,ゲムシタビン塩酸塩,１ｇ１瓶,3973,
4229400D1033,フルダラ静注用５０ｍｇ,フルダラビンリン酸エステル,５０ｍｇ１瓶,24169,
4229401A1023,ペメトレキセド点滴静注液１００ｍｇ「ＮＫ」,ペメトレキセドナトリウムヘミペンタ水和物,１００ｍｇ４ｍＬ１瓶,7547,
4229401A1031,ペメトレキセド点滴静注液１００ｍｇ「サワイ」,ペメトレキセドナトリウムヘミペンタ水和物,１００ｍｇ４ｍＬ１瓶,7590,
4229401A1040,ペメトレキセド点滴静注液１００ｍｇ「トーワ」,ペメトレキセドナトリウムヘミペンタ水和物,１００ｍｇ４ｍＬ１瓶,7442,
4229401A2020,ペメトレキセド点滴静注液５００ｍｇ「ＮＫ」,ペメトレキセドナトリウムヘミペンタ水和物,５００ｍｇ２０ｍＬ１瓶,31050,
4229401A2038,ペメトレキセド点滴静注液５００ｍｇ「サワイ」,ペメトレキセドナトリウムヘミペンタ水和物,５００ｍｇ２０ｍＬ１瓶,34151,
4229401A2046,ペメトレキセド点滴静注液５００ｍｇ「トーワ」,ペメトレキセドナトリウムヘミペンタ水和物,５００ｍｇ２０ｍＬ１瓶,31282,
4229401A3026,ペメトレキセド点滴静注液８００ｍｇ「ＮＫ」,ペメトレキセドナトリウムヘミペンタ水和物,８００ｍｇ３２ｍＬ１瓶,48141,
4229401A3034,ペメトレキセド点滴静注液８００ｍｇ「サワイ」,ペメトレキセドナトリウムヘミペンタ水和物,８００ｍｇ３２ｍＬ１瓶,45952,
4229401A3042,ペメトレキセド点滴静注液８００ｍｇ「トーワ」,ペメトレキセドナトリウムヘミペンタ水和物,８００ｍｇ３２ｍＬ１瓶,49070,
4229401D1020,アリムタ注射用５００ｍｇ,ペメトレキセドナトリウム水和物,５００ｍｇ１瓶,75061,
4229401D1038,ペメトレキセド点滴静注用５００ｍｇ「Ｆ」,ペメトレキセドナトリウムヘミペンタ水和物,５００ｍｇ１瓶,30295,
4229401D1046,ペメトレキセド点滴静注用５００ｍｇ「ＮＫ」,ペメトレキセドナトリウムヘミペンタ水和物,５００ｍｇ１瓶,31050,
4229401D1054,ペメトレキセド点滴静注用５００ｍｇ「サワイ」,ペメトレキセドナトリウムヘミペンタ水和物,５００ｍｇ１瓶,31720,
4229401D1062,ペメトレキセド点滴静注用５００ｍｇ「ニプロ」,ペメトレキセドナトリウムヘミペンタ水和物,５００ｍｇ１瓶,30988,
4229401D1070,ペメトレキセド点滴静注用５００ｍｇ「ヤクルト」,ペメトレキセドナトリウムヘミペンタ水和物,５００ｍｇ１瓶,36314,
4229401D1089,ペメトレキセド点滴静注用５００ｍｇ「日医工Ｇ」,ペメトレキセドナトリウムヘミペンタ水和物,５００ｍｇ１瓶,30295,
4229401D2026,アリムタ注射用１００ｍｇ,ペメトレキセドナトリウム水和物,１００ｍｇ１瓶,18621,
4229401D2034,ペメトレキセド点滴静注用１００ｍｇ「Ｆ」,ペメトレキセドナトリウムヘミペンタ水和物,１００ｍｇ１瓶,7379,
4229401D2042,ペメトレキセド点滴静注用１００ｍｇ「ＮＫ」,ペメトレキセドナトリウムヘミペンタ水和物,１００ｍｇ１瓶,7547,
4229401D2050,ペメトレキセド点滴静注用１００ｍｇ「サワイ」,ペメトレキセドナトリウムヘミペンタ水和物,１００ｍｇ１瓶,7590,
4229401D2069,ペメトレキセド点滴静注用１００ｍｇ「ニプロ」,ペメトレキセドナトリウムヘミペンタ水和物,１００ｍｇ１瓶,7520,
4229401D2077,ペメトレキセド点滴静注用１００ｍｇ「ヤクルト」,ペメトレキセドナトリウムヘミペンタ水和物,１００ｍｇ１瓶,9551,
4229401D2085,ペメトレキセド点滴静注用１００ｍｇ「日医工Ｇ」,ペメトレキセドナトリウムヘミペンタ水和物,１００ｍｇ１瓶,7379,
4229401D3022,ペメトレキセド点滴静注用８００ｍｇ「Ｆ」,ペメトレキセドナトリウムヘミペンタ水和物,８００ｍｇ１瓶,43643,
4229401D3030,ペメトレキセド点滴静注用８００ｍｇ「ＮＫ」,ペメトレキセドナトリウムヘミペンタ水和物,８００ｍｇ１瓶,48141,
4229401D3049,ペメトレキセド点滴静注用８００ｍｇ「サワイ」,ペメトレキセドナトリウムヘミペンタ水和物,８００ｍｇ１瓶,45952,
4229402A1028,アラノンジー静注用２５０ｍｇ,ネララビン,２５０ｍｇ５０ｍＬ１瓶,45963,
4229403A1022,エボルトラ点滴静注２０ｍｇ,クロファラビン,２０ｍｇ２０ｍＬ１瓶,146926,
4229404A1027,ジフォルタ注射液２０ｍｇ,プララトレキサート,２０ｍｇ１ｍＬ１瓶,91292,
4231400D1031,マイトマイシン注用２ｍｇ,マイトマイシンＣ,２ｍｇ１瓶,456,
4231400D2038,マイトマイシン注用１０ｍｇ,マイトマイシンＣ,１０ｍｇ１瓶,2196,
4233400D1036,コスメゲン静注用０．５ｍｇ,アクチノマイシンＤ,０．５ｍｇ１瓶,4004,
4234400D4032,ブレオ注射用５ｍｇ,ブレオマイシン塩酸塩,５ｍｇ１瓶,1271,
4234400D5039,ブレオ注射用１５ｍｇ,ブレオマイシン塩酸塩,１５ｍｇ１瓶,3726,
4235400D1030,アクラシノン注射用２０ｍｇ,アクラルビシン塩酸塩,２０ｍｇ１瓶,2049,
4235401D1035,ダウノマイシン静注用２０ｍｇ,ダウノルビシン塩酸塩,２０ｍｇ１瓶,1971,
4235402A1025,ドキシル注２０ｍｇ,ドキソルビシン塩酸塩,２０ｍｇ１０ｍＬ１瓶,50167,
4235402A2021,ドキソルビシン塩酸塩注射液１０ｍｇ「サンド」,ドキソルビシン塩酸塩,１０ｍｇ５ｍＬ１瓶,643,R9.3.31まで
4235402A3028,ドキソルビシン塩酸塩注射液５０ｍｇ「サンド」,ドキソルビシン塩酸塩,５０ｍｇ２５ｍＬ１瓶,2687,R9.3.31まで
4235402D1030,アドリアシン注用１０,ドキソルビシン塩酸塩,１０ｍｇ１瓶,1939,
4235402D1048,ドキソルビシン塩酸塩注射用１０ｍｇ「ＮＫ」,ドキソルビシン塩酸塩,１０ｍｇ１瓶,612,
4235402D2028,ドキソルビシン塩酸塩注射用５０ｍｇ「ＮＫ」,ドキソルビシン塩酸塩,５０ｍｇ１瓶,2730,
4235402D2036,アドリアシン注用５０,ドキソルビシン塩酸塩,５０ｍｇ１瓶,6210,
4235403D1042,テラルビシン注射用１０ｍｇ,ピラルビシン塩酸塩,１０ｍｇ１瓶,3424,
4235403D1050,ピノルビン注射用１０ｍｇ,ピラルビシン塩酸塩,１０ｍｇ１瓶,3986,
4235403D2049,テラルビシン注射用２０ｍｇ,ピラルビシン塩酸塩,２０ｍｇ１瓶,7301,
4235403D2057,ピノルビン注射用２０ｍｇ,ピラルビシン塩酸塩,２０ｍｇ１瓶,7764,
4235403D3029,ピノルビン注射用３０ｍｇ,ピラルビシン塩酸塩,３０ｍｇ１瓶,11979,
4235404A1040,エピルビシン塩酸塩注射液１０ｍｇ／５ｍＬ「ＮＫ」,エピルビシン塩酸塩,１０ｍｇ５ｍＬ１瓶,2243,
4235404A2047,エピルビシン塩酸塩注射液５０ｍｇ／２５ｍＬ「ＮＫ」,エピルビシン塩酸塩,５０ｍｇ２５ｍＬ１瓶,6741,
4235404D1063,エピルビシン塩酸塩注射用１０ｍｇ「ＮＫ」,エピルビシン塩酸塩,１０ｍｇ１瓶,1375,
4235404D2060,エピルビシン塩酸塩注射用５０ｍｇ「ＮＫ」,エピルビシン塩酸塩,５０ｍｇ１瓶,6528,
4235405D1033,イダマイシン静注用５ｍｇ,イダルビシン塩酸塩,５ｍｇ１瓶,8979,
4235406D1020,カルセド注射用２０ｍｇ,アムルビシン塩酸塩,２０ｍｇ１瓶,4409,
4235406D2026,カルセド注射用５０ｍｇ,アムルビシン塩酸塩,５０ｍｇ１瓶,10265,
4239400D1030,マイロターグ点滴静注用５ｍｇ,ゲムツズマブオゾガマイシン（遺伝子組換え）,５ｍｇ１瓶,198925,
4239401D1026,ベスポンサ点滴静注用１ｍｇ,イノツズマブ　オゾガマイシン（遺伝子組換え）,１ｍｇ１瓶,1331297,
4240400D1030,オンコビン注射用１ｍｇ,ビンクリスチン硫酸塩,１ｍｇ１瓶,1806,
4240401D2015,注射用ビンブラスチン硫酸塩,ビンブラスチン硫酸塩,１０ｍｇ１瓶,2128,
4240402D1021,注射用フィルデシン１ｍｇ,ビンデシン硫酸塩,１ｍｇ１瓶,3610,
4240402D2028,注射用フィルデシン３ｍｇ,ビンデシン硫酸塩,３ｍｇ１瓶,10627,
4240403A2042,ラステット注１００ｍｇ／５ｍＬ,エトポシド,１００ｍｇ５ｍＬ１瓶,2309,
4240403A2050,ベプシド注１００ｍｇ,エトポシド,１００ｍｇ５ｍＬ１瓶,2469,
4240403A2069,エトポシド点滴静注液１００ｍｇ「サンド」,エトポシド,１００ｍｇ５ｍＬ１瓶,1301,
4240403A2093,エトポシド点滴静注液１００ｍｇ「ＳＮ」,エトポシド,１００ｍｇ５ｍＬ１瓶,2309,
4240403A2107,エトポシド点滴静注１００ｍｇ「ＮＩＧ」,エトポシド,１００ｍｇ５ｍＬ１瓶,2294,
4240404A1059,イリノテカン塩酸塩点滴静注液４０ｍｇ「ＮＫ」,イリノテカン塩酸塩水和物,４０ｍｇ２ｍＬ１瓶,1086,
4240404A1091,トポテシン点滴静注４０ｍｇ,イリノテカン塩酸塩水和物,４０ｍｇ２ｍＬ１瓶,1039,
4240404A1130,イリノテカン塩酸塩点滴静注液４０ｍｇ「ＮＰ」,イリノテカン塩酸塩水和物,４０ｍｇ２ｍＬ１瓶,3070,
4240404A1148,イリノテカン塩酸塩点滴静注液４０ｍｇ「トーワ」,イリノテカン塩酸塩水和物,４０ｍｇ２ｍＬ１瓶,1028,
4240404A1172,イリノテカン塩酸塩点滴静注液４０ｍｇ「ＳＵＮ」,イリノテカン塩酸塩水和物,４０ｍｇ２ｍＬ１瓶,922,
4240404A2012,イリノテカン塩酸塩１００ｍｇ５ｍＬ注射液,イリノテカン塩酸塩水和物,１００ｍｇ５ｍＬ１瓶,1866,
4240404A2055,イリノテカン塩酸塩点滴静注液１００ｍｇ「ＮＫ」,イリノテカン塩酸塩水和物,１００ｍｇ５ｍＬ１瓶,2414,
4240404A2098,トポテシン点滴静注１００ｍｇ,イリノテカン塩酸塩水和物,１００ｍｇ５ｍＬ１瓶,2444,
4240404A2136,イリノテカン塩酸塩点滴静注液１００ｍｇ「ＮＰ」,イリノテカン塩酸塩水和物,１００ｍｇ５ｍＬ１瓶,6878,
4240404A2144,イリノテカン塩酸塩点滴静注液１００ｍｇ「トーワ」,イリノテカン塩酸塩水和物,１００ｍｇ５ｍＬ１瓶,2319,
4240404A3027,オニバイド点滴静注４３ｍｇ,イリノテカン塩酸塩水和物,４３ｍｇ１０ｍＬ１瓶,114410,
4240405A1037,タキソテール点滴静注用２０ｍｇ,ドセタキセル水和物,２０ｍｇ０．５ｍＬ１瓶（溶解液付）,4622,
4240405A2033,タキソテール点滴静注用８０ｍｇ,ドセタキセル水和物,８０ｍｇ２ｍＬ１瓶（溶解液付）,16163,
4240405A3021,ワンタキソテール点滴静注２０ｍｇ／１ｍＬ,ドセタキセル水和物,２０ｍｇ１ｍＬ１瓶,4622,
4240405A3102,ドセタキセル点滴静注２０ｍｇ／１ｍＬ「ニプロ」,ドセタキセル,２０ｍｇ１ｍＬ１瓶,2536,
4240405A4028,ワンタキソテール点滴静注８０ｍｇ／４ｍＬ,ドセタキセル水和物,８０ｍｇ４ｍＬ１瓶,16163,
4240405A4109,ドセタキセル点滴静注８０ｍｇ／４ｍＬ「ニプロ」,ドセタキセル,８０ｍｇ４ｍＬ１瓶,8792,
4240405A5024,ドセタキセル点滴静注液２０ｍｇ／２ｍＬ「サンド」,ドセタキセル,２０ｍｇ２ｍＬ１瓶,4622,
4240405A5032,ドセタキセル点滴静注液２０ｍｇ／２ｍＬ「ホスピーラ」,ドセタキセル水和物,２０ｍｇ２ｍＬ１瓶,2263,R9.3.31まで
4240405A6020,ドセタキセル点滴静注液８０ｍｇ／８ｍＬ「サンド」,ドセタキセル,８０ｍｇ８ｍＬ１瓶,16163,
4240405A6039,ドセタキセル点滴静注液８０ｍｇ／８ｍＬ「ホスピーラ」,ドセタキセル水和物,８０ｍｇ８ｍＬ１瓶,7640,R9.3.31まで
4240405A7027,ドセタキセル点滴静注液１２０ｍｇ／１２ｍＬ「ホスピーラ」,ドセタキセル水和物,１２０ｍｇ１２ｍＬ１瓶,7204,R9.3.31まで
4240406A1031,タキソール注射液３０ｍｇ,パクリタキセル,３０ｍｇ５ｍＬ１瓶,1413,
4240406A1040,パクリタキセル注３０ｍｇ／５ｍＬ「ＮＫ」,パクリタキセル,３０ｍｇ５ｍＬ１瓶,1422,
4240406A1082,パクリタキセル注射液３０ｍｇ「ＮＰ」,パクリタキセル,３０ｍｇ５ｍＬ１瓶,1368,R9.3.31まで
4240406A2038,タキソール注射液１００ｍｇ,パクリタキセル,１００ｍｇ１６．７ｍＬ１瓶,4491,
4240406A2046,パクリタキセル注１００ｍｇ／１６．７ｍＬ「ＮＫ」,パクリタキセル,１００ｍｇ１６．７ｍＬ１瓶,4580,
4240406A2089,パクリタキセル注射液１００ｍｇ「ＮＰ」,パクリタキセル,１００ｍｇ１６．７ｍＬ１瓶,4981,R9.3.31まで
4240407A1036,ロゼウス静注液１０ｍｇ,ビノレルビン酒石酸塩,１０ｍｇ１ｍＬ１瓶,2044,
4240407A2032,ロゼウス静注液４０ｍｇ,ビノレルビン酒石酸塩,４０ｍｇ４ｍＬ１瓶,7846,
4240408A1022,ハイカムチン点滴静注液１ｍｇ／１ｍＬ,ノギテカン塩酸塩,１ｍｇ１ｍＬ１瓶,5781,
4240408D1037,ハイカムチン注射用１．１ｍｇ,ノギテカン塩酸塩,１．１ｍｇ１瓶,5781,R9.3.31まで
4240409D1023,アブラキサン点滴静注用１００ｍｇ,パクリタキセル,１００ｍｇ１瓶,30878,
4240410A1020,ジェブタナ点滴静注６０ｍｇ,カバジタキセル　アセトン付加物,６０ｍｇ１．５ｍＬ１瓶（溶解液付）,440046,
4291400A1033,ロイナーゼ注用５０００,Ｌ－アスパラギナーゼ,５，０００Ｋ単位１瓶,4850,
4291400A2030,ロイナーゼ注用１００００,Ｌ－アスパラギナーゼ,１０，０００Ｋ単位１瓶,6202,
4291401A1097,ランダ注１０ｍｇ／２０ｍＬ,シスプラチン,１０ｍｇ２０ｍＬ１瓶,921,
4291401A1119,シスプラチン点滴静注１０ｍｇ「マルコ」,シスプラチン,１０ｍｇ２０ｍＬ１瓶,983,
4291401A2115,シスプラチン点滴静注２５ｍｇ「マルコ」,シスプラチン,２５ｍｇ５０ｍＬ１瓶,2167,
4291401A3090,ランダ注５０ｍｇ／１００ｍＬ,シスプラチン,５０ｍｇ１００ｍＬ１瓶,2991,
4291401A3111,シスプラチン点滴静注５０ｍｇ「マルコ」,シスプラチン,５０ｍｇ１００ｍＬ１瓶,3363,
4291401D1026,動注用アイエーコール１００ｍｇ,シスプラチン,１００ｍｇ１瓶,52333,
4291401D2022,動注用アイエーコール５０ｍｇ,シスプラチン,５０ｍｇ１瓶,27003,
4291402A1032,ノバントロン注２０ｍｇ,ミトキサントロン塩酸塩,２０ｍｇ１０ｍＬ１瓶,29719,
4291402A2020,ノバントロン注１０ｍｇ,ミトキサントロン塩酸塩,１０ｍｇ５ｍＬ１瓶,16294,
4291403A1061,カルボプラチン点滴静注液５０ｍｇ「サンド」,カルボプラチン,５０ｍｇ５ｍＬ１瓶,1401,
4291403A1088,パラプラチン注射液５０ｍｇ,カルボプラチン,５０ｍｇ５ｍＬ１瓶,1217,
4291403A1096,カルボプラチン点滴静注液５０ｍｇ「ＮＫ」,カルボプラチン,５０ｍｇ５ｍＬ１瓶,1347,R9.3.31まで
4291403A1126,カルボプラチン注射液５０ｍｇ「日医工」,カルボプラチン,５０ｍｇ５ｍＬ１瓶,1397,
4291403A1134,カルボプラチン点滴静注液５０ｍｇ「ＳＷ」,カルボプラチン,５０ｍｇ５ｍＬ１瓶,1359,
4291403A1142,カルボプラチン注射液５０ｍｇ「ＮＫ」,カルボプラチン,５０ｍｇ５ｍＬ１瓶,1347,
4291403A2068,カルボプラチン点滴静注液１５０ｍｇ「サンド」,カルボプラチン,１５０ｍｇ１５ｍＬ１瓶,2183,
4291403A2084,パラプラチン注射液１５０ｍｇ,カルボプラチン,１５０ｍｇ１５ｍＬ１瓶,3001,
4291403A2092,カルボプラチン点滴静注液１５０ｍｇ「ＮＫ」,カルボプラチン,１５０ｍｇ１５ｍＬ１瓶,3058,R9.3.31まで
4291403A2122,カルボプラチン注射液１５０ｍｇ「日医工」,カルボプラチン,１５０ｍｇ１５ｍＬ１瓶,3363,
4291403A2130,カルボプラチン点滴静注液１５０ｍｇ「ＳＷ」,カルボプラチン,１５０ｍｇ１５ｍＬ１瓶,3102,
4291403A2149,カルボプラチン注射液１５０ｍｇ「ＮＫ」,カルボプラチン,１５０ｍｇ１５ｍＬ１瓶,3058,
4291403A3064,カルボプラチン点滴静注液４５０ｍｇ「サンド」,カルボプラチン,４５０ｍｇ４５ｍＬ１瓶,4966,
4291403A3080,パラプラチン注射液４５０ｍｇ,カルボプラチン,４５０ｍｇ４５ｍＬ１瓶,7514,
4291403A3099,カルボプラチン点滴静注液４５０ｍｇ「ＮＫ」,カルボプラチン,４５０ｍｇ４５ｍＬ１瓶,7294,R9.3.31まで
4291403A3129,カルボプラチン注射液４５０ｍｇ「日医工」,カルボプラチン,４５０ｍｇ４５ｍＬ１瓶,4877,
4291403A3137,カルボプラチン点滴静注液４５０ｍｇ「ＳＷ」,カルボプラチン,４５０ｍｇ４５ｍＬ１瓶,7325,
4291403A3145,カルボプラチン注射液４５０ｍｇ「ＮＫ」,カルボプラチン,４５０ｍｇ４５ｍＬ１瓶,7294,
4291405F1025,アクプラ静注用１０ｍｇ,ネダプラチン,１０ｍｇ１瓶,3964,
4291405F2021,アクプラ静注用５０ｍｇ,ネダプラチン,５０ｍｇ１瓶,16573,
4291405F3028,アクプラ静注用１００ｍｇ,ネダプラチン,１００ｍｇ１瓶,36602,
4291406D5024,ハーセプチン注射用６０,トラスツズマブ（遺伝子組換え）,６０ｍｇ１瓶,9807,R9.3.31まで
4291406D6020,ハーセプチン注射用１５０,トラスツズマブ（遺伝子組換え）,１５０ｍｇ１瓶,22063,
4291407A1035,リツキサン点滴静注１００ｍｇ,リツキシマブ（遺伝子組換え）,１００ｍｇ１０ｍＬ１瓶,15341,
4291407A2031,リツキサン点滴静注５００ｍｇ,リツキシマブ（遺伝子組換え）,５００ｍｇ５０ｍＬ１瓶,78002,
4291408A1021,ロイスタチン注８ｍｇ,クラドリビン,８ｍｇ８ｍＬ１瓶,68692,
4291409A2022,トリセノックス点滴静注１２ｍｇ,三酸化二ヒ素,１２ｍｇ６ｍＬ１瓶,26932,
4291410A1010,オキサリプラチン５０ｍｇ１０ｍＬ注射液,オキサリプラチン,５０ｍｇ１０ｍＬ１瓶,2291,
4291410A1029,エルプラット点滴静注液５０ｍｇ,オキサリプラチン,５０ｍｇ１０ｍＬ１瓶,8074,
4291410A1061,オキサリプラチン点滴静注液５０ｍｇ／１０ｍＬ「ホスピーラ」,オキサリプラチン,５０ｍｇ１０ｍＬ１瓶,2291,R9.3.31まで
4291410A1070,オキサリプラチン点滴静注液５０ｍｇ「ＤＳＥＰ」,オキサリプラチン,５０ｍｇ１０ｍＬ１瓶,4821,
4291410A1126,オキサリプラチン点滴静注５０ｍｇ「トーワ」,オキサリプラチン,５０ｍｇ１０ｍＬ１瓶,4510,
4291410A1142,オキサリプラチン点滴静注液５０ｍｇ「ニプロ」,オキサリプラチン,５０ｍｇ１０ｍＬ１瓶,8074,
4291410A2017,オキサリプラチン１００ｍｇ２０ｍＬ注射液,オキサリプラチン,１００ｍｇ２０ｍＬ１瓶,4720,
4291410A2025,エルプラット点滴静注液１００ｍｇ,オキサリプラチン,１００ｍｇ２０ｍＬ１瓶,16840,
4291410A2068,オキサリプラチン点滴静注液１００ｍｇ／２０ｍＬ「ホスピーラ」,オキサリプラチン,１００ｍｇ２０ｍＬ１瓶,4720,R9.3.31まで
4291410A2076,オキサリプラチン点滴静注液１００ｍｇ「ＤＳＥＰ」,オキサリプラチン,１００ｍｇ２０ｍＬ１瓶,17768,
4291410A2122,オキサリプラチン点滴静注１００ｍｇ「トーワ」,オキサリプラチン,１００ｍｇ２０ｍＬ１瓶,7774,
4291410A3021,エルプラット点滴静注液２００ｍｇ,オキサリプラチン,２００ｍｇ４０ｍＬ１瓶,21535,
4291410A3064,オキサリプラチン点滴静注液２００ｍｇ「ＤＳＥＰ」,オキサリプラチン,２００ｍｇ４０ｍＬ１瓶,16680,
4291410A3080,オキサリプラチン点滴静注液２００ｍｇ「ＮＫ」,オキサリプラチン,２００ｍｇ４０ｍＬ１瓶,8559,
4291410A3110,オキサリプラチン点滴静注２００ｍｇ「トーワ」,オキサリプラチン,２００ｍｇ４０ｍＬ１瓶,13705,
4291410A3137,オキサリプラチン点滴静注液２００ｍｇ「ニプロ」,オキサリプラチン,２００ｍｇ４０ｍＬ１瓶,7669,
4291410A3153,オキサリプラチン点滴静注液２００ｍｇ／４０ｍＬ「ホスピーラ」,オキサリプラチン,２００ｍｇ４０ｍＬ１瓶,7669,R9.3.31まで
4291410A3161,オキサリプラチン点滴静注液２００ｍｇ「ＮＩＧ」,オキサリプラチン,２００ｍｇ４０ｍＬ１瓶,9168,
4291412D1016,ボルテゾミブ３ｍｇ注射用,ボルテゾミブ,３ｍｇ１瓶,15700,
4291412D1024,ベルケイド注射用３ｍｇ,ボルテゾミブ,３ｍｇ１瓶,66114,
4291412D1032,ボルテゾミブ注射用３ｍｇ「ＤＳＥＰ」,ボルテゾミブ,３ｍｇ１瓶,26076,
4291412D1040,ボルテゾミブ注射用３ｍｇ「ＮＫ」,ボルテゾミブ,３ｍｇ１瓶,21353,
4291412D1059,ボルテゾミブ注射用３ｍｇ「サワイ」,ボルテゾミブ,３ｍｇ１瓶,20801,
4291412D1067,ボルテゾミブ注射用３ｍｇ「トーワ」,ボルテゾミブ,３ｍｇ１瓶,21561,
4291412D1091,ボルテゾミブ注射用３ｍｇ「タカタ」,ボルテゾミブ,３ｍｇ１瓶,20531,
4291412D2020,ボルテゾミブ注射用２ｍｇ「トーワ」,ボルテゾミブ,２ｍｇ１瓶,17935,
4291412D3027,ボルテゾミブ注射用１ｍｇ「ファイザー」,ボルテゾミブ水和物,１ｍｇ１瓶,10403,
4291413A1022,アバスチン点滴静注用１００ｍｇ／４ｍＬ,ベバシズマブ（遺伝子組換え）,１００ｍｇ４ｍＬ１瓶,15049,
4291413A2029,アバスチン点滴静注用４００ｍｇ／１６ｍＬ,ベバシズマブ（遺伝子組換え）,４００ｍｇ１６ｍＬ１瓶,56525,
4291414G1020,ゼヴァリン　イットリウム（９０Ｙ）静注用セット,イブリツモマブ　チウキセタン（遺伝子組換え）・塩化イットリウム（９０Ｙ）,１セット,2287684,
4291415A1021,アービタックス注射液１００ｍｇ,セツキシマブ（遺伝子組換え）,１００ｍｇ２０ｍＬ１瓶,20171,
4291415A2028,アービタックス注射液５００ｍｇ,セツキシマブ（遺伝子組換え）,５００ｍｇ１００ｍＬ１瓶,96687,
4291416D1022,ミリプラ動注用７０ｍｇ,ミリプラチン水和物,７０ｍｇ１瓶,34365,
4291417A1020,ベクティビックス点滴静注１００ｍｇ,パニツムマブ（遺伝子組換え）,１００ｍｇ５ｍＬ１瓶,53386,
4291417A2027,ベクティビックス点滴静注４００ｍｇ,パニツムマブ（遺伝子組換え）,４００ｍｇ２０ｍＬ１瓶,223997,
4291418A1025,トーリセル点滴静注液２５ｍｇ,テムシロリムス,２５ｍｇ１ｍＬ１瓶（希釈液付）,75259,
4291419D1026,ビダーザ注射用１００ｍｇ,アザシチジン,１００ｍｇ１瓶,19862,
4291419D1034,アザシチジン注射用１００ｍｇ「ＮＫ」,アザシチジン,１００ｍｇ１瓶,9992,
4291419D1042,アザシチジン注射用１００ｍｇ「オーハラ」,アザシチジン,１００ｍｇ１瓶,11003,
4291419D1050,アザシチジン注射用１００ｍｇ「サワイ」,アザシチジン,１００ｍｇ１瓶,8723,
4291419D2022,アザシチジン注射用１５０ｍｇ「ＮＫ」,アザシチジン,１５０ｍｇ１瓶,15984,
4291419D2030,アザシチジン注射用１５０ｍｇ「オーハラ」,アザシチジン,１５０ｍｇ１瓶,15331,
4291420A1022,ハラヴェン静注１ｍｇ,エリブリンメシル酸塩,１ｍｇ２ｍＬ１瓶,50010,
4291420A1030,エリブリンメシル酸塩静注液１ｍｇ「日医工」,エリブリンメシル酸塩,１ｍｇ２ｍＬ１瓶,23399,
4291420A1049,エリブリンメシル酸塩静注液１ｍｇ「ニプロ」,エリブリンメシル酸塩,１ｍｇ２ｍＬ１瓶,22997,
4291421G1020,フェソロデックス筋注２５０ｍｇ,フルベストラント,２５０ｍｇ５ｍＬ１筒,38401,
4291422A1021,ポテリジオ点滴静注２０ｍｇ,モガムリズマブ（遺伝子組換え）,２０ｍｇ５ｍＬ１瓶,171219,
4291424A1020,パージェタ点滴静注４２０ｍｇ／１４ｍＬ,ペルツズマブ（遺伝子組換え）,４２０ｍｇ１４ｍＬ１瓶,206472,
4291425D1021,アドセトリス点滴静注用５０ｍｇ,ブレンツキシマブ　ベドチン（遺伝子組換え）,５０ｍｇ１瓶,388958,
4291426D1026,カドサイラ点滴静注用１００ｍｇ,トラスツズマブ　エムタンシン（遺伝子組換え）,１００ｍｇ１瓶,235820,
4291426D2022,カドサイラ点滴静注用１６０ｍｇ,トラスツズマブ　エムタンシン（遺伝子組換え）,１６０ｍｇ１瓶,375077,
4291427A1024,オプジーボ点滴静注２０ｍｇ,ニボルマブ（遺伝子組換え）,２０ｍｇ２ｍＬ１瓶,27130,
4291427A2020,オプジーボ点滴静注１００ｍｇ,ニボルマブ（遺伝子組換え）,１００ｍｇ１０ｍＬ１瓶,131811,
4291427A3027,オプジーボ点滴静注２４０ｍｇ,ニボルマブ（遺伝子組換え）,２４０ｍｇ２４ｍＬ１瓶,311444,
4291427A4023,オプジーボ点滴静注１２０ｍｇ,ニボルマブ（遺伝子組換え）,１２０ｍｇ１２ｍＬ１瓶,157660,
4291428A1029,マブキャンパス点滴静注３０ｍｇ,アレムツズマブ（遺伝子組換え）,３０ｍｇ１ｍＬ１瓶,90907,
4291429A1023,サイラムザ点滴静注液１００ｍｇ,ラムシルマブ（遺伝子組換え）,１００ｍｇ１０ｍＬ１瓶,76659,
4291429A2020,サイラムザ点滴静注液５００ｍｇ,ラムシルマブ（遺伝子組換え）,５００ｍｇ５０ｍＬ１瓶,362032,
4291430A1026,ヤーボイ点滴静注液５０ｍｇ,イピリムマブ（遺伝子組換え）,５０ｍｇ１０ｍＬ１瓶,419578,
4291430A2022,ヤーボイ点滴静注液２０ｍｇ,イピリムマブ（遺伝子組換え）,２０ｍｇ４ｍＬ１瓶,170598,
4291431D1027,ヨンデリス点滴静注用０．２５ｍｇ,トラベクテジン,０．２５ｍｇ１瓶,49368,
4291431D2023,ヨンデリス点滴静注用１ｍｇ,トラベクテジン,１ｍｇ１瓶,190625,
4291432A1025,ゾーフィゴ静注,塩化ラジウム（２２３Ｒａ）,１回分,697614,
4291433D1026,カイプロリス点滴静注用１０ｍｇ,カルフィルゾミブ,１０ｍｇ１瓶,24426,
4291433D2022,カイプロリス点滴静注用４０ｍｇ,カルフィルゾミブ,４０ｍｇ１瓶,84315,
4291434D1020,エムプリシティ点滴静注用３００ｍｇ,エロツズマブ（遺伝子組換え）,３００ｍｇ１瓶,162608,
4291434D2027,エムプリシティ点滴静注用４００ｍｇ,エロツズマブ（遺伝子組換え）,４００ｍｇ１瓶,212305,
4291435A2025,キイトルーダ点滴静注１００ｍｇ,ペムブロリズマブ（遺伝子組換え）,１００ｍｇ４ｍＬ１瓶,199462,
4291436A1023,ザルトラップ点滴静注１００ｍｇ,アフリベルセプト　ベータ（遺伝子組換え）,１００ｍｇ４ｍＬ１瓶,60813,
4291436A2020,ザルトラップ点滴静注２００ｍｇ,アフリベルセプト　ベータ（遺伝子組換え）,２００ｍｇ８ｍＬ１瓶,118385,
4291437A1028,ダラザレックス点滴静注１００ｍｇ,ダラツムマブ（遺伝子組換え）,１００ｍｇ５ｍＬ１瓶,52262,
4291437A2024,ダラザレックス点滴静注４００ｍｇ,ダラツムマブ（遺伝子組換え）,４００ｍｇ２０ｍＬ１瓶,187970,
4291438A1022,バベンチオ点滴静注２００ｍｇ,アベルマブ（遺伝子組換え）,２００ｍｇ１０ｍＬ１瓶,166397,
4291439A1027,リツキシマブＢＳ点滴静注１００ｍｇ「ＫＨＫ」,リツキシマブ（遺伝子組換え）［リツキシマブ後続１］,１００ｍｇ１０ｍＬ１瓶,9274,
4291439A2023,リツキシマブＢＳ点滴静注５００ｍｇ「ＫＨＫ」,リツキシマブ（遺伝子組換え）［リツキシマブ後続１］,５００ｍｇ５０ｍＬ１瓶,44485,
4291440D1026,イストダックス点滴静注用１０ｍｇ,ロミデプシン,１０ｍｇ１瓶（溶解液付）,111785,
4291441A1024,テセントリク点滴静注１２００ｍｇ,アテゾリズマブ（遺伝子組換え）,１，２００ｍｇ２０ｍＬ１瓶,563917,
4291441A2020,テセントリク点滴静注８４０ｍｇ,アテゾリズマブ（遺伝子組換え）,８４０ｍｇ１４ｍＬ１瓶,445699,
4291442D1033,トラスツズマブＢＳ点滴静注用６０ｍｇ「ＮＫ」,トラスツズマブ（遺伝子組換え）［トラスツズマブ後続１］,６０ｍｇ１瓶,4033,
4291442D2030,トラスツズマブＢＳ点滴静注用１５０ｍｇ「ＮＫ」,トラスツズマブ（遺伝子組換え）［トラスツズマブ後続１］,１５０ｍｇ１瓶,9383,
4291443A1023,イミフィンジ点滴静注１２０ｍｇ,デュルバルマブ（遺伝子組換え）,１２０ｍｇ２．４ｍＬ１瓶,69568,
4291443A2020,イミフィンジ点滴静注５００ｍｇ,デュルバルマブ（遺伝子組換え）,５００ｍｇ１０ｍＬ１瓶,282585,
4291444A1028,ガザイバ点滴静注１０００ｍｇ,オビヌツズマブ（遺伝子組換え）,１，０００ｍｇ４０ｍＬ１瓶,458799,
4291445D1029,ビーリンサイト点滴静注用３５μｇ,ブリナツモマブ（遺伝子組換え）,３５μｇ１瓶（輸液安定化液付）,285961,
4291447D1028,トラスツズマブＢＳ点滴静注用６０ｍｇ「ファイザー」,トラスツズマブ（遺伝子組換え）［トラスツズマブ後続３］,６０ｍｇ１瓶,3960,
4291447D2024,トラスツズマブＢＳ点滴静注用１５０ｍｇ「ファイザー」,トラスツズマブ（遺伝子組換え）［トラスツズマブ後続３］,１５０ｍｇ１瓶,8949,
4291448A1026,ポートラーザ点滴静注液８００ｍｇ,ネシツムマブ（遺伝子組換え）,８００ｍｇ５０ｍＬ１瓶,228115,
4291449A1020,ベバシズマブＢＳ点滴静注１００ｍｇ「ファイザー」,ベバシズマブ（遺伝子組換え）［ベバシズマブ後続１］,１００ｍｇ４ｍＬ１瓶,5932,
4291449A2027,ベバシズマブＢＳ点滴静注４００ｍｇ「ファイザー」,ベバシズマブ（遺伝子組換え）［ベバシズマブ後続１］,４００ｍｇ１６ｍＬ１瓶,22130,
4291451A1028,リツキシマブＢＳ点滴静注１００ｍｇ「ファイザー」,リツキシマブ（遺伝子組換え）［リツキシマブ後続２］,１００ｍｇ１０ｍＬ１瓶,8389,
4291451A2024,リツキシマブＢＳ点滴静注５００ｍｇ「ファイザー」,リツキシマブ（遺伝子組換え）［リツキシマブ後続２］,５００ｍｇ５０ｍＬ１瓶,40357,
4291452D1029,エンハーツ点滴静注用１００ｍｇ,トラスツズマブ　デルクステカン（遺伝子組換え）,１００ｍｇ１瓶,192652,
4291453A1027,ステボロニン点滴静注バッグ９０００ｍｇ／３００ｍＬ,ボロファラン（１０Ｂ）,９，０００ｍｇ３００ｍＬ１袋,444215,
4291454A1021,サークリサ点滴静注１００ｍｇ,イサツキシマブ（遺伝子組換え）,１００ｍｇ５ｍＬ１瓶,51309,
4291454A2028,サークリサ点滴静注５００ｍｇ,イサツキシマブ（遺伝子組換え）,５００ｍｇ２５ｍＬ１瓶,226768,
4291455D1022,ポライビー点滴静注用３０ｍｇ,ポラツズマブ　ベドチン（遺伝子組換え）,３０ｍｇ１瓶,254001,
4291455D2029,ポライビー点滴静注用１４０ｍｇ,ポラツズマブ　ベドチン（遺伝子組換え）,１４０ｍｇ１瓶,1159681,
4291456D1027,レミトロ点滴静注用３００μｇ,デニロイキン　ジフチトクス（遺伝子組換え）,３００μｇ１瓶,85601,
4291457A1025,ユニツキシン点滴静注１７．５ｍｇ／５ｍＬ,ジヌツキシマブ（遺伝子組換え）,１７．５ｍｇ５ｍＬ１瓶,1365888,
4291458A1020,ルタテラ静注,ルテチウムオキソドトレオチド（１７７Ｌｕ）,７．４ＧＢｑ２５ｍＬ１瓶,2647734,
4291459D1020,パドセブ点滴静注用３０ｍｇ,エンホルツマブ　ベドチン（遺伝子組換え）,３０ｍｇ１瓶,80674,
4291459D2027,パドセブ点滴静注用２０ｍｇ,エンホルツマブ　ベドチン（遺伝子組換え）,２０ｍｇ１瓶,54059,
4291460A1027,ライアットＭＩＢＧ－Ｉ１３１静注,３－ヨードベンジルグアニジン（１３１Ｉ）,１．８５ＧＢｑ５ｍＬ１瓶,1072335,
4291461A1021,ベバシズマブＢＳ点滴静注１００ｍｇ「日医工」,ベバシズマブ（遺伝子組換え）［ベバシズマブ後続３］,１００ｍｇ４ｍＬ１瓶,6125,
4291461A2028,ベバシズマブＢＳ点滴静注４００ｍｇ「日医工」,ベバシズマブ（遺伝子組換え）［ベバシズマブ後続３］,４００ｍｇ１６ｍＬ１瓶,22234,
4291462D1022,ダルビアス点滴静注用１３５ｍｇ,ダリナパルシン,１３５ｍｇ１瓶,31692,
4291463A1020,ベバシズマブＢＳ点滴静注１００ｍｇ「ＣＴＮＫ」,ベバシズマブ（遺伝子組換え）［ベバシズマブ後続４］,１００ｍｇ４ｍＬ１瓶,6038,
4291463A2027,ベバシズマブＢＳ点滴静注４００ｍｇ「ＣＴＮＫ」,ベバシズマブ（遺伝子組換え）［ベバシズマブ後続４］,４００ｍｇ１６ｍＬ１瓶,22709,
4291464E1027,アーウィナーゼ筋注用１００００,クリサンタスパーゼ,１０，０００単位１瓶,172931,
4291465A1020,イジュド点滴静注２５ｍｇ,トレメリムマブ（遺伝子組換え）,２５ｍｇ１．２５ｍＬ１瓶,213831,
4291465A2026,イジュド点滴静注３００ｍｇ,トレメリムマブ（遺伝子組換え）,３００ｍｇ１５ｍＬ１瓶,2310355,
4291466A1024,リブタヨ点滴静注３５０ｍｇ,セミプリマブ（遺伝子組換え）,３５０ｍｇ７ｍＬ１瓶,450437,
4291467G1021,ベスレミ皮下注２５０μｇシリンジ,ロペグインターフェロン　アルファ－２ｂ（遺伝子組換え）,２５０μｇ０．５ｍＬ１筒,272587,
4291467G2028,ベスレミ皮下注５００μｇシリンジ,ロペグインターフェロン　アルファ－２ｂ（遺伝子組換え）,５００μｇ１ｍＬ１筒,518246,
4291468D1020,オンキャスパー点滴静注用３７５０,ペグアスパルガーゼ,３，７５０国際単位１瓶,230637,
4291469A1028,エプキンリ皮下注４ｍｇ,エプコリタマブ（遺伝子組換え）,４ｍｇ０．８ｍＬ１瓶,133968,
4291469A2024,エプキンリ皮下注４８ｍｇ,エプコリタマブ（遺伝子組換え）,４８ｍｇ０．８ｍＬ１瓶,1551853,
4291470A1020,エルレフィオ皮下注４４ｍｇ,エルラナタマブ（遺伝子組換え）,４４ｍｇ１．１ｍＬ１瓶,558501,
4291470A2027,エルレフィオ皮下注７６ｍｇ,エルラナタマブ（遺伝子組換え）,７６ｍｇ１．９ｍＬ１瓶,957222,
4291471D1021,ビロイ点滴静注用１００ｍｇ,ゾルベツキシマブ（遺伝子組換え）,１００ｍｇ１瓶,63956,
4291471D2028,ビロイ点滴静注用３００ｍｇ,ゾルベツキシマブ（遺伝子組換え）,３００ｍｇ１瓶,188143,
4291472D1026,トロデルビ点滴静注用２００ｍｇ,サシツズマブ　ゴビテカン（遺伝子組換え）,２００ｍｇ１瓶,187195,
4291473A1024,ライブリバント点滴静注３５０ｍｇ,アミバンタマブ（遺伝子組換え）,３５０ｍｇ７ｍＬ１瓶,160014,
4291474D1025,ダトロウェイ点滴静注用１００ｍｇ,ダトポタマブ　デルクステカン（遺伝子組換え）,１００ｍｇ１瓶,311990,
4291475A1023,テクベイリ皮下注３０ｍｇ,テクリスタマブ（遺伝子組換え）,３０ｍｇ３ｍＬ１瓶,216930,
4291475A2020,テクベイリ皮下注１５３ｍｇ,テクリスタマブ（遺伝子組換え）,１５３ｍｇ１．７ｍＬ１瓶,1081023,
4291476A1028,ルンスミオ点滴静注１ｍｇ,モスネツズマブ（遺伝子組換え）,１ｍｇ１ｍＬ１瓶,81434,
4291476A2024,ルンスミオ点滴静注３０ｍｇ,モスネツズマブ（遺伝子組換え）,３０ｍｇ３０ｍＬ１瓶,2327790,
4291476A3020,ルンスミオ皮下注５ｍｇ,モスネツズマブ（遺伝子組換え）,５ｍｇ０．５ｍＬ１瓶,266843,
4291476A4027,ルンスミオ皮下注４５ｍｇ,モスネツズマブ（遺伝子組換え）,４５ｍｇ１ｍＬ１瓶,2327787,
4291477D1029,イムデトラ点滴静注用１ｍｇ,タルラタマブ（遺伝子組換え）,１ｍｇ１瓶（輸液安定化液付）,140528,
4291477D2025,イムデトラ点滴静注用１０ｍｇ,タルラタマブ（遺伝子組換え）,１０ｍｇ１瓶（輸液安定化液付）,1360042,
4291478A1027,テビムブラ点滴静注１００ｍｇ,チスレリズマブ（遺伝子組換え）,１００ｍｇ１０ｍＬ１瓶,214498,
4291479D1028,テブダック点滴静注用４０ｍｇ,チソツマブ　ベドチン（遺伝子組換え）,４０ｍｇ１瓶,252241,
4291480A1024,タービー皮下注３ｍｇ,トアルクエタマブ（遺伝子組換え）,３ｍｇ１．５ｍＬ１瓶,146284,
4291480A2020,タービー皮下注４０ｍｇ,トアルクエタマブ（遺伝子組換え）,４０ｍｇ１ｍＬ１瓶,1879962,
4291481A1029,プルヴィクト静注,ルテチウムビピボチドテトラキセタン（１７７Ｌｕ）,７．４ＧＢｑ１瓶,3389878,
4291482A1023,エルゾンリス点滴静注１０００μｇ,タグラキソフスプ（遺伝子組換え）,１，０００μｇ１ｍＬ１瓶,3607878,
4291483A1028,ジニイズ点滴静注５００ｍｇ,レチファンリマブ（遺伝子組換え）,５００ｍｇ２０ｍＬ１瓶,611671,
4291484D1029,ブーレンレップ点滴静注用１００ｍｇ,ベランタマブ　マホドチン（遺伝子組換え）,１００ｍｇ１瓶,1284052,
4291484D2025,ブーレンレップ点滴静注用７０ｍｇ,ベランタマブ　マホドチン（遺伝子組換え）,７０ｍｇ１瓶,923754,
4291485D1023,ミンジュビ点滴静注用２００ｍｇ,タファシタマブ（遺伝子組換え）,２００ｍｇ１瓶,125201,
4291500A1023,ダラキューロ配合皮下注,ダラツムマブ（遺伝子組換え）・ボルヒアルロニダーゼ　アルファ（遺伝子組換え）,１５ｍＬ１瓶,407109,
4291501A1028,フェスゴ配合皮下注　ＭＡ,ペルツズマブ（遺伝子組換え）・トラスツズマブ（遺伝子組換え）・ボルヒアルロニダーゼ　アルファ（遺伝子組換え）,１０ｍＬ１瓶,257938,
4291501A2024,フェスゴ配合皮下注　ＩＮ,ペルツズマブ（遺伝子組換え）・トラスツズマブ（遺伝子組換え）・ボルヒアルロニダーゼ　アルファ（遺伝子組換え）,１５ｍＬ１瓶,452686,
4291502D1029,ビキセオス配合静注用,ダウノルビシン塩酸塩・シタラビン,（１４４ｍｇ）１瓶,877877,
4291503A1027,リブロファズ配合皮下注,アミバンタマブ（遺伝子組換え）・ボルヒアルロニダーゼ　アルファ（遺伝子組換え）,１０ｍＬ１瓶,480046,
4299400D5025,ピシバニール注射用１ＫＥ,溶連菌抽出物,１ＫＥ１瓶,5754,
4299400D6021,ピシバニール注射用５ＫＥ,溶連菌抽出物,５ＫＥ１瓶,11570,
4299404D1028,注射用レザフィリン１００ｍｇ,タラポルフィンナトリウム,１００ｍｇ１瓶,518684,
4299405D1022,ユニタルク胸膜腔内注入用懸濁剤４ｇ,滅菌調整タルク,４ｇ１瓶,7236,
4299406A1020,アキャルックス点滴静注２５０ｍｇ,セツキシマブ　サロタロカンナトリウム（遺伝子組換え）,２５０ｍｇ５０ｍＬ１瓶,1026825,
4300400X1029,ウルトラテクネカウ,過テクネチウム酸ナトリウム（９９ｍＴｃ）,１０ＭＢｑ,266,
4300400X1053,メジテック,過テクネチウム酸ナトリウム（９９ｍＴｃ）,１０ＭＢｑ,277,
4300401A1020,キドニーシンチＴｃ－９９ｍ注,ジメルカプトコハク酸テクネチウム（９９ｍＴｃ）,１０ＭＢｑ,672,
4300404A1024,スズコロイドＴｃ－９９ｍ注調製用キット,テクネチウムスズコロイド（９９ｍＴｃ）,１回分,2692,
4300406X1026,テクネＤＴＰＡキット,ジエチレントリアミン五酢酸テクネチウム（９９ｍＴｃ）,１回分,3165,
4300408D1029,テクネピロリン酸キット,ピロリン酸テクネチウム（９９ｍＴｃ）,１回分,3168,
4300410A1020,テクネＭＤＰ注射液,メチレンジホスホン酸テクネチウム（９９ｍＴｃ）,７４０ＭＢｑ１筒,29023,
4300410A2026,テクネＭＤＰ注射液,メチレンジホスホン酸テクネチウム（９９ｍＴｃ）,３７０ＭＢｑ１筒,21965,
4300410A3022,テクネＭＤＰ注射液,メチレンジホスホン酸テクネチウム（９９ｍＴｃ）,５５５ＭＢｑ１筒,21965,
4300410A4029,テクネＭＤＰ注射液,メチレンジホスホン酸テクネチウム（９９ｍＴｃ）,９２５ＭＢｑ１筒,37443,
4300410D1026,テクネＭＤＰキット,メチレンジホスホン酸テクネチウム（９９ｍＴｃ）,１回分,3143,
4300411A2020,テクネＭＡＡキット,テクネチウム大凝集人血清アルブミン（９９ｍＴｃ）,１回分,4315,
4300412A1010,過テクネチウム酸ナトリウム（９９ｍＴｃ）注射液,過テクネチウム酸ナトリウム（９９ｍＴｃ）,１０ＭＢｑ,376,
4300413A1023,クリアボーン注,ヒドロキシメチレンジホスホン酸テクネチウム（９９ｍＴｃ）,１０ＭＢｑ,404,
4300415A1022,ヘパティメージ注,Ｎ－ピリドキシル－５－メチルトリプトファンテクネチウム（９９ｍＴｃ）,１０ＭＢｑ,805,
4300415X1025,クリアボーンキット,ヒドロキシメチレンジホスホン酸テクネチウム（９９ｍＴｃ）,１回分,3365,
4300417A1021,テクネフチン酸キット,フィチン酸テクネチウムナトリウム（９９ｍＴｃ）,１回分,2592,
4300418D1030,セレブロテックキット,エキサメタジムテクネチウム（９９ｍＴｃ）,１回分,21325,
4300419A1020,プールシンチ注,人血清アルブミンジエチレントリアミン五酢酸テクネチウム（９９ｍＴｃ）,１０ＭＢｑ,580,
4300420A1023,インジウムＤＴＰＡ（１１１Ｉｎ）注,ジエチレントリアミン五酢酸インジウム（１１１Ｉｎ）,１０ＭＢｑ,5620,
4300422A1014,クロム酸ナトリウム（５１Ｃｒ）注射液,クロム酸ナトリウム（５１Ｃｒ）,１ＭＢｑ,1171,
4300424A1013,ヨウ化人血清アルブミン（１３１Ｉ）注射液,ヨウ化人血清アルブミン（１３１Ｉ）,１ＭＢｑ,3298,
4300426A1020,アドステロール－Ｉ１３１注射液,ヨウ化メチルノルコレステノール（１３１Ｉ）,１ＭＢｑ,1084,R9.3.31まで
4300428A1011,クエン酸ガリウム（６７Ｇａ）注射液,クエン酸ガリウム（６７Ｇａ）,１０ＭＢｑ,3021,
4300430A1027,塩化インジウム（１１１Ｉｎ）注（日本メジフィジックス）,塩化インジウム（１１１Ｉｎ）,１患者当たり,30041,
4300431A1021,パーヒューザミン注,塩酸Ｎ－イソプロピル－４－ヨードアンフェタミン（１２３Ｉ）,１０ＭＢｑ,2456,
4300431A1030,イオフェタミン（１２３Ｉ）注射液「第一」,塩酸Ｎ－イソプロピル－４－ヨードアンフェタミン（１２３Ｉ）,１０ＭＢｑ,2456,
4300432A1018,塩化タリウム（２０１Ｔｌ）注射液,塩化タリウム（２０１Ｔｌ）,１０ＭＢｑ,4526,
4300435A1020,アシアロシンチ注,ガラクトシル人血清アルブミンジエチレントリアミン五酢酸テクネチウム（９９ｍＴｃ）,１０ＭＢｑ,841,
4300437A1029,ミオＭＩＢＧ－Ｉ１２３注射液,３－ヨードベンジルグアニジン（１２３Ｉ）,１０ＭＢｑ,4043,
4300438A1023,カルディオダイン注,ヨードフェニルメチルペンタデカン酸（１２３Ｉ）,１０ＭＢｑ,3180,
4300439D1024,カーディオライト　第一,テトラキスメトキシイソブチルイソニトリル銅（Ｉ）四フッ化ホウ酸,１回分,30307,
4300440D1027,カーディオライト注射液　第一,ヘキサキスメトキシイソブチルイソニトリルテクネチウム（９９ｍＴｃ）,６００ＭＢｑ１筒,49585,
4300440D2023,カーディオライト注射液　第一,ヘキサキスメトキシイソブチルイソニトリルテクネチウム（９９ｍＴｃ）,３７０ＭＢｑ１筒,25802,
4300440D3020,カーディオライト注射液　第一,ヘキサキスメトキシイソブチルイソニトリルテクネチウム（９９ｍＴｃ）,７４０ＭＢｑ１筒,51043,
4300440D4026,カーディオライト注射液　第一,ヘキサキスメトキシイソブチルイソニトリルテクネチウム（９９ｍＴｃ）,２５９ＭＢｑ１筒,18163,
4300442G1022,ニューロライト第一,エチレンジシスティネートオキソテクネチウム（９９ｍＴｃ）,１回分,18730,
4300443A1024,ニューロライト注射液第一,エチレンジシスティネートオキソテクネチウム（９９ｍＴｃ）,６００ＭＢｑ１筒,44312,
4300443A2020,ニューロライト注射液第一,エチレンジシスティネートオキソテクネチウム（９９ｍＴｃ）,４００ＭＢｑ１筒,29228,
4300444G1021,テクネＭＡＧ３キット,ベンゾイルメルカプトアセチルグリシルグリシルグリシン,１回分,25914,
4300445A1023,テクネＭＡＧ３注射液,メルカプトアセチルグリシルグリシルグリシンテクネチウム（９９ｍＴｃ）,２００ＭＢｑ１筒,24000,
4300445A2020,テクネＭＡＧ３注射液,メルカプトアセチルグリシルグリシルグリシンテクネチウム（９９ｍＴｃ）,３００ＭＢｑ１筒,35294,
4300445A3026,テクネＭＡＧ３注射液,メルカプトアセチルグリシルグリシルグリシンテクネチウム（９９ｍＴｃ）,４００ＭＢｑ１筒,46520,
4300446D1024,マイオビュー「注射用」,テトロホスミンテクネチウム（９９ｍＴｃ）,１回分,30103,
4300446G1020,マイオビュー注シリンジ,テトロホスミンテクネチウム（９９ｍＴｃ）,２９６ＭＢｑ１筒,24236,
4300446G2027,マイオビュー注シリンジ,テトロホスミンテクネチウム（９９ｍＴｃ）,５９２ＭＢｑ１筒,44205,
4300446G3023,マイオビュー注シリンジ,テトロホスミンテクネチウム（９９ｍＴｃ）,７４０ＭＢｑ１筒,49140,
4300447A1022,ベンゾダイン注,イオマゼニル（１２３Ｉ）,１０ＭＢｑ,3518,
4300450G1027,ゼヴァリン　インジウム（１１１Ｉｎ）静注用セット,イブリツモマブ　チウキセタン（遺伝子組換え）・塩化インジウム（１１１Ｉｎ）,１セット,1872027,
4300451G1021,ダットスキャン静注,イオフルパン（１２３Ｉ）,１６７ＭＢｑ１筒,57684,
4300452G1026,オクトレオスキャン静注用セット,ペンテトレオチド・塩化インジウム（１１１Ｉｎ）,１セット,117602,
4300453A1028,アミヴィッド静注,フロルベタピル（１８Ｆ）,３７０ＭＢｑ１瓶,184203,
4300454A1022,ビザミル静注,フルテメタモル（１８Ｆ）,１８５ＭＢｑ１瓶,196481,
4300455A1027,アキュミン静注,フルシクロビン（１８Ｆ）,１８５ＭＢｑ１瓶,344867,
4300456A1021,テクネピロリン酸静注,ピロリン酸テクネチウム（９９ｍＴｃ）,１０ＭＢｑ,396,
4300457X1029,ガリアファーム６８Ｇｅ／６８Ｇａジェネレータ,ガリウム（６８Ｇａ）ジェネレータ,１患者当たり,315161,
4300458A1020,ガリアファーム溶出用０．１ｍｏｌ／Ｌ塩酸溶液,ガリウム（６８Ｇａ）ジェネレータ専用溶出液,１ｍＬ,152,
4411400A1033,ジフェンヒドラミン塩酸塩注１０ｍｇ「日新」,ジフェンヒドラミン塩酸塩,１％１ｍＬ１管,63,
4411400A2030,ジフェンヒドラミン塩酸塩注３０ｍｇ「日新」,ジフェンヒドラミン塩酸塩,１．５％２ｍＬ１管,63,
4413400A1046,ヒベルナ注２５ｍｇ,プロメタジン塩酸塩,２．５％１ｍＬ１管,63,
4419400A1023,ポララミン注５ｍｇ,クロルフェニラミンマレイン酸塩,０．５％１ｍＬ１管,69,
4419401A1010,クロルフェニラミンマレイン酸塩注射液,クロルフェニラミンマレイン酸塩,０．２％１ｍＬ１管,84,
4419401A2016,クロルフェニラミンマレイン酸塩注射液,クロルフェニラミンマレイン酸塩,０．５％１ｍＬ１管,104,
4419401A3012,クロルフェニラミンマレイン酸塩注射液,クロルフェニラミンマレイン酸塩,１％１ｍＬ１管,104,
4419500A1030,レスカルミン注,ジフェンヒドラミン塩酸塩・臭化カルシウム,５ｍＬ１管,63,
4490400A1169,治療用アレルゲンエキス皮下注「トリイ」ブタクサ花粉１：１００,各種抽出物,２ｍＬ１瓶,4267,
4490400A1177,治療用アレルゲンエキス皮下注「トリイ」ブタクサ花粉１：１，０００,各種抽出物,２ｍＬ１瓶,4267,
4490400A1185,治療用アレルゲンエキス皮下注「トリイ」ブタクサ花粉１：１０，０００,各種抽出物,２ｍＬ１瓶,4267,
4490400A1207,治療用アレルゲンエキス皮下注「トリイ」ホウレン草花粉１：１００,各種抽出物,２ｍＬ１瓶,4267,
4490403A1030,治療用標準化アレルゲンエキス皮下注「トリイ」スギ花粉２００ＪＡＵ／ｍＬ,標準化スギ花粉エキス,２ｍＬ１瓶,4267,
4490403A1049,治療用標準化アレルゲンエキス皮下注「トリイ」スギ花粉２，０００ＪＡＵ／ｍＬ,標準化スギ花粉エキス,２ｍＬ１瓶,4267,
4490404A1027,治療用ダニアレルゲンエキス皮下注「トリイ」１０，０００ＪＡＵ／ｍＬ,ダニアレルゲンエキス,２ｍＬ１瓶,4179,
4490404A1035,治療用ダニアレルゲンエキス皮下注「トリイ」１００，０００ＪＡＵ／ｍＬ,ダニアレルゲンエキス,２ｍＬ１瓶,4179,
4490404A1043,治療用ダニアレルゲンエキス皮下注「トリイ」１，０００ＪＡＵ／ｍＬ,ダニアレルゲンエキス,２ｍＬ１瓶,4179,
4490405G1024,デュピクセント皮下注３００ｍｇシリンジ,デュピルマブ（遺伝子組換え）,３００ｍｇ２ｍＬ１筒,53493,
4490405G2020,デュピクセント皮下注３００ｍｇペン,デュピルマブ（遺伝子組換え）,３００ｍｇ２ｍＬ１キット,53659,
4490405G3027,デュピクセント皮下注２００ｍｇシリンジ,デュピルマブ（遺伝子組換え）,２００ｍｇ１．１４ｍＬ１筒,39549,
4490405G4023,デュピクセント皮下注２００ｍｇペン,デュピルマブ（遺伝子組換え）,２００ｍｇ１．１４ｍＬ１キット,39706,
4490406G1029,フィラジル皮下注３０ｍｇシリンジ,イカチバント酢酸塩,３０ｍｇ３ｍＬ１筒,328402,
4490407G1023,タクザイロ皮下注３００ｍｇシリンジ,ラナデルマブ（遺伝子組換え）,３００ｍｇ２ｍＬ１筒,1288729,
4490407G2020,タクザイロ皮下注３００ｍｇペン,ラナデルマブ（遺伝子組換え）,３００ｍｇ２ｍＬ１キット,1288729,
4490408D1021,ミチーガ皮下注用３０ｍｇバイアル,ネモリズマブ（遺伝子組換え）,３０ｍｇ１瓶,67112,
4490408G1028,ミチーガ皮下注用６０ｍｇシリンジ,ネモリズマブ（遺伝子組換え）,６０ｍｇ１筒,116009,
4490409G1022,アドトラーザ皮下注１５０ｍｇシリンジ,トラロキヌマブ（遺伝子組換え）,１５０ｍｇ１ｍＬ１筒,24182,
4490409G2029,アドトラーザ皮下注３００ｍｇペン,トラロキヌマブ（遺伝子組換え）,３００ｍｇ２ｍＬ１キット,41859,
4490410G1025,イブグリース皮下注２５０ｍｇシリンジ,レブリキズマブ（遺伝子組換え）,２５０ｍｇ２ｍＬ１筒,50782,
4490410G2021,イブグリース皮下注２５０ｍｇオートインジェクター,レブリキズマブ（遺伝子組換え）,２５０ｍｇ２ｍＬ１キット,50782,
4490411G1020,アナエブリ皮下注２００ｍｇペン,ガラダシマブ（遺伝子組換え）,２００ｍｇ１．２ｍＬ１キット,3037716,
4900400X1021,テムセルＨＳ注,ヒト（同種）骨髄由来間葉系幹細胞,１０．８ｍＬ１袋,884767,
4900401X1026,ステミラック注,ヒト（自己）骨髄由来間葉系幹細胞,１回分,15234750,
4900402X1020,キムリア点滴静注,チサゲンレクルユーセル,１患者当たり,32647761,
4900404X1020,ゾルゲンスマ点滴静注,オナセムノゲン　アベパルボベク,１患者当たり,167077222,
4900404X2026,ゾルゲンスマ髄注,オナセムノゲン　アベパルボベク,１患者当たり,167077222,
4900405X1024,イエスカルタ点滴静注,アキシカブタゲン　シロルユーセル,１患者当たり,32647761,
4900406X1029,ブレヤンジ静注,リソカブタゲン　マラルユーセル,１患者当たり,35096343,
4900407X1023,デリタクト注,テセルパツレブ,１ｍＬ１瓶,1431918,
4900408X1028,アロフィセル注,ダルバドストロセル,４瓶１組,5620004,
4900409X1022,アベクマ点滴静注,イデカブタゲン　ビクルユーセル,１患者当たり,32647761,
4900410X1025,ルクスターナ注,ボレチゲン　ネパルボベク,０．５ｍＬ１瓶（希釈液２本付）,49600226,
4900411X1020,エレビジス点滴静注,デランジストロゲン　モキセパルボベク,１患者当たり,304972042,
4900412X1024,アクーゴ脳内移植用注,バンデフィテムセル,１回分,72716528,
4900413X1029,アムシェプリ,ラグネプロセル,１８瓶１組,55306737,
6111400D2039,注射用ペニシリンＧカリウム２０万単位,ベンジルペニシリンカリウム,２０万単位１瓶,351,
6111400D3051,注射用ペニシリンＧカリウム１００万単位,ベンジルペニシリンカリウム,１００万単位１瓶,485,
6111403G1024,ステルイズ水性懸濁筋注６０万単位シリンジ,ベンジルペニシリンベンザチン水和物,６０万単位１筒,4536,
6111403G2020,ステルイズ水性懸濁筋注２４０万単位シリンジ,ベンジルペニシリンベンザチン水和物,２４０万単位１筒,10025,
6112400A1092,リンコマイシン塩酸塩注射液３００ｍｇ「トーワ」,リンコマイシン塩酸塩水和物,３００ｍｇ１ｍＬ１管,167,
6112400A2013,リンコマイシン塩酸塩３００ｍｇ１ｍＬ注射液,リンコマイシン塩酸塩水和物,３００ｍｇ１ｍＬ１瓶,261,
6112400A3125,リンコマイシン塩酸塩注射液６００ｍｇ「トーワ」,リンコマイシン塩酸塩水和物,６００ｍｇ２ｍＬ１管,224,
6112400A4016,リンコマイシン塩酸塩６００ｍｇ２ｍＬ注射液,リンコマイシン塩酸塩水和物,６００ｍｇ２ｍＬ１瓶,350,
6112400A6019,リンコマイシン塩酸塩１．５ｇ５ｍＬ注射液,リンコマイシン塩酸塩水和物,１．５ｇ５ｍＬ１瓶,507,
6112400A7015,リンコマイシン塩酸塩１ｇ３．３３ｍＬ注射液,リンコマイシン塩酸塩水和物,１ｇ３．３３ｍＬ１瓶,378,
6112401A1011,クリンダマイシンリン酸エステル３００ｍｇ注射液,クリンダマイシンリン酸エステル,３００ｍｇ１管,215,R9.3.31まで
6112401A1100,ダラシンＳ注射液３００ｍｇ,クリンダマイシンリン酸エステル,３００ｍｇ１管,400,
6112401A1135,クリンダマイシンリン酸エステル注射液３００ｍｇ「サワイ」,クリンダマイシンリン酸エステル,３００ｍｇ１管,272,
6112401A1151,クリンダマイシンリン酸エステル注３００ｍｇ「トーワ」,クリンダマイシンリン酸エステル,３００ｍｇ１管,272,
6112401A1178,クリンダマイシンリン酸エステル注射液３００ｍｇ「ＮＰ」,クリンダマイシンリン酸エステル,３００ｍｇ１管,404,
6112401A1194,クリンダマイシンリン酸エステル注射液３００ｍｇ「ＮＩＧ」,クリンダマイシンリン酸エステル,３００ｍｇ１管,364,
6112401A2018,クリンダマイシンリン酸エステル６００ｍｇ注射液,クリンダマイシンリン酸エステル,６００ｍｇ１管,333,R9.3.31まで
6112401A2123,ダラシンＳ注射液６００ｍｇ,クリンダマイシンリン酸エステル,６００ｍｇ１管,582,
6112401A2158,クリンダマイシンリン酸エステル注射液６００ｍｇ「サワイ」,クリンダマイシンリン酸エステル,６００ｍｇ１管,387,
6112401A2166,クリンダマイシンリン酸エステル注６００ｍｇ「トーワ」,クリンダマイシンリン酸エステル,６００ｍｇ１管,346,
6112401A2182,クリンダマイシンリン酸エステル注射液６００ｍｇ「ＮＰ」,クリンダマイシンリン酸エステル,６００ｍｇ１管,588,
6112401A2204,クリンダマイシンリン酸エステル注射液６００ｍｇ「ＮＩＧ」,クリンダマイシンリン酸エステル,６００ｍｇ１管,498,
6113400A1014,バンコマイシン塩酸塩０．５ｇ静注用,バンコマイシン塩酸塩,０．５ｇ１瓶,980,
6113400A1090,バンコマイシン塩酸塩点滴静注用０．５ｇ「サワイ」,バンコマイシン塩酸塩,０．５ｇ１瓶,681,
6113400A1154,バンコマイシン点滴静注用０．５ｇ「トーワ」,バンコマイシン塩酸塩,０．５ｇ１瓶,648,
6113400A1200,塩酸バンコマイシン点滴静注用０．５ｇ（ＯＫ）,バンコマイシン塩酸塩,０．５ｇ１瓶,704,R9.3.31まで
6113400A1219,バンコマイシン塩酸塩点滴静注用０．５ｇ「明治」,バンコマイシン塩酸塩,０．５ｇ１瓶,980,
6113400A1227,バンコマイシン塩酸塩点滴静注用０．５ｇ「ＶＴＲＳ」,バンコマイシン塩酸塩,０．５ｇ１瓶,754,
6113400A2061,バンコマイシン塩酸塩点滴静注用１ｇ「明治」,バンコマイシン塩酸塩,１ｇ１瓶,1957,
6113400A2070,バンコマイシン塩酸塩点滴静注用１ｇ「ＶＴＲＳ」,バンコマイシン塩酸塩,１ｇ１瓶,1505,
6119400A1069,ハベカシン注射液７５ｍｇ,アルベカシン硫酸塩,７５ｍｇ１．５ｍＬ１管,5395,
6119400A1107,アルベカシン硫酸塩注射液７５ｍｇ「ケミファ」,アルベカシン硫酸塩,７５ｍｇ１．５ｍＬ１管,4691,
6119400A1123,アルベカシン硫酸塩注射液７５ｍｇ「ＮＩＧ」,アルベカシン硫酸塩,７５ｍｇ１．５ｍＬ１管,4691,
6119400A2073,ハベカシン注射液１００ｍｇ,アルベカシン硫酸塩,１００ｍｇ２ｍＬ１管,4627,
6119400A2103,アルベカシン硫酸塩注射液１００ｍｇ「ケミファ」,アルベカシン硫酸塩,１００ｍｇ２ｍＬ１管,3570,
6119400A2120,アルベカシン硫酸塩注射液１００ｍｇ「ＮＩＧ」,アルベカシン硫酸塩,１００ｍｇ２ｍＬ１管,3592,
6119400A3037,ハベカシン注射液２５ｍｇ,アルベカシン硫酸塩,２５ｍｇ０．５ｍＬ１管,2256,
6119400A3070,アルベカシン硫酸塩注射液２５ｍｇ「ケミファ」,アルベカシン硫酸塩,２５ｍｇ０．５ｍＬ１管,1855,
6119400A3096,アルベカシン硫酸塩注射液２５ｍｇ「ＮＩＧ」,アルベカシン硫酸塩,２５ｍｇ０．５ｍＬ１管,2802,
6119400A4025,ハベカシン注射液２００ｍｇ,アルベカシン硫酸塩,２００ｍｇ４ｍＬ１管,5830,
6119400A4068,アルベカシン硫酸塩注射液２００ｍｇ「ケミファ」,アルベカシン硫酸塩,２００ｍｇ４ｍＬ１管,5830,
6119400A4084,アルベカシン硫酸塩注射液２００ｍｇ「ＮＩＧ」,アルベカシン硫酸塩,２００ｍｇ４ｍＬ１管,5830,
6119401D1035,注射用タゴシッド２００ｍｇ,テイコプラニン,２００ｍｇ１瓶,1397,
6119401D1051,テイコプラニン点滴静注用２００ｍｇ「日医工」,テイコプラニン,２００ｍｇ１瓶,1351,
6119401D1108,テイコプラニン点滴静注用２００ｍｇ「トーワ」,テイコプラニン,２００ｍｇ１瓶,1376,
6119401D1124,テイコプラニン点滴静注用２００ｍｇ「サワイ」,テイコプラニン,２００ｍｇ１瓶,1397,
6119401D1159,テイコプラニン点滴静注用２００ｍｇ「明治」,テイコプラニン,２００ｍｇ１瓶,1337,
6119401D1183,テイコプラニン点滴静注用２００ｍｇ「ＶＴＲＳ」,テイコプラニン,２００ｍｇ１瓶,1333,
6119401D2040,テイコプラニン点滴静注用４００ｍｇ「日医工」,テイコプラニン,４００ｍｇ１瓶,2505,
6119401D2058,テイコプラニン点滴静注用４００ｍｇ「明治」,テイコプラニン,４００ｍｇ１瓶,2492,
6119401D2066,テイコプラニン点滴静注用４００ｍｇ「トーワ」,テイコプラニン,４００ｍｇ１瓶,2460,
6119402D1021,キュビシン静注用３５０ｍｇ,ダプトマイシン,３５０ｍｇ１瓶,8154,
6119402D1030,ダプトマイシン静注用３５０ｍｇ「サワイ」,ダプトマイシン,３５０ｍｇ１瓶,4230,
6119402D1048,ダプトマイシン静注用３５０ｍｇ「ニプロ」,ダプトマイシン,３５０ｍｇ１瓶,4543,
6122400D1028,アザクタム注射用０．５ｇ,アズトレオナム,５００ｍｇ１瓶,657,
6122400D2024,アザクタム注射用１ｇ,アズトレオナム,１ｇ１瓶,981,
6123401A1031,トブラシン注小児用１０ｍｇ,トブラマイシン,１０ｍｇ１管,129,
6123401A2038,トブラシン注６０ｍｇ,トブラマイシン,６０ｍｇ１管,403,
6123401A3026,トブラシン注９０ｍｇ,トブラマイシン,９０ｍｇ１管,586,
6123402A1010,アミカシン硫酸塩１００ｍｇ注射液,アミカシン硫酸塩,１００ｍｇ１管,347,
6123402A1184,アミカシン硫酸塩注射液１００ｍｇ「日医工」,アミカシン硫酸塩,１００ｍｇ１管,347,
6123402A1192,アミカシン硫酸塩注１００ｍｇ「ＮＰ」,アミカシン硫酸塩,１００ｍｇ１管,453,
6123402A1222,アミカシン硫酸塩注射液１００ｍｇ「明治」,アミカシン硫酸塩,１００ｍｇ１管,453,
6123402A1230,アミカシン硫酸塩注射液１００ｍｇ「ＳＷ」,アミカシン硫酸塩,１００ｍｇ１管,348,
6123402A3012,アミカシン硫酸塩２００ｍｇ注射液,アミカシン硫酸塩,２００ｍｇ１管,357,
6123402A3187,アミカシン硫酸塩注射液２００ｍｇ「日医工」,アミカシン硫酸塩,２００ｍｇ１管,610,
6123402A3195,アミカシン硫酸塩注２００ｍｇ「ＮＰ」,アミカシン硫酸塩,２００ｍｇ１管,686,
6123402A3217,アミカシン硫酸塩注射液２００ｍｇ「Ｆ」,アミカシン硫酸塩,２００ｍｇ１管,385,
6123402A3225,アミカシン硫酸塩注射液２００ｍｇ「明治」,アミカシン硫酸塩,２００ｍｇ１管,671,
6123404A1078,エクサシン注射液２００,イセパマイシン硫酸塩,２００ｍｇ２ｍＬ１管,670,
6123404A2031,エクサシン注射液４００,イセパマイシン硫酸塩,４００ｍｇ２ｍＬ１管,1317,
6124400D1030,トロビシン筋注用２ｇ,スペクチノマイシン塩酸塩水和物,２ｇ１瓶,2972,
6125400D4029,オルドレブ点滴静注用１５０ｍｇ,コリスチンメタンスルホン酸ナトリウム,１５０ｍｇ１瓶,8414,
6129400F1020,タイガシル点滴静注用５０ｍｇ,チゲサイクリン,５０ｍｇ１瓶,11072,
6129401D1023,フェトロージャ点滴静注用１ｇ,セフィデロコルトシル酸塩硫酸塩水和物,１ｇ１瓶,20203,
6129500D1027,レカルブリオ配合点滴静注用,レレバクタム水和物・イミペネム水和物・シラスタチンナトリウム,（１．２５ｇ）１瓶,22447,
6131400D1078,ビクシリン注射用０．２５ｇ,アンピシリンナトリウム,２５０ｍｇ１瓶,231,
6131400D2074,ビクシリン注射用０．５ｇ,アンピシリンナトリウム,５００ｍｇ１瓶,335,
6131400D3100,ビクシリン注射用１ｇ,アンピシリンナトリウム,１ｇ１瓶,481,
6131400D4077,ビクシリン注射用２ｇ,アンピシリンナトリウム,２ｇ１瓶,818,
6131403D1012,ピペラシリンナトリウム１ｇ注射用,ピペラシリンナトリウム,１ｇ１瓶,329,
6131403D1047,ペントシリン注射用１ｇ,ピペラシリンナトリウム,１ｇ１瓶,332,
6131403D1241,ピペラシリンＮａ注用１ｇ「トーワ」,ピペラシリンナトリウム,１ｇ１瓶,332,
6131403D1276,ピペラシリンＮａ注射用１ｇ「ＮＩＧ」,ピペラシリンナトリウム,１ｇ１瓶,332,
6131403D2019,ピペラシリンナトリウム２ｇ注射用,ピペラシリンナトリウム,２ｇ１瓶,572,
6131403D2043,ペントシリン注射用２ｇ,ピペラシリンナトリウム,２ｇ１瓶,579,
6131403D2248,ピペラシリンＮａ注用２ｇ「トーワ」,ピペラシリンナトリウム,２ｇ１瓶,579,
6131403D2272,ピペラシリンＮａ注射用２ｇ「ＮＩＧ」,ピペラシリンナトリウム,２ｇ１瓶,579,
6131403P1019,ピペラシリンナトリウム１ｇキット,ピペラシリンナトリウム,１ｇ１キット（生理食塩液１００ｍＬ付）,831,
6131403P1027,ペントシリン静注用１ｇバッグ,ピペラシリンナトリウム,１ｇ１キット（生理食塩液１００ｍＬ付）,1080,
6131403P2015,ピペラシリンナトリウム２ｇキット,ピペラシリンナトリウム,２ｇ１キット（生理食塩液１００ｍＬ付）,1109,
6131403P2023,ペントシリン静注用２ｇバッグ,ピペラシリンナトリウム,２ｇ１キット（生理食塩液１００ｍＬ付）,1388,
6132400E1038,パンスポリン筋注用０．２５ｇ,セフォチアム塩酸塩,２５０ｍｇ１瓶（溶解液付）,598,
6132400F1017,セフォチアム塩酸塩２５０ｍｇ静注用,セフォチアム塩酸塩,２５０ｍｇ１瓶,354,
6132400F1033,パンスポリン静注用０．２５ｇ,セフォチアム塩酸塩,２５０ｍｇ１瓶,270,
6132400F2013,セフォチアム塩酸塩５００ｍｇ静注用,セフォチアム塩酸塩,５００ｍｇ１瓶,563,
6132400F2030,パンスポリン静注用０．５ｇ,セフォチアム塩酸塩,５００ｍｇ１瓶,360,
6132400F3036,パンスポリン静注用１ｇ,セフォチアム塩酸塩,１ｇ１瓶,373,
6132400F3192,セフォチアム塩酸塩静注用１ｇ「ＮＰ」,セフォチアム塩酸塩,１ｇ１瓶,1633,
6132400G3023,パンスポリン静注用１ｇバッグＳ,セフォチアム塩酸塩,１ｇ１キット（生理食塩液１００ｍＬ付）,1014,
6132400G3040,セフォチアム静注用１ｇバッグ「日医工」,セフォチアム塩酸塩,１ｇ１キット（生理食塩液１００ｍＬ付）,1021,
6132400G3058,セフォチアム塩酸塩点滴静注用１ｇバッグ「ＮＰ」,セフォチアム塩酸塩,１ｇ１キット（生理食塩液１００ｍＬ付）,1154,
6132400G4020,パンスポリン静注用１ｇバッグＧ,セフォチアム塩酸塩,１ｇ１キット（５％ブドウ糖注射液１００ｍＬ付）,1429,
6132401D1045,セファメジンα注射用０．２５ｇ,セファゾリンナトリウム水和物,２５０ｍｇ１瓶,829,
6132401D1061,セファゾリンナトリウム注射用０．２５ｇ「日医工」,セファゾリンナトリウム,２５０ｍｇ１瓶,829,
6132401D1096,セファゾリンＮａ注射用０．２５ｇ「ＮＰ」,セファゾリンナトリウム,２５０ｍｇ１瓶,322,
6132401D1100,セファゾリンＮａ注射用０．２５ｇ「ＣＨＭ」,セファゾリンナトリウム水和物,２５０ｍｇ１瓶,322,
6132401D2084,セファメジンα注射用０．５ｇ,セファゾリンナトリウム水和物,５００ｍｇ１瓶,474,
6132401D2122,セファゾリンナトリウム注射用０．５ｇ「日医工」,セファゾリンナトリウム,５００ｍｇ１瓶,474,
6132401D2130,セファゾリンＮａ注射用０．５ｇ「ＮＰ」,セファゾリンナトリウム,５００ｍｇ１瓶,474,
6132401D2149,セファゾリンＮａ注射用０．５ｇ「ＣＨＭ」,セファゾリンナトリウム水和物,５００ｍｇ１瓶,474,
6132401D3145,セファメジンα注射用１ｇ,セファゾリンナトリウム水和物,１ｇ１瓶,346,
6132401D3196,セファゾリンナトリウム注射用１ｇ「日医工」,セファゾリンナトリウム,１ｇ１瓶,346,
6132401D3200,セファゾリンＮａ注射用１ｇ「ＮＰ」,セファゾリンナトリウム,１ｇ１瓶,346,
6132401D3218,セファゾリンＮａ注射用１ｇ「イセイ」,セファゾリンナトリウム,１ｇ１瓶,346,
6132401D3226,セファゾリンＮａ注射用１ｇ「ＣＨＭ」,セファゾリンナトリウム水和物,１ｇ１瓶,333,
6132401D4141,セファメジンα注射用２ｇ,セファゾリンナトリウム水和物,２ｇ１瓶,829,
6132401D4192,セファゾリンナトリウム注射用２ｇ「日医工」,セファゾリンナトリウム,２ｇ１瓶,829,
6132401D4206,セファゾリンＮａ注射用２ｇ「ＮＰ」,セファゾリンナトリウム,２ｇ１瓶,829,
6132401D4214,セファゾリンＮａ注射用２ｇ「ＣＨＭ」,セファゾリンナトリウム水和物,２ｇ１瓶,498,
6132401E1040,セファメジンα筋注用０．２５ｇ,セファゾリンナトリウム水和物,２５０ｍｇ１瓶（溶解液付）,1122,
6132401E2063,セファメジンα筋注用０．５ｇ,セファゾリンナトリウム水和物,５００ｍｇ１瓶（溶解液付）,1213,
6132401G1041,セファメジンα点滴用キット２ｇ,セファゾリンナトリウム水和物,２ｇ１キット（生理食塩液１００ｍＬ付）,1680,
6132401G3052,セファメジンα点滴用キット１ｇ,セファゾリンナトリウム水和物,１ｇ１キット（生理食塩液１００ｍＬ付）,1062,
6132401G3079,セファゾリンＮａ点滴静注用１ｇバッグ「オーツカ」,セファゾリンナトリウム,１ｇ１キット（生理食塩液１００ｍＬ付）,1062,
6132401G3087,セファゾリンＮａ点滴静注用１ｇバッグ「ＮＰ」,セファゾリンナトリウム,１ｇ１キット（生理食塩液１００ｍＬ付）,1062,
6132403D2121,コアキシン注射用１ｇ,セファロチンナトリウム,１ｇ１瓶,405,
6132403D3128,コアキシン注射用２ｇ,セファロチンナトリウム,２ｇ１瓶,731,
6132408E1034,セフメタゾン筋注用０．５ｇ,セフメタゾールナトリウム,５００ｍｇ１瓶（溶解液付）,727,
6132408F1021,セフメタゾン静注用０．２５ｇ,セフメタゾールナトリウム,２５０ｍｇ１瓶,270,
6132408F1030,セフメタゾールＮａ静注用０．２５ｇ「ＮＰ」,セフメタゾールナトリウム,２５０ｍｇ１瓶,270,
6132408F1056,セフメタゾールナトリウム静注用０．２５ｇ「日医工」,セフメタゾールナトリウム,２５０ｍｇ１瓶,270,
6132408F2028,セフメタゾン静注用０．５ｇ,セフメタゾールナトリウム,５００ｍｇ１瓶,407,
6132408F2036,セフメタゾールＮａ静注用０．５ｇ「ＮＰ」,セフメタゾールナトリウム,５００ｍｇ１瓶,407,
6132408F2052,セフメタゾールナトリウム静注用０．５ｇ「日医工」,セフメタゾールナトリウム,５００ｍｇ１瓶,407,
6132408F3059,セフメタゾン静注用１ｇ,セフメタゾールナトリウム,１ｇ１瓶,486,
6132408F3130,セフメタゾールＮａ静注用１ｇ「ＮＰ」,セフメタゾールナトリウム,１ｇ１瓶,525,
6132408F3172,セフメタゾールナトリウム静注用１ｇ「日医工」,セフメタゾールナトリウム,１ｇ１瓶,525,
6132408F4055,セフメタゾン静注用２ｇ,セフメタゾールナトリウム,２ｇ１瓶,738,
6132408F4128,セフメタゾールＮａ静注用２ｇ「ＮＰ」,セフメタゾールナトリウム,２ｇ１瓶,804,
6132408F4152,セフメタゾールナトリウム静注用２ｇ「日医工」,セフメタゾールナトリウム,２ｇ１瓶,804,
6132408G3038,セフメタゾールナトリウム点滴静注用バッグ１ｇ「ＮＰ」,セフメタゾールナトリウム,１ｇ１キット（生理食塩液１００ｍＬ付）,1030,
6132408G4018,セフメタゾールナトリウム２ｇキット,セフメタゾールナトリウム,２ｇ１キット（生理食塩液１００ｍＬ付）,1436,
6132409D1041,セフォタックス注射用０．５ｇ,セフォタキシムナトリウム,５００ｍｇ１瓶,560,
6132409D1050,クラフォラン注射用０．５ｇ,セフォタキシムナトリウム,５００ｍｇ１瓶,315,
6132409D2048,セフォタックス注射用１ｇ,セフォタキシムナトリウム,１ｇ１瓶,799,
6132409D2056,クラフォラン注射用１ｇ,セフォタキシムナトリウム,１ｇ１瓶,497,
6132418F1017,セフタジジム５００ｍｇ静注用,セフタジジム水和物,５００ｍｇ１瓶,288,
6132418F1122,セフタジジム静注用０．５ｇ「ＮＰ」,セフタジジム水和物,５００ｍｇ１瓶,456,
6132418F1157,セフタジジム静注用０．５ｇ「ＣＨＭ」,セフタジジム水和物,５００ｍｇ１瓶,304,
6132418F1165,セフタジジム静注用０．５ｇ「ＶＴＲＳ」,セフタジジム水和物,５００ｍｇ１瓶,304,
6132418F2013,セフタジジム１ｇ静注用,セフタジジム水和物,１ｇ１瓶,424,
6132418F2110,セフタジジム静注用１ｇ「ＮＰ」,セフタジジム水和物,１ｇ１瓶,686,
6132418F2170,セフタジジム静注用１ｇ「ＣＨＭ」,セフタジジム水和物,１ｇ１瓶,395,
6132418F2196,セフタジジム静注用１ｇ「ＶＴＲＳ」,セフタジジム水和物,１ｇ１瓶,686,
6132419F1011,セフトリアキソンナトリウム５００ｍｇ静注用,セフトリアキソンナトリウム水和物,５００ｍｇ１瓶,346,
6132419F1020,ロセフィン静注用０．５ｇ,セフトリアキソンナトリウム水和物,５００ｍｇ１瓶,359,
6132419F1097,セフトリアキソンナトリウム静注用０．５ｇ「ＮＰ」,セフトリアキソンナトリウム水和物,５００ｍｇ１瓶,346,
6132419F1127,セフトリアキソンナトリウム静注用０．５ｇ「日医工」,セフトリアキソンナトリウム水和物,５００ｍｇ１瓶,359,
6132419F1151,セフトリアキソンＮａ静注用０．５ｇ「ＣＨＭ」,セフトリアキソンナトリウム水和物,５００ｍｇ１瓶,359,
6132419F1160,セフトリアキソンＮａ静注用０．５ｇ「ＶＴＲＳ」,セフトリアキソンナトリウム水和物,５００ｍｇ１瓶,359,
6132419F2018,セフトリアキソンナトリウム１ｇ静注用,セフトリアキソンナトリウム水和物,１ｇ１瓶,422,
6132419F2026,ロセフィン静注用１ｇ,セフトリアキソンナトリウム水和物,１ｇ１瓶,422,
6132419F2123,セフトリアキソンナトリウム静注用１ｇ「ＮＰ」,セフトリアキソンナトリウム水和物,１ｇ１瓶,422,
6132419F2140,セフトリアキソンナトリウム静注用１ｇ「日医工」,セフトリアキソンナトリウム水和物,１ｇ１瓶,422,
6132419F2174,セフトリアキソンＮａ静注用１ｇ「ＣＨＭ」,セフトリアキソンナトリウム水和物,１ｇ１瓶,401,
6132419F2182,セフトリアキソンＮａ静注用１ｇ「ＶＴＲＳ」,セフトリアキソンナトリウム水和物,１ｇ１瓶,401,
6132419G1025,ロセフィン点滴静注用１ｇバッグ,セフトリアキソンナトリウム水和物,１ｇ１キット（生理食塩液１００ｍＬ付）,1257,
6132419G1033,セフトリアキソンナトリウム点滴用１ｇバッグ「ＮＰ」,セフトリアキソンナトリウム水和物,１ｇ１キット（生理食塩液１００ｍＬ付）,1257,
6132419G1068,セフトリアキソンナトリウム点滴静注用バッグ１ｇ「ＶＴＲＳ」,セフトリアキソンナトリウム水和物,１ｇ１キット（生理食塩液１００ｍＬ付）,1064,
6132422D2035,メイセリン静注用１ｇ,セフミノクスナトリウム水和物,１ｇ１瓶,553,
6132425D1032,セフェピム塩酸塩静注用０．５ｇ「サンド」,セフェピム塩酸塩水和物,５００ｍｇ１瓶,390,
6132425D1040,セフェピム塩酸塩静注用０．５ｇ「ＣＭＸ」,セフェピム塩酸塩水和物,５００ｍｇ１瓶,442,
6132425D2039,セフェピム塩酸塩静注用１ｇ「サンド」,セフェピム塩酸塩水和物,１ｇ１瓶,522,
6132425D2047,セフェピム塩酸塩静注用１ｇ「ＣＭＸ」,セフェピム塩酸塩水和物,１ｇ１瓶,515,
6132426F1020,ファーストシン静注用０．５ｇ,セフォゾプラン塩酸塩,５００ｍｇ１瓶,664,
6132426F2026,ファーストシン静注用１ｇ,セフォゾプラン塩酸塩,１ｇ１瓶,927,
6133400F3025,シオマリン静注用１ｇ,ラタモキセフナトリウム,１ｇ１瓶,1091,
6133401F1027,フルマリン静注用０．５ｇ,フロモキセフナトリウム,５００ｍｇ１瓶,980,
6133401F2023,フルマリン静注用１ｇ,フロモキセフナトリウム,１ｇ１瓶,1286,
6133401G1022,フルマリンキット静注用１ｇ,フロモキセフナトリウム,１ｇ１キット（生理食塩液１００ｍＬ付）,2011,
6134400A1057,パニマイシン注射液５０ｍｇ,ジベカシン硫酸塩,５０ｍｇ１管,462,
6134400A2053,パニマイシン注射液１００ｍｇ,ジベカシン硫酸塩,１００ｍｇ１管,705,
6134407A1016,ゲンタマイシン硫酸塩１０ｍｇ注射液,ゲンタマイシン硫酸塩,１０ｍｇ１管,109,R9.3.31まで
6134407A1024,ゲンタシン注１０,ゲンタマイシン硫酸塩,１０ｍｇ１管,116,
6134407A1040,ゲンタマイシン硫酸塩注射液１０ｍｇ「日医工」,ゲンタマイシン硫酸塩,１０ｍｇ１管,116,
6134407A2012,ゲンタマイシン硫酸塩４０ｍｇ注射液,ゲンタマイシン硫酸塩,４０ｍｇ１管,280,R9.3.31まで
6134407A2071,ゲンタシン注４０,ゲンタマイシン硫酸塩,４０ｍｇ１管,291,
6134407A2101,ゲンタマイシン硫酸塩注射液４０ｍｇ「日医工」,ゲンタマイシン硫酸塩,４０ｍｇ１管,291,
6134407A3019,ゲンタマイシン硫酸塩６０ｍｇ注射液,ゲンタマイシン硫酸塩,６０ｍｇ１管,295,R9.3.31まで
6134407A3043,ゲンタシン注６０,ゲンタマイシン硫酸塩,６０ｍｇ１管,307,
6134407A3094,ゲンタマイシン硫酸塩注射液６０ｍｇ「日医工」,ゲンタマイシン硫酸塩,６０ｍｇ１管,307,
6135400F1019,ホスホマイシンナトリウム５００ｍｇ静注用,ホスホマイシンナトリウム,５００ｍｇ１瓶,534,
6135400F1051,ホスミシンＳ静注用０．５ｇ,ホスホマイシンナトリウム,５００ｍｇ１瓶,706,
6135400F1116,ホスホマイシンナトリウム静注用０．５ｇ「日医工」,ホスホマイシンナトリウム,５００ｍｇ１瓶,706,
6135400F1124,ホスホマイシンＮａ静注用０．５ｇ「タカタ」,ホスホマイシンナトリウム,５００ｍｇ１瓶,543,
6135400F2163,ホスミシンＳ静注用１ｇ,ホスホマイシンナトリウム,１ｇ１瓶,732,
6135400F2198,ホスホマイシンＮａ静注用１ｇ「ＮＰ」,ホスホマイシンナトリウム,１ｇ１瓶,732,
6135400F2210,ホスホマイシンナトリウム静注用１ｇ「日医工」,ホスホマイシンナトリウム,１ｇ１瓶,732,
6135400F2228,ホスホマイシンＮａ静注用１ｇ「タカタ」,ホスホマイシンナトリウム,１ｇ１瓶,732,
6135400F3178,ホスミシンＳ静注用２ｇ,ホスホマイシンナトリウム,２ｇ１瓶,1126,
6135400F3208,ホスホマイシンＮａ静注用２ｇ「ＮＰ」,ホスホマイシンナトリウム,２ｇ１瓶,1126,
6135400F3224,ホスホマイシンナトリウム静注用２ｇ「日医工」,ホスホマイシンナトリウム,２ｇ１瓶,1126,
6135400F3232,ホスホマイシンＮａ静注用２ｇ「タカタ」,ホスホマイシンナトリウム,２ｇ１瓶,1126,
6139400D1033,メロペン点滴用バイアル０．２５ｇ,メロペネム水和物,２５０ｍｇ１瓶,577,
6139400D1050,メロペネム点滴静注用０．２５ｇ「日医工」,メロペネム水和物,２５０ｍｇ１瓶,577,
6139400D1068,メロペネム点滴静注用０．２５ｇ「ＮＰ」,メロペネム水和物,２５０ｍｇ１瓶,577,
6139400D1084,メロペネム点滴静注用０．２５ｇ「サワイ」,メロペネム水和物,２５０ｍｇ１瓶,560,
6139400D1106,メロペネム点滴静注用０．２５ｇ「トーワ」,メロペネム水和物,２５０ｍｇ１瓶,577,
6139400D1114,メロペネム点滴静注用０．２５ｇ「明治」,メロペネム水和物,２５０ｍｇ１瓶,577,
6139400D2030,メロペン点滴用バイアル０．５ｇ,メロペネム水和物,５００ｍｇ１瓶,853,
6139400D2056,メロペネム点滴静注用０．５ｇ「日医工」,メロペネム水和物,５００ｍｇ１瓶,853,
6139400D2064,メロペネム点滴静注用０．５ｇ「ＮＰ」,メロペネム水和物,５００ｍｇ１瓶,656,
6139400D2080,メロペネム点滴静注用０．５ｇ「サワイ」,メロペネム水和物,５００ｍｇ１瓶,656,
6139400D2102,メロペネム点滴静注用０．５ｇ「トーワ」,メロペネム水和物,５００ｍｇ１瓶,656,
6139400D2110,メロペネム点滴静注用０．５ｇ「明治」,メロペネム水和物,５００ｍｇ１瓶,853,
6139400D3028,メロペネム点滴静注用１ｇ「ＮＰ」,メロペネム水和物,１ｇ１瓶,1095,
6139400D3036,メロペネム点滴静注用１ｇ「明治」,メロペネム水和物,１ｇ１瓶,1210,
6139400G1030,メロペン点滴用キット０．５ｇ,メロペネム水和物,５００ｍｇ１キット（生理食塩液１００ｍＬ付）,1066,
6139400G1048,メロペネム点滴静注用バッグ０．５ｇ「ＮＰ」,メロペネム水和物,５００ｍｇ１キット（生理食塩液１００ｍＬ付）,1066,
6139400G1064,メロペネム点滴静注用バッグ０．５ｇ「明治」,メロペネム水和物,５００ｍｇ１キット（生理食塩液１００ｍＬ付）,1066,
6139400G2028,メロペネム点滴静注用バッグ１ｇ「ＮＰ」,メロペネム水和物,１ｇ１キット（生理食塩液１００ｍＬ付）,1749,
6139400G2036,メロペネム点滴静注用バッグ１ｇ「明治」,メロペネム水和物,１ｇ１キット（生理食塩液１００ｍＬ付）,1749,
6139401D1020,オメガシン点滴用０．３ｇ,ビアペネム,３００ｍｇ１瓶,1353,
6139401G1026,オメガシン点滴用０．３ｇバッグ,ビアペネム,３００ｍｇ１キット（生理食塩液１００ｍＬ付）,1605,
6139402D1032,フィニバックス点滴静注用０．２５ｇ,ドリペネム水和物,２５０ｍｇ１瓶,949,
6139402D2020,フィニバックス点滴静注用０．５ｇ,ドリペネム水和物,５００ｍｇ１瓶,1562,
6139402G1039,フィニバックスキット点滴静注用０．２５ｇ,ドリペネム水和物,２５０ｍｇ１キット（生理食塩液１００ｍＬ付）,1889,
6139500F1024,スルペラゾン静注用０．５ｇ,セフォペラゾンナトリウム・スルバクタムナトリウム,（５００ｍｇ）１瓶,376,
6139500F1091,セフォセフ静注用０．５ｇ,セフォペラゾンナトリウム・スルバクタムナトリウム,（５００ｍｇ）１瓶,379,
6139500F1113,バクフォーゼ静注用０．５ｇ,セフォペラゾンナトリウム・スルバクタムナトリウム,（５００ｍｇ）１瓶,258,R9.3.31まで
6139500F1121,ワイスタール配合静注用０．５ｇ,セフォペラゾンナトリウム・スルバクタムナトリウム,（５００ｍｇ）１瓶,379,
6139500F2020,スルペラゾン静注用１ｇ,セフォペラゾンナトリウム・スルバクタムナトリウム,（１ｇ）１瓶,301,
6139500F2055,セフォセフ静注用１ｇ,セフォペラゾンナトリウム・スルバクタムナトリウム,（１ｇ）１瓶,313,
6139500F2110,バクフォーゼ静注用１ｇ,セフォペラゾンナトリウム・スルバクタムナトリウム,（１ｇ）１瓶,266,R9.3.31まで
6139500F2179,ワイスタール配合静注用１ｇ,セフォペラゾンナトリウム・スルバクタムナトリウム,（１ｇ）１瓶,313,
6139500G1089,ワイスタール配合点滴静注用１ｇバッグ,セフォペラゾンナトリウム・スルバクタムナトリウム,（１ｇ）１キット（生理食塩液１００ｍＬ付）,1081,
6139501D2075,チエクール点滴用０．５ｇ,イミペネム水和物・シラスタチンナトリウム,５００ｍｇ１瓶,853,
6139501D2105,チエナム点滴静注用０．５ｇ,イミペネム水和物・シラスタチンナトリウム,５００ｍｇ１瓶,901,
6139503D1027,カルベニン点滴用０．２５ｇ,パニペネム・ベタミプロン,２５０ｍｇ１瓶,635,
6139503D2023,カルベニン点滴用０．５ｇ,パニペネム・ベタミプロン,５００ｍｇ１瓶,810,
6139504F1014,アンピシリンナトリウム・スルバクタムナトリウム０．７５ｇ静注用,アンピシリンナトリウム・スルバクタムナトリウム,（０．７５ｇ）１瓶,370,
6139504F1065,スルバシリン静注用０．７５ｇ,アンピシリンナトリウム・スルバクタムナトリウム,（０．７５ｇ）１瓶,392,
6139504F1103,ピシリバクタ静注用０．７５ｇ,アンピシリンナトリウム・スルバクタムナトリウム,（０．７５ｇ）１瓶,392,
6139504F2010,アンピシリンナトリウム・スルバクタムナトリウム１．５ｇ静注用,アンピシリンナトリウム・スルバクタムナトリウム,（１．５ｇ）１瓶,536,
6139504F2037,ピシリバクタ静注用１．５ｇ,アンピシリンナトリウム・スルバクタムナトリウム,（１．５ｇ）１瓶,522,
6139504F2088,スルバシリン静注用１．５ｇ,アンピシリンナトリウム・スルバクタムナトリウム,（１．５ｇ）１瓶,597,
6139504F3017,アンピシリンナトリウム・スルバクタムナトリウム３ｇ静注用,アンピシリンナトリウム・スルバクタムナトリウム,（３ｇ）１瓶,704,
6139504F3033,スルバシリン静注用３ｇ,アンピシリンナトリウム・スルバクタムナトリウム,（３ｇ）１瓶,778,
6139504F3068,ピシリバクタ静注用３ｇ,アンピシリンナトリウム・スルバクタムナトリウム,（３ｇ）１瓶,778,
6139504G1028,ユナシン－Ｓキット静注用１．５ｇ,アンピシリンナトリウム・スルバクタムナトリウム,（１．５ｇ）１キット（生理食塩液１００ｍＬ付）,943,
6139504G2024,ユナシン－Ｓキット静注用３ｇ,アンピシリンナトリウム・スルバクタムナトリウム,（３ｇ）１キット（生理食塩液１００ｍＬ付）,1175,
6139505F3020,ゾシン静注用２．２５,タゾバクタム・ピペラシリン水和物,（２．２５ｇ）１瓶,923,
6139505F3054,タゾピペ配合静注用２．２５「ＤＳＥＰ」,タゾバクタム・ピペラシリン水和物,（２．２５ｇ）１瓶,858,
6139505F3062,タゾピペ配合静注用２．２５「ＳＮ」,タゾバクタム・ピペラシリン水和物,（２．２５ｇ）１瓶,858,
6139505F3100,タゾピペ配合静注用２．２５「ニプロ」,タゾバクタム・ピペラシリン水和物,（２．２５ｇ）１瓶,858,
6139505F3127,タゾピペ配合静注用２．２５「明治」,タゾバクタム・ピペラシリン水和物,（２．２５ｇ）１瓶,858,
6139505F4026,ゾシン静注用４．５,タゾバクタム・ピペラシリン水和物,（４．５ｇ）１瓶,1160,
6139505F4050,タゾピペ配合静注用４．５「ＤＳＥＰ」,タゾバクタム・ピペラシリン水和物,（４．５ｇ）１瓶,892,
6139505F4069,タゾピペ配合静注用４．５「ＳＮ」,タゾバクタム・ピペラシリン水和物,（４．５ｇ）１瓶,1160,
6139505F4107,タゾピペ配合静注用４．５「ニプロ」,タゾバクタム・ピペラシリン水和物,（４．５ｇ）１瓶,1160,
6139505F4123,タゾピペ配合静注用４．５「明治」,タゾバクタム・ピペラシリン水和物,（４．５ｇ）１瓶,1160,
6139505G1022,ゾシン配合点滴静注用バッグ４．５,タゾバクタム・ピペラシリン水和物,（４．５ｇ）１キット（生理食塩液１００ｍＬ付）,1724,
6139505G1030,タゾピペ配合点滴静注用バッグ４．５「ＤＳＥＰ」,タゾバクタム・ピペラシリン水和物,（４．５ｇ）１キット（生理食塩液１００ｍＬ付）,1722,
6139505G1049,タゾピペ配合点滴静注用バッグ４．５「ニプロ」,タゾバクタム・ピペラシリン水和物,（４．５ｇ）１キット（生理食塩液１００ｍＬ付）,1722,
6139505G2010,タゾバクタム・ピペラシリン２．２５ｇキット,タゾバクタム・ピペラシリン水和物,（２．２５ｇ）１キット（生理食塩液１００ｍＬ付）,936,
6139505G2029,タゾピペ配合点滴静注用バッグ２．２５「ＤＳＥＰ」,タゾバクタム・ピペラシリン水和物,（２．２５ｇ）１キット（生理食塩液１００ｍＬ付）,936,
6139506D1020,ザバクサ配合点滴静注用,セフトロザン硫酸塩・タゾバクタムナトリウム,（１．５ｇ）１瓶,5853,
6139507D1025,ザビセフタ配合点滴静注用,アビバクタムナトリウム・セフタジジム水和物,（２．５ｇ）１瓶,16111,
6141400D1031,エリスロシン点滴静注用５００ｍｇ,エリスロマイシンラクトビオン酸塩,５００ｍｇ１瓶,1369,
6149400D1021,ジスロマック点滴静注用５００ｍｇ,アジスロマイシン水和物,５００ｍｇ１瓶,1796,
6151401F1033,クロロマイセチンサクシネート静注用１ｇ,クロラムフェニコールコハク酸エステルナトリウム,１ｇ１瓶（溶解液付）,1192,
6152401F1090,ミノサイクリン塩酸塩点滴静注用１００ｍｇ「日医工」,ミノサイクリン塩酸塩,１００ｍｇ１瓶,350,
6152401F1146,ミノサイクリン塩酸塩点滴静注用１００ｍｇ「サワイ」,ミノサイクリン塩酸塩,１００ｍｇ１瓶,350,
6152401F1162,ミノサイクリン塩酸塩点滴静注用１００ｍｇ「ＮＩＧ」,ミノサイクリン塩酸塩,１００ｍｇ１瓶,350,
6161400D1042,ストレプトマイシン硫酸塩注射用１ｇ「明治」,ストレプトマイシン硫酸塩,１ｇ１瓶,862,
6169400A1044,カナマイシン硫酸塩注射液１ｇ「明治」,カナマイシン硫酸塩,１ｇ１管,338,
6173400D1035,ファンギゾン注射用５０ｍｇ,アムホテリシンＢ,５０ｍｇ１瓶,1330,
6173400D2023,アムビゾーム点滴静注用５０ｍｇ,アムホテリシンＢ,５０ｍｇ１瓶,15239,
6179400D1020,ファンガード点滴用５０ｍｇ,ミカファンギンナトリウム,５０ｍｇ１瓶,2472,
6179400D1039,ミカファンギンＮａ点滴静注用５０ｍｇ「サワイ」,ミカファンギンナトリウム,５０ｍｇ１瓶,1429,
6179400D1047,ミカファンギンＮａ点滴静注用５０ｍｇ「ニプロ」,ミカファンギンナトリウム,５０ｍｇ１瓶,1414,
6179400D1055,ミカファンギンＮａ点滴静注用５０ｍｇ「明治」,ミカファンギンナトリウム,５０ｍｇ１瓶,1376,
6179400D1071,ミカファンギンＮａ点滴静注用５０ｍｇ「トーワ」,ミカファンギンナトリウム水和物,５０ｍｇ１瓶,1499,
6179400D2027,ファンガード点滴用７５ｍｇ,ミカファンギンナトリウム,７５ｍｇ１瓶,3965,
6179400D2035,ミカファンギンＮａ点滴静注用７５ｍｇ「サワイ」,ミカファンギンナトリウム,７５ｍｇ１瓶,1817,
6179400D2043,ミカファンギンＮａ点滴静注用７５ｍｇ「ニプロ」,ミカファンギンナトリウム,７５ｍｇ１瓶,2509,
6179400D2051,ミカファンギンＮａ点滴静注用７５ｍｇ「明治」,ミカファンギンナトリウム,７５ｍｇ１瓶,2340,
6179400D2078,ミカファンギンＮａ点滴静注用７５ｍｇ「トーワ」,ミカファンギンナトリウム水和物,７５ｍｇ１瓶,2102,
6179400D3023,ファンガード点滴用２５ｍｇ,ミカファンギンナトリウム,２５ｍｇ１瓶,1577,
6179401F1026,ブイフェンド２００ｍｇ静注用,ボリコナゾール,２００ｍｇ１瓶,5145,
6179402D1020,カンサイダス点滴静注用５０ｍｇ,カスポファンギン酢酸塩,５０ｍｇ１瓶,15224,
6179402D2026,カンサイダス点滴静注用７０ｍｇ,カスポファンギン酢酸塩,７０ｍｇ１瓶,23386,
6179403A1028,ノクサフィル点滴静注３００ｍｇ,ポサコナゾール,３００ｍｇ１６．７ｍＬ１瓶,25969,
6179404D1029,クレセンバ点滴静注用２００ｍｇ,イサブコナゾニウム硫酸塩,２００ｍｇ１瓶,27393,
6191401D1046,注射用ビクシリンＳ１００,アンピシリンナトリウム・クロキサシリンナトリウム水和物,（１００ｍｇ）１瓶,169,
6191401D2034,注射用ビクシリンＳ５００,アンピシリンナトリウム・クロキサシリンナトリウム水和物,（５００ｍｇ）１瓶,569,
6191401D3049,注射用ビクシリンＳ１０００,アンピシリンナトリウム・クロキサシリンナトリウム水和物,（１ｇ）１瓶,677,
6222400A1019,イソニアジド注射液,イソニアジド,１００ｍｇ１管,104,
6241400A4021,シプロキサン注２００ｍｇ,シプロフロキサシン,２００ｍｇ１００ｍＬ１袋,1747,
6241400A4064,シプロフロキサシン点滴静注液２００ｍｇ「ＮＰ」,シプロフロキサシン,２００ｍｇ１００ｍＬ１袋,991,
6241400A6024,シプロキサン注４００ｍｇ,シプロフロキサシン,４００ｍｇ２００ｍＬ１袋,1739,
6241400A6032,シプロフロキサシン点滴静注液４００ｍｇ「ニプロ」,シプロフロキサシン,４００ｍｇ２００ｍＬ１袋,1199,
6241401G1020,パシル点滴静注液３００ｍｇ,パズフロキサシンメシル酸塩,３００ｍｇ１００ｍＬ１キット,1090,
6241401G1046,パズクロス点滴静注液３００ｍｇ,パズフロキサシンメシル酸塩,３００ｍｇ１００ｍＬ１キット,1145,
6241401G2026,パシル点滴静注液５００ｍｇ,パズフロキサシンメシル酸塩,５００ｍｇ１００ｍＬ１キット,1261,
6241401G2042,パズクロス点滴静注液５００ｍｇ,パズフロキサシンメシル酸塩,５００ｍｇ１００ｍＬ１キット,1326,
6241401G3030,パズクロス点滴静注液１０００ｍｇ,パズフロキサシンメシル酸塩,１，０００ｍｇ２００ｍＬ１キット,2030,
6241402A1021,クラビット点滴静注５００ｍｇ／２０ｍＬ,レボフロキサシン水和物,５００ｍｇ２０ｍＬ１瓶,2825,
6241402A1030,レボフロキサシン点滴静注５００ｍｇ／２０ｍＬ「ＤＳＥＰ」,レボフロキサシン水和物,５００ｍｇ２０ｍＬ１瓶,1709,
6241402G1024,クラビット点滴静注バッグ５００ｍｇ／１００ｍＬ,レボフロキサシン水和物,５００ｍｇ１００ｍＬ１キット,2026,
6241402G1032,レボフロキサシン点滴静注バッグ５００ｍｇ／１００ｍＬ「ＤＳＥＰ」,レボフロキサシン水和物,５００ｍｇ１００ｍＬ１キット,998,
6241402G1040,レボフロキサシン点滴静注バッグ５００ｍｇ「ＨＫ」,レボフロキサシン水和物,５００ｍｇ１００ｍＬ１キット,1695,
6241402G1059,レボフロキサシン点滴静注バッグ５００ｍｇ「ＫＣＣ」,レボフロキサシン水和物,５００ｍｇ１００ｍＬ１キット,1044,R9.3.31まで
6241402G1091,レボフロキサシン点滴静注バッグ５００ｍｇ「ニプロ」,レボフロキサシン水和物,５００ｍｇ１００ｍＬ１キット,1149,
6241403G1029,ラスビック点滴静注キット１５０ｍｇ,ラスクフロキサシン塩酸塩,１５０ｍｇ１キット（希釈液付）,3924,
6249401A1025,ザイボックス注射液６００ｍｇ,リネゾリド,６００ｍｇ３００ｍＬ１袋,8596,
6249401A1033,リネゾリド点滴静注液６００ｍｇ「明治」,リネゾリド,６００ｍｇ３００ｍＬ１袋,6145,
6249401A1050,リネゾリド点滴静注液６００ｍｇ「ＫＣＣ」,リネゾリド,６００ｍｇ３００ｍＬ１袋,3388,R9.3.31まで
6249401A1068,リネゾリド点滴静注液６００ｍｇ「日医工」,リネゾリド,６００ｍｇ３００ｍＬ１袋,6036,
6249401A1076,リネゾリド点滴静注６００ｍｇ／３００ｍＬ「ＨＫ」,リネゾリド,６００ｍｇ３００ｍＬ１袋,6316,
6249402D1026,シベクトロ点滴静注用２００ｍｇ,テジゾリドリン酸エステル,２００ｍｇ１瓶,24826,
6250400D1044,アラセナ－Ａ点滴静注用３００ｍｇ,ビダラビン,３００ｍｇ１瓶,5996,
6250401A1077,アシクロビル点滴静注液２５０ｍｇ「トーワ」,アシクロビル,２５０ｍｇ１管,368,
6250401A1085,アシクロビル点滴静注液２５０ｍｇ「日医工」,アシクロビル,２５０ｍｇ１管,368,
6250401F1015,アシクロビル２５０ｍｇ注射用,アシクロビル,２５０ｍｇ１瓶,347,
6250401F1155,ゾビラックス点滴静注用２５０,アシクロビル,２５０ｍｇ１瓶,347,
6250401F1228,アシクロビル点滴静注用２５０ｍｇ「サワイ」,アシクロビル,２５０ｍｇ１瓶,368,
6250401G4036,アシクロビル点滴静注液２５０ｍｇバッグ１００ｍＬ「アイロム」,アシクロビル,２５０ｍｇ１００ｍＬ１袋,1244,R9.3.31まで
6250402F1036,デノシン点滴静注用５００ｍｇ,ガンシクロビル,５００ｍｇ１瓶,9360,
6250402F1052,ガンシクロビル点滴静注用５００ｍｇ「ＶＴＲＳ」,ガンシクロビル,５００ｍｇ１瓶,3744,
6250403A1033,点滴静注用ホスカビル注２４ｍｇ／ｍＬ,ホスカルネットナトリウム水和物,６ｇ２５０ｍＬ１瓶,10579,
6250404A1020,シナジス筋注液５０ｍｇ,パリビズマブ（遺伝子組換え）,５０ｍｇ０．５ｍＬ１瓶,48325,
6250404A2026,シナジス筋注液１００ｍｇ,パリビズマブ（遺伝子組換え）,１００ｍｇ１ｍＬ１瓶,95077,
6250405A1032,ラピアクタ点滴静注液バイアル１５０ｍｇ,ペラミビル水和物,１５０ｍｇ１５ｍＬ１瓶,3182,
6250405A2039,ラピアクタ点滴静注液バッグ３００ｍｇ,ペラミビル水和物,３００ｍｇ６０ｍＬ１袋,6197,
6250406A1029,プレバイミス点滴静注２４０ｍｇ,レテルモビル,２４０ｍｇ１２ｍＬ１瓶,20962,
6250407D1020,ベクルリー点滴静注用１００ｍｇ,レムデシビル,１００ｍｇ１瓶,46498,
6250408A1028,ボカブリア水懸筋注４００ｍｇ,カボテグラビル,４００ｍｇ２ｍＬ１瓶,176458,
6250408A2024,ボカブリア水懸筋注６００ｍｇ,カボテグラビル,６００ｍｇ３ｍＬ１瓶,253850,
6250409A1022,リカムビス水懸筋注６００ｍｇ,リルピビリン,６００ｍｇ２ｍＬ１瓶,90582,
6250409A2029,リカムビス水懸筋注９００ｍｇ,リルピビリン,９００ｍｇ３ｍＬ１瓶,130310,
6250410A1025,シュンレンカ皮下注４６３．５ｍｇ,レナカパビルナトリウム,１．５ｍＬ２瓶１組,3208604,
6250411G1022,ベイフォータス筋注５０ｍｇシリンジ,ニルセビマブ（遺伝子組換え）,５０ｍｇ０．５ｍＬ１筒,459147,
6250411G2029,ベイフォータス筋注１００ｍｇシリンジ,ニルセビマブ（遺伝子組換え）,１００ｍｇ１ｍＬ１筒,906302,
6290400A1060,フロリードＦ注２００ｍｇ,ミコナゾール,１％２０ｍＬ１管,1496,
6290401A1110,フルコナゾール静注５０ｍｇ「トーワ」,フルコナゾール,０．１％５０ｍＬ１瓶,763,
6290401A1129,フルコナゾール静注液５０ｍｇ「サワイ」,フルコナゾール,０．１％５０ｍＬ１瓶,781,
6290401A2184,フルコナゾール静注１００ｍｇ「トーワ」,フルコナゾール,０．２％５０ｍＬ１瓶,1128,
6290401A2192,フルコナゾール静注液１００ｍｇ「サワイ」,フルコナゾール,０．２％５０ｍＬ１瓶,1120,
6290401A3172,フルコナゾール静注２００ｍｇ「トーワ」,フルコナゾール,０．２％１００ｍＬ１瓶,1687,
6290401A3180,フルコナゾール静注液２００ｍｇ「サワイ」,フルコナゾール,０．２％１００ｍＬ１瓶,1687,
6290401A4080,フルコナゾール静注１００ｍｇ「ＮＰ」,フルコナゾール,０．２％５０ｍＬ１袋,1252,
6290401A4098,フルコナゾール静注液１００ｍｇ「Ｆ」,フルコナゾール,０．２％５０ｍＬ１袋,1463,
6290401A5086,フルコナゾール静注２００ｍｇ「ＮＰ」,フルコナゾール,０．２％１００ｍＬ１袋,2598,
6290401A5094,フルコナゾール静注液２００ｍｇ「Ｆ」,フルコナゾール,０．２％１００ｍＬ１袋,1640,
6290401A6058,フルコナゾール静注５０ｍｇ「ＮＰ」,フルコナゾール,０．１％５０ｍＬ１袋,1193,
6290401A6066,フルコナゾール静注液５０ｍｇ「Ｆ」,フルコナゾール,０．１％５０ｍＬ１袋,753,
6290402A1026,プロジフ静注液１００,ホスフルコナゾール,８％１．２５ｍＬ１瓶,2889,
6290402A2022,プロジフ静注液２００,ホスフルコナゾール,８％２．５ｍＬ１瓶,5148,
6290402A3029,プロジフ静注液４００,ホスフルコナゾール,８％５ｍＬ１瓶,8776,
6311400A1010,肺炎球菌ワクチン,肺炎球菌ワクチン,０．５ｍＬ１瓶,4706,
6311400G1021,ニューモバックスＮＰシリンジ,肺炎球菌ワクチン,０．５ｍＬ１筒,4735,
6311402A1028,メンクアッドフィ筋注,４価髄膜炎菌ワクチン（破傷風トキソイド結合体）,０．５ｍＬ１瓶,19721,
6311403D1029,アクトヒブ,乾燥ヘモフィルスｂ型ワクチン（担体たん白質結合型）,１０μｇ１瓶（溶解液付）,4941,
6313400A1015,乾燥組織培養不活化狂犬病ワクチン,乾燥組織培養不活化狂犬病ワクチン,１瓶（溶解液付）,11478,
6313400E1025,ラビピュール筋注用,乾燥組織培養不活化狂犬病ワクチン,１瓶（溶解液付）,12087,
6313402A1014,組換え沈降Ｂ型肝炎ワクチン（酵母由来）,組換え沈降Ｂ型肝炎ワクチン（酵母由来）,０．２５ｍＬ１瓶,2178,
6313402A2010,組換え沈降Ｂ型肝炎ワクチン（酵母由来）,組換え沈降Ｂ型肝炎ワクチン（酵母由来）,０．５ｍＬ１瓶,2424,
6313402G1025,ヘプタバックス－Ⅱ水性懸濁注シリンジ０．２５ｍＬ,組換え沈降Ｂ型肝炎ワクチン（酵母由来）,０．２５ｍＬ１筒,2216,
6313402G2021,ヘプタバックス－Ⅱ水性懸濁注シリンジ０．５ｍＬ,組換え沈降Ｂ型肝炎ワクチン（酵母由来）,０．５ｍＬ１筒,2460,
6313403A1019,組換え沈降Ｂ型肝炎ワクチン（チャイニーズハムスター卵巣細胞由来）,組換え沈降Ｂ型肝炎ワクチン（チャイニーズハムスター卵巣細胞由来）,０．２５ｍＬ１瓶,2322,
6313403A2015,組換え沈降Ｂ型肝炎ワクチン（チャイニーズハムスター卵巣細胞由来）,組換え沈降Ｂ型肝炎ワクチン（チャイニーズハムスター卵巣細胞由来）,０．５ｍＬ１瓶,2753,
6322400X1017,沈降破傷風トキソイド,沈降破傷風トキソイド,１０ｍＬ１瓶,1220,
6322400X2013,沈降破傷風トキソイド,沈降破傷風トキソイド,０．５ｍＬ１瓶,1173,
6331406D1017,乾燥ガスえそウマ抗毒素,乾燥ガスえそウマ抗毒素,各５，０００単位入１瓶（溶解液付）,906362,
6331408X1012,乾燥ジフテリアウマ抗毒素,乾燥ジフテリアウマ抗毒素,５，０００単位１瓶（溶解液付）,170030,
6331409X1017,乾燥破傷風ウマ抗毒素,乾燥破傷風ウマ抗毒素,１２，０００単位１瓶（溶解液付）,13607,
6331410X1010,乾燥はぶウマ抗毒素,乾燥はぶウマ抗毒素,各６，０００単位入１瓶（溶解液付）,243878,
6331411X1014,乾燥ボツリヌスウマ抗毒素,乾燥ボツリヌスウマ抗毒素,（Ａ．Ｂ．Ｅ型各１万単位Ｆ型４千単位）１瓶（溶解液付）,2203092,
6331411X2010,乾燥ボツリヌスウマ抗毒素,乾燥ボツリヌスウマ抗毒素,Ｅ型１０，０００単位１瓶（溶解液付）,276405,
6331412X1019,乾燥まむしウマ抗毒素,乾燥まむしウマ抗毒素,各６，０００単位入１瓶（溶解液付）,108252,
6331412X1086,乾燥まむしウマ抗毒素注射用６０００単位「ＫＭＢ」,乾燥まむしウマ抗毒素,各６，０００単位入１瓶（溶解液付）,131734,
6341403X5020,人全血液－ＬＲ「日赤」,人全血液,血液２００ｍＬに由来する血液量１袋,8350,
6341403X6026,人全血液－ＬＲ「日赤」,人全血液,血液４００ｍＬに由来する血液量１袋,16700,
6341404X3021,照射人全血液－ＬＲ「日赤」,人全血液,血液２００ｍＬに由来する血液量１袋,9084,
6341404X4028,照射人全血液－ＬＲ「日赤」,人全血液,血液４００ｍＬに由来する血液量１袋,18164,
6342401X1030,濃厚血小板－ＬＲ「日赤」,人血小板濃厚液,１単位約２０ｍＬ１袋,7984,
6342401X2037,濃厚血小板－ＬＲ「日赤」,人血小板濃厚液,２単位約４０ｍＬ１袋,15968,
6342401X3033,濃厚血小板－ＬＲ「日赤」,人血小板濃厚液,５単位約１００ｍＬ１袋,40796,
6342401X4030,濃厚血小板－ＬＲ「日赤」,人血小板濃厚液,１０単位約２００ｍＬ１袋,81262,
6342401X5036,濃厚血小板－ＬＲ「日赤」,人血小板濃厚液,１５単位約２５０ｍＬ１袋,121881,
6342401X6032,濃厚血小板－ＬＲ「日赤」,人血小板濃厚液,２０単位約２５０ｍＬ１袋,162510,
6342402X5022,合成血液－ＬＲ「日赤」,合成血,血液２００ｍＬに由来する赤血球に血漿約６０ｍＬを混和した血液１袋,13788,
6342402X6029,合成血液－ＬＲ「日赤」,合成血,血液４００ｍＬに由来する赤血球に血漿約１２０ｍＬを混和した血液１袋,27575,
6342403X5027,解凍赤血球液－ＬＲ「日赤」,解凍人赤血球液,血液２００ｍＬに由来する赤血球１袋,15965,
6342403X6023,解凍赤血球液－ＬＲ「日赤」,解凍人赤血球液,血液４００ｍＬに由来する赤血球１袋,31930,
6342405X3031,赤血球液－ＬＲ「日赤」,人赤血球液,血液２００ｍＬに由来する赤血球１袋,8597,
6342405X4038,赤血球液－ＬＲ「日赤」,人赤血球液,血液４００ｍＬに由来する赤血球１袋,17194,
6342406X7031,新鮮凍結血漿－ＬＲ「日赤」１２０,新鮮凍結人血漿,血液２００ｍＬ相当に由来する血漿１袋,9160,
6342406X8038,新鮮凍結血漿－ＬＲ「日赤」２４０,新鮮凍結人血漿,血液４００ｍＬ相当に由来する血漿１袋,18322,
6342406X9026,新鮮凍結血漿－ＬＲ「日赤」４８０,新鮮凍結人血漿,４８０ｍＬ１袋,24210,
6342408X5020,洗浄赤血球液－ＬＲ「日赤」,洗浄人赤血球液,血液２００ｍＬに由来する赤血球１袋,9684,
6342408X6026,洗浄赤血球液－ＬＲ「日赤」,洗浄人赤血球液,血液４００ｍＬに由来する赤血球１袋,19369,
6342409X1037,濃厚血小板ＨＬＡ－ＬＲ「日赤」,人血小板濃厚液ＨＬＡ,１０単位約２００ｍＬ１袋,97438,
6342409X2033,濃厚血小板ＨＬＡ－ＬＲ「日赤」,人血小板濃厚液ＨＬＡ,１５単位約２５０ｍＬ１袋,146157,
6342409X3030,濃厚血小板ＨＬＡ－ＬＲ「日赤」,人血小板濃厚液ＨＬＡ,２０単位約２５０ｍＬ１袋,194875,
6342410X3032,照射赤血球液－ＬＲ「日赤」,人赤血球液,血液２００ｍＬに由来する赤血球１袋,9067,
6342410X4039,照射赤血球液－ＬＲ「日赤」,人赤血球液,血液４００ｍＬに由来する赤血球１袋,18132,
6342411X1034,照射濃厚血小板－ＬＲ「日赤」,人血小板濃厚液,１単位約２０ｍＬ１袋,8060,
6342411X2030,照射濃厚血小板－ＬＲ「日赤」,人血小板濃厚液,２単位約４０ｍＬ１袋,16119,
6342411X3037,照射濃厚血小板－ＬＲ「日赤」,人血小板濃厚液,５単位約１００ｍＬ１袋,41038,
6342411X3045,照射濃厚血小板－ＬＲＢＳ「日赤」,人血小板濃厚液,５単位約１００ｍＬ１袋,43596,
6342411X4033,照射濃厚血小板－ＬＲ「日赤」,人血小板濃厚液,１０単位約２００ｍＬ１袋,81744,
6342411X4041,照射濃厚血小板－ＬＲＢＳ「日赤」,人血小板濃厚液,１０単位約２００ｍＬ１袋,86859,
6342411X5030,照射濃厚血小板－ＬＲ「日赤」,人血小板濃厚液,１５単位約２５０ｍＬ１袋,122604,
6342411X5048,照射濃厚血小板－ＬＲＢＳ「日赤」,人血小板濃厚液,１５単位約２５０ｍＬ１袋,130277,
6342411X6036,照射濃厚血小板－ＬＲ「日赤」,人血小板濃厚液,２０単位約２５０ｍＬ１袋,163471,
6342411X6044,照射濃厚血小板－ＬＲＢＳ「日赤」,人血小板濃厚液,２０単位約２５０ｍＬ１袋,173701,
6342412X1039,照射濃厚血小板ＨＬＡ－ＬＲ「日赤」,人血小板濃厚液ＨＬＡ,１０単位約２００ｍＬ１袋,98193,
6342412X1047,照射濃厚血小板ＨＬＡ－ＬＲＢＳ「日赤」,人血小板濃厚液ＨＬＡ,１０単位約２００ｍＬ１袋,103259,
6342412X2035,照射濃厚血小板ＨＬＡ－ＬＲ「日赤」,人血小板濃厚液ＨＬＡ,１５単位約２５０ｍＬ１袋,147103,
6342412X2043,照射濃厚血小板ＨＬＡ－ＬＲＢＳ「日赤」,人血小板濃厚液ＨＬＡ,１５単位約２５０ｍＬ１袋,154547,
6342412X3031,照射濃厚血小板ＨＬＡ－ＬＲ「日赤」,人血小板濃厚液ＨＬＡ,２０単位約２５０ｍＬ１袋,195822,
6342412X3040,照射濃厚血小板ＨＬＡ－ＬＲＢＳ「日赤」,人血小板濃厚液ＨＬＡ,２０単位約２５０ｍＬ１袋,206052,
6342412X4020,照射濃厚血小板ＨＬＡ－ＬＲＢＳ「日赤」,人血小板濃厚液ＨＬＡ,５単位約１００ｍＬ１袋,51629,
6342413X5020,照射解凍赤血球液－ＬＲ「日赤」,解凍人赤血球液,血液２００ｍＬに由来する赤血球１袋,16379,
6342413X6027,照射解凍赤血球液－ＬＲ「日赤」,解凍人赤血球液,血液４００ｍＬに由来する赤血球１袋,32757,
6342414X5025,照射合成血液－ＬＲ「日赤」,合成血,血液２００ｍＬに由来する赤血球に血漿約６０ｍＬを混和した血液１袋,14364,
6342414X6021,照射合成血液－ＬＲ「日赤」,合成血,血液４００ｍＬに由来する赤血球に血漿約１２０ｍＬを混和した血液１袋,28727,
6342415X5020,照射洗浄赤血球液－ＬＲ「日赤」,洗浄人赤血球液,血液２００ｍＬに由来する赤血球１袋,10261,
6342415X6026,照射洗浄赤血球液－ＬＲ「日赤」,洗浄人赤血球液,血液４００ｍＬに由来する赤血球１袋,20522,
6342417X1023,照射洗浄血小板－ＬＲ「日赤」,人血小板濃厚液,１０単位約２００ｍＬ１袋,81744,
6342417X1031,照射洗浄血小板－ＬＲＢＳ「日赤」,人血小板濃厚液,１０単位約２００ｍＬ１袋,86859,
6342418X1028,照射洗浄血小板ＨＬＡ－ＬＲ「日赤」,人血小板濃厚液ＨＬＡ,１０単位約２００ｍＬ１袋,98193,
6342418X1036,照射洗浄血小板ＨＬＡ－ＬＲＢＳ「日赤」,人血小板濃厚液ＨＬＡ,１０単位約２００ｍＬ１袋,103259,
6343400X1041,献血ベニロン－Ｉ静注用５００ｍｇ,乾燥スルホ化人免疫グロブリン,５００ｍｇ１０ｍＬ１瓶（溶解液付）,9041,
6343400X3044,献血ベニロン－Ｉ静注用２５００ｍｇ,乾燥スルホ化人免疫グロブリン,２．５ｇ５０ｍＬ１瓶（溶解液付）,28172,
6343400X5020,献血ベニロン－Ｉ静注用５０００ｍｇ,乾燥スルホ化人免疫グロブリン,５ｇ１００ｍＬ１瓶（溶解液付）,55177,
6343402X1075,献血グロベニン－Ｉ静注用５００ｍｇ,乾燥ポリエチレングリコール処理人免疫グロブリン,５００ｍｇ１０ｍＬ１瓶（溶解液付）,10198,
6343402X2071,献血グロベニン－Ｉ静注用２５００ｍｇ,乾燥ポリエチレングリコール処理人免疫グロブリン,２．５ｇ５０ｍＬ１瓶（溶解液付）,35654,
6343402X3035,献血グロベニン－Ｉ静注用５０００ｍｇ,乾燥ポリエチレングリコール処理人免疫グロブリン,５ｇ１００ｍＬ１瓶（溶解液付）,86993,
6343404X1015,抗ＨＢｓ人免疫グロブリン,抗ＨＢｓ人免疫グロブリン,１，０００単位５ｍＬ１瓶,76725,
6343404X2011,抗ＨＢｓ人免疫グロブリン,抗ＨＢｓ人免疫グロブリン,２００単位１ｍＬ１瓶,19242,
6343406X5010,乾燥濃縮人血液凝固第Ⅷ因子,乾燥濃縮人血液凝固第Ⅷ因子,２５０単位１瓶（溶解液付）,34938,
6343406X6016,乾燥濃縮人血液凝固第Ⅷ因子,乾燥濃縮人血液凝固第Ⅷ因子,５００単位１瓶（溶解液付）,34938,
6343406X7012,乾燥濃縮人血液凝固第Ⅷ因子,乾燥濃縮人血液凝固第Ⅷ因子,７５０単位１瓶（溶解液付）,49478,
6343406X8019,乾燥濃縮人血液凝固第Ⅷ因子,乾燥濃縮人血液凝固第Ⅷ因子,１，０００単位１瓶（溶解液付）,65228,
6343406X9015,乾燥濃縮人血液凝固第Ⅷ因子,乾燥濃縮人血液凝固第Ⅷ因子,２，０００単位１瓶（溶解液付）,120669,
6343406Y1010,乾燥濃縮人血液凝固第Ⅷ因子,乾燥濃縮人血液凝固第Ⅷ因子,３，０００単位１瓶（溶解液付）,172932,
6343407X2015,乾燥抗Ｄ（Ｒｈｏ）人免疫グロブリン,乾燥抗Ｄ（Ｒｈｏ）人免疫グロブリン,１，０００倍１瓶（溶解液付）,20155,
6343408X1013,乾燥抗破傷風人免疫グロブリン,乾燥抗破傷風人免疫グロブリン,２５０国際単位１瓶,9395,
6343409X5013,乾燥人血液凝固第Ⅸ因子複合体,乾燥人血液凝固第Ⅸ因子複合体,２００国際単位１瓶（溶解液付）,18144,
6343409X6010,乾燥人血液凝固第Ⅸ因子複合体,乾燥人血液凝固第Ⅸ因子複合体,４００国際単位１瓶（溶解液付）,30169,
6343409X7016,乾燥人血液凝固第Ⅸ因子複合体,乾燥人血液凝固第Ⅸ因子複合体,５００国際単位１瓶（溶解液付）,32411,
6343409X8012,乾燥人血液凝固第Ⅸ因子複合体,乾燥人血液凝固第Ⅸ因子複合体,１，０００国際単位１瓶（溶解液付）,54926,
6343410X1088,献血アルブミン５％静注５ｇ／１００ｍＬ「ＪＢ」,人血清アルブミン,５％１００ｍＬ１瓶,4525,
6343410X2106,アルブミナー５％静注１２．５ｇ／２５０ｍＬ,人血清アルブミン,５％２５０ｍＬ１瓶,5110,
6343410X2130,献血アルブミン５％静注１２．５ｇ／２５０ｍＬ「ＪＢ」,人血清アルブミン,５％２５０ｍＬ１瓶,5110,
6343410X2149,献血アルブミン５％静注１２．５ｇ／２５０ｍＬ「タケダ」,人血清アルブミン,５％２５０ｍＬ１瓶,5110,
6343410X3129,献血アルブミン２０％静注４ｇ／２０ｍＬ「ＪＢ」,人血清アルブミン,２０％２０ｍＬ１瓶,3674,
6343410X3145,献血アルブミン２０％静注４ｇ／２０ｍＬ「タケダ」,人血清アルブミン,２０％２０ｍＬ１瓶,3674,
6343410X4087,献血アルブミン２５％静注５ｇ／２０ｍＬ「ベネシス」,人血清アルブミン,２５％２０ｍＬ１瓶,4263,
6343410X5199,献血アルブミン２５％静注１２．５ｇ／５０ｍＬ「ベネシス」,人血清アルブミン,２５％５０ｍＬ１瓶,4775,
6343410X5202,アルブミナー２５％静注１２．５ｇ／５０ｍＬ,人血清アルブミン,２５％５０ｍＬ１瓶,4775,
6343410X5210,赤十字アルブミン２５％静注１２．５ｇ／５０ｍＬ,人血清アルブミン,２５％５０ｍＬ１瓶,4775,
6343410X5245,献血アルブミン２５％静注１２．５ｇ／５０ｍＬ「ＫＭＢ」,人血清アルブミン,２５％５０ｍＬ１瓶,4775,
6343410X5253,献血アルブミン２５％静注１２．５ｇ／５０ｍＬ「タケダ」,人血清アルブミン,２５％５０ｍＬ１瓶,4775,
6343410X6144,アルブミン－ベーリング２０％静注１０．０ｇ／５０ｍＬ,人血清アルブミン,２０％５０ｍＬ１瓶,4974,
6343410X6179,献血アルブミン２０％静注１０ｇ／５０ｍＬ「ＪＢ」,人血清アルブミン,２０％５０ｍＬ１瓶,4974,
6343410X6195,献血アルブミン２０％静注１０ｇ／５０ｍＬ「ＫＭＢ」,人血清アルブミン,２０％５０ｍＬ１瓶,4974,
6343410X6209,献血アルブミン２０％静注１０ｇ／５０ｍＬ「タケダ」,人血清アルブミン,２０％５０ｍＬ１瓶,4974,
6343410X7027,献血アルブミン２５％静注２５ｇ／１００ｍＬ「ＫＭＢ」,人血清アルブミン,２５％１００ｍＬ１瓶,9069,
6343411X1015,乾燥人フィブリノゲン,乾燥人フィブリノゲン,１ｇ１瓶（溶解液付）,94077,
6343412X1010,人免疫グロブリン,人免疫グロブリン,１５０ｍｇ１ｍＬ,1370,
6343412X1168,グロブリン筋注４５０ｍｇ／３ｍＬ「ＪＢ」,人免疫グロブリン,１５０ｍｇ１ｍＬ,1370,
6343412X1176,グロブリン筋注１５００ｍｇ／１０ｍＬ「ＪＢ」,人免疫グロブリン,１５０ｍｇ１ｍＬ,1370,
6343414X2058,ファイバ静注用１０００,乾燥人血液凝固因子抗体迂回活性複合体,１，０００単位２０ｍＬ１瓶（溶解液付）,190142,
6343415G1021,テタガムＰ筋注シリンジ２５０,抗破傷風人免疫グロブリン,２５０国際単位１ｍＬ１筒,4802,
6343415X1013,抗破傷風人免疫グロブリン,抗破傷風人免疫グロブリン,２５０国際単位１管,3628,
6343419X1011,人ハプトグロビン,人ハプトグロビン,２，０００単位１００ｍＬ１瓶,91194,
6343420X2029,ガンマガード静注用５ｇ,乾燥イオン交換樹脂処理人免疫グロブリン,５ｇ９６ｍＬ１瓶（溶解液付）,24080,
6343423X1018,乾燥抗ＨＢｓ人免疫グロブリン,乾燥抗ＨＢｓ人免疫グロブリン,２００単位１ｍＬ１瓶（溶解液付）,8838,
6343423X1050,乾燥ＨＢグロブリン筋注用２００単位「ニチヤク」,乾燥抗ＨＢｓ人免疫グロブリン,２００単位１ｍＬ１瓶（溶解液付）,11512,
6343423X2014,乾燥抗ＨＢｓ人免疫グロブリン,乾燥抗ＨＢｓ人免疫グロブリン,１，０００単位５ｍＬ１瓶（溶解液付）,36843,
6343423X2057,乾燥ＨＢグロブリン筋注用１０００単位「ニチヤク」,乾燥抗ＨＢｓ人免疫グロブリン,１，０００単位５ｍＬ１瓶（溶解液付）,36939,
6343424D2012,乾燥濃縮人アンチトロンビンⅢ,乾燥濃縮人アンチトロンビンⅢ,５００単位１瓶（溶解液付）,21098,
6343424D3019,乾燥濃縮人アンチトロンビンⅢ,乾燥濃縮人アンチトロンビンⅢ,１，５００単位１瓶（溶解液付）,54896,
6343426D1023,ベリナート皮下注用２０００,乾燥濃縮人Ｃ１－インアクチベーター,２，０００国際単位１瓶（溶解液付）,214788,
6343426F1032,ベリナートＰ静注用５００,乾燥濃縮人Ｃ１－インアクチベーター,５００国際単位１瓶（溶解液付）,101325,
6343427A7038,ピリヴィジェン１０％静注５ｇ／５０ｍＬ,ｐＨ４処理酸性人免疫グロブリン,５ｇ５０ｍＬ１瓶,57585,
6343427A8034,ピリヴィジェン１０％静注１０ｇ／１００ｍＬ,ｐＨ４処理酸性人免疫グロブリン,１０ｇ１００ｍＬ１瓶,114911,
6343427A9030,ピリヴィジェン１０％静注２０ｇ／２００ｍＬ,ｐＨ４処理酸性人免疫グロブリン,２０ｇ２００ｍＬ１瓶,229624,
6343427H1020,ピリヴィジェン１０％静注２．５ｇ／２５ｍＬ,ｐＨ４処理酸性人免疫グロブリン,２．５ｇ２５ｍＬ１瓶,29210,
6343427H2026,グロベニン－Ｉ１０％静注５ｇ／５０ｍＬ,ｐＨ４処理酸性人免疫グロブリン,５ｇ５０ｍＬ１瓶,66918,
6343427H3022,グロベニン－Ｉ１０％静注１０ｇ／１００ｍＬ,ｐＨ４処理酸性人免疫グロブリン,１０ｇ１００ｍＬ１瓶,133836,
6343427H4029,グロベニン－Ｉ１０％静注２０ｇ／２００ｍＬ,ｐＨ４処理酸性人免疫グロブリン,２０ｇ２００ｍＬ１瓶,267672,
6343428A4017,ポリエチレングリコール処理人免疫グロブリン５ｇ１００ｍＬ注射液,ポリエチレングリコール処理人免疫グロブリン,５ｇ１００ｍＬ１瓶,37711,R9.3.31まで
6343428A6028,献血ヴェノグロブリンＩＨ１０％静注０．５ｇ／５ｍＬ,ポリエチレングリコール処理人免疫グロブリン,５００ｍｇ５ｍＬ１瓶,5668,
6343428A7024,献血ヴェノグロブリンＩＨ１０％静注２．５ｇ／２５ｍＬ,ポリエチレングリコール処理人免疫グロブリン,２．５ｇ２５ｍＬ１瓶,25085,
6343428A8020,献血ヴェノグロブリンＩＨ１０％静注５ｇ／５０ｍＬ,ポリエチレングリコール処理人免疫グロブリン,５ｇ５０ｍＬ１瓶,49890,
6343428A9027,献血ヴェノグロブリンＩＨ１０％静注１０ｇ／１００ｍＬ,ポリエチレングリコール処理人免疫グロブリン,１０ｇ１００ｍＬ１瓶,99952,
6343428H1024,献血ヴェノグロブリンＩＨ１０％静注２０ｇ／２００ｍＬ,ポリエチレングリコール処理人免疫グロブリン,２０ｇ２００ｍＬ１瓶,199987,
6343429D6010,乾燥濃縮人血液凝固第Ⅸ因子,乾燥濃縮人血液凝固第Ⅸ因子,４００単位１瓶（溶解液付）,23065,
6343429D7041,ノバクトＭ静注用５００単位,乾燥濃縮人血液凝固第Ⅸ因子,５００単位１瓶（溶解液付）,42538,
6343429D8013,乾燥濃縮人血液凝固第Ⅸ因子,乾燥濃縮人血液凝固第Ⅸ因子,１，０００単位１瓶（溶解液付）,46213,
6343429D9010,乾燥濃縮人血液凝固第Ⅸ因子,乾燥濃縮人血液凝固第Ⅸ因子,８００単位１瓶（溶解液付）,29949,
6343429L1013,乾燥濃縮人血液凝固第Ⅸ因子,乾燥濃縮人血液凝固第Ⅸ因子,１，６００単位１瓶（溶解液付）,54881,
6343429L2028,ノバクトＭ静注用２０００単位,乾燥濃縮人血液凝固第Ⅸ因子,２，０００単位１瓶（溶解液付）,63694,
6343431D2020,フィブロガミンＰ静注用,ヒト血漿由来乾燥血液凝固第ⅩⅢ因子,２４０国際単位１瓶（溶解液付）,8324,
6343432G1025,アドベイト静注用キット２５０,ルリオクトコグアルファ（遺伝子組換え）,２５０国際単位１キット（溶解液付）,15180,
6343432G2021,アドベイト静注用キット５００,ルリオクトコグアルファ（遺伝子組換え）,５００国際単位１キット（溶解液付）,30854,
6343432G3028,アドベイト静注用キット１０００,ルリオクトコグアルファ（遺伝子組換え）,１，０００国際単位１キット（溶解液付）,55651,
6343432G4024,アドベイト静注用キット１５００,ルリオクトコグアルファ（遺伝子組換え）,１，５００国際単位１キット（溶解液付）,83305,
6343432G5020,アドベイト静注用キット２０００,ルリオクトコグアルファ（遺伝子組換え）,２，０００国際単位１キット（溶解液付）,98834,
6343432G6027,アドベイト静注用キット３０００,ルリオクトコグアルファ（遺伝子組換え）,３，０００国際単位１キット（溶解液付）,138720,
6343433A1019,ポリエチレングリコール処理抗破傷風人免疫グロブリン,ポリエチレングリコール処理抗破傷風人免疫グロブリン,２５０国際単位１瓶,6439,
6343433A2015,ポリエチレングリコール処理抗破傷風人免疫グロブリン,ポリエチレングリコール処理抗破傷風人免疫グロブリン,１，５００国際単位１瓶,35086,
6343434D6020,ノボセブンＨＩ静注用１ｍｇ　シリンジ,エプタコグアルファ（活性型）（遺伝子組換え）,１ｍｇ１ｍＬ１瓶（溶解液付）,82739,
6343434D7026,ノボセブンＨＩ静注用２ｍｇ　シリンジ,エプタコグアルファ（活性型）（遺伝子組換え）,２ｍｇ２ｍＬ１瓶（溶解液付）,157343,
6343434D8022,ノボセブンＨＩ静注用５ｍｇ　シリンジ,エプタコグアルファ（活性型）（遺伝子組換え）,５ｍｇ５ｍＬ１瓶（溶解液付）,398849,
6343435D1022,注射用アナクトＣ２，５００単位,乾燥濃縮人活性化プロテインＣ,２，５００単位１瓶（溶解液付）,310060,
6343436A1012,ポリエチレングリコール処理抗ＨＢｓ人免疫グロブリン,ポリエチレングリコール処理抗ＨＢｓ人免疫グロブリン,１，０００単位５ｍＬ１瓶,35976,
6343438D1026,ベネフィクス静注用５００,ノナコグアルファ（遺伝子組換え）,５００国際単位１瓶（溶解液付）,41693,
6343438D2022,ベネフィクス静注用１０００,ノナコグアルファ（遺伝子組換え）,１，０００国際単位１瓶（溶解液付）,73078,
6343438D3029,ベネフィクス静注用２０００,ノナコグアルファ（遺伝子組換え）,２，０００国際単位１瓶（溶解液付）,153659,
6343438D4025,ベネフィクス静注用３０００,ノナコグアルファ（遺伝子組換え）,３，０００国際単位１瓶（溶解液付）,182801,
6343439A1024,ハイゼントラ２０％皮下注１ｇ／５ｍＬ,ｐＨ４処理酸性人免疫グロブリン（皮下注射）,１ｇ５ｍＬ１瓶,13742,
6343439A2020,ハイゼントラ２０％皮下注２ｇ／１０ｍＬ,ｐＨ４処理酸性人免疫グロブリン（皮下注射）,２ｇ１０ｍＬ１瓶,26449,
6343439A3027,ハイゼントラ２０％皮下注４ｇ／２０ｍＬ,ｐＨ４処理酸性人免疫グロブリン（皮下注射）,４ｇ２０ｍＬ１瓶,52216,
6343439A4023,キュービトル２０％皮下注２ｇ／１０ｍＬ,ｐＨ４処理酸性人免疫グロブリン（皮下注射）,２ｇ１０ｍＬ１瓶,28137,
6343439A5020,キュービトル２０％皮下注４ｇ／２０ｍＬ,ｐＨ４処理酸性人免疫グロブリン（皮下注射）,４ｇ２０ｍＬ１瓶,55543,
6343439A6026,キュービトル２０％皮下注８ｇ／４０ｍＬ,ｐＨ４処理酸性人免疫グロブリン（皮下注射）,８ｇ４０ｍＬ１瓶,109638,
6343439G1027,ハイゼントラ２０％皮下注１ｇ／５ｍＬシリンジ,ｐＨ４処理酸性人免疫グロブリン（皮下注射）,１ｇ５ｍＬ１筒,13485,
6343439G2023,ハイゼントラ２０％皮下注２ｇ／１０ｍＬシリンジ,ｐＨ４処理酸性人免疫グロブリン（皮下注射）,２ｇ１０ｍＬ１筒,26566,
6343439G3020,ハイゼントラ２０％皮下注４ｇ／２０ｍＬシリンジ,ｐＨ４処理酸性人免疫グロブリン（皮下注射）,４ｇ２０ｍＬ１筒,52410,
6343440D1023,ノボエイト静注用２５０,ツロクトコグ　アルファ（遺伝子組換え）,２５０国際単位１瓶（溶解液付）,12040,
6343440D2020,ノボエイト静注用５００,ツロクトコグ　アルファ（遺伝子組換え）,５００国際単位１瓶（溶解液付）,27015,
6343440D3026,ノボエイト静注用１０００,ツロクトコグ　アルファ（遺伝子組換え）,１，０００国際単位１瓶（溶解液付）,62001,
6343440D4022,ノボエイト静注用１５００,ツロクトコグ　アルファ（遺伝子組換え）,１，５００国際単位１瓶（溶解液付）,68361,
6343440D5029,ノボエイト静注用２０００,ツロクトコグ　アルファ（遺伝子組換え）,２，０００国際単位１瓶（溶解液付）,99009,
6343440D6025,ノボエイト静注用３０００,ツロクトコグ　アルファ（遺伝子組換え）,３，０００国際単位１瓶（溶解液付）,143698,
6343441D1028,オルプロリクス静注用５００,エフトレノナコグ　アルファ（遺伝子組換え）,５００国際単位１瓶（溶解液付）,103583,
6343441D2024,オルプロリクス静注用１０００,エフトレノナコグ　アルファ（遺伝子組換え）,１，０００国際単位１瓶（溶解液付）,212839,
6343441D3020,オルプロリクス静注用２０００,エフトレノナコグ　アルファ（遺伝子組換え）,２，０００国際単位１瓶（溶解液付）,403503,
6343441D4027,オルプロリクス静注用３０００,エフトレノナコグ　アルファ（遺伝子組換え）,３，０００国際単位１瓶（溶解液付）,627346,
6343441D5023,オルプロリクス静注用２５０,エフトレノナコグ　アルファ（遺伝子組換え）,２５０国際単位１瓶（溶解液付）,50288,
6343441D6020,オルプロリクス静注用４０００,エフトレノナコグ　アルファ（遺伝子組換え）,４，０００国際単位１瓶（溶解液付）,778393,
6343442D1022,イロクテイト静注用２５０,エフラロクトコグ　アルファ（遺伝子組換え）,２５０国際単位１瓶（溶解液付）,20452,
6343442D2029,イロクテイト静注用５００,エフラロクトコグ　アルファ（遺伝子組換え）,５００国際単位１瓶（溶解液付）,37396,
6343442D3025,イロクテイト静注用７５０,エフラロクトコグ　アルファ（遺伝子組換え）,７５０国際単位１瓶（溶解液付）,60862,
6343442D4021,イロクテイト静注用１０００,エフラロクトコグ　アルファ（遺伝子組換え）,１，０００国際単位１瓶（溶解液付）,72758,
6343442D5028,イロクテイト静注用１５００,エフラロクトコグ　アルファ（遺伝子組換え）,１，５００国際単位１瓶（溶解液付）,106434,
6343442D6024,イロクテイト静注用２０００,エフラロクトコグ　アルファ（遺伝子組換え）,２，０００国際単位１瓶（溶解液付）,140239,
6343442D7020,イロクテイト静注用３０００,エフラロクトコグ　アルファ（遺伝子組換え）,３，０００国際単位１瓶（溶解液付）,208245,
6343442D8027,イロクテイト静注用４０００,エフラロクトコグ　アルファ（遺伝子組換え）,４，０００国際単位１瓶（溶解液付）,286066,
6343443D1027,ノボサーティーン静注用２５００,カトリデカコグ（遺伝子組換え）,２，５００国際単位１瓶（溶解液付）,3716010,
6343444D1021,アコアラン静注用６００,アンチトロンビン　ガンマ（遺伝子組換え）,６００国際単位１瓶（溶解液付）,28774,
6343444D2028,アコアラン静注用１８００,アンチトロンビン　ガンマ（遺伝子組換え）,１，８００国際単位１瓶（溶解液付）,76097,
6343446G1027,アディノベイト静注用キット２５０,ルリオクトコグ　アルファ　ペゴル（遺伝子組換え）,２５０国際単位１キット（溶解液付）,28102,
6343446G2023,アディノベイト静注用キット５００,ルリオクトコグ　アルファ　ペゴル（遺伝子組換え）,５００国際単位１キット（溶解液付）,55451,
6343446G3020,アディノベイト静注用キット１０００,ルリオクトコグ　アルファ　ペゴル（遺伝子組換え）,１，０００国際単位１キット（溶解液付）,100984,
6343446G4026,アディノベイト静注用キット２０００,ルリオクトコグ　アルファ　ペゴル（遺伝子組換え）,２，０００国際単位１キット（溶解液付）,173042,
6343446G5022,アディノベイト静注用キット１５００,ルリオクトコグ　アルファ　ペゴル（遺伝子組換え）,１，５００国際単位１キット（溶解液付）,147736,
6343446G6029,アディノベイト静注用キット３０００,ルリオクトコグ　アルファ　ペゴル（遺伝子組換え）,３，０００国際単位１キット（溶解液付）,261063,
6343447D1025,コバールトリイ静注用２５０,オクトコグ　ベータ（遺伝子組換え）,２５０国際単位１瓶（溶解液付）,20822,
6343447D2021,コバールトリイ静注用５００,オクトコグ　ベータ（遺伝子組換え）,５００国際単位１瓶（溶解液付）,46077,
6343447D3028,コバールトリイ静注用１０００,オクトコグ　ベータ（遺伝子組換え）,１，０００国際単位１瓶（溶解液付）,74886,
6343447D4024,コバールトリイ静注用２０００,オクトコグ　ベータ（遺伝子組換え）,２，０００国際単位１瓶（溶解液付）,137242,
6343447D5020,コバールトリイ静注用３０００,オクトコグ　ベータ（遺伝子組換え）,３，０００国際単位１瓶（溶解液付）,193159,
6343448D1020,イデルビオン静注用２５０,アルブトレペノナコグ　アルファ（遺伝子組換え）,２５０国際単位１瓶（溶解液付）,88837,
6343448D2026,イデルビオン静注用５００,アルブトレペノナコグ　アルファ（遺伝子組換え）,５００国際単位１瓶（溶解液付）,175016,
6343448D3022,イデルビオン静注用１０００,アルブトレペノナコグ　アルファ（遺伝子組換え）,１，０００国際単位１瓶（溶解液付）,343931,
6343448D4029,イデルビオン静注用２０００,アルブトレペノナコグ　アルファ（遺伝子組換え）,２，０００国際単位１瓶（溶解液付）,665036,
6343448D5025,イデルビオン静注用３５００,アルブトレペノナコグ　アルファ（遺伝子組換え）,３，５００国際単位１瓶（溶解液付）,1175563,
6343449D1024,ケイセントラ静注用５００,乾燥濃縮人プロトロンビン複合体,５００国際単位１瓶（溶解液付）,35571,
6343449D2020,ケイセントラ静注用１０００,乾燥濃縮人プロトロンビン複合体,１，０００国際単位１瓶（溶解液付）,66306,
6343450D2023,エイフスチラ静注用５００,ロノクトコグ　アルファ（遺伝子組換え）,５００国際単位１瓶（溶解液付）,42005,
6343450D3020,エイフスチラ静注用１０００,ロノクトコグ　アルファ（遺伝子組換え）,１，０００国際単位１瓶（溶解液付）,77896,
6343450D4026,エイフスチラ静注用１５００,ロノクトコグ　アルファ（遺伝子組換え）,１，５００国際単位１瓶（溶解液付）,106526,
6343450D5022,エイフスチラ静注用２０００,ロノクトコグ　アルファ（遺伝子組換え）,２，０００国際単位１瓶（溶解液付）,144516,
6343450D6029,エイフスチラ静注用２５００,ロノクトコグ　アルファ（遺伝子組換え）,２，５００国際単位１瓶（溶解液付）,176238,
6343450D7025,エイフスチラ静注用３０００,ロノクトコグ　アルファ（遺伝子組換え）,３，０００国際単位１瓶（溶解液付）,207305,
6343451A1025,ヘムライブラ皮下注３０ｍｇ,エミシズマブ（遺伝子組換え）,３０ｍｇ１ｍＬ１瓶,294927,
6343451A2021,ヘムライブラ皮下注６０ｍｇ,エミシズマブ（遺伝子組換え）,６０ｍｇ０．４ｍＬ１瓶,543226,
6343451A3028,ヘムライブラ皮下注９０ｍｇ,エミシズマブ（遺伝子組換え）,９０ｍｇ０．６ｍＬ１瓶,776517,
6343451A4024,ヘムライブラ皮下注１０５ｍｇ,エミシズマブ（遺伝子組換え）,１０５ｍｇ０．７ｍＬ１瓶,889496,
6343451A5020,ヘムライブラ皮下注１５０ｍｇ,エミシズマブ（遺伝子組換え）,１５０ｍｇ１ｍＬ１瓶,1217985,
6343451A6027,ヘムライブラ皮下注１２ｍｇ,エミシズマブ（遺伝子組換え）,１２ｍｇ０．４ｍＬ１瓶,131539,
6343452D1026,レフィキシア静注用５００,ノナコグ　ベータ　ペゴル（遺伝子組換え）,５００国際単位１瓶（溶解液付）,216190,
6343452D2022,レフィキシア静注用１０００,ノナコグ　ベータ　ペゴル（遺伝子組換え）,１，０００国際単位１瓶（溶解液付）,427027,
6343452D3029,レフィキシア静注用２０００,ノナコグ　ベータ　ペゴル（遺伝子組換え）,２，０００国際単位１瓶（溶解液付）,845605,
6343453D1020,ジビイ静注用５００,ダモクトコグ　アルファ　ペゴル（遺伝子組換え）,５００国際単位１瓶（溶解液付）,61858,
6343453D2027,ジビイ静注用１０００,ダモクトコグ　アルファ　ペゴル（遺伝子組換え）,１，０００国際単位１瓶（溶解液付）,132353,
6343453D3023,ジビイ静注用２０００,ダモクトコグ　アルファ　ペゴル（遺伝子組換え）,２，０００国際単位１瓶（溶解液付）,213110,
6343453D4020,ジビイ静注用３０００,ダモクトコグ　アルファ　ペゴル（遺伝子組換え）,３，０００国際単位１瓶（溶解液付）,338385,
6343454D1025,イスパロクト静注用５００,ツロクトコグ　アルファ　ペゴル（遺伝子組換え）,５００国際単位１瓶（溶解液付）,60800,
6343454D2021,イスパロクト静注用１０００,ツロクトコグ　アルファ　ペゴル（遺伝子組換え）,１，０００国際単位１瓶（溶解液付）,124632,
6343454D3028,イスパロクト静注用１５００,ツロクトコグ　アルファ　ペゴル（遺伝子組換え）,１，５００国際単位１瓶（溶解液付）,178507,
6343454D4024,イスパロクト静注用２０００,ツロクトコグ　アルファ　ペゴル（遺伝子組換え）,２，０００国際単位１瓶（溶解液付）,230339,
6343454D5020,イスパロクト静注用３０００,ツロクトコグ　アルファ　ペゴル（遺伝子組換え）,３，０００国際単位１瓶（溶解液付）,303233,
6343455D1020,ボンベンディ静注用１３００,ボニコグ　アルファ（遺伝子組換え）,１，３００国際単位１瓶（溶解液付）,146288,
6343456D1024,リンスパッド点滴静注用１０００ｍｇ,乾燥濃縮人α１－プロテイナーゼインヒビター,１，０００ｍｇ１瓶（溶解液付）,216054,
6343457D1029,ヌーイック静注用２５０,シモクトコグ　アルファ（遺伝子組換え）,２５０国際単位１瓶（溶解液付）,22543,
6343457D2025,ヌーイック静注用５００,シモクトコグ　アルファ（遺伝子組換え）,５００国際単位１瓶（溶解液付）,41538,
6343457D3021,ヌーイック静注用１０００,シモクトコグ　アルファ（遺伝子組換え）,１，０００国際単位１瓶（溶解液付）,77700,
6343457D4028,ヌーイック静注用２０００,シモクトコグ　アルファ（遺伝子組換え）,２，０００国際単位１瓶（溶解液付）,144395,
6343457D5024,ヌーイック静注用２５００,シモクトコグ　アルファ（遺伝子組換え）,２，５００国際単位１瓶（溶解液付）,176210,
6343457D6020,ヌーイック静注用３０００,シモクトコグ　アルファ（遺伝子組換え）,３，０００国際単位１瓶（溶解液付）,207370,
6343457D7027,ヌーイック静注用４０００,シモクトコグ　アルファ（遺伝子組換え）,４，０００国際単位１瓶（溶解液付）,268164,
6343458G1020,アレモ皮下注１５ｍｇ,コンシズマブ（遺伝子組換え）,１５ｍｇ１．５ｍＬ１キット,249546,
6343458G2026,アレモ皮下注６０ｍｇ,コンシズマブ（遺伝子組換え）,６０ｍｇ１．５ｍＬ１キット,844727,
6343458G3022,アレモ皮下注１５０ｍｇ,コンシズマブ（遺伝子組換え）,１５０ｍｇ１．５ｍＬ１キット,1893013,
6343459D1028,オルツビーオ静注用２５０,エフアネソクトコグ　アルファ（遺伝子組換え）,２５０国際単位１瓶（溶解液付）,49543,
6343459D2024,オルツビーオ静注用５００,エフアネソクトコグ　アルファ（遺伝子組換え）,５００国際単位１瓶（溶解液付）,99085,
6343459D3020,オルツビーオ静注用１０００,エフアネソクトコグ　アルファ（遺伝子組換え）,１，０００国際単位１瓶（溶解液付）,198171,
6343459D4027,オルツビーオ静注用２０００,エフアネソクトコグ　アルファ（遺伝子組換え）,２，０００国際単位１瓶（溶解液付）,396341,
6343459D5023,オルツビーオ静注用３０００,エフアネソクトコグ　アルファ（遺伝子組換え）,３，０００国際単位１瓶（溶解液付）,594512,
6343459D6020,オルツビーオ静注用４０００,エフアネソクトコグ　アルファ（遺伝子組換え）,４，０００国際単位１瓶（溶解液付）,792683,
6343460D1020,オビザー静注用５００,スソクトコグ　アルファ（遺伝子組換え）,５００単位１瓶（溶解液付）,268509,
6343461D1025,セプーロチン静注用１０００単位,乾燥濃縮人プロテインＣ,１，０００国際単位１瓶（溶解液付）,558108,
6343462G1026,ヒムペブジ皮下注１５０ｍｇペン,マルスタシマブ（遺伝子組換え）,１５０ｍｇ１ｍＬ１キット,883108,
6343500D1027,バイクロット配合静注用,乾燥濃縮人血液凝固第Ⅹ因子加活性化第Ⅶ因子,（第Ⅶａ因子１．５ｍｇ第Ⅹ因子１５ｍｇ）１瓶（溶解液付）,268272,R9.3.31まで
6343500D1035,バイクロット配合静注用２．５ｍＬ,乾燥濃縮人血液凝固第Ⅹ因子加活性化第Ⅶ因子,（第Ⅶａ因子１．５ｍｇ第Ⅹ因子１５ｍｇ）１瓶（溶解液付）,268272,
6343500D2023,バイクロット配合静注用５ｍＬ,乾燥濃縮人血液凝固第Ⅹ因子加活性化第Ⅶ因子,（第Ⅶａ因子３．０ｍｇ第Ⅹ因子３０ｍｇ）１瓶（溶解液付）,536544,
6343500D3020,バイクロット配合静注用１０ｍＬ,乾燥濃縮人血液凝固第Ⅹ因子加活性化第Ⅶ因子,（第Ⅶａ因子６．０ｍｇ第Ⅹ因子６０ｍｇ）１瓶（溶解液付）,1073088,
6343501A1025,ハイキュービア１０％皮下注セット５ｇ／５０ｍＬ,ｐＨ４処理酸性人免疫グロブリン（皮下注射）・ボルヒアルロニダーゼ　アルファ（遺伝子組換え）,１セット,56816,
6343501A2021,ハイキュービア１０％皮下注セット１０ｇ／１００ｍＬ,ｐＨ４処理酸性人免疫グロブリン（皮下注射）・ボルヒアルロニダーゼ　アルファ（遺伝子組換え）,１セット,112154,
6343501A3028,ハイキュービア１０％皮下注セット２０ｇ／２００ｍＬ,ｐＨ４処理酸性人免疫グロブリン（皮下注射）・ボルヒアルロニダーゼ　アルファ（遺伝子組換え）,１セット,221382,
6349400A1026,ノーモサング点滴静注２５０ｍｇ,ヘミン,２５０ｍｇ１０ｍＬ１管,154716,
6393400X1019,精製ツベルクリン,精製ツベルクリン,１μｇ１瓶（溶解液付）,2336,
6393401X2010,精製ツベルクリン,精製ツベルクリン,（一般診断用・１人用）０．２５μｇ１瓶（溶解液付）,4535,
6399404A5030,スミフェロン注ＤＳ３００万ＩＵ,インターフェロンアルファ（ＮＡＭＡＬＷＡ）,３００万国際単位１筒,25865,
6399404A6036,スミフェロン注ＤＳ６００万ＩＵ,インターフェロンアルファ（ＮＡＭＡＬＷＡ）,６００万国際単位１筒,34546,
6399408F4020,イムノマックス－γ注１００,インターフェロンガンマ－１ａ（遺伝子組換え）,１００万国内標準単位１瓶（溶解液付）,22617,
6399408F7020,イムノマックス－γ注５０,インターフェロンガンマ－１ａ（遺伝子組換え）,５０万国内標準単位１瓶（溶解液付）,11794,
6399411D1022,イムネース注３５,テセロイキン（遺伝子組換え）,３５万単位１瓶（溶解液付）,81483,
6399413A2021,アトガム点滴静注液２５０ｍｇ,抗ヒト胸腺細胞ウマ免疫グロブリン,２５０ｍｇ５ｍＬ１管,75467,
6399416D1033,ベタフェロン皮下注用９６０万国際単位,インターフェロンベータ－１ｂ（遺伝子組換え）,９６０万国際単位１瓶（溶解液付）,6535,
6399418D1032,シムレクト静注用２０ｍｇ,バシリキシマブ（遺伝子組換え）,２０ｍｇ１瓶,195159,
6399418D2020,シムレクト小児用静注用１０ｍｇ,バシリキシマブ（遺伝子組換え）,１０ｍｇ１瓶,104504,
6399419A1022,ペガシス皮下注９０μｇ,ペグインターフェロンアルファ－２ａ（遺伝子組換え）,９０μｇ１ｍＬ１瓶,8335,
6399419A2029,ペガシス皮下注１８０μｇ,ペグインターフェロンアルファ－２ａ（遺伝子組換え）,１８０μｇ１ｍＬ１瓶,13834,
6399421A1020,アクテムラ点滴静注用２００ｍｇ,トシリズマブ（遺伝子組換え）,２００ｍｇ１０ｍＬ１瓶,23080,
6399421A2026,アクテムラ点滴静注用８０ｍｇ,トシリズマブ（遺伝子組換え）,８０ｍｇ４ｍＬ１瓶,9973,
6399421A3022,アクテムラ点滴静注用４００ｍｇ,トシリズマブ（遺伝子組換え）,４００ｍｇ２０ｍＬ１瓶,50493,
6399421G1022,アクテムラ皮下注１６２ｍｇシリンジ,トシリズマブ（遺伝子組換え）,１６２ｍｇ０．９ｍＬ１筒,32485,
6399421G2029,アクテムラ皮下注１６２ｍｇオートインジェクター,トシリズマブ（遺伝子組換え）,１６２ｍｇ０．９ｍＬ１キット,32608,
6399422G1027,アボネックス筋注用シリンジ３０μｇ,インターフェロンベータ－１ａ（遺伝子組換え）,３０μｇ０．５ｍＬ１筒,30967,
6399422G2023,アボネックス筋注３０μｇペン,インターフェロンベータ－１ａ（遺伝子組換え）,３０μｇ０．５ｍＬ１キット,32702,
6399423F1026,サイモグロブリン点滴静注用２５ｍｇ,抗ヒト胸腺細胞ウサギ免疫グロブリン,２５ｍｇ１瓶,28545,
6399424A1023,ソリリス点滴静注３００ｍｇ,エクリズマブ（遺伝子組換え）,３００ｍｇ３０ｍＬ１瓶,615752,
6399427A2023,ユルトミリスＨＩ点滴静注３００ｍｇ／３ｍＬ,ラブリズマブ（遺伝子組換え）,３００ｍｇ３ｍＬ１瓶,659985,
6399427A3020,ユルトミリスＨＩ点滴静注１１００ｍｇ／１１ｍＬ,ラブリズマブ（遺伝子組換え）,１，１００ｍｇ１１ｍＬ１瓶,2419945,
6399428G1024,エンスプリング皮下注１２０ｍｇシリンジ,サトラリズマブ（遺伝子組換え）,１２０ｍｇ１ｍＬ１筒,1150216,
6399428G2020,エンスプリング皮下注１２０ｍｇオートインジェクター,サトラリズマブ（遺伝子組換え）,１２０ｍｇ１ｍＬ１キット,1152032,
6399429A1026,ユプリズナ点滴静注１００ｍｇ,イネビリズマブ（遺伝子組換え）,１００ｍｇ１０ｍＬ１瓶,3495304,
6399430A1029,ウィフガート点滴静注４００ｍｇ,エフガルチギモド　アルファ（遺伝子組換え）,４００ｍｇ２０ｍＬ１瓶,412042,
6399431A1023,エジャイモ点滴静注１．１ｇ,スチムリマブ（遺伝子組換え）,１．１ｇ２２ｍＬ１瓶,244074,
6399432A1028,リスティーゴ皮下注２８０ｍｇ,ロザノリキシズマブ（遺伝子組換え）,２８０ｍｇ２ｍＬ１瓶,356392,
6399432A2024,リスティーゴ皮下注４２０ｍｇ,ロザノリキシズマブ（遺伝子組換え）,４２０ｍｇ３ｍＬ１瓶,534588,
6399433A1022,ピアスカイ注３４０ｍｇ,クロバリマブ（遺伝子組換え）,３４０ｍｇ２ｍＬ１瓶,1978062,
6399434A1027,アイマービー点滴静注３００ｍｇ,ニポカリマブ（遺伝子組換え）,３００ｍｇ１．６２ｍＬ１瓶,491823,
6399434A2023,アイマービー点滴静注１２００ｍｇ,ニポカリマブ（遺伝子組換え）,１，２００ｍｇ６．５ｍＬ１瓶,1967291,
6399435A1021,トシリズマブＢＳ点滴静注８０ｍｇ「ＣＴ」,トシリズマブ（遺伝子組換え）［トシリズマブ後続１］,８０ｍｇ４ｍＬ１瓶,6687,
6399435A2028,トシリズマブＢＳ点滴静注２００ｍｇ「ＣＴ」,トシリズマブ（遺伝子組換え）［トシリズマブ後続１］,２００ｍｇ１０ｍＬ１瓶,16717,
6399435A3024,トシリズマブＢＳ点滴静注４００ｍｇ「ＣＴ」,トシリズマブ（遺伝子組換え）［トシリズマブ後続１］,４００ｍｇ２０ｍＬ１瓶,33434,
6399436A1026,トシリズマブＢＳ点滴静注８０ｍｇ「ＭＡ」,トシリズマブ（遺伝子組換え）［トシリズマブ後続２］,８０ｍｇ４ｍＬ１瓶,6687,
6399436A2022,トシリズマブＢＳ点滴静注２００ｍｇ「ＭＡ」,トシリズマブ（遺伝子組換え）［トシリズマブ後続２］,２００ｍｇ１０ｍＬ１瓶,16717,
6399436A3029,トシリズマブＢＳ点滴静注４００ｍｇ「ＭＡ」,トシリズマブ（遺伝子組換え）［トシリズマブ後続２］,４００ｍｇ２０ｍＬ１瓶,33434,
6399500D2037,ヒスタグロビン皮下注用,ヒスタミン加人免疫グロブリン（乾燥）,（人免疫グロブリン１２ｍｇヒスタミン二塩酸塩０．１５μｇ）１瓶（溶解液付）,1444,
6399501A1020,ヒフデュラ配合皮下注,エフガルチギモド　アルファ（遺伝子組換え）・ボルヒアルロニダーゼ　アルファ（遺伝子組換え）,５．６ｍＬ１瓶,634797,
6399501G1023,ヒフデュラ配合皮下注シリンジ,エフガルチギモド　アルファ（遺伝子組換え）・ボルヒアルロニダーゼ　アルファ（遺伝子組換え）,５ｍＬ１筒,665026,
6419400D1037,ベナンバックス注用３００ｍｇ,ペンタミジンイセチオン酸塩,３００ｍｇ１瓶,5788,
6419401A1027,アネメトロ点滴静注液５００ｍｇ,メトロニダゾール,５００ｍｇ１００ｍＬ１瓶,1091,
6419500A1020,バクトラミン注,スルファメトキサゾール・トリメトプリム,５ｍＬ１管,665,
7131400A1017,注射用水,注射用水,５ｍＬ１管,104,
7131400A1041,注射用水（ニプロ）,注射用水,５ｍＬ１管,118,
7131400A1106,注射用水「フソー」,注射用水,５ｍＬ１管,118,
7131400A2013,注射用水,注射用水,２０ｍＬ１管,104,
7131400A2129,大塚蒸留水,注射用水,２０ｍＬ１管,104,
7131400A2145,注射用水ＰＬ「フソー」,注射用水,２０ｍＬ１管,104,
7131400A2153,注射用水（光）,注射用水,２０ｍＬ１管,104,
7131400A4016,注射用水,注射用水,１００ｍＬ１瓶,147,
7131400A5012,注射用水,注射用水,５００ｍＬ１瓶,216,
7131400A5020,大塚蒸留水,注射用水,５００ｍＬ１瓶,216,
7131400A5047,注射用水（光）,注射用水,５００ｍＬ１瓶,268,
7131400A6019,注射用水,注射用水,１Ｌ１瓶,316,
7131400A6027,大塚蒸留水,注射用水,１Ｌ１瓶,220,
7131400A6035,注射用水（光）,注射用水,１Ｌ１瓶,316,
7131400A9018,注射用水,注射用水,１ｍＬ１管,104,
7131400H1015,注射用水,注射用水,２ｍＬ１管,104,
7131400H2011,注射用水,注射用水,５００ｍＬ１袋,268,
7131400H3018,注射用水,注射用水,１Ｌ１袋,316,
7211401A1014,イオタラム酸ナトリウム注射液,イオタラム酸ナトリウム,６６．８％２０ｍＬ１管,707,
7211402A1019,イオタラム酸メグルミン注射液,イオタラム酸メグルミン,３０％２２０ｍＬ１瓶,2232,
7211402A2015,イオタラム酸メグルミン注射液,イオタラム酸メグルミン,６０％２０ｍＬ１管,433,
7211402A3011,イオタラム酸メグルミン注射液,イオタラム酸メグルミン,６０％５０ｍＬ１瓶,868,
7211402A4018,イオタラム酸メグルミン注射液,イオタラム酸メグルミン,６０％１００ｍＬ１瓶,1747,
7211404X1037,リピオドール４８０注１０ｍＬ,ヨード化ケシ油脂肪酸エチルエステル,１０ｍＬ１管,25792,
7214400A2018,アミドトリゾ酸ナトリウムメグルミン注射液,アミドトリゾ酸ナトリウムメグルミン,６０％２０ｍＬ１管,1145,
7214400A5017,アミドトリゾ酸ナトリウムメグルミン注射液,アミドトリゾ酸ナトリウムメグルミン,６０％１００ｍＬ１瓶,1872,
7214400A6013,アミドトリゾ酸ナトリウムメグルミン注射液,アミドトリゾ酸ナトリウムメグルミン,７６％２０ｍＬ１管,583,
7219403A1038,ビリスコピン点滴静注５０,イオトロクス酸メグルミン,１０．５５％１００ｍＬ１瓶,9441,
7219412A2068,イオパミロン注３００,イオパミドール,６１．２４％５０ｍＬ１瓶,1796,
7219412A2122,イオパミドール３００注５０ｍＬ「Ｆ」,イオパミドール,６１．２４％５０ｍＬ１瓶,2371,
7219412A3072,イオパミロン注３００,イオパミドール,６１．２４％１００ｍＬ１瓶,3559,
7219412A3137,イオパミドール３００注１００ｍＬ「Ｆ」,イオパミドール,６１．２４％１００ｍＬ１瓶,4309,
7219412A5067,イオパミロン注３７０,イオパミドール,７５．５２％５０ｍＬ１瓶,2052,
7219412A5121,イオパミドール３７０注５０ｍＬ「Ｆ」,イオパミドール,７５．５２％５０ｍＬ１瓶,2052,
7219412A6071,イオパミロン注３７０,イオパミドール,７５．５２％１００ｍＬ１瓶,4044,
7219412A6136,イオパミドール３７０注１００ｍＬ「Ｆ」,イオパミドール,７５．５２％１００ｍＬ１瓶,4826,
7219412A7086,イオパミドール１５０注５０ｍＬ「Ｆ」,イオパミドール,３０．６２％５０ｍＬ１瓶,2610,
7219412A8082,イオパミドール１５０注２００ｍＬ「Ｆ」,イオパミドール,３０．６２％２００ｍＬ１瓶,7734,
7219412A9127,イオパミドール３００注２０ｍＬ「Ｆ」,イオパミドール,６１．２４％２０ｍＬ１瓶,1394,
7219412G1030,イオパミロン注３００シリンジ,イオパミドール,６１．２４％１００ｍＬ１筒,3994,
7219412G1099,イオパミドール３００注シリンジ１００ｍＬ「Ｆ」,イオパミドール,６１．２４％１００ｍＬ１筒,4101,
7219412G2117,イオパミドール３００注シリンジ５０ｍＬ「Ｆ」,イオパミドール,６１．２４％５０ｍＬ１筒,3394,
7219412G6031,イオパミロン注３００シリンジ,イオパミドール,６１．２４％８０ｍＬ１筒,3317,
7219412G6090,イオパミドール３００注シリンジ８０ｍＬ「Ｆ」,イオパミドール,６１．２４％８０ｍＬ１筒,3521,
7219412G7038,イオパミロン注３７０シリンジ,イオパミドール,７５．５２％１００ｍＬ１筒,4186,
7219412G7089,イオパミドール３７０注シリンジ１００ｍＬ「Ｆ」,イオパミドール,７５．５２％１００ｍＬ１筒,4243,
7219412G9030,イオパミロン注３７０シリンジ,イオパミドール,７５．５２％８０ｍＬ１筒,3677,
7219412G9103,イオパミドール３７０注シリンジ８０ｍＬ「Ｆ」,イオパミドール,７５．５２％８０ｍＬ１筒,3753,
7219412H1124,イオパミドール３７０注２０ｍＬ「Ｆ」,イオパミドール,７５．５２％２０ｍＬ１瓶,1490,
7219412P1099,イオパミドール３７０注シリンジ５０ｍＬ「Ｆ」,イオパミドール,７５．５２％５０ｍＬ１筒,3356,
7219412P2036,イオパミドール３００注シリンジ１５０ｍＬ「Ｆ」,イオパミドール,６１．２４％１５０ｍＬ１筒,6549,
7219412P2044,イオパミロン注３００シリンジ,イオパミドール,６１．２４％１５０ｍＬ１筒,6549,
7219412P3075,イオパミドール３７０注シリンジ６５ｍＬ「Ｆ」,イオパミドール,７５．５２％６５ｍＬ１筒,4015,
7219412P4020,イオパミロン注３００シリンジ,イオパミドール,６１．２４％１３０ｍＬ１筒,5188,
7219414A2032,イソビスト注３００,イオトロラン,６４．０８％１０ｍＬ１瓶,7290,
7219414A3039,イソビスト注２４０,イオトロラン,５１．２６％１０ｍＬ１瓶,4336,
7219415A4030,オムニパーク２４０注１０ｍＬ,イオヘキソール,５１．７７％１０ｍＬ１瓶,640,
7219415A8043,オムニパーク３００注１０ｍＬ,イオヘキソール,６４．７１％１０ｍＬ１瓶,847,
7219415A9066,オムニパーク３００注２０ｍＬ,イオヘキソール,６４．７１％２０ｍＬ１瓶,1401,
7219415A9090,イオヘキソール３００注２０ｍＬ「Ｆ」,イオヘキソール,６４．７１％２０ｍＬ１瓶,1419,
7219415G1050,オムニパーク２４０注シリンジ１００ｍＬ,イオヘキソール,５１．７７％１００ｍＬ１筒,3883,
7219415G1076,イオヘキソール２４０注シリンジ１００ｍＬ「Ｆ」,イオヘキソール,５１．７７％１００ｍＬ１筒,4097,
7219415G2064,オムニパーク３００注シリンジ５０ｍＬ,イオヘキソール,６４．７１％５０ｍＬ１筒,3001,
7219415G2102,イオヘキソール３００注シリンジ５０ｍＬ「Ｆ」,イオヘキソール,６４．７１％５０ｍＬ１筒,4613,
7219415G3117,オムニパーク３００注シリンジ１００ｍＬ,イオヘキソール,６４．７１％１００ｍＬ１筒,3688,
7219415G3141,イオヘキソール３００注シリンジ１００ｍＬ「Ｆ」,イオヘキソール,６４．７１％１００ｍＬ１筒,4653,
7219415G4067,オムニパーク３００注シリンジ８０ｍＬ,イオヘキソール,６４．７１％８０ｍＬ１筒,3982,
7219415G4105,イオヘキソール３００注シリンジ８０ｍＬ「Ｆ」,イオヘキソール,６４．７１％８０ｍＬ１筒,4063,
7219415G5063,オムニパーク３５０注シリンジ１００ｍＬ,イオヘキソール,７５．４９％１００ｍＬ１筒,3843,
7219415G5098,イオヘキソール３５０注シリンジ１００ｍＬ「Ｆ」,イオヘキソール,７５．４９％１００ｍＬ１筒,3942,
7219415G6035,オムニパーク３００注シリンジ１５０ｍＬ,イオヘキソール,６４．７１％１５０ｍＬ１筒,6264,
7219415G6086,イオヘキソール３００注シリンジ１５０ｍＬ「Ｆ」,イオヘキソール,６４．７１％１５０ｍＬ１筒,8204,
7219415G7031,オムニパーク３００注シリンジ１２５ｍＬ,イオヘキソール,６４．７１％１２５ｍＬ１筒,5458,
7219415G7082,イオヘキソール３００注シリンジ１２５ｍＬ「Ｆ」,イオヘキソール,６４．７１％１２５ｍＬ１筒,7623,
7219415G8038,オムニパーク３５０注シリンジ７０ｍＬ,イオヘキソール,７５．４９％７０ｍＬ１筒,3805,
7219415G8070,イオヘキソール３５０注シリンジ７０ｍＬ「Ｆ」,イオヘキソール,７５．４９％７０ｍＬ１筒,3932,
7219415G9026,オムニパーク３００注シリンジ１１０ｍＬ,イオヘキソール,６４．７１％１１０ｍＬ１筒,4997,
7219415G9077,イオヘキソール３００注シリンジ１１０ｍＬ「Ｆ」,イオヘキソール,６４．７１％１１０ｍＬ１筒,8121,
7219415H1071,オムニパーク３００注５０ｍＬ,イオヘキソール,６４．７１％５０ｍＬ１瓶,3809,
7219415H1101,イオヘキソール３００注５０ｍＬ「Ｆ」,イオヘキソール,６４．７１％５０ｍＬ１瓶,3907,
7219415H2078,オムニパーク３００注１００ｍＬ,イオヘキソール,６４．７１％１００ｍＬ１瓶,3186,
7219415H2108,イオヘキソール３００注１００ｍＬ「Ｆ」,イオヘキソール,６４．７１％１００ｍＬ１瓶,4891,
7219415H3066,オムニパーク３５０注２０ｍＬ,イオヘキソール,７５．４９％２０ｍＬ１瓶,810,
7219415H3082,イオヘキソール３５０注２０ｍＬ「Ｆ」,イオヘキソール,７５．４９％２０ｍＬ１瓶,2416,
7219415H4062,オムニパーク３５０注５０ｍＬ,イオヘキソール,７５．４９％５０ｍＬ１瓶,1749,
7219415H4089,イオヘキソール３５０注５０ｍＬ「Ｆ」,イオヘキソール,７５．４９％５０ｍＬ１瓶,3258,
7219415H5069,オムニパーク３５０注１００ｍＬ,イオヘキソール,７５．４９％１００ｍＬ１瓶,2735,
7219415H5085,イオヘキソール３５０注１００ｍＬ「Ｆ」,イオヘキソール,７５．４９％１００ｍＬ１瓶,4240,
7219415H8025,オムニパーク３５０注シリンジ４５ｍＬ,イオヘキソール,７５．４９％４５ｍＬ１筒,2397,
7219416A8030,オプチレイ３２０注２０ｍＬ,イオベルソール,６７．８％２０ｍＬ１瓶,3995,
7219416A9036,オプチレイ３２０注５０ｍＬ,イオベルソール,６７．８％５０ｍＬ１瓶,7964,
7219416G1038,オプチレイ２４０注シリンジ１００ｍＬ,イオベルソール,５０．９％１００ｍＬ１筒,6228,
7219416G3030,オプチレイ３２０注シリンジ７５ｍＬ,イオベルソール,６７．８％７５ｍＬ１筒,4696,
7219416G4037,オプチレイ３２０注シリンジ１００ｍＬ,イオベルソール,６７．８％１００ｍＬ１筒,4817,
7219416G9039,オプチレイ３５０注シリンジ１００ｍＬ,イオベルソール,７４．１％１００ｍＬ１筒,6398,
7219416H1033,オプチレイ３２０注１００ｍＬ,イオベルソール,６７．８％１００ｍＬ１瓶,5059,
7219416H2030,オプチレイ３５０注２０ｍＬ,イオベルソール,７４．１％２０ｍＬ１瓶,3567,
7219416H3036,オプチレイ３５０注５０ｍＬ,イオベルソール,７４．１％５０ｍＬ１瓶,4470,
7219416H4032,オプチレイ３５０注１００ｍＬ,イオベルソール,７４．１％１００ｍＬ１瓶,5520,
7219416P1020,オプチレイ３５０注シリンジ１３５ｍＬ,イオベルソール,７４．１％１３５ｍＬ１筒,9393,
7219417A1030,イオメロン３００注２０ｍＬ,イオメプロール,６１．２４％２０ｍＬ１瓶,1640,
7219417A2036,イオメロン３００注５０ｍＬ,イオメプロール,６１．２４％５０ｍＬ１瓶,2021,
7219417A3032,イオメロン３００注１００ｍＬ,イオメプロール,６１．２４％１００ｍＬ１瓶,3261,
7219417A4039,イオメロン３５０注２０ｍＬ,イオメプロール,７１．４４％２０ｍＬ１瓶,1003,
7219417A5035,イオメロン３５０注５０ｍＬ,イオメプロール,７１．４４％５０ｍＬ１瓶,2364,
7219417A6031,イオメロン３５０注１００ｍＬ,イオメプロール,７１．４４％１００ｍＬ１瓶,3779,
7219417A8034,イオメロン４００注５０ｍＬ,イオメプロール,８１．６５％５０ｍＬ１瓶,3012,
7219417A9030,イオメロン４００注１００ｍＬ,イオメプロール,８１．６５％１００ｍＬ１瓶,5163,
7219417G1032,イオメロン３００注シリンジ５０ｍＬ,イオメプロール,６１．２４％５０ｍＬ１筒,3983,
7219417G2039,イオメロン３００注シリンジ１００ｍＬ,イオメプロール,６１．２４％１００ｍＬ１筒,4182,
7219417G3035,イオメロン３５０注シリンジ５０ｍＬ,イオメプロール,７１．４４％５０ｍＬ１筒,2414,
7219417G4031,イオメロン３５０注シリンジ１００ｍＬ,イオメプロール,７１．４４％１００ｍＬ１筒,4191,
7219417G5038,イオメロン３００注シリンジ７５ｍＬ,イオメプロール,６１．２４％７５ｍＬ１筒,2413,
7219417G6034,イオメロン３５０注シリンジ７５ｍＬ,イオメプロール,７１．４４％７５ｍＬ１筒,3331,
7219417G7030,イオメロン３５０注シリンジ１３５ｍＬ,イオメプロール,７１．４４％１３５ｍＬ１筒,5767,
7219418A6052,イオプロミド３００注２０ｍＬ「ＢＹＬ」,イオプロミド,６２．３４％２０ｍＬ１瓶,896,
7219418A7059,イオプロミド３００注５０ｍＬ「ＢＹＬ」,イオプロミド,６２．３４％５０ｍＬ１瓶,2110,
7219418A8055,イオプロミド３００注１００ｍＬ「ＢＹＬ」,イオプロミド,６２．３４％１００ｍＬ１瓶,2809,
7219418A9051,イオプロミド３７０注２０ｍＬ「ＢＹＬ」,イオプロミド,７６．８９％２０ｍＬ１瓶,1008,
7219418G1053,イオプロミド３００注シリンジ１００ｍＬ「ＢＹＬ」,イオプロミド,６２．３４％１００ｍＬ１筒,4132,
7219418G2041,イオプロミド３００注シリンジ５０ｍＬ「ＢＹＬ」,イオプロミド,６２．３４％５０ｍＬ１筒,2288,
7219418G3048,イオプロミド３００注シリンジ８０ｍＬ「ＢＹＬ」,イオプロミド,６２．３４％８０ｍＬ１筒,3628,
7219418G4044,イオプロミド３７０注シリンジ５０ｍＬ「ＢＹＬ」,イオプロミド,７６．８９％５０ｍＬ１筒,3126,
7219418G5040,イオプロミド３７０注シリンジ８０ｍＬ「ＢＹＬ」,イオプロミド,７６．８９％８０ｍＬ１筒,4656,
7219418G6047,イオプロミド３７０注シリンジ１００ｍＬ「ＢＹＬ」,イオプロミド,７６．８９％１００ｍＬ１筒,5445,
7219418H1059,イオプロミド３７０注５０ｍＬ「ＢＹＬ」,イオプロミド,７６．８９％５０ｍＬ１瓶,2360,
7219418H2055,イオプロミド３７０注１００ｍＬ「ＢＹＬ」,イオプロミド,７６．８９％１００ｍＬ１瓶,4169,
7219420A1031,ビジパーク２７０注２０ｍＬ,イオジキサノール,５４．９７％２０ｍＬ１瓶,1394,
7219420A2038,ビジパーク２７０注５０ｍＬ,イオジキサノール,５４．９７％５０ｍＬ１瓶,3195,
7219420A3034,ビジパーク２７０注１００ｍＬ,イオジキサノール,５４．９７％１００ｍＬ１瓶,6416,
7219420A4030,ビジパーク３２０注５０ｍＬ,イオジキサノール,６５．１５％５０ｍＬ１瓶,4471,
7219420A5037,ビジパーク３２０注１００ｍＬ,イオジキサノール,６５．１５％１００ｍＬ１瓶,7949,
7223400A1045,ＬＨ－ＲＨ注０．１ｍｇ「ニプロ」,ゴナドレリン酢酸塩,０．１ｍｇ１管,3283,
7223401A1104,ヒルトニン０．５ｍｇ注射液,プロチレリン酒石酸塩水和物,０．５ｍｇ１管,521,
7223401A1112,プロチレリン酒石酸塩注射液０．５ｍｇ「サワイ」,プロチレリン酒石酸塩水和物,０．５ｍｇ１管,361,R9.3.31まで
7223401A1120,プロチレリン酒石酸塩注０．５ｍｇ「ＮＰ」,プロチレリン酒石酸塩水和物,０．５ｍｇ１管,324,
7223401A1147,プロチレリン酒石酸塩注射液０．５ｍｇ「ＳＷ」,プロチレリン酒石酸塩水和物,０．５ｍｇ１管,361,
7223401A2020,ヒルトニン１ｍｇ注射液,プロチレリン酒石酸塩水和物,１ｍｇ１ｍＬ１管,1247,
7223401A2070,プロチレリン酒石酸塩注射液１ｍｇ「サワイ」,プロチレリン酒石酸塩水和物,１ｍｇ１ｍＬ１管,828,
7223401A3026,ヒルトニン２ｍｇ注射液,プロチレリン酒石酸塩水和物,２ｍｇ１ｍＬ１管,2580,
7223401A3093,プロチレリン酒石酸塩注射液２ｍｇ「サワイ」,プロチレリン酒石酸塩水和物,２ｍｇ１ｍＬ１管,1714,R9.3.31まで
7223401A3107,プロチレリン酒石酸塩注２ｍｇ「ＮＰ」,プロチレリン酒石酸塩水和物,２ｍｇ１ｍＬ１管,1714,
7223401A3123,プロチレリン酒石酸塩注射液２ｍｇ「ＳＷ」,プロチレリン酒石酸塩水和物,２ｍｇ１ｍＬ１管,1714,
7223402A1044,ＴＲＨ注０．５ｍｇ「ニプロ」,プロチレリン,０．５ｍｇ１管,3498,
7223403D1045,テリパラチド酢酸塩静注用１００「旭化成」,テリパラチド酢酸塩,１００酢酸テリパラチド単位１瓶,18109,
7223404A2031,アルギニン点滴静注３０ｇ「ＡＹ」,Ｌ－アルギニン塩酸塩,１０％３００ｍＬ１袋,1862,
7223404A2040,アルギニン点滴静注３０ｇ「ＹＤ」,Ｌ－アルギニン塩酸塩,１０％３００ｍＬ１袋,1862,
7223406D1049,ヒトＣＲＨ静注用１００μｇ「ニプロ」,コルチコレリン（ヒト）,１００μｇ１瓶（溶解液付）,15924,
7223407D1027,注射用ＧＨＲＰ科研１００,プラルモレリン塩酸塩,１００μｇ１瓶（溶解液付）,6242,R9.3.31まで
7223407D2023,注射用ＧＨＲＰ科研１００,プラルモレリン塩酸塩,１００μｇ１瓶,6230,
7224400A1034,ジアグノグリーン注射用２５ｍｇ,インドシアニングリーン,２５ｍｇ１瓶（溶解液付）,801,
7225400A1015,インジゴカルミン注射液,インジゴカルミン,０．４％５ｍＬ１管,245,
7225401A1036,パラアミノ馬尿酸ソーダ注射液１０％（ＡＦＰ）,パラアミノ馬尿酸ナトリウム,１０％２０ｍＬ１管,1949,
7225402A1014,フェノールスルホンフタレイン注射液,フェノールスルホンフタレイン,０．６％１．３ｍＬ１管,100,
7225403A2023,イヌリード注,イヌリン,４ｇ４０ｍＬ１瓶,8101,
7229400D1100,グルカゴン注射用１単位「ＩＬＳ」,グルカゴン,１Ｕ．Ｓ．Ｐ．単位１瓶（溶解液付）,2021,
7229401A1035,アンチレクス静注１０ｍｇ,エドロホニウム塩化物,１％１ｍＬ１管,109,
7229402D1036,グルカゴンＧノボ注射用１ｍｇ,グルカゴン（遺伝子組換え）,１ｍｇ１瓶（溶解液付）,2346,R9.3.31まで
7229402D2024,グルカゴンＧノボ注射用１ｍｇ,グルカゴン（遺伝子組換え）,１ｍｇ１瓶,2271,
7290400A1110,診断用アレルゲン皮内エキス「トリイ」エダマメ１：１，０００,診断用アレルゲンエキス,２ｍＬ１瓶,4267,
7290400A1137,診断用アレルゲン皮内エキス「トリイ」大麦１：１，０００,診断用アレルゲンエキス,２ｍＬ１瓶,4267,
7290400A1153,診断用アレルゲン皮内エキス「トリイ」カナムグラ花粉１：１，０００,診断用アレルゲンエキス,２ｍＬ１瓶,4267,
7290400A1188,診断用アレルゲン皮内エキス「トリイ」カモガヤ花粉１：１，０００,診断用アレルゲンエキス,２ｍＬ１瓶,4267,
7290400A1226,診断用アレルゲン皮内エキス「トリイ」クリ１：１，０００,診断用アレルゲンエキス,２ｍＬ１瓶,4267,
7290400A1242,診断用アレルゲン皮内エキス「トリイ」米１：１，０００,診断用アレルゲンエキス,２ｍＬ１瓶,4267,
7290400A1269,診断用アレルゲン皮内エキス「トリイ」スギ花粉１：１，０００,診断用アレルゲンエキス,２ｍＬ１瓶,4267,
7290400A1277,診断用アレルゲン皮内エキス「トリイ」ススキ花粉１：１，０００,診断用アレルゲンエキス,２ｍＬ１瓶,4267,
7290400A1323,診断用アレルゲン皮内エキス「トリイ」トウモロコシ１：１，０００,診断用アレルゲンエキス,２ｍＬ１瓶,4267,
7290400A1366,診断用アレルゲン皮内エキス「トリイ」ヒメガマ花粉１：１，０００,診断用アレルゲンエキス,２ｍＬ１瓶,4267,
7290400A1382,診断用アレルゲン皮内エキス「トリイ」ブタクサ花粉１：１，０００,診断用アレルゲンエキス,２ｍＬ１瓶,4267,
7290401A1026,診断用アレルゲンスクラッチエキス「トリイ」,診断用アレルゲンエキス,１ｍＬ１瓶,8098,
7290401A1034,スクラッチダニアレルゲンエキス「トリイ」１００，０００ＪＡＵ／ｍＬ,診断用ダニアレルゲンエキス,１ｍＬ１瓶,8098,
7290402A2035,フルオレサイト静注５００ｍｇ,フルオレセイン,１０％５ｍＬ１瓶,826,
7290404A2026,レギチーン注射液５ｍｇ,フェントラミンメシル酸塩,０．５％１ｍＬ１瓶,63,
7290407A1031,プロハンス静注５ｍＬ,ガドテリドール,５ｍＬ１瓶,2050,
7290407A2038,プロハンス静注１５ｍＬ,ガドテリドール,１５ｍＬ１瓶,5707,
7290407A3034,プロハンス静注２０ｍＬ,ガドテリドール,２０ｍＬ１瓶,7198,
7290407A4030,プロハンス静注１０ｍＬ,ガドテリドール,１０ｍＬ１瓶,4252,
7290407G1034,プロハンス静注シリンジ１３ｍＬ,ガドテリドール,１３ｍＬ１筒,3757,
7290407G1042,ガドテリドール静注シリンジ１３ｍＬ「ＨＫ」,ガドテリドール,１３ｍＬ１筒,2944,
7290407G2030,プロハンス静注シリンジ１７ｍＬ,ガドテリドール,１７ｍＬ１筒,4260,
7290407G2049,ガドテリドール静注シリンジ１７ｍＬ「ＨＫ」,ガドテリドール,１７ｍＬ１筒,3813,
7290411G1030,マグネスコープ静注３８％シリンジ１０ｍＬ,ガドテル酸メグルミン,３７．６９５％１０ｍＬ１筒,3444,
7290411G1049,ガドテル酸メグルミン静注３８％シリンジ１０ｍＬ「ＧＥ」,ガドテル酸メグルミン,３７．６９５％１０ｍＬ１筒,1969,
7290411G2037,マグネスコープ静注３８％シリンジ１５ｍＬ,ガドテル酸メグルミン,３７．６９５％１５ｍＬ１筒,4537,
7290411G2045,ガドテル酸メグルミン静注３８％シリンジ１５ｍＬ「ＧＥ」,ガドテル酸メグルミン,３７．６９５％１５ｍＬ１筒,2707,
7290411G3033,マグネスコープ静注３８％シリンジ２０ｍＬ,ガドテル酸メグルミン,３７．６９５％２０ｍＬ１筒,6362,
7290411G3041,ガドテル酸メグルミン静注３８％シリンジ２０ｍＬ「ＧＥ」,ガドテル酸メグルミン,３７．６９５％２０ｍＬ１筒,3280,
7290411G4021,マグネスコープ静注３８％シリンジ１１ｍＬ,ガドテル酸メグルミン,３７．６９５％１１ｍＬ１筒,3474,
7290411G4030,ガドテル酸メグルミン静注３８％シリンジ１１ｍＬ「ＧＥ」,ガドテル酸メグルミン,３７．６９５％１１ｍＬ１筒,2230,
7290411G5028,マグネスコープ静注３８％シリンジ１３ｍＬ,ガドテル酸メグルミン,３７．６９５％１３ｍＬ１筒,4177,
7290411G5036,ガドテル酸メグルミン静注３８％シリンジ１３ｍＬ「ＧＥ」,ガドテル酸メグルミン,３７．６９５％１３ｍＬ１筒,2407,
7290412F1021,オフサグリーン静注用２５ｍｇ,インドシアニングリーン,２５ｍｇ１瓶（溶解液付）,1988,
7290413A1029,リゾビスト注,フェルカルボトラン,４４．６ｍｇ１．６ｍＬ１瓶,13505,R9.3.31まで
7290414D1038,ソナゾイド注射用１６μＬ,ペルフルブタン,１瓶（溶解液付）,7829,
7290415G1020,ＥＯＢ・プリモビスト注シリンジ,ガドキセト酸ナトリウム,１８．１４３％５ｍＬ１筒,7988,
7290415G2027,ＥＯＢ・プリモビスト注シリンジ,ガドキセト酸ナトリウム,１８．１４３％１０ｍＬ１筒,11729,
7290416A1022,ガドビスト静注１．０ｍｏｌ／Ｌ　２ｍＬ,ガドブトロール,６０．４７％２ｍＬ１瓶,1884,
7290416G1025,ガドビスト静注１．０ｍｏｌ／Ｌシリンジ５ｍＬ,ガドブトロール,６０．４７％５ｍＬ１筒,4108,
7290416G2021,ガドビスト静注１．０ｍｏｌ／Ｌシリンジ７．５ｍＬ,ガドブトロール,６０．４７％７．５ｍＬ１筒,5915,
7290416G3028,ガドビスト静注１．０ｍｏｌ／Ｌシリンジ１０ｍＬ,ガドブトロール,６０．４７％１０ｍＬ１筒,7795,
7290417A1027,アレルゲンスクラッチエキス陽性対照液「トリイ」ヒスタミン二塩酸塩,ヒスタミン二塩酸塩,２ｍＬ１瓶,7913,
7290418D1028,ロカメッツキット,ガリウム（６８Ｇａ）ゴゼトチド,１回分,185947,
7290419A1026,アムベルビスト静注２ｍＬ,ガドクアトラン水和物,２５．７９％２ｍＬ１瓶,2261,
7290419G1029,アムベルビスト静注シリンジ５ｍＬ,ガドクアトラン水和物,２５．７９％５ｍＬ１筒,4930,
7290419G2025,アムベルビスト静注シリンジ７．５ｍＬ,ガドクアトラン水和物,２５．７９％７．５ｍＬ１筒,7098,
7290419G3021,アムベルビスト静注シリンジ１０ｍＬ,ガドクアトラン水和物,２５．７９％１０ｍＬ１筒,9193,
7990401A1040,ミリプラ用懸濁用液４ｍＬ,ヨード化ケシ油脂肪酸エチルエステル,４ｍＬ１管,430,
7990402A1029,アデノスキャン注６０ｍｇ,アデノシン,６０ｍｇ２０ｍＬ１瓶,6336,
7990402G1021,アデノシン負荷用静注６０ｍｇシリンジ「ＦＲＩ」,アデノシン,６０ｍｇ２０ｍＬ１筒,4806,
7990403E1025,タイロゲン筋注用０．９ｍｇ,ヒトチロトロピンアルファ（遺伝子組換え）,０．９ｍｇ１瓶,67330,
7990500A1036,ミオテクター冠血管注,塩化ナトリウム・塩化カリウム配合剤,１瓶１管１組,1244,
8114400A1010,アヘンアルカロイド塩酸塩注射液,アヘンアルカロイド塩酸塩,２％１ｍＬ１管,279,
8114401A1015,モルヒネ塩酸塩注射液,モルヒネ塩酸塩水和物,１％１ｍＬ１管,305,
8114401A2011,モルヒネ塩酸塩注射液,モルヒネ塩酸塩水和物,１％５ｍＬ１管,1313,
8114401A2119,モルヒネ塩酸塩注射液５０ｍｇ「シオノギ」,モルヒネ塩酸塩水和物,１％５ｍＬ１管,1371,
8114401A2127,モルヒネ塩酸塩注射液５０ｍｇ「第一三共」,モルヒネ塩酸塩水和物,１％５ｍＬ１管,1371,
8114401A2135,モルヒネ塩酸塩注射液５０ｍｇ「タケダ」,モルヒネ塩酸塩水和物,１％５ｍＬ１管,1371,
8114401A3018,モルヒネ塩酸塩注射液,モルヒネ塩酸塩水和物,４％５ｍＬ１管,4717,
8114401A3085,モルヒネ塩酸塩注射液２００ｍｇ「第一三共」,モルヒネ塩酸塩水和物,４％５ｍＬ１管,4744,
8114401A3093,モルヒネ塩酸塩注射液２００ｍｇ「シオノギ」,モルヒネ塩酸塩水和物,４％５ｍＬ１管,5065,
8114401A3107,モルヒネ塩酸塩注射液２００ｍｇ「タケダ」,モルヒネ塩酸塩水和物,４％５ｍＬ１管,5065,
8114401A3123,モルヒネ塩酸塩注射液２００ｍｇ「テルモ」,モルヒネ塩酸塩水和物,４％５ｍＬ１管,5065,
8114402G1047,モルヒネ塩酸塩注１００ｍｇシリンジ「テルモ」,モルヒネ塩酸塩水和物,１％１０ｍＬ１筒,2576,
8119400A1025,オキファスト注１０ｍｇ,オキシコドン塩酸塩水和物,１％１ｍＬ１管,271,
8119400A1033,オキシコドン注射液１０ｍｇ「第一三共」,オキシコドン塩酸塩水和物,１％１ｍＬ１管,137,
8119400A2021,オキファスト注５０ｍｇ,オキシコドン塩酸塩水和物,１％５ｍＬ１管,1340,
8119400A2030,オキシコドン注射液５０ｍｇ「第一三共」,オキシコドン塩酸塩水和物,１％５ｍＬ１管,638,
8119401A1020,ナルベイン注２ｍｇ,ヒドロモルフォン塩酸塩,２ｍｇ１ｍＬ１管,738,
8119401A2026,ナルベイン注２０ｍｇ,ヒドロモルフォン塩酸塩,２０ｍｇ２ｍＬ１管,6457,
8119500A1015,複方オキシコドン注射液,複方オキシコドン,１ｍＬ１管,349,
8119501A1010,アヘンアルカロイド・アトロピン注射液,アヘンアルカロイド・アトロピン,１ｍＬ１管,296,
8119502A1014,アヘンアルカロイド・スコポラミン注射液,アヘンアルカロイド・スコポラミン,１ｍＬ１管,345,
8119503A1019,弱アヘンアルカロイド・スコポラミン注射液,弱アヘンアルカロイド・スコポラミン,１ｍＬ１管,312,
8119504A1013,複方オキシコドン・アトロピン注射液,複方オキシコドン・アトロピン,１ｍＬ１管,372,
8119505A1018,モルヒネ・アトロピン注射液,モルヒネ・アトロピン,１ｍＬ１管,320,
8211400A1014,ペチジン塩酸塩注射液,ペチジン塩酸塩,３．５％１ｍＬ１管,341,
8211400A2010,ペチジン塩酸塩注射液,ペチジン塩酸塩,５％１ｍＬ１管,361,
8219400A1063,フェンタニル注射液０．１ｍｇ「第一三共」,フェンタニルクエン酸塩,０．００５％２ｍＬ１管,242,
8219400A1071,フェンタニル注射液０．１ｍｇ「テルモ」,フェンタニルクエン酸塩,０．００５％２ｍＬ１管,242,
8219400A2051,フェンタニル注射液０．２５ｍｇ「第一三共」,フェンタニルクエン酸塩,０．００５％５ｍＬ１管,515,
8219400A2060,フェンタニル注射液０．２５ｍｇ「テルモ」,フェンタニルクエン酸塩,０．００５％５ｍＬ１管,515,
8219400A3031,フェンタニル注射液０．５ｍｇ「テルモ」,フェンタニルクエン酸塩,０．００５％１０ｍＬ１管,887,
8219401D1021,アルチバ静注用２ｍｇ,レミフェンタニル塩酸塩,２ｍｇ１瓶,1682,
8219401D1030,レミフェンタニル静注用２ｍｇ「第一三共」,レミフェンタニル塩酸塩,２ｍｇ１瓶,917,
8219401D2028,アルチバ静注用５ｍｇ,レミフェンタニル塩酸塩,５ｍｇ１瓶,3462,
8219401D2036,レミフェンタニル静注用５ｍｇ「第一三共」,レミフェンタニル塩酸塩,５ｍｇ１瓶,1980,
8219501A1031,ペチロルファン配合注ＨＤ,ペチジン塩酸塩・レバロルファン酒石酸塩,１ｍＬ１管,341,
8219502A1036,ペチロルファン配合注ＬＤ,ペチジン塩酸塩・レバロルファン酒石酸塩,１ｍＬ１管,339,
1112700X1011,ハロタン,ハロタン,１ｍＬ,53.8,
1114700X1016,麻酔用エーテル,麻酔用エーテル,１ｍＬ,9.6,
1116700X1010,亜酸化窒素,亜酸化窒素,１ｇ,2.5,
1116700X1045,マルワ亜酸化窒素,亜酸化窒素,１ｇ,3.2,
1116700X1053,液化亜酸化窒素（日本エア・リキード）,亜酸化窒素,１ｇ,3.6,
1116700X1061,液化亜酸化窒素（日産）,亜酸化窒素,１ｇ,3.6,
1116700X1088,小池笑気,亜酸化窒素,１ｇ,3.2,
1119701G1106,イソフルラン吸入麻酔液「ＶＴＲＳ」,イソフルラン,１ｍＬ,23.8,
1119702G1011,セボフルラン吸入液,セボフルラン,１ｍＬ,24.4,
1119702G1062,セボフレン吸入麻酔液,セボフルラン,１ｍＬ,26.4,
1119703G1024,スープレン吸入麻酔液,デスフルラン,１ｍＬ,36.9,
1123700J1020,エスクレ坐剤「２５０」,抱水クロラール,２５０ｍｇ１個,119.9,
1123700J2027,エスクレ坐剤「５００」,抱水クロラール,５００ｍｇ１個,152.1,
1123700X1023,エスクレ注腸用キット「５００」,抱水クロラール,５００ｍｇ１筒,576.1,
1124700J1044,ブロマゼパム坐剤３ｍｇ「サンド」,ブロマゼパム,３ｍｇ１個,64.1,
1124701J1022,ダイアップ坐剤４,ジアゼパム,４ｍｇ１個,44.6,
1124701J2029,ダイアップ坐剤６,ジアゼパム,６ｍｇ１個,50.3,
1124701J3025,ダイアップ坐剤１０,ジアゼパム,１０ｍｇ１個,57.1,
1125700J1025,ワコビタール坐剤１５,フェノバルビタールナトリウム,１５ｍｇ１個,28,
1125700J2021,ルピアール坐剤２５,フェノバルビタールナトリウム,２５ｍｇ１個,34.1,
1125700J3028,ワコビタール坐剤３０,フェノバルビタールナトリウム,３０ｍｇ１個,40.3,
1125700J4024,ルピアール坐剤５０,フェノバルビタールナトリウム,５０ｍｇ１個,48.7,
1125700J4032,ワコビタール坐剤５０,フェノバルビタールナトリウム,５０ｍｇ１個,49.5,
1125700J5020,ルピアール坐剤１００,フェノバルビタールナトリウム,１００ｍｇ１個,56.8,
1125700J5039,ワコビタール坐剤１００,フェノバルビタールナトリウム,１００ｍｇ１個,60.7,
1139700Q1029,ブコラム口腔用液２．５ｍｇ,ミダゾラム,２．５ｍｇ０．５ｍＬ１筒,1688.7,
1139700Q2025,ブコラム口腔用液５ｍｇ,ミダゾラム,５ｍｇ１ｍＬ１筒,2966.7,
1139700Q3021,ブコラム口腔用液７．５ｍｇ,ミダゾラム,７．５ｍｇ１．５ｍＬ１筒,2750,
1139700Q4028,ブコラム口腔用液１０ｍｇ,ミダゾラム,１０ｍｇ２ｍＬ１筒,3474.6,
1139701R1029,スピジア点鼻液５ｍｇ,ジアゼパム,５ｍｇ０．１ｍＬ１瓶,8336.5,
1139701R2025,スピジア点鼻液７．５ｍｇ,ジアゼパム,７．５ｍｇ０．１ｍＬ１瓶,9337.6,
1139701R3021,スピジア点鼻液１０ｍｇ,ジアゼパム,１０ｍｇ０．１ｍＬ１瓶,10120,
1141700J1010,アセトアミノフェン５０ｍｇ坐剤,アセトアミノフェン,５０ｍｇ１個,21.6,
1141700J1029,アルピニー坐剤５０,アセトアミノフェン,５０ｍｇ１個,21.6,
1141700J1045,アンヒバ坐剤小児用５０ｍｇ,アセトアミノフェン,５０ｍｇ１個,21.6,
1141700J1088,カロナール坐剤小児用５０,アセトアミノフェン,５０ｍｇ１個,26.5,
1141700J2017,アセトアミノフェン１００ｍｇ坐剤,アセトアミノフェン,１００ｍｇ１個,21.6,
1141700J2050,カロナール坐剤１００,アセトアミノフェン,１００ｍｇ１個,26.5,
1141700J2092,アルピニー坐剤１００,アセトアミノフェン,１００ｍｇ１個,21.6,
1141700J2130,アンヒバ坐剤小児用１００ｍｇ,アセトアミノフェン,１００ｍｇ１個,21.6,
1141700J3013,アセトアミノフェン２００ｍｇ坐剤,アセトアミノフェン,２００ｍｇ１個,21.6,
1141700J3021,アルピニー坐剤２００,アセトアミノフェン,２００ｍｇ１個,21.6,
1141700J3048,カロナール坐剤２００,アセトアミノフェン,２００ｍｇ１個,30.7,
1141700J3110,アンヒバ坐剤小児用２００ｍｇ,アセトアミノフェン,２００ｍｇ１個,21.6,
1141700J4028,カロナール坐剤４００,アセトアミノフェン,４００ｍｇ１個,50.2,
1145700J1010,インドメタシン坐剤,インドメタシン,１２．５ｍｇ１個,21.6,
1145700J2016,インドメタシン坐剤,インドメタシン,２５ｍｇ１個,21.6,
1145700J3012,インドメタシン坐剤,インドメタシン,５０ｍｇ１個,21.6,
1147700J1014,ジクロフェナクナトリウム１２．５ｍｇ坐剤,ジクロフェナクナトリウム,１２．５ｍｇ１個,21.6,
1147700J1057,ボルタレンサポ１２．５ｍｇ,ジクロフェナクナトリウム,１２．５ｍｇ１個,21.6,
1147700J2010,ジクロフェナクナトリウム２５ｍｇ坐剤,ジクロフェナクナトリウム,２５ｍｇ１個,21.6,
1147700J2061,ボルタレンサポ２５ｍｇ,ジクロフェナクナトリウム,２５ｍｇ１個,21.6,
1147700J3017,ジクロフェナクナトリウム５０ｍｇ坐剤,ジクロフェナクナトリウム,５０ｍｇ１個,21.6,
1147700J3084,ボルタレンサポ５０ｍｇ,ジクロフェナクナトリウム,５０ｍｇ１個,21.6,
1147700S1028,ジクトルテープ７５ｍｇ,ジクロフェナクナトリウム,７５ｍｇ１枚,153.1,
1149700J1019,ケトプロフェン５０ｍｇ坐剤,ケトプロフェン,５０ｍｇ１個,21.6,
1149700J2104,ケトプロフェン坐剤７５ｍｇ「ＪＧ」,ケトプロフェン,７５ｍｇ１個,21.8,
1149700J2112,ケトプロフェン坐剤７５ｍｇ「日新」,ケトプロフェン,７５ｍｇ１個,21.8,
1149703J1020,レペタン坐剤０．２ｍｇ,ブプレノルフィン塩酸塩,０．２ｍｇ１個,100.2,
1149703J2027,レペタン坐剤０．４ｍｇ,ブプレノルフィン塩酸塩,０．４ｍｇ１個,130.1,
1149704S1020,ノルスパンテープ５ｍｇ,ブプレノルフィン,５ｍｇ１枚,1485.9,
1149704S2027,ノルスパンテープ１０ｍｇ,ブプレノルフィン,１０ｍｇ１枚,2276.1,
1149704S3023,ノルスパンテープ２０ｍｇ,ブプレノルフィン,２０ｍｇ１枚,3498.1,
1169700S1025,ニュープロパッチ２．２５ｍｇ,ロチゴチン,２．２５ｍｇ１枚,172.6,
1169700S2021,ニュープロパッチ４．５ｍｇ,ロチゴチン,４．５ｍｇ１枚,267.6,
1169700S3028,ニュープロパッチ９ｍｇ,ロチゴチン,９ｍｇ１枚,410.5,
1169700S4024,ニュープロパッチ１３．５ｍｇ,ロチゴチン,１３．５ｍｇ１枚,527.3,
1169700S5020,ニュープロパッチ１８ｍｇ,ロチゴチン,１８ｍｇ１枚,611.5,
1169701S1020,ハルロピテープ８ｍｇ,ロピニロール塩酸塩,８ｍｇ１枚,258.6,
1169701S2026,ハルロピテープ１６ｍｇ,ロピニロール塩酸塩,１６ｍｇ１枚,399.9,
1169701S3022,ハルロピテープ２４ｍｇ,ロピニロール塩酸塩,２４ｍｇ１枚,502.8,
1169701S4029,ハルロピテープ３２ｍｇ,ロピニロール塩酸塩,３２ｍｇ１枚,624.7,
1169701S5025,ハルロピテープ４０ｍｇ,ロピニロール塩酸塩,４０ｍｇ１枚,685.3,
1179700S1021,ロナセンテープ２０ｍｇ,ブロナンセリン,２０ｍｇ１枚,220.7,
1179700S2028,ロナセンテープ３０ｍｇ,ブロナンセリン,３０ｍｇ１枚,319.2,
1179700S3024,ロナセンテープ４０ｍｇ,ブロナンセリン,４０ｍｇ１枚,413.5,
1190700S1029,イクセロンパッチ４．５ｍｇ,リバスチグミン,４．５ｍｇ１枚,118.6,
1190700S1037,リバスタッチパッチ４．５ｍｇ,リバスチグミン,４．５ｍｇ１枚,141.1,
1190700S1045,リバスチグミンテープ４．５ｍｇ「ＤＳＥＰ」,リバスチグミン,４．５ｍｇ１枚,61.8,
1190700S1053,リバスチグミンテープ４．５ｍｇ「ＫＭＰ」,リバスチグミン,４．５ｍｇ１枚,84.4,
1190700S1061,リバスチグミンテープ４．５ｍｇ「ＹＤ」,リバスチグミン,４．５ｍｇ１枚,61.8,
1190700S1070,リバスチグミンテープ４．５ｍｇ「ＹＰ」,リバスチグミン,４．５ｍｇ１枚,61.8,
1190700S1088,リバスチグミンテープ４．５ｍｇ「アメル」,リバスチグミン,４．５ｍｇ１枚,61.8,
1190700S1096,リバスチグミンテープ４．５ｍｇ「サワイ」,リバスチグミン,４．５ｍｇ１枚,61.8,
1190700S1100,リバスチグミンテープ４．５ｍｇ「トーワ」,リバスチグミン,４．５ｍｇ１枚,61.8,
1190700S1118,リバスチグミンテープ４．５ｍｇ「日医工」,リバスチグミン,４．５ｍｇ１枚,61.8,
1190700S1126,リバスチグミンテープ４．５ｍｇ「ニプロ」,リバスチグミン,４．５ｍｇ１枚,61.8,
1190700S1134,リバスチグミンテープ４．５ｍｇ「久光」,リバスチグミン,４．５ｍｇ１枚,61.8,
1190700S2025,イクセロンパッチ９ｍｇ,リバスチグミン,９ｍｇ１枚,131.4,
1190700S2033,リバスタッチパッチ９ｍｇ,リバスチグミン,９ｍｇ１枚,158.3,
1190700S2041,リバスチグミンテープ９ｍｇ「ＤＳＥＰ」,リバスチグミン,９ｍｇ１枚,70,
1190700S2050,リバスチグミンテープ９ｍｇ「ＫＭＰ」,リバスチグミン,９ｍｇ１枚,70,
1190700S2068,リバスチグミンテープ９ｍｇ「ＹＤ」,リバスチグミン,９ｍｇ１枚,91.6,
1190700S2076,リバスチグミンテープ９ｍｇ「ＹＰ」,リバスチグミン,９ｍｇ１枚,70,
1190700S2084,リバスチグミンテープ９ｍｇ「アメル」,リバスチグミン,９ｍｇ１枚,70,
1190700S2092,リバスチグミンテープ９ｍｇ「サワイ」,リバスチグミン,９ｍｇ１枚,70,
1190700S2106,リバスチグミンテープ９ｍｇ「トーワ」,リバスチグミン,９ｍｇ１枚,70,
1190700S2114,リバスチグミンテープ９ｍｇ「日医工」,リバスチグミン,９ｍｇ１枚,70,
1190700S2122,リバスチグミンテープ９ｍｇ「ニプロ」,リバスチグミン,９ｍｇ１枚,70,
1190700S2130,リバスチグミンテープ９ｍｇ「久光」,リバスチグミン,９ｍｇ１枚,70,
1190700S3021,イクセロンパッチ１３．５ｍｇ,リバスチグミン,１３．５ｍｇ１枚,133.4,
1190700S3030,リバスタッチパッチ１３．５ｍｇ,リバスチグミン,１３．５ｍｇ１枚,160.3,
1190700S3048,リバスチグミンテープ１３．５ｍｇ「ＤＳＥＰ」,リバスチグミン,１３．５ｍｇ１枚,72.2,
1190700S3056,リバスチグミンテープ１３．５ｍｇ「ＫＭＰ」,リバスチグミン,１３．５ｍｇ１枚,103,
1190700S3064,リバスチグミンテープ１３．５ｍｇ「ＹＤ」,リバスチグミン,１３．５ｍｇ１枚,72.2,
1190700S3072,リバスチグミンテープ１３．５ｍｇ「ＹＰ」,リバスチグミン,１３．５ｍｇ１枚,72.2,
1190700S3080,リバスチグミンテープ１３．５ｍｇ「アメル」,リバスチグミン,１３．５ｍｇ１枚,72.2,
1190700S3099,リバスチグミンテープ１３．５ｍｇ「サワイ」,リバスチグミン,１３．５ｍｇ１枚,72.2,
1190700S3102,リバスチグミンテープ１３．５ｍｇ「トーワ」,リバスチグミン,１３．５ｍｇ１枚,72.2,
1190700S3110,リバスチグミンテープ１３．５ｍｇ「日医工」,リバスチグミン,１３．５ｍｇ１枚,72.2,
1190700S3129,リバスチグミンテープ１３．５ｍｇ「ニプロ」,リバスチグミン,１３．５ｍｇ１枚,72.2,
1190700S3137,リバスチグミンテープ１３．５ｍｇ「久光」,リバスチグミン,１３．５ｍｇ１枚,72.2,
1190700S4028,イクセロンパッチ１８ｍｇ,リバスチグミン,１８ｍｇ１枚,143.9,
1190700S4036,リバスタッチパッチ１８ｍｇ,リバスチグミン,１８ｍｇ１枚,169.7,
1190700S4044,リバスチグミンテープ１８ｍｇ「ＤＳＥＰ」,リバスチグミン,１８ｍｇ１枚,77.4,
1190700S4052,リバスチグミンテープ１８ｍｇ「ＫＭＰ」,リバスチグミン,１８ｍｇ１枚,77.4,
1190700S4060,リバスチグミンテープ１８ｍｇ「ＹＤ」,リバスチグミン,１８ｍｇ１枚,88.7,
1190700S4079,リバスチグミンテープ１８ｍｇ「ＹＰ」,リバスチグミン,１８ｍｇ１枚,77.4,
1190700S4087,リバスチグミンテープ１８ｍｇ「アメル」,リバスチグミン,１８ｍｇ１枚,88.7,
1190700S4095,リバスチグミンテープ１８ｍｇ「サワイ」,リバスチグミン,１８ｍｇ１枚,77.4,
1190700S4109,リバスチグミンテープ１８ｍｇ「トーワ」,リバスチグミン,１８ｍｇ１枚,77.4,
1190700S4117,リバスチグミンテープ１８ｍｇ「日医工」,リバスチグミン,１８ｍｇ１枚,77.4,
1190700S4125,リバスチグミンテープ１８ｍｇ「ニプロ」,リバスチグミン,１８ｍｇ１枚,77.4,
1190700S4133,リバスチグミンテープ１８ｍｇ「久光」,リバスチグミン,１８ｍｇ１枚,77.4,
1190700S5024,リバルエンＬＡパッチ２５．９２ｍｇ,リバスチグミン,２５．９２ｍｇ１枚,215,
1190700S6020,リバルエンＬＡパッチ５１．８４ｍｇ,リバスチグミン,５１．８４ｍｇ１枚,327.7,
1190701S1023,アリドネパッチ２７．５ｍｇ,ドネペジル,２７．５ｍｇ１枚,282.1,
1190701S2020,アリドネパッチ５５ｍｇ,ドネペジル,５５ｍｇ１枚,432.3,
1213700X1014,ジブカイン塩酸塩,ジブカイン塩酸塩,１ｇ,377.2,
1214700P1054,キシロカインゼリー２％,リドカイン塩酸塩,２％１ｍＬ,6.3,
1214700P1070,リドカイン塩酸塩ゼリー２％「日新」,リドカイン塩酸塩,２％１ｍＬ,6.6,
1214700Q1033,キシロカイン液「４％」,リドカイン塩酸塩,４％１ｍＬ,17,
1214700Q1041,キシロカイン点眼液４％,リドカイン塩酸塩,４％１ｍＬ,19.1,
1214701R1050,キシロカインポンプスプレー８％,リドカイン,１ｇ,27.7,
1214701R1068,リドカインポンプスプレー８％「日新」,リドカイン,１ｇ,27.7,
1214701S1051,ペンレステープ１８ｍｇ,リドカイン,（１８ｍｇ）３０．５ｍｍ×５０．０ｍｍ１枚,31.3,
1214701S1060,リドカインテープ１８ｍｇ「ＮＰ」,リドカイン,（１８ｍｇ）３０．５ｍｍ×５０．０ｍｍ１枚,45.2,
1214701S1086,リドカインテープ１８ｍｇ「ＹＰ」,リドカイン,（１８ｍｇ）３０．５ｍｍ×５０．０ｍｍ１枚,31.6,
1219800N1023,エムラクリーム,リドカイン・プロピトカイン配合剤,１ｇ,182.4,
1219800S1027,エムラパッチ,リドカイン・プロピトカイン配合剤,１枚,469.4,
1259700Q1027,エクロックゲル５％,ソフピロニウム臭化物,５％１ｇ,238.4,
1259701X1026,ラピフォートワイプ２．５％,グリコピロニウムトシル酸塩水和物,２．５％２．５ｇ１包,242.3,
1259702Q1026,アポハイドローション２０％,オキシブチニン塩酸塩,２０％１ｇ,539.9,
1311701Q1031,サイプレジン１％点眼液,シクロペントラート塩酸塩,１％１ｍＬ,66.2,
1311702Q1036,ネオシネジンコーワ５％点眼液,フェニレフリン塩酸塩,５％１ｍＬ,36.8,
1311703X1019,ホマトロピン臭化水素酸塩,ホマトロピン臭化水素酸塩,１ｇ,484.2,
1311705Q1048,ミドリンＭ点眼液０．４％,トロピカミド,０．４％１ｍＬ,19.1,
1311705Q1064,トロピカミド点眼液０．４％「日点」,トロピカミド,０．４％１ｍＬ,19.1,
1311706M1024,リュウアト１％眼軟膏,アトロピン硫酸塩水和物,１％１ｇ,420.4,
1311706Q2022,日点アトロピン点眼液１％,アトロピン硫酸塩水和物,１％５ｍＬ１瓶,296.6,
1312700X1012,ピロカルピン塩酸塩,ピロカルピン塩酸塩,１ｇ,1180.3,
1312701Q1063,サンピロ点眼液０．５％,ピロカルピン塩酸塩,０．５％５ｍＬ１瓶,94.8,R9.3.31まで
1312701Q2086,サンピロ点眼液１％,ピロカルピン塩酸塩,１％５ｍＬ１瓶,94.8,
1312701Q3082,サンピロ点眼液２％,ピロカルピン塩酸塩,２％５ｍＬ１瓶,103.1,
1312701Q4046,サンピロ点眼液３％,ピロカルピン塩酸塩,３％５ｍＬ１瓶,123.7,R9.3.31まで
1312701Q5050,サンピロ点眼液４％,ピロカルピン塩酸塩,４％５ｍＬ１瓶,136.2,
1312704Q1024,ウブレチド点眼液０．５％,ジスチグミン臭化物,０．５％１ｍＬ,95.5,
1312704Q2020,ウブレチド点眼液１％,ジスチグミン臭化物,１％１ｍＬ,158.4,
1313700Q2070,ベノキシール点眼液０．４％,オキシブプロカイン塩酸塩,０．４％１ｍＬ,41.8,
1313700Q2089,ネオベノール点眼液０．４％,オキシブプロカイン塩酸塩,０．４％１ｍＬ,41.8,
1313700Q2097,オキシブプロカイン塩酸塩点眼液０．４％「ニットー」,オキシブプロカイン塩酸塩,０．４％１ｍＬ,41.8,
1313700Q3034,ラクリミン点眼液０．０５％,オキシブプロカイン塩酸塩,０．０５％５ｍＬ１瓶,94.8,R9.3.31まで
1314700Q1012,硝酸銀点眼液,硝酸銀,１％０．５ｍＬ１管,18.3,
1314701X1011,ホウ酸,ホウ酸,１０ｇ,7.4,
1314701X1070,ホウ酸「ケンエー」,ホウ酸,１０ｇ,22.8,
1314701X1178,ホウ酸「メタル」,ホウ酸,１０ｇ,21.5,
1314702X1016,ホウ砂,ホウ砂,１０ｇ,10.1,
1315700M1026,サンテゾーン０．０５％眼軟膏,デキサメタゾン,０．０５％１ｇ,40.7,
1315700M2057,デキサメタゾン眼軟膏０．１％「ニットー」,デキサメタゾン,０．１％１ｇ,31.2,
1315701Q1014,デキサメタゾンメタスルホ安息香酸エステルナトリウム０．０２％１ｍＬ点眼液,デキサメタゾンメタスルホ安息香酸エステルナトリウム,０．０２％１ｍＬ,19.1,
1315701Q1081,サンテゾーン点眼液（０．０２％）,デキサメタゾンメタスルホ安息香酸エステルナトリウム,０．０２％１ｍＬ,19.1,
1315701Q2010,デキサメタゾンメタスルホ安息香酸エステルナトリウム０．０５％１ｍＬ点眼液,デキサメタゾンメタスルホ安息香酸エステルナトリウム,０．０５％１ｍＬ,19.1,
1315701Q3033,サンテゾーン点眼液（０．１％）,デキサメタゾンメタスルホ安息香酸エステルナトリウム,０．１％１ｍＬ,33.9,
1315701Q3106,Ｄ・Ｅ・Ｘ点眼液０．１％「ニットー」,デキサメタゾンメタスルホ安息香酸エステルナトリウム,０．１％１ｍＬ,24.5,
1315701Q4048,ビジュアリン眼科耳鼻科用液０．１％,デキサメタゾンメタスルホ安息香酸エステルナトリウム,０．１％１ｍＬ,27.2,
1315702Q1051,オルガドロン点眼・点耳・点鼻液０．１％,デキサメタゾンリン酸エステルナトリウム,０．１％１ｍＬ,32,
1315704Q1018,フルオロメトロン０．０２％１ｍＬ点眼液,フルオロメトロン,０．０２％１ｍＬ,19.1,
1315704Q1115,フルメトロン点眼液０．０２％,フルオロメトロン,０．０２％１ｍＬ,23.4,
1315704Q1131,フルオロメトロン点眼液０．０２％「わかもと」,フルオロメトロン,０．０２％１ｍＬ,26.9,
1315704Q2073,フルオロメトロン点眼液０．０５％「センジュ」,フルオロメトロン,０．０５％１ｍＬ,19.1,
1315704Q3010,フルオロメトロン０．１％１ｍＬ点眼液,フルオロメトロン,０．１％１ｍＬ,19.1,
1315704Q3126,フルメトロン点眼液０．１％,フルオロメトロン,０．１％１ｍＬ,26.3,
1315705M1037,プレドニン眼軟膏,プレドニゾロン酢酸エステル,０．２５％１ｇ,91.7,
1315706Q1025,リンデロン点眼液０．０１％,ベタメタゾンリン酸エステルナトリウム,０．０１％１ｍＬ,27.2,
1315706Q2013,ベタメタゾンリン酸エステルナトリウム０．１％点眼点耳点鼻液,ベタメタゾンリン酸エステルナトリウム,０．１％１ｍＬ,13.5,
1315706Q2080,リノロサール眼科耳鼻科用液０．１％,ベタメタゾンリン酸エステルナトリウム,０．１％１ｍＬ,32.2,
1315706Q2102,リンデロン点眼・点耳・点鼻液０．１％,ベタメタゾンリン酸エステルナトリウム,０．１％１ｍＬ,44,
1315706Q2129,ベタメタゾンリン酸エステルＮａ・ＰＦ眼耳鼻科用液０．１％「日点」,ベタメタゾンリン酸エステルナトリウム,０．１％１ｍＬ,32.2,
1316700Q1050,プリビナ点眼液０．５ｍｇ／ｍＬ,ナファゾリン硝酸塩,０．０５％１ｍＬ,19.1,
1317702Q1064,クロラムフェニコール点眼液０．５％「ニットー」,クロラムフェニコール,５ｍｇ１ｍＬ,19.1,
1317706Q1011,ゲンタマイシン硫酸塩３ｍｇ１ｍＬ点眼液,ゲンタマイシン硫酸塩,３ｍｇ１ｍＬ,19.1,
1317708Q1037,トブラシン点眼液０．３％,トブラマイシン,３ｍｇ１ｍＬ,36.4,
1317710Q1034,パニマイシン点眼液０．３％,ジベカシン硫酸塩,３ｍｇ１ｍＬ,29.3,
1317712M1031,ピマリシン眼軟膏１％「センジュ」,ピマリシン,１０ｍｇ１ｇ,604.8,
1317712Q1033,ピマリシン点眼液５％「センジュ」,ピマリシン,５０ｍｇ１ｍＬ,628.3,
1317713Q1038,ベストロン点眼用０．５％,セフメノキシム塩酸塩,５ｍｇ１ｍＬ（溶解後の液として）,54.8,
1317714Q1024,アジマイシン点眼液１％,アジスロマイシン水和物,１％１ｍＬ,284,
1317715W1028,マイトマイシン眼科外用液用２ｍｇ,マイトマイシンＣ,２ｍｇ１瓶,2345.9,
1319701Q1013,カルテオロール塩酸塩１％１ｍＬ点眼液,カルテオロール塩酸塩,１％１ｍＬ,58,
1319701Q1021,ミケラン点眼液１％,カルテオロール塩酸塩,１％１ｍＬ,87,
1319701Q2028,ミケラン点眼液２％,カルテオロール塩酸塩,２％１ｍＬ,104.9,
1319701Q2095,カルテオロール塩酸塩点眼液２％「わかもと」,カルテオロール塩酸塩,２％１ｍＬ,73,
1319701Q2109,カルテオロール塩酸塩ＰＦ点眼液２％「日点」,カルテオロール塩酸塩,２％１ｍＬ,73,
1319701Q2117,カルテオロール塩酸塩点眼液２％「ニッテン」,カルテオロール塩酸塩,２％１ｍＬ,73,
1319701Q2125,カルテオロール塩酸塩点眼液２％「ニットー」,カルテオロール塩酸塩,２％１ｍＬ,65.2,
1319701Q3024,ミケランＬＡ点眼液１％,カルテオロール塩酸塩,１％１ｍＬ,196.7,
1319701Q3032,カルテオロール塩酸塩ＬＡ点眼液１％「わかもと」,カルテオロール塩酸塩,１％１ｍＬ,100,
1319701Q4020,ミケランＬＡ点眼液２％,カルテオロール塩酸塩,２％１ｍＬ,235.8,
1319701Q4039,カルテオロール塩酸塩ＬＡ点眼液２％「わかもと」,カルテオロール塩酸塩,２％１ｍＬ,124.7,
1319702Q1018,チモロールマレイン酸塩０．２５％１ｍＬ点眼液,チモロールマレイン酸塩,０．２５％１ｍＬ,42.4,
1319702Q1107,チモプトール点眼液０．２５％,チモロールマレイン酸塩,０．２５％１ｍＬ,70.3,
1319702Q1174,チモロールＰＦ点眼液０．２５％「日点」,チモロールマレイン酸塩,０．２５％１ｍＬ,73.5,
1319702Q2014,チモロールマレイン酸塩０．５％１ｍＬ点眼液,チモロールマレイン酸塩,０．５％１ｍＬ,46.3,
1319702Q2111,チモプトール点眼液０．５％,チモロールマレイン酸塩,０．５％１ｍＬ,69.5,
1319702Q3010,チモロールマレイン酸塩０．２５％１ｍＬＸＥ点眼液,チモロールマレイン酸塩,０．２５％１ｍＬ,18.5,
1319702Q3037,チモプトールＸＥ点眼液０．２５％,チモロールマレイン酸塩,０．２５％１ｍＬ,205.7,
1319702Q3045,チモロールＸＥ点眼液０．２５％「ＴＳ」,チモロールマレイン酸塩,０．２５％１ｍＬ,169.6,
1319702Q3061,チモロールＸＥ点眼液０．２５％「ニットー」,チモロールマレイン酸塩,０．２５％１ｍＬ,169.6,
1319702Q3088,チモロールＸＥ点眼液０．２５％「センジュ」,チモロールマレイン酸塩,０．２５％１ｍＬ,95.9,R9.3.31まで
1319702Q4033,チモプトールＸＥ点眼液０．５％,チモロールマレイン酸塩,０．５％１ｍＬ,307.3,
1319702Q4041,チモロールＸＥ点眼液０．５％「ＴＳ」,チモロールマレイン酸塩,０．５％１ｍＬ,121.2,
1319702Q4050,チモロールＸＥ点眼液０．５％「杏林」,チモロールマレイン酸塩,０．５％１ｍＬ,205.1,
1319702Q4068,チモロールＸＥ点眼液０．５％「ニットー」,チモロールマレイン酸塩,０．５％１ｍＬ,205.1,
1319702Q4084,チモロールＸＥ点眼液０．５％「センジュ」,チモロールマレイン酸塩,０．５％１ｍＬ,205.1,R9.3.31まで
1319702Q5021,リズモンＴＧ点眼液０．２５％,チモロールマレイン酸塩,０．２５％１ｍＬ,223.8,
1319702Q6028,リズモンＴＧ点眼液０．５％,チモロールマレイン酸塩,０．５％１ｍＬ,266.4,
1319703Q2019,アズレンスルホン酸ナトリウム０．０２％５ｍＬ点眼液,アズレンスルホン酸ナトリウム水和物,０．０２％５ｍＬ１瓶,94.8,
1319706Q1075,カタリンＫ点眼用０．００５％,ピレノキシン,０．００５％１ｍＬ（溶解後の液として）,19.1,
1319706Q2039,カタリン点眼用０．００５％,ピレノキシン,０．００５％１ｍＬ（溶解後の液として）,19.1,
1319706Q3043,ピレノキシン懸濁性点眼液０．００５％「参天」,ピレノキシン,０．００５％５ｍＬ１瓶,94.8,
1319709Q3012,コンドロイチン硫酸エステルナトリウム１％５ｍＬ点眼液,コンドロイチン硫酸エステルナトリウム,１％５ｍＬ１瓶,94.8,
1319709Q4019,コンドロイチン硫酸エステルナトリウム３％５ｍＬ点眼液,コンドロイチン硫酸エステルナトリウム,３％５ｍＬ１瓶,94.8,
1319710Q2019,シアノコバラミン０．０２％５ｍＬ点眼液,シアノコバラミン,０．０２％５ｍＬ１瓶,92.3,
1319710Q2078,サンコバ点眼液０．０２％,シアノコバラミン,０．０２％５ｍＬ１瓶,94.8,
1319715Q1031,ＰＡ・ヨード点眼・洗眼液,ポリビニルアルコールヨウ素,０．２％１ｍＬ,22.5,
1319717Q1316,クロモグリク酸Ｎａ点眼液２％「日新」,クロモグリク酸ナトリウム,１００ｍｇ５ｍＬ１瓶,167.9,
1319717Q1332,クロモグリク酸Ｎａ点眼液２％「わかもと」,クロモグリク酸ナトリウム,１００ｍｇ５ｍＬ１瓶,167.9,
1319717Q1359,クロモグリク酸Ｎａ・ＰＦ点眼液２％「日点」,クロモグリク酸ナトリウム,１００ｍｇ５ｍＬ１瓶,167.9,
1319717Q1367,クロモグリク酸Ｎａ点眼液２％「杏林」,クロモグリク酸ナトリウム,１００ｍｇ５ｍＬ１瓶,167.9,
1319717Q1375,クロモグリク酸Ｎａ点眼液２％「科研」,クロモグリク酸ナトリウム,１００ｍｇ５ｍＬ１瓶,167.9,
1319717Q1383,クロモグリク酸Ｎａ点眼液２％「タカタ」,クロモグリク酸ナトリウム,１００ｍｇ５ｍＬ１瓶,167.9,
1319717Q1391,クロモグリク酸Ｎａ点眼液２％「ニッテン」,クロモグリク酸ナトリウム,１００ｍｇ５ｍＬ１瓶,167.9,
1319717Q1405,クロモグリク酸Ｎａ点眼液２％「ニットー」,クロモグリク酸ナトリウム,１００ｍｇ５ｍＬ１瓶,167.9,
1319717Q1413,クロモグリク酸Ｎａ点眼液２％「ＴＳ」,クロモグリク酸ナトリウム,１００ｍｇ５ｍＬ１瓶,167.9,
1319717Q1421,クロモグリク酸Ｎａ点眼液２％「センジュ」,クロモグリク酸ナトリウム,１００ｍｇ５ｍＬ１瓶,167.9,
1319717Q1430,クロモグリク酸Ｎａ点眼液２％「ＶＴＲＳ」,クロモグリク酸ナトリウム,１００ｍｇ５ｍＬ１瓶,167.9,
1319719M1011,アシクロビル３％眼軟膏,アシクロビル,３％１ｇ,239.8,R9.3.31まで
1319719M1046,ゾビラックス眼軟膏３％,アシクロビル,３％１ｇ,551.5,
1319720Q1164,ヒーロン眼粘弾剤１％シリンジ０．４ｍＬ,精製ヒアルロン酸ナトリウム,１％０．４ｍＬ１筒,2353.5,
1319720Q1172,ヒアルロン酸Ｎａ０．４眼粘弾剤１％ＨＶ「センジュ」,精製ヒアルロン酸ナトリウム,１％０．４ｍＬ１筒,2556.7,R9.3.31まで
1319720Q1180,ヒアルロン酸Ｎａ０．４眼粘弾剤１％「アルコン」,精製ヒアルロン酸ナトリウム,１％０．４ｍＬ１筒,2556.7,
1319720Q1202,ヒアルロン酸Ｎａ０．４眼粘弾剤１％「生化学」,精製ヒアルロン酸ナトリウム,１％０．４ｍＬ１筒,2556.7,
1319720Q1210,ヒアルロン酸Ｎａ０．４眼粘弾剤１％「ＮＩＧ」,精製ヒアルロン酸ナトリウム,１％０．４ｍＬ１筒,2556.7,
1319720Q1229,ヒアルロン酸Ｎａ０．４眼粘弾剤１％ＨＶ「わかもと」,精製ヒアルロン酸ナトリウム,１％０．４ｍＬ１筒,2556.7,
1319720Q2071,ヒアルロン酸Ｎａ０．５眼粘弾剤１％ＭＶ「センジュ」,精製ヒアルロン酸ナトリウム,１％０．５ｍＬ１筒,3146.9,R9.3.31まで
1319720Q2080,ヒアルロン酸Ｎａ０．５眼粘弾剤１％ＭＶ「わかもと」,精製ヒアルロン酸ナトリウム,１％０．５ｍＬ１筒,3146.9,
1319720Q3019,精製ヒアルロン酸ナトリウム０．１％５ｍＬ点眼液,精製ヒアルロン酸ナトリウム,０．１％５ｍＬ１瓶,95.7,
1319720Q3078,ヒアレイン点眼液０．１％,精製ヒアルロン酸ナトリウム,０．１％５ｍＬ１瓶,192.9,
1319720Q3132,ヒアルロン酸ナトリウムＰＦ点眼液０．１％「日点」,精製ヒアルロン酸ナトリウム,０．１％５ｍＬ１瓶,134.6,
1319720Q3175,ヒアルロン酸Ｎａ点眼液０．１％「わかもと」,精製ヒアルロン酸ナトリウム,０．１％５ｍＬ１瓶,134.6,
1319720Q3213,ヒアルロン酸Ｎａ点眼液０．１％「ニットー」,精製ヒアルロン酸ナトリウム,０．１％５ｍＬ１瓶,134.6,
1319720Q3221,ヒアルロン酸Ｎａ点眼液０．１％「科研」,精製ヒアルロン酸ナトリウム,０．１％５ｍＬ１瓶,134.6,
1319720Q3230,ヒアルロン酸Ｎａ点眼液０．１％「センジュ」,精製ヒアルロン酸ナトリウム,０．１％５ｍＬ１瓶,134.6,
1319720Q4031,ヒアレインミニ点眼液０．１％,精製ヒアルロン酸ナトリウム,０．１％０．４ｍＬ１個,26.5,
1319720Q5038,ヒアレインミニ点眼液０．３％,精製ヒアルロン酸ナトリウム,０．３％０．４ｍＬ１個,28.9,
1319720Q6093,ヒアルロン酸Ｎａ０．７眼粘弾剤１％「アルコン」,精製ヒアルロン酸ナトリウム,１％０．７ｍＬ１筒,3359.9,
1319720Q6107,ヒアルロン酸Ｎａ０．７眼粘弾剤１％「生化学」,精製ヒアルロン酸ナトリウム,１％０．７ｍＬ１筒,3359.9,
1319720Q7111,オペガン０．６眼粘弾剤１％,精製ヒアルロン酸ナトリウム,１％０．６ｍＬ１筒,4060.4,
1319720Q7227,ヒーロン眼粘弾剤１％シリンジ０．６ｍＬ,精製ヒアルロン酸ナトリウム,１％０．６ｍＬ１筒,2617.6,
1319720Q7235,ヒアルロン酸Ｎａ０．６眼粘弾剤１％ＨＶ「センジュ」,精製ヒアルロン酸ナトリウム,１％０．６ｍＬ１筒,3065.9,R9.3.31まで
1319720Q7243,ヒアルロン酸Ｎａ０．６眼粘弾剤１％ＭＶ「センジュ」,精製ヒアルロン酸ナトリウム,１％０．６ｍＬ１筒,4394.9,R9.3.31まで
1319720Q7251,ヒアルロン酸Ｎａ０．６眼粘弾剤１％「アルコン」,精製ヒアルロン酸ナトリウム,１％０．６ｍＬ１筒,3065.9,
1319720Q7278,ヒアルロン酸Ｎａ０．６眼粘弾剤１％「生化学」,精製ヒアルロン酸ナトリウム,１％０．６ｍＬ１筒,3065.9,
1319720Q7286,ヒアルロン酸Ｎａ０．６眼粘弾剤１％「ＮＩＧ」,精製ヒアルロン酸ナトリウム,１％０．６ｍＬ１筒,3065.9,
1319720Q7294,ヒアルロン酸Ｎａ０．６眼粘弾剤１％ＨＶ「わかもと」,精製ヒアルロン酸ナトリウム,１％０．６ｍＬ１筒,3065.9,
1319720Q7308,ヒアルロン酸Ｎａ０．６眼粘弾剤１％ＭＶ「わかもと」,精製ヒアルロン酸ナトリウム,１％０．６ｍＬ１筒,4394.9,
1319720Q8215,ヒーロン眼粘弾剤１％シリンジ０．８５ｍＬ,精製ヒアルロン酸ナトリウム,１％０．８５ｍＬ１筒,2617.1,
1319720Q8223,ヒアルロン酸Ｎａ０．８５眼粘弾剤１％ＨＶ「センジュ」,精製ヒアルロン酸ナトリウム,１％０．８５ｍＬ１筒,3658.1,R9.3.31まで
1319720Q8231,ヒアルロン酸Ｎａ０．８５眼粘弾剤１％「アルコン」,精製ヒアルロン酸ナトリウム,１％０．８５ｍＬ１筒,3592.8,
1319720Q8258,ヒアルロン酸Ｎａ０．８５眼粘弾剤１％「生化学」,精製ヒアルロン酸ナトリウム,１％０．８５ｍＬ１筒,3658.1,
1319720Q8266,ヒアルロン酸Ｎａ０．８５眼粘弾剤１％「ＮＩＧ」,精製ヒアルロン酸ナトリウム,１％０．８５ｍＬ１筒,2386.9,
1319720Q8274,ヒアルロン酸Ｎａ０．８５眼粘弾剤１％ＨＶ「わかもと」,精製ヒアルロン酸ナトリウム,１％０．８５ｍＬ１筒,3658.1,
1319720Q9017,精製ヒアルロン酸ナトリウム１％１．１ｍＬ液,精製ヒアルロン酸ナトリウム,１％１．１ｍＬ１筒,4439.3,
1319720Q9041,オペガン１．１眼粘弾剤１％,精製ヒアルロン酸ナトリウム,１％１．１ｍＬ１筒,4917,
1319720Y1040,ヒーロンＶ眼粘弾剤２．３％シリンジ０．６ｍＬ,精製ヒアルロン酸ナトリウム,２．３％０．６ｍＬ１筒,6342.4,
1319720Y2012,精製ヒアルロン酸ナトリウム０．３％５ｍＬ点眼液,精製ヒアルロン酸ナトリウム,０．３％５ｍＬ１瓶,95.7,
1319720Y2020,ヒアレイン点眼液０．３％,精製ヒアルロン酸ナトリウム,０．３％５ｍＬ１瓶,235.2,
1319720Y2160,ヒアルロン酸Ｎａ点眼液０．３％「ニットー」,精製ヒアルロン酸ナトリウム,０．３％５ｍＬ１瓶,178.1,
1319720Y2179,ヒアルロン酸Ｎａ点眼液０．３％「科研」,精製ヒアルロン酸ナトリウム,０．３％５ｍＬ１瓶,178.1,
1319720Y2187,ヒアルロン酸Ｎａ点眼液０．３％「センジュ」,精製ヒアルロン酸ナトリウム,０．３％５ｍＬ１瓶,178.1,
1319722M1013,オフロキサシン０．３％眼軟膏,オフロキサシン,０．３％１ｇ,44.1,
1319722M1056,タリビッド眼軟膏０．３％,オフロキサシン,０．３％１ｇ,113.5,
1319722Q1015,オフロキサシン０．３％１ｍＬ点眼液,オフロキサシン,０．３％１ｍＬ,28.3,
1319722Q1163,タリビッド点眼液０．３％,オフロキサシン,０．３％１ｍＬ,107.4,
1319722Q1171,オフロキサシン点眼液０．３％「ＣＨＯＳ」,オフロキサシン,０．３％１ｍＬ,51.9,
1319722Q1201,オフロキサシン点眼液０．３％「ＪＧ」,オフロキサシン,０．３％１ｍＬ,107.4,
1319722Q1228,オフロキサシン点眼液０．３％「日新」,オフロキサシン,０．３％１ｍＬ,34.6,
1319722Q1236,オフロキサシン点眼液０．３％「サワイ」,オフロキサシン,０．３％１ｍＬ,107.4,
1319722Q1260,オフロキサシン点眼液０．３％「トーワ」,オフロキサシン,０．３％１ｍＬ,73.2,
1319722Q2011,オフロキサシン０．３％１ｍＬゲル化点眼液,オフロキサシン,０．３％１ｍＬ,28.3,
1319723Q1010,イドクスウリジン点眼液,イドクスウリジン,０．１％１ｍＬ,102.7,
1319724Q1014,プラノプロフェン０．１％１ｍＬ点眼液,プラノプロフェン,０．１％１ｍＬ,19.1,
1319724Q1103,プラノプロフェン点眼液０．１％「わかもと」,プラノプロフェン,０．１％１ｍＬ,26.9,
1319724Q1120,ニフラン点眼液０．１％,プラノプロフェン,０．１％１ｍＬ,25.9,
1319726Q1013,ジクロフェナクナトリウム０．１％１ｍＬ点眼液,ジクロフェナクナトリウム,０．１％１ｍＬ,20.8,
1319726Q1102,ジクロード点眼液０．１％,ジクロフェナクナトリウム,０．１％１ｍＬ,34.1,
1319726Q1200,ジクロフェナクＮａ・ＰＦ点眼液０．１％「日点」,ジクロフェナクナトリウム,０．１％１ｍＬ,24.3,
1319726Q1226,ジクロフェナクＮａ点眼液０．１％「ニットー」,ジクロフェナクナトリウム,０．１％１ｍＬ,24.3,
1319727Q1018,ノルフロキサシン０．３％１ｍＬ点眼液,ノルフロキサシン,０．３％１ｍＬ,76,R9.3.31まで
1319727Q1158,ノフロ点眼液０．３％,ノルフロキサシン,０．３％１ｍＬ,110.6,
1319727Q1239,ノルフロキサシン点眼液０．３％「日新」,ノルフロキサシン,０．３％１ｍＬ,110.6,
1319727Q1247,ノルフロキサシン点眼液０．３％「わかもと」,ノルフロキサシン,０．３％１ｍＬ,110.6,
1319727Q1263,ノルフロキサシン点眼液０．３％「杏林」,ノルフロキサシン,０．３％１ｍＬ,76.1,R9.3.31まで
1319730Q1010,ケトチフェンフマル酸塩３．４５ｍｇ５ｍＬ点眼液,ケトチフェンフマル酸塩,３．４５ｍｇ５ｍＬ１瓶,126.8,
1319730Q1222,ケトチフェンＰＦ点眼液０．０５％「日点」,ケトチフェンフマル酸塩,３．４５ｍｇ５ｍＬ１瓶,144.2,
1319730Q1249,ザジテン点眼液０．０５％,ケトチフェンフマル酸塩,３．４５ｍｇ５ｍＬ１瓶,214.5,
1319730Q1311,ケトチフェン点眼液０．０５％「ＣＨ」,ケトチフェンフマル酸塩,３．４５ｍｇ５ｍＬ１瓶,144.2,
1319730Q1338,ケトチフェン点眼液０．０５％「ＳＷ」,ケトチフェンフマル酸塩,３．４５ｍｇ５ｍＬ１瓶,144.2,
1319730Q1389,ケトチフェン点眼液０．０５％「ニッテン」,ケトチフェンフマル酸塩,３．４５ｍｇ５ｍＬ１瓶,144.2,
1319730Q1397,ケトチフェン点眼液０．０５％「日東」,ケトチフェンフマル酸塩,３．４５ｍｇ５ｍＬ１瓶,144.2,
1319731Q2045,ビーエスエスプラス５００眼灌流液０．０１８４％,オキシグルタチオン,０．４６％２０ｍＬ１瓶（希釈液付）,2735.2,
1319731Q4048,オキシグルタチオン眼灌流液０．０１８４％キット「センジュ」,オキシグルタチオン,５００ｍＬ１キット,3461.6,
1319732Q1035,レスキュラ点眼液０．１２％,イソプロピルウノプロストン,０．１２％１ｍＬ,170,
1319732Q1043,イソプロピルウノプロストン点眼液０．１２％「ＴＳ」,イソプロピルウノプロストン,０．１２％１ｍＬ,104.8,
1319732Q1051,イソプロピルウノプロストン点眼液０．１２％「サワイ」,イソプロピルウノプロストン,０．１２％１ｍＬ,174.4,
1319733Q1099,ベタキソロール点眼液０．５％「ＳＷ」,ベタキソロール塩酸塩,０．５％１ｍＬ,109.1,
1319734Q1042,ロメフロン点眼液０．３％,塩酸ロメフロキサシン,０．３％１ｍＬ,110.7,
1319734Q2030,ロメフロンミニムス眼科耳科用液０．３％,塩酸ロメフロキサシン,０．３％０．５ｍＬ１個,33.2,R9.3.31まで
1319735Q1063,ペミラストン点眼液０．１％,ペミロラストカリウム,５ｍｇ５ｍＬ１瓶,201.8,
1319735Q1071,アレギサール点眼液０．１％,ペミロラストカリウム,５ｍｇ５ｍＬ１瓶,294.5,R9.3.31まで
1319735Q1080,ペミロラストＫ点眼液０．１％「杏林」,ペミロラストカリウム,５ｍｇ５ｍＬ１瓶,209.6,
1319735Q1098,ペミロラストＫ点眼液０．１％「ＴＳ」,ペミロラストカリウム,５ｍｇ５ｍＬ１瓶,177.1,
1319736Q1017,トラニラスト２５ｍｇ５ｍＬ点眼液,トラニラスト,２５ｍｇ５ｍＬ１瓶,182.6,
1319736Q1068,トラメラスＰＦ点眼液０．５％,トラニラスト,２５ｍｇ５ｍＬ１瓶,243.2,
1319736Q1076,リザベン点眼液０．５％,トラニラスト,２５ｍｇ５ｍＬ１瓶,252.9,
1319736Q1084,トラメラス点眼液０．５％,トラニラスト,２５ｍｇ５ｍＬ１瓶,271.5,
1319737Q1038,アイオピジンＵＤ点眼液１％,アプラクロニジン塩酸塩,１％０．１ｍＬ１個,610.8,
1319738Q1024,トルソプト点眼液０．５％,ドルゾラミド塩酸塩,０．５％１ｍＬ,105.5,
1319738Q2020,トルソプト点眼液１％,ドルゾラミド塩酸塩,１％１ｍＬ,134.7,
1319739Q1010,ラタノプロスト０．００５％１ｍＬ点眼液,ラタノプロスト,０．００５％１ｍＬ,129.7,
1319739Q1037,キサラタン点眼液０．００５％,ラタノプロスト,０．００５％１ｍＬ,232.1,
1319739Q1134,ラタノプロスト点眼液０．００５％「ケミファ」,ラタノプロスト,０．００５％１ｍＬ,232.1,
1319740Q1013,ニプラジロール０．２５％１ｍＬ点眼液,ニプラジロール,０．２５％１ｍＬ,105,
1319740Q1048,ニプラノール点眼液０．２５％,ニプラジロール,０．２５％１ｍＬ,130.8,
1319740Q1056,ハイパジールコーワ点眼液０．２５％,ニプラジロール,０．２５％１ｍＬ,149,
1319741Q1050,ケタス点眼液０．０１％,イブジラスト,０．５ｍｇ５ｍＬ１瓶,560.8,
1319742Q1012,レボフロキサシン０．５％１ｍＬ点眼液,レボフロキサシン水和物,０．５％１ｍＬ,20.8,
1319742Q1039,クラビット点眼液０．５％,レボフロキサシン水和物,０．５％１ｍＬ,42.6,
1319742Q1055,レボフロキサシン点眼液０．５％「ＦＦＰ」,レボフロキサシン水和物,０．５％１ｍＬ,21.8,
1319742Q1098,レボフロキサシン点眼液０．５％「ＴＳ」,レボフロキサシン水和物,０．５％１ｍＬ,21.8,
1319742Q1179,レボフロキサシン点眼液０．５％「タカタ」,レボフロキサシン水和物,０．５％１ｍＬ,21.8,
1319742Q1195,レボフロキサシン点眼液０．５％「日医工」,レボフロキサシン水和物,０．５％１ｍＬ,21.8,
1319742Q1209,レボフロキサシン点眼液０．５％「日新」,レボフロキサシン水和物,０．５％１ｍＬ,21.8,
1319742Q1276,レボフロキサシン点眼液０．５％「ニプロ」,レボフロキサシン水和物,０．５％１ｍＬ,21.8,R9.3.31まで
1319742Q1284,レボフロキサシン点眼液０．５％「ニットー」,レボフロキサシン水和物,０．５％１ｍＬ,21.8,
1319742Q2019,レボフロキサシン１．５％１ｍＬ点眼液,レボフロキサシン水和物,１．５％１ｍＬ,19.1,
1319742Q2027,クラビット点眼液１．５％,レボフロキサシン水和物,１．５％１ｍＬ,41.6,
1319742Q2035,レボフロキサシン点眼液１．５％「ＦＦＰ」,レボフロキサシン水和物,１．５％１ｍＬ,25.9,
1319742Q2132,レボフロキサシン点眼液１．５％「日新」,レボフロキサシン水和物,１．５％１ｍＬ,25.9,
1319742Q2221,レボフロキサシン点眼液１．５％「ニットー」,レボフロキサシン水和物,１．５％１ｍＬ,25.9,
1319743Q1033,ブロナック点眼液０．１％,ブロムフェナクナトリウム水和物,０．１％１ｍＬ,55.4,
1319743Q1041,ブロムフェナクＮａ点眼液０．１％「日新」,ブロムフェナクナトリウム水和物,０．１％１ｍＬ,27.3,
1319743Q1050,ブロムフェナクＮａ点眼液０．１％「ニットー」,ブロムフェナクナトリウム水和物,０．１％１ｍＬ,27.7,
1319743Q1068,ブロムフェナクＮａ点眼液０．１％「日点」,ブロムフェナクナトリウム水和物,０．１％１ｍＬ,27.7,
1319744Q1038,レボブノロール塩酸塩点眼液０．５％「ニッテン」,レボブノロール塩酸塩,０．５％１ｍＬ,138.8,
1319744Q1046,レボブノロール塩酸塩ＰＦ点眼液０．５％「日点」,レボブノロール塩酸塩,０．５％１ｍＬ,138.8,
1319745Q1024,ゼペリン点眼液０．１％,アシタザノラスト水和物,５ｍｇ５ｍＬ１瓶,414.9,
1319746Q1010,レボカバスチン塩酸塩０．０２５％１ｍＬ点眼液,レボカバスチン塩酸塩,０．０２５％１ｍＬ,41.8,
1319746Q1029,リボスチン点眼液０．０２５％,レボカバスチン塩酸塩,０．０２５％１ｍＬ,62.7,R9.3.31まで
1319747Q1023,デタントール０．０１％点眼液,ブナゾシン塩酸塩,０．０１％１ｍＬ,144.7,
1319748Q1036,エイゾプト懸濁性点眼液１％,ブリンゾラミド,１％１ｍＬ,132.3,
1319748Q1044,ブリンゾラミド懸濁性点眼液１％「センジュ」,ブリンゾラミド,１％１ｍＬ,79.5,R9.3.31まで
1319748Q1052,ブリンゾラミド懸濁性点眼液１％「ニットー」,ブリンゾラミド,１％１ｍＬ,79.5,
1319748Q1060,ブリンゾラミド懸濁性点眼液１％「サンド」,ブリンゾラミド,１％１ｍＬ,79.5,
1319749Q1030,ガチフロ点眼液０．３％,ガチフロキサシン水和物,０．３％１ｍＬ,69.4,
1319750Q1025,パピロックミニ点眼液０．１％,シクロスポリン,０．１％０．４ｍＬ１個,145.1,R9.3.31まで
1319751Q1020,オゼックス点眼液０．３％,トスフロキサシントシル酸塩水和物,０．３％１ｍＬ,72.9,
1319751Q1038,トスフロ点眼液０．３％,トスフロキサシントシル酸塩水和物,０．３％１ｍＬ,62.5,R9.3.31まで
1319752Q1024,パタノール点眼液０．１％,オロパタジン塩酸塩,０．１％１ｍＬ,74.1,
1319752Q1032,オロパタジン点眼液０．１％「ＴＳ」,オロパタジン塩酸塩,０．１％１ｍＬ,31.4,
1319752Q1040,オロパタジン点眼液０．１％「杏林」,オロパタジン塩酸塩,０．１％１ｍＬ,31.4,
1319752Q1059,オロパタジン点眼液０．１％「サワイ」,オロパタジン塩酸塩,０．１％１ｍＬ,31.4,
1319752Q1067,オロパタジン点眼液０．１％「サンド」,オロパタジン塩酸塩,０．１％１ｍＬ,31.4,
1319752Q1075,オロパタジン点眼液０．１％「三和」,オロパタジン塩酸塩,０．１％１ｍＬ,31.4,
1319752Q1083,オロパタジン点眼液０．１％「センジュ」,オロパタジン塩酸塩,０．１％１ｍＬ,31.4,
1319752Q1091,オロパタジン点眼液０．１％「タカタ」,オロパタジン塩酸塩,０．１％１ｍＬ,44.6,
1319752Q1105,オロパタジン点眼液０．１％「トーワ」,オロパタジン塩酸塩,０．１％１ｍＬ,31.4,
1319752Q1113,オロパタジン点眼液０．１％「日新」,オロパタジン塩酸塩,０．１％１ｍＬ,31.4,
1319752Q1121,オロパタジン点眼液０．１％「ニッテン」,オロパタジン塩酸塩,０．１％１ｍＬ,31.4,
1319752Q1130,オロパタジン点眼液０．１％「ニットー」,オロパタジン塩酸塩,０．１％１ｍＬ,31.4,
1319752Q1148,オロパタジン点眼液０．１％「わかもと」,オロパタジン塩酸塩,０．１％１ｍＬ,31.4,
1319753Q1029,ベガモックス点眼液０．５％,モキシフロキサシン塩酸塩,０．５％１ｍＬ,50.3,
1319753Q1037,モキシフロキサシン点眼液０．５％「日点」,モキシフロキサシン塩酸塩,０．５％１ｍＬ,23.5,
1319753Q1045,モキシフロキサシン点眼液０．５％「ニットー」,モキシフロキサシン塩酸塩,０．５％１ｍＬ,23.5,
1319753Q1053,モキシフロキサシン点眼液０．５％「サンド」,モキシフロキサシン塩酸塩,０．５％１ｍＬ,26.3,
1319754Q1023,トラバタンズ点眼液０．００４％,トラボプロスト,０．００４％１ｍＬ,305.1,
1319754Q1031,トラボプロスト点眼液０．００４％「ニットー」,トラボプロスト,０．００４％１ｍＬ,207.5,
1319755Q1028,タリムス点眼液０．１％,タクロリムス水和物,０．１％５ｍＬ１瓶,8197.3,
1319756Q1022,タプロス点眼液０．００１５％,タフルプロスト,０．００１５％１ｍＬ,458.9,
1319756Q1030,タフルプロスト点眼液０．００１５％「ＮＩＴ」,タフルプロスト,０．００１５％１ｍＬ,242.2,
1319756Q1049,タフルプロスト点眼液０．００１５％「ＴＳ」,タフルプロスト,０．００１５％１ｍＬ,242.2,
1319756Q1057,タフルプロスト点眼液０．００１５％「センジュ」,タフルプロスト,０．００１５％１ｍＬ,242.2,
1319756Q1065,タフルプロスト点眼液０．００１５％「日点」,タフルプロスト,０．００１５％１ｍＬ,242.2,
1319756Q1073,タフルプロスト点眼液０．００１５％「わかもと」,タフルプロスト,０．００１５％１ｍＬ,242.2,
1319756Q2029,タプロスミニ点眼液０．００１５％,タフルプロスト,０．００１５％０．３ｍＬ１個,50.8,
1319757Q1027,ルミガン点眼液０．０３％,ビマトプロスト,０．０３％１ｍＬ,315.1,
1319757Q1035,ビマトプロスト点眼液０．０３％「ＳＥＣ」,ビマトプロスト,０．０３％１ｍＬ,125.9,R9.3.31まで
1319757Q1043,ビマトプロスト点眼液０．０３％「ＴＳ」,ビマトプロスト,０．０３％１ｍＬ,125.9,
1319757Q1051,ビマトプロスト点眼液０．０３％「日新」,ビマトプロスト,０．０３％１ｍＬ,177.6,
1319757Q1060,ビマトプロスト点眼液０．０３％「ニットー」,ビマトプロスト,０．０３％１ｍＬ,125.9,
1319757Q1086,ビマトプロスト点眼液０．０３％「日点」,ビマトプロスト,０．０３％１ｍＬ,125.9,
1319758Q1021,ジクアス点眼液３％,ジクアホソルナトリウム,３％５ｍＬ１瓶,323.9,
1319758Q1030,ジクアホソルＮａ点眼液３％「ニットー」,ジクアホソルナトリウム,３％５ｍＬ１瓶,181.9,
1319758Q2028,ジクアスＬＸ点眼液３％,ジクアホソルナトリウム,３％５ｍＬ１瓶,770.5,
1319759Q1026,ネバナック懸濁性点眼液０．１％,ネパフェナク,０．１％１ｍＬ,80.2,
1319760Q1029,ムコスタ点眼液ＵＤ２％,レバミピド,２％０．３５ｍＬ１本,14,
1319760Q2025,レバミピド懸濁性点眼液２％「参天」,レバミピド,２％５ｍＬ１瓶,401.5,
1319761Q1023,アイファガン点眼液０．１％,ブリモニジン酒石酸塩,０．１％１ｍＬ,239.4,
1319761Q1031,ブリモニジン酒石酸塩点眼液０．１％「ＮＩＴ」,ブリモニジン酒石酸塩,０．１％１ｍＬ,74.2,
1319761Q1040,ブリモニジン酒石酸塩点眼液０．１％「ＳＥＣ」,ブリモニジン酒石酸塩,０．１％１ｍＬ,74.2,
1319761Q1058,ブリモニジン酒石酸塩点眼液０．１％「日新」,ブリモニジン酒石酸塩,０．１％１ｍＬ,74.2,
1319761Q1066,ブリモニジン酒石酸塩点眼液０．１％「日点」,ブリモニジン酒石酸塩,０．１％１ｍＬ,74.2,
1319761Q1074,ブリモニジン酒石酸塩点眼液０．１％「わかもと」,ブリモニジン酒石酸塩,０．１％１ｍＬ,74.2,
1319761Q1082,ブリモニジン酒石酸塩点眼液０．１％「ＴＳ」,ブリモニジン酒石酸塩,０．１％１ｍＬ,74.2,
1319761Q1090,ブリモニジン酒石酸塩点眼液０．１％「ニットー」,ブリモニジン酒石酸塩,０．１％１ｍＬ,74.2,
1319762N1021,アレジオン眼瞼クリーム０．５％,エピナスチン塩酸塩,０．５％１ｇ,1678.6,
1319762Q1028,アレジオン点眼液０．０５％,エピナスチン塩酸塩,０．０５％１ｍＬ,168.3,
1319762Q1036,エピナスチン塩酸塩点眼液０．０５％「ＧＯ」,エピナスチン塩酸塩,０．０５％１ｍＬ,69.6,
1319762Q1044,エピナスチン塩酸塩点眼液０．０５％「ＳＮ」,エピナスチン塩酸塩,０．０５％１ｍＬ,69.6,
1319762Q1052,エピナスチン塩酸塩点眼液０．０５％「ＴＳ」,エピナスチン塩酸塩,０．０５％１ｍＬ,69.6,
1319762Q1060,エピナスチン塩酸塩点眼液０．０５％「杏林」,エピナスチン塩酸塩,０．０５％１ｍＬ,89,
1319762Q1079,エピナスチン塩酸塩点眼液０．０５％「サワイ」,エピナスチン塩酸塩,０．０５％１ｍＬ,69.6,
1319762Q1087,エピナスチン塩酸塩点眼液０．０５％「センジュ」,エピナスチン塩酸塩,０．０５％１ｍＬ,69.6,
1319762Q1095,エピナスチン塩酸塩点眼液０．０５％「トーワ」,エピナスチン塩酸塩,０．０５％１ｍＬ,69.6,R9.3.31まで
1319762Q1109,エピナスチン塩酸塩点眼液０．０５％「日新」,エピナスチン塩酸塩,０．０５％１ｍＬ,69.6,
1319762Q1117,エピナスチン塩酸塩点眼液０．０５％「日点」,エピナスチン塩酸塩,０．０５％１ｍＬ,69.6,
1319762Q1125,エピナスチン塩酸塩点眼液０．０５％「ニットー」,エピナスチン塩酸塩,０．０５％１ｍＬ,69.6,
1319762Q1133,エピナスチン塩酸塩点眼液０．０５％「ニプロ」,エピナスチン塩酸塩,０．０５％１ｍＬ,69.6,
1319762Q1141,エピナスチン塩酸塩点眼液０．０５％「わかもと」,エピナスチン塩酸塩,０．０５％１ｍＬ,69.6,
1319762Q1150,エピナスチン塩酸塩点眼液０．０５％「ＳＥＣ」,エピナスチン塩酸塩,０．０５％１ｍＬ,69.6,
1319762Q1168,エピナスチン塩酸塩点眼液０．０５％「ＴＷ」,エピナスチン塩酸塩,０．０５％１ｍＬ,69.6,
1319762Q2024,アレジオンＬＸ点眼液０．１％,エピナスチン塩酸塩,０．１％１ｍＬ,465.3,
1319762Q2032,エピナスチン塩酸塩ＬＸ点眼液０．１％「ＳＥＣ」,エピナスチン塩酸塩,０．１％１ｍＬ,228.3,
1319762Q2040,エピナスチン塩酸塩ＬＸ点眼液０．１％「ニットー」,エピナスチン塩酸塩,０．１％１ｍＬ,228.3,
1319762Q2059,エピナスチン塩酸塩ＬＸ点眼液０．１％「ＴＳ」,エピナスチン塩酸塩,０．１％１ｍＬ,228.3,
1319762Q2067,エピナスチン塩酸塩ＬＸ点眼液０．１％「トーワ」,エピナスチン塩酸塩,０．１％１ｍＬ,228.3,
1319762Q2075,エピナスチン塩酸塩ＬＸ点眼液０．１％「日点」,エピナスチン塩酸塩,０．１％１ｍＬ,228.3,
1319762Q2083,エピナスチン塩酸塩ＬＸ点眼液０．１％「わかもと」,エピナスチン塩酸塩,０．１％１ｍＬ,228.3,
1319763Q1022,グラナテック点眼液０．４％,リパスジル塩酸塩水和物,０．４％１ｍＬ,449.4,
1319764Q1027,エイベリス点眼液０．００２％,オミデネパグ　イソプロピル,０．００２％１ｍＬ,767.8,
1319764Q2023,エイベリスミニ点眼液０．００２％,オミデネパグ　イソプロピル,０．００２％０．３ｍＬ１個,77.5,
1319765Q1021,シスタドロップス点眼液０．３８％,システアミン塩酸塩,０．３８％５ｍＬ１瓶,256095.5,
1319766Q1026,セタネオ点眼液０．００２％,セペタプロスト,０．００２％１ｍＬ,800,
1319767Q1020,アバレプト懸濁性点眼液０．３％,モツギバトレプ,０．３％５ｍＬ１瓶,577.5,
1319800M1023,エコリシン眼軟膏,エリスロマイシンラクトビオン酸塩・コリスチンメタンスルホン酸ナトリウム,１ｇ,55.9,
1319802Q2020,オフサロン点眼液,クロラムフェニコール・コリスチンメタンスルホン酸ナトリウム,５ｍＬ１瓶,127.8,
1319802Q2039,コリナコール点眼液,クロラムフェニコール・コリスチンメタンスルホン酸ナトリウム,５ｍＬ１瓶,127.8,
1319807M1025,ネオメドロールＥＥ軟膏,フラジオマイシン硫酸塩・メチルプレドニゾロン,１ｇ,35.7,
1319808Q2036,人工涙液マイティア点眼液,ホウ酸・無機塩類配合剤,５ｍＬ１瓶,94.8,
1319809X2043,ミオピン点眼液,ネオスチグミン・無機塩類配合剤,５ｍＬ１瓶,94.8,
1319809X2051,マイピリン点眼液,ネオスチグミン・無機塩類配合剤,５ｍＬ１瓶,94.8,
1319810Q1029,オフミック点眼液,トロピカミド・フェニレフリン塩酸塩,１ｍＬ,27.6,
1319810Q1053,ミドリンＰ点眼液,トロピカミド・フェニレフリン塩酸塩,１ｍＬ,35.9,
1319810Q1061,サンドールＰ点眼液,トロピカミド・フェニレフリン塩酸塩,１ｍＬ,27.6,
1319810Q1070,ミドレフリンＰ点眼液,トロピカミド・フェニレフリン塩酸塩,１ｍＬ,27.6,
1319812M1026,眼・耳科用リンデロンＡ軟膏,ベタメタゾンリン酸エステルナトリウム・フラジオマイシン硫酸塩,１ｇ,67.7,
1319813Q1049,点眼・点鼻用リンデロンＡ液,ベタメタゾンリン酸エステルナトリウム・フラジオマイシン硫酸塩,１ｍＬ,78.2,
1319813Q1057,ベルベゾロンＦ点眼・点鼻液,ベタメタゾンリン酸エステルナトリウム・フラジオマイシン硫酸塩,１ｍＬ,78.2,
1319814Q1035,オペガードＭＡ眼灌流液,ブドウ糖・無機塩類配合剤,２０ｍＬ１管,546.4,
1319814Q4026,オペガードＭＡ眼灌流液,ブドウ糖・無機塩類配合剤,３００ｍＬ１袋,1978.2,
1319814Q5022,オペガードＭＡ眼灌流液,ブドウ糖・無機塩類配合剤,５００ｍＬ１袋,1967.7,
1319816Q1034,ビスコート０．５眼粘弾剤,精製ヒアルロン酸ナトリウム・コンドロイチン硫酸エステルナトリウム,０．５ｍＬ１筒,3332.2,
1319816Q1042,シェルガン０．５眼粘弾剤,精製ヒアルロン酸ナトリウム・コンドロイチン硫酸エステルナトリウム,０．５ｍＬ１筒,3332.2,
1319817Q1020,ザラカム配合点眼液,ラタノプロスト・チモロールマレイン酸塩,１ｍＬ,468,
1319817Q1039,ラタチモ配合点眼液「センジュ」,ラタノプロスト・チモロールマレイン酸塩,１ｍＬ,205.9,
1319817Q1047,ラタチモ配合点眼液「ニッテン」,ラタノプロスト・チモロールマレイン酸塩,１ｍＬ,205.9,
1319817Q1055,ラタチモ配合点眼液「ニットー」,ラタノプロスト・チモロールマレイン酸塩,１ｍＬ,205.9,
1319817Q1063,ラタチモ配合点眼液「ＴＳ」,ラタノプロスト・チモロールマレイン酸塩,１ｍＬ,205.9,
1319817Q1071,ラタチモ配合点眼液「ＶＴＲＳ」,ラタノプロスト・チモロールマレイン酸塩,１ｍＬ,205.9,
1319818Q1025,ディスコビスク１．０眼粘弾剤,精製ヒアルロン酸ナトリウム・コンドロイチン硫酸エステルナトリウム,１ｍＬ１筒,8226.6,
1319819Q1020,コソプト配合点眼液,ドルゾラミド塩酸塩・チモロールマレイン酸塩,１ｍＬ,221,
1319819Q1038,ドルモロール配合点眼液「センジュ」,ドルゾラミド塩酸塩・チモロールマレイン酸塩,１ｍＬ,88.4,R9.3.31まで
1319819Q1046,ドルモロール配合点眼液「ニットー」,ドルゾラミド塩酸塩・チモロールマレイン酸塩,１ｍＬ,88.4,
1319819Q1054,ドルモロール配合点眼液「わかもと」,ドルゾラミド塩酸塩・チモロールマレイン酸塩,１ｍＬ,88.4,
1319819Q1062,ドルモロール配合点眼液「日点」,ドルゾラミド塩酸塩・チモロールマレイン酸塩,１ｍＬ,88.4,
1319819Q1070,ドルモロール配合点眼液「ＴＳ」,ドルゾラミド塩酸塩・チモロールマレイン酸塩,１ｍＬ,88.4,
1319819Q2026,コソプトミニ配合点眼液,ドルゾラミド塩酸塩・チモロールマレイン酸塩,０．４ｍＬ１個,38.7,
1319820Q1022,デュオトラバ配合点眼液,トラボプロスト・チモロールマレイン酸塩,１ｍＬ,441,
1319820Q1030,トラチモ配合点眼液「ニットー」,トラボプロスト・チモロールマレイン酸塩,１ｍＬ,286.3,
1319821Q1027,アゾルガ配合懸濁性点眼液,ブリンゾラミド・チモロールマレイン酸塩,１ｍＬ,207.1,
1319822Q1021,タプコム配合点眼液,タフルプロスト・チモロールマレイン酸塩,１ｍＬ,519.6,
1319822Q1030,タフチモ配合点眼液「ＮＩＴ」,タフルプロスト・チモロールマレイン酸塩,１ｍＬ,295.2,
1319822Q1048,タフチモ配合点眼液「日点」,タフルプロスト・チモロールマレイン酸塩,１ｍＬ,295.2,
1319823Q1026,ミケルナ配合点眼液,カルテオロール塩酸塩・ラタノプロスト,１ｍＬ,538.5,
1319824Q1020,アイベータ配合点眼液,ブリモニジン酒石酸塩・チモロールマレイン酸塩,１ｍＬ,363.1,
1319825Q1025,アイラミド配合懸濁性点眼液,ブリモニジン酒石酸塩・ブリンゾラミド,１ｍＬ,363.8,
1319826Q1020,グラアルファ配合点眼液,リパスジル塩酸塩水和物・ブリモニジン酒石酸塩,１ｍＬ,497.4,
1324702Q1042,トラマゾリン点鼻液０．１１８％「ＡＦＰ」,トラマゾリン塩酸塩,０．１１８％１ｍＬ,4.3,
1324704Q1033,プリビナ液０．０５％,ナファゾリン硝酸塩,０．０５％１ｍＬ,3.9,
1325701Q1037,クロロマイセチン耳科用液０．５％,クロラムフェニコール,５ｍｇ１ｍＬ,18.6,R9.3.31まで
1325702Q1040,ベストロン耳鼻科用１％,セフメノキシム塩酸塩,１０ｍｇ１ｍＬ（溶解後の液として）,92.7,
1325703Q1036,ホスミシンＳ耳科用３％,ホスホマイシンナトリウム,３０ｍｇ１ｍＬ（溶解後の液として）,74.5,
1329701Q1036,ジオクチルソジウムスルホサクシネート耳科用液５％「ＣＥＯ」,ジオクチルソジウムスルホサクシネート,５％１ｍＬ,37.6,
1329702R3195,ベクロメタゾン点鼻液５０μｇ「サワイ」,ベクロメタゾンプロピオン酸エステル,８．５ｍｇ８．５ｇ１瓶,351.4,
1329702R3209,ベクロメタゾン点鼻液５０μｇ「ＣＥＯ」,ベクロメタゾンプロピオン酸エステル,８．５ｍｇ８．５ｇ１瓶,264,
1329702R3217,ベクロメタゾン点鼻液５０μｇ「ＤＳＰ」,ベクロメタゾンプロピオン酸エステル,８．５ｍｇ８．５ｇ１瓶,264,
1329702R7034,ベクロメタゾン鼻用パウダー２５μｇ「トーワ」,ベクロメタゾンプロピオン酸エステル,１．５０ｍｇ０．９０８７ｇ１瓶,475.1,
1329705Q1018,ケトチフェンフマル酸塩６．０４８ｍｇ８ｍＬ点鼻液,ケトチフェンフマル酸塩,６．０４８ｍｇ８ｍＬ１瓶,225.4,
1329705Q1298,ザジテン点鼻液０．０５％,ケトチフェンフマル酸塩,６．０４８ｍｇ８ｍＬ１瓶,338.1,
1329706Q1012,オフロキサシン３ｍｇ１ｍＬ点耳液,オフロキサシン,３ｍｇ１ｍＬ,44.8,
1329706Q1039,タリビッド耳科用液０．３％,オフロキサシン,３ｍｇ１ｍＬ,111.2,
1329707Q1076,フルチカゾン点鼻液５０μｇ「サワイ」２８噴霧用,フルチカゾンプロピオン酸エステル,２．０４ｍｇ４ｍＬ１瓶,415.7,
1329707Q1254,フルチカゾン点鼻液５０μｇ「杏林」２８噴霧用,フルチカゾンプロピオン酸エステル,２．０４ｍｇ４ｍＬ１瓶,415.7,
1329707Q1289,フルチカゾン点鼻液５０μｇ「三和」２８噴霧用,フルチカゾンプロピオン酸エステル,２．０４ｍｇ４ｍＬ１瓶,283,
1329707Q1327,フルチカゾンプロピオン酸エステル点鼻液５０μｇ「トーワ」２８噴霧用,フルチカゾンプロピオン酸エステル,２．０４ｍｇ４ｍＬ１瓶,283,
1329707Q2064,フルチカゾン点鼻液２５μｇ小児用「サワイ」５６噴霧用,フルチカゾンプロピオン酸エステル,２．０４ｍｇ４ｍＬ１瓶,414.8,
1329707Q2099,フルチカゾン点鼻液２５μｇ小児用「杏林」５６噴霧用,フルチカゾンプロピオン酸エステル,２．０４ｍｇ４ｍＬ１瓶,414.8,
1329707Q3044,フルチカゾン点鼻液５０μｇ「イセイ」５６噴霧用,フルチカゾンプロピオン酸エステル,４．０８ｍｇ８ｍＬ１瓶,436.3,R9.3.31まで
1329707Q3117,フルチカゾン点鼻液５０μｇ「サワイ」５６噴霧用,フルチカゾンプロピオン酸エステル,４．０８ｍｇ８ｍＬ１瓶,614.4,
1329707Q3206,フルチカゾン点鼻液５０μｇ「杏林」５６噴霧用,フルチカゾンプロピオン酸エステル,４．０８ｍｇ８ｍＬ１瓶,447.3,
1329707Q3230,フルチカゾン点鼻液５０μｇ「三和」５６噴霧用,フルチカゾンプロピオン酸エステル,４．０８ｍｇ８ｍＬ１瓶,447.3,
1329707Q3257,フルチカゾンプロピオン酸エステル点鼻液５０μｇ「ＤＳＰ」５６噴霧用,フルチカゾンプロピオン酸エステル,４．０８ｍｇ８ｍＬ１瓶,447.3,
1329707Q3265,フルチカゾンプロピオン酸エステル点鼻液５０μｇ「トーワ」５６噴霧用,フルチカゾンプロピオン酸エステル,４．０８ｍｇ８ｍＬ１瓶,447.3,
1329707Q4032,フルチカゾンプロピオン酸エステル点鼻液５０μｇ「日本臓器」１１２噴霧用,フルチカゾンプロピオン酸エステル,８．１６ｍｇ１６ｍＬ１瓶,717.7,
1329708Q1038,リボスチン点鼻液０．０２５ｍｇ１１２噴霧用,レボカバスチン塩酸塩,０．０２５％１５ｍＬ１瓶,444.6,R9.3.31まで
1329709Q1032,ロメフロン耳科用液０．３％,塩酸ロメフロキサシン,０．３％１ｍＬ,113.1,
1329710Q1027,ナゾネックス点鼻液５０μｇ５６噴霧用,モメタゾンフランカルボン酸エステル水和物,５ｍｇ１０ｇ１瓶,643.9,
1329710Q1035,モメタゾン点鼻液５０μｇ「杏林」５６噴霧用,モメタゾンフランカルボン酸エステル水和物,５ｍｇ１０ｇ１瓶,361.2,
1329710Q1043,モメタゾン点鼻液５０μｇ「ＣＥＯ」５６噴霧用,モメタゾンフランカルボン酸エステル水和物,５ｍｇ１０ｇ１瓶,361.2,R9.3.31まで
1329710Q1051,モメタゾン点鼻液５０μｇ「ＪＧ」５６噴霧用,モメタゾンフランカルボン酸エステル水和物,５ｍｇ１０ｇ１瓶,361.2,
1329710Q1060,モメタゾン点鼻液５０μｇ「タカタ」５６噴霧用,モメタゾンフランカルボン酸エステル水和物,５ｍｇ１０ｇ１瓶,361.2,
1329710Q1078,モメタゾン点鼻液５０μｇ「トーワ」５６噴霧用,モメタゾンフランカルボン酸エステル水和物,５ｍｇ１０ｇ１瓶,361.2,
1329710Q1086,モメタゾン点鼻液５０μｇ「ニットー」５６噴霧用,モメタゾンフランカルボン酸エステル水和物,５ｍｇ１０ｇ１瓶,361.2,
1329710Q2023,ナゾネックス点鼻液５０μｇ１１２噴霧用,モメタゾンフランカルボン酸エステル水和物,９ｍｇ１８ｇ１瓶,1157.8,
1329710Q2031,モメタゾン点鼻液５０μｇ「杏林」１１２噴霧用,モメタゾンフランカルボン酸エステル水和物,９ｍｇ１８ｇ１瓶,707.3,
1329710Q2040,モメタゾン点鼻液５０μｇ「ＣＥＯ」１１２噴霧用,モメタゾンフランカルボン酸エステル水和物,９ｍｇ１８ｇ１瓶,707.3,R9.3.31まで
1329710Q2058,モメタゾン点鼻液５０μｇ「ＪＧ」１１２噴霧用,モメタゾンフランカルボン酸エステル水和物,９ｍｇ１８ｇ１瓶,707.3,
1329710Q2066,モメタゾン点鼻液５０μｇ「タカタ」１１２噴霧用,モメタゾンフランカルボン酸エステル水和物,９ｍｇ１８ｇ１瓶,707.3,
1329710Q2074,モメタゾン点鼻液５０μｇ「トーワ」１１２噴霧用,モメタゾンフランカルボン酸エステル水和物,９ｍｇ１８ｇ１瓶,707.3,
1329710Q2082,モメタゾン点鼻液５０μｇ「ニットー」１１２噴霧用,モメタゾンフランカルボン酸エステル水和物,９ｍｇ１８ｇ１瓶,707.3,
1329710Q3020,モメタゾン点鼻液５０μｇ「ＭＹＬ」５６噴霧用,モメタゾンフランカルボン酸エステル水和物,３．５ｍｇ７ｇ１瓶,361.2,
1329710Q4026,モメタゾン点鼻液５０μｇ「ＭＹＬ」１１２噴霧用,モメタゾンフランカルボン酸エステル水和物,６．５ｍｇ１３ｇ１瓶,707.3,
1329711Q1021,アラミスト点鼻液２７．５μｇ５６噴霧用,フルチカゾンフランカルボン酸エステル,３ｍｇ６ｇ１キット,746.3,
1329711Q1030,フルチカゾンフランカルボン酸エステル点鼻液２７．５μｇ「武田テバ」５６噴霧用,フルチカゾンフランカルボン酸エステル,３ｍｇ６ｇ１キット,526.4,
1329711Q2028,アラミスト点鼻液２７．５μｇ１２０噴霧用,フルチカゾンフランカルボン酸エステル,５ｍｇ１０ｇ１キット,1358.2,
1329711Q2036,フルチカゾンフランカルボン酸エステル点鼻液２７．５μｇ「武田テバ」１２０噴霧用,フルチカゾンフランカルボン酸エステル,５ｍｇ１０ｇ１キット,1061.9,
1329711Q3024,フルチカゾンフランカルボン酸エステル点鼻液２７．５μｇ「杏林」５６噴霧用,フルチカゾンフランカルボン酸エステル,３ｍｇ６ｇ１瓶,420.2,
1329711Q3032,フルチカゾンフランカルボン酸エステル点鼻液２７．５μｇ「タカタ」５６噴霧用,フルチカゾンフランカルボン酸エステル,３ｍｇ６ｇ１瓶,420.2,
1329711Q3040,フルチカゾンフランカルボン酸エステル点鼻液２７．５μｇ「トーワ」５６噴霧用,フルチカゾンフランカルボン酸エステル,３ｍｇ６ｇ１瓶,420.2,
1329711Q3059,フルチカゾンフランカルボン酸エステル点鼻液２７．５μｇ「ニットー」５６噴霧用,フルチカゾンフランカルボン酸エステル,３ｍｇ６ｇ１瓶,420.2,
1329711Q4020,フルチカゾンフランカルボン酸エステル点鼻液２７．５μｇ「杏林」１２０噴霧用,フルチカゾンフランカルボン酸エステル,５ｍｇ１０ｇ１瓶,856.5,
1329711Q4039,フルチカゾンフランカルボン酸エステル点鼻液２７．５μｇ「タカタ」１２０噴霧用,フルチカゾンフランカルボン酸エステル,５ｍｇ１０ｇ１瓶,856.5,
1329711Q4047,フルチカゾンフランカルボン酸エステル点鼻液２７．５μｇ「トーワ」１２０噴霧用,フルチカゾンフランカルボン酸エステル,５ｍｇ１０ｇ１瓶,856.5,
1329711Q4055,フルチカゾンフランカルボン酸エステル点鼻液２７．５μｇ「ニットー」１２０噴霧用,フルチカゾンフランカルボン酸エステル,５ｍｇ１０ｇ１瓶,856.5,
1329712A1028,エリザスカプセル外用４００μｇ,デキサメタゾンシペシル酸エステル,４００μｇ１カプセル,50.5,
1329712R1021,エリザス点鼻粉末２００μｇ２８噴霧用,デキサメタゾンシペシル酸エステル,５．６ｍｇ１瓶,662.3,
1329713X1025,リティンパ耳科用２５０μｇセット,トラフェルミン（遺伝子組換え）,１セット,32628.8,
1329714Q1025,コムレクス耳科用液１．５％,レボフロキサシン水和物,１．５％５ｍＬ１瓶,1548.4,
1329800X1034,コールタイジン点鼻液,塩酸テトラヒドロゾリン・プレドニゾロン,１ｍＬ,7.3,
2149700S1027,ビソノテープ４ｍｇ,ビソプロロール,４ｍｇ１枚,55.2,
2149700S2023,ビソノテープ８ｍｇ,ビソプロロール,８ｍｇ１枚,72.4,
2149700S3020,ビソノテープ２ｍｇ,ビソプロロール,２ｍｇ１枚,40.2,
2160700Q1027,イミグラン点鼻液２０,スマトリプタン,２０ｍｇ０．１ｍＬ１個,452.5,
2171700R1034,ニトロールスプレー１．２５ｍｇ,硝酸イソソルビド,１６３．５ｍｇ１０ｇ１瓶,717.9,
2171700S1095,フランドルテープ４０ｍｇ,硝酸イソソルビド,４０ｍｇ１枚,32.2,
2171700S1133,硝酸イソソルビドテープ４０ｍｇ「ＥＭＥＣ」,硝酸イソソルビド,４０ｍｇ１枚,20,
2171700S1150,硝酸イソソルビドテープ４０ｍｇ「サワイ」,硝酸イソソルビド,４０ｍｇ１枚,24.4,
2171700S1168,硝酸イソソルビドテープ４０ｍｇ「テイコク」,硝酸イソソルビド,４０ｍｇ１枚,24.4,R9.3.31まで
2171700S1176,硝酸イソソルビドテープ４０ｍｇ「東光」,硝酸イソソルビド,４０ｍｇ１枚,24.4,
2171701R4038,ミオコールスプレー０．３ｍｇ,ニトログリセリン,０．６５％７．２ｇ１缶,1028.7,
2171701S2037,ニトロダームＴＴＳ２５ｍｇ,ニトログリセリン,（２５ｍｇ）１０ｃ㎡１枚,37.6,
2171701S6040,ニトログリセリンテープ２７ｍｇ「トーワ」,ニトログリセリン,（２７ｍｇ）９．６ｃ㎡１枚,51.3,
2171701S7055,バソレーターテープ２７ｍｇ,ニトログリセリン,（２７ｍｇ）１４ｃ㎡１枚,39.3,
2171701S7071,ミニトロテープ２７ｍｇ,ニトログリセリン,（２７ｍｇ）１４ｃ㎡１枚,46.2,
2179700X1015,亜硝酸アミル,亜硝酸アミル,０．２５ｍＬ１管,793.1,
2190702G1020,トレプロスト吸入液１．７４ｍｇ,トレプロスチニル,１．７４ｍｇ２．９ｍＬ１管,21751.3,
2219700G1039,サーファクテン気管注入用１２０ｍｇ,肺サーファクタント,１２０ｍｇ１瓶,55869.3,
2233700G2034,ムコフィリン吸入液２０％,アセチルシステイン,１７．６２％２ｍＬ１包,36.3,
2234700G1043,ブロムヘキシン塩酸塩吸入液０．２％「タイヨー」,ブロムヘキシン塩酸塩,０．２％１ｍＬ,5.3,
2252700G1025,アスプール液（０．５％）,ｄｌ－イソプレナリン塩酸塩,０．５％１ｍＬ,17.4,
2252704G2020,ベロテックエロゾル１００,フェノテロール臭化水素酸塩,２０ｍｇ１０ｍＬ１瓶,296.9,
2254700G2034,ベネトリン吸入液０．５％,サルブタモール硫酸塩,０．５％１ｍＬ,15.4,
2254700G4037,サルタノールインヘラー１００μｇ,サルブタモール硫酸塩,０．１６％１３．５ｍＬ１瓶,437.9,
2259700G1034,イノリン吸入液０．５％,トリメトキノール塩酸塩水和物,０．５％１ｍＬ,28.2,
2259701G1063,インタール吸入液１％,クロモグリク酸ナトリウム,１％２ｍＬ１管,21.5,
2259701G1071,クロモグリク酸Ｎａ吸入液１％「サワイ」,クロモグリク酸ナトリウム,１％２ｍＬ１管,32.9,
2259702G2021,アトロベントエロゾル２０μｇ,イプラトロピウム臭化物水和物,４．２０ｍｇ１０ｍＬ１瓶,531.2,
2259703G9020,キュバール５０エアゾール,ベクロメタゾンプロピオン酸エステル,７ｍｇ８．７ｇ１瓶,1154.2,
2259703Y1025,キュバール１００エアゾール,ベクロメタゾンプロピオン酸エステル,１５ｍｇ８．７ｇ１瓶,1485.4,
2259704G1032,メプチン吸入液０．０１％,プロカテロール塩酸塩水和物,０．０１％１ｍＬ,26.1,
2259704G5020,メプチン吸入液ユニット０．３ｍＬ,プロカテロール塩酸塩水和物,０．０１％０．３ｍＬ１個,25,
2259704G6026,メプチン吸入液ユニット０．５ｍＬ,プロカテロール塩酸塩水和物,０．０１％０．５ｍＬ１個,25.6,
2259704G8037,メプチンキッドエアー５μｇ吸入１００回,プロカテロール塩酸塩水和物,０．０１４３％２．５ｍＬ１キット,920.1,
2259704G9033,メプチンエアー１０μｇ吸入１００回,プロカテロール塩酸塩水和物,０．０１４３％５ｍＬ１キット,1128.6,
2259704Y1020,メプチンスイングヘラー１０μｇ吸入１００回,プロカテロール塩酸塩水和物,１ｍｇ１キット,1770.3,
2259707S1012,ツロブテロール（０．５ｍｇ）貼付剤,ツロブテロール,０．５ｍｇ１枚,13.1,
2259707S1020,ホクナリンテープ０．５ｍｇ,ツロブテロール,０．５ｍｇ１枚,17.8,
2259707S1071,ツロブテロールテープ０．５ｍｇ「サワイ」,ツロブテロール,０．５ｍｇ１枚,22.9,
2259707S2027,ホクナリンテープ１ｍｇ,ツロブテロール,１ｍｇ１枚,23.5,
2259707S2060,ツロブテロールテープ１ｍｇ「ＱＱ」,ツロブテロール,１ｍｇ１枚,16.3,
2259707S2078,ツロブテロールテープ１ｍｇ「サワイ」,ツロブテロール,１ｍｇ１枚,22.8,
2259707S2124,ツロブテロールテープ１「オーハラ」,ツロブテロール,１ｍｇ１枚,16.3,
2259707S2132,ツロブテロールテープ１ｍｇ「テイコク」,ツロブテロール,１ｍｇ１枚,19,
2259707S2183,ツロブテロールテープ１ｍｇ「ＹＰ」,ツロブテロール,１ｍｇ１枚,16.3,
2259707S2191,ツロブテロールテープ１ｍｇ「タカタ」,ツロブテロール,１ｍｇ１枚,16.3,
2259707S2205,ツロブテロールテープ１ｍｇ「トーワ」,ツロブテロール,１ｍｇ１枚,19,
2259707S2213,ツロブテロールテープ１ｍｇ「久光」,ツロブテロール,１ｍｇ１枚,16.3,
2259707S2221,ツロブテロールテープ１ｍｇ「ＶＴＲＳ」,ツロブテロール,１ｍｇ１枚,14.2,
2259707S3023,ホクナリンテープ２ｍｇ,ツロブテロール,２ｍｇ１枚,35.9,
2259707S3066,ツロブテロールテープ２ｍｇ「ＱＱ」,ツロブテロール,２ｍｇ１枚,23.7,
2259707S3074,ツロブテロールテープ２ｍｇ「サワイ」,ツロブテロール,２ｍｇ１枚,31.9,
2259707S3120,ツロブテロールテープ２「オーハラ」,ツロブテロール,２ｍｇ１枚,23.7,
2259707S3139,ツロブテロールテープ２ｍｇ「テイコク」,ツロブテロール,２ｍｇ１枚,27.4,
2259707S3180,ツロブテロールテープ２ｍｇ「ＹＰ」,ツロブテロール,２ｍｇ１枚,23.7,
2259707S3198,ツロブテロールテープ２ｍｇ「タカタ」,ツロブテロール,２ｍｇ１枚,27.4,
2259707S3201,ツロブテロールテープ２ｍｇ「トーワ」,ツロブテロール,２ｍｇ１枚,27.4,
2259707S3210,ツロブテロールテープ２ｍｇ「久光」,ツロブテロール,２ｍｇ１枚,23.7,
2259707S3228,ツロブテロールテープ２ｍｇ「ＶＴＲＳ」,ツロブテロール,２ｍｇ１枚,21.8,
2259708G3025,セレベント５０ディスカス,サルメテロールキシナホ酸塩,５０μｇ６０ブリスター１キット,1521.1,
2259709G1027,スピリーバ吸入用カプセル１８μｇ,チオトロピウム臭化物水和物,１８μｇ１カプセル,96.6,
2259709G2023,スピリーバ２．５μｇレスピマット６０吸入,チオトロピウム臭化物水和物,１５０μｇ１キット,2997,
2259709G3020,スピリーバ１．２５μｇレスピマット６０吸入,チオトロピウム臭化物水和物,７５μｇ１キット,1694,
2259710G1020,オンブレス吸入用カプセル１５０μｇ,インダカテロールマレイン酸塩,１５０μｇ１カプセル,115.6,
2259711G1024,オーキシス９μｇタービュヘイラー２８吸入,ホルモテロールフマル酸塩水和物,２５２μｇ１キット（９μｇ）,881.8,
2259711G2020,オーキシス９μｇタービュヘイラー６０吸入,ホルモテロールフマル酸塩水和物,５４０μｇ１キット（９μｇ）,1817.9,
2259712G1029,シーブリ吸入用カプセル５０μｇ,グリコピロニウム臭化物,５０μｇ１カプセル,105,
2259713G1023,エクリラ４００μｇジェヌエア３０吸入用,アクリジニウム臭化物,３０吸入１キット,2043.1,
2259713G2020,エクリラ４００μｇジェヌエア６０吸入用,アクリジニウム臭化物,６０吸入１キット,3784.6,
2259714G1028,エンクラッセ６２．５μｇエリプタ７吸入用,ウメクリジニウム臭化物,７吸入１キット,922.7,
2259714G2024,エンクラッセ６２．５μｇエリプタ３０吸入用,ウメクリジニウム臭化物,３０吸入１キット,3402.6,
2259800J1030,アニスーマ坐剤,ｄｌ－メチルエフェドリン塩酸塩・ジプロフィリン,１個,21.6,
2259801X1037,アレベール吸入用溶解液０．１２５％,チロキサポール,０．１２５％１ｍＬ,5.2,
2259805G1027,ウルティブロ吸入用カプセル,インダカテロールマレイン酸塩・グリコピロニウム臭化物,１カプセル,133.9,
2259806G1021,アノーロエリプタ７吸入用,ウメクリジニウム臭化物・ビランテロールトリフェニル酢酸塩,７吸入１キット,1297.9,
2259806G2028,アノーロエリプタ３０吸入用,ウメクリジニウム臭化物・ビランテロールトリフェニル酢酸塩,３０吸入１キット,4646.8,
2259807G1026,スピオルトレスピマット２８吸入,チオトロピウム臭化物水和物・オロダテロール塩酸塩,２８吸入１キット,2706.4,
2259807G2022,スピオルトレスピマット６０吸入,チオトロピウム臭化物水和物・オロダテロール塩酸塩,６０吸入１キット,4984.3,
2259808G2027,ビベスピエアロスフィア１２０吸入,グリコピロニウム臭化物・ホルモテロールフマル酸塩水和物,１２０吸入１キット,4886.9,
2260700B1119,アズレン含嗽用散０．４％「トーワ」,アズレンスルホン酸ナトリウム水和物,０．４％１ｇ,6.9,
2260700C1149,アズレン含嗽用顆粒０．４％「ツルハラ」,アズレンスルホン酸ナトリウム水和物,０．４％１ｇ,6.9,
2260700F1021,アズノールうがい液４％,アズレンスルホン酸ナトリウム水和物,４％１ｍＬ,21.1,
2260700F1056,アズレイうがい液４％,アズレンスルホン酸ナトリウム水和物,４％１ｍＬ,21.1,
2260700F1102,アズレンうがい液４％「ケンエー」,アズレンスルホン酸ナトリウム水和物,４％１ｍＬ,21.1,
2260700F1137,アズレンうがい液４％「ＴＳＵ」,アズレンスルホン酸ナトリウム水和物,４％１ｍＬ,21.1,R9.3.31まで
2260700F1145,アズレンうがい液４％「ＴＯＡ」,アズレンスルホン酸ナトリウム水和物,４％１ｍＬ,21.1,R9.3.31まで
2260700F1153,アズレンうがい液４％「ニットー」,アズレンスルホン酸ナトリウム水和物,４％１ｍＬ,21.1,
2260700F2036,アズレン含嗽液アーズミンうがい液１％,アズレンスルホン酸ナトリウム水和物,１％１ｍＬ,9.7,
2260701F1255,ポピヨドンガーグル７％,ポビドンヨード,７％１ｍＬ,3.6,
2260701F1271,イソジンガーグル液７％,ポビドンヨード,７％１ｍＬ,3.1,
2260701F1328,ポビドンヨードガーグル液７％「東海」,ポビドンヨード,７％１ｍＬ,3.2,
2260701F1336,ポビドンヨードガーグル７％「メタル」,ポビドンヨード,７％１ｍＬ,3.7,
2260701F1344,ポピラールガーグル７％,ポビドンヨード,７％１ｍＬ,3.7,
2260701F1409,ポビドンヨードガーグル液７％「明治」,ポビドンヨード,７％１ｍＬ,3.2,
2260701F1417,ポビドンヨードガーグル液７％「ケンエー」,ポビドンヨード,７％１ｍＬ,3.2,
2260701F1425,ポビドンヨードガーグル液７％「イワキ」,ポビドンヨード,７％１ｍＬ,3.6,
2260701F1433,ポビドンヨードガーグル液７％「シオエ」,ポビドンヨード,７％１ｍＬ,3.7,
2260702F1055,含嗽用ハチアズレ顆粒,アズレンスルホン酸ナトリウム水和物・炭酸水素ナトリウム,０．１％１ｇ,6.9,
2260702F1071,ＡＺ含嗽用配合顆粒「ニプロ」,アズレンスルホン酸ナトリウム水和物・炭酸水素ナトリウム,０．１％１ｇ,6.9,
2290700G4025,フルタイド５０ディスカス,フルチカゾンプロピオン酸エステル,５０μｇ６０ブリスター１個,488.6,
2290700G5021,フルタイド１００ディスカス,フルチカゾンプロピオン酸エステル,１００μｇ６０ブリスター１個,746.8,
2290700G6028,フルタイド２００ディスカス,フルチカゾンプロピオン酸エステル,２００μｇ６０ブリスター１個,1000.7,
2290700G7032,フルタイド５０μｇエアゾール１２０吸入用,フルチカゾンプロピオン酸エステル,８．８３ｍｇ１０．６ｇ１瓶,696,
2290700G8039,フルタイド１００μｇエアゾール６０吸入用,フルチカゾンプロピオン酸エステル,１１．６７ｍｇ７．０ｇ１瓶,731.8,
2290701G1039,パルミコート１００μｇタービュヘイラー１１２吸入,ブデソニド,１１．２ｍｇ１瓶（１００μｇ）,776.8,
2290701G2035,パルミコート２００μｇタービュヘイラー５６吸入,ブデソニド,１１．２ｍｇ１瓶（２００μｇ）,776.8,
2290701G3031,パルミコート２００μｇタービュヘイラー１１２吸入,ブデソニド,２２．４ｍｇ１瓶（２００μｇ）,952.2,
2290701G4020,パルミコート吸入液０．２５ｍｇ,ブデソニド,０．２５ｍｇ２ｍＬ１管,84,
2290701G4038,ブデソニド吸入液０．２５ｍｇ「武田テバ」,ブデソニド,０．２５ｍｇ２ｍＬ１管,34.6,
2290701G5026,パルミコート吸入液０．５ｍｇ,ブデソニド,０．５ｍｇ２ｍＬ１管,114.9,
2290701G5034,ブデソニド吸入液０．５ｍｇ「武田テバ」,ブデソニド,０．５ｍｇ２ｍＬ１管,51.4,
2290702G1025,オルベスコ５０μｇインヘラー１１２吸入用,シクレソニド,５．６ｍｇ６．６ｇ１キット,911.8,
2290702G2021,オルベスコ１００μｇインヘラー１１２吸入用,シクレソニド,１１．２ｍｇ６．６ｇ１キット,1206.3,
2290702G3028,オルベスコ２００μｇインヘラー５６吸入用,シクレソニド,１１．２ｍｇ３．３ｇ１キット,1070.6,
2290702G4024,オルベスコ１００μｇインヘラー５６吸入用,シクレソニド,５．６ｍｇ３．３ｇ１キット,867.3,
2290704G1024,プルモザイム吸入液２．５ｍｇ,ドルナーゼ　アルファ（遺伝子組換え）,２．５ｍｇ２．５ｍＬ１管,6982.1,
2290705G1029,アニュイティ１００μｇエリプタ３０吸入用,フルチカゾンフランカルボン酸エステル,３０吸入１キット,1090.5,
2290705G2025,アニュイティ２００μｇエリプタ３０吸入用,フルチカゾンフランカルボン酸エステル,３０吸入１キット,1411.5,
2290706G1023,サルグマリン吸入用２５０μｇ,サルグラモスチム（遺伝子組換え）,２５０μｇ１瓶,42359.1,
2290800G1032,アドエア１００ディスカス２８吸入用,サルメテロールキシナホ酸塩・フルチカゾンプロピオン酸エステル,２８ブリスター１キット,1547,
2290800G2039,アドエア２５０ディスカス２８吸入用,サルメテロールキシナホ酸塩・フルチカゾンプロピオン酸エステル,２８ブリスター１キット,1816.8,
2290800G3035,アドエア５００ディスカス２８吸入用,サルメテロールキシナホ酸塩・フルチカゾンプロピオン酸エステル,２８ブリスター１キット,1940.7,
2290800G4031,アドエア１００ディスカス６０吸入用,サルメテロールキシナホ酸塩・フルチカゾンプロピオン酸エステル,６０ブリスター１キット,3006.5,
2290800G5038,アドエア２５０ディスカス６０吸入用,サルメテロールキシナホ酸塩・フルチカゾンプロピオン酸エステル,６０ブリスター１キット,3509.4,
2290800G6034,アドエア５００ディスカス６０吸入用,サルメテロールキシナホ酸塩・フルチカゾンプロピオン酸エステル,６０ブリスター１キット,3821.5,
2290800G7030,アドエア５０エアゾール１２０吸入用,サルメテロールキシナホ酸塩・フルチカゾンプロピオン酸エステル,１２．０ｇ１瓶,3170.8,
2290800G8029,アドエア１２５エアゾール１２０吸入用,サルメテロールキシナホ酸塩・フルチカゾンプロピオン酸エステル,１２．０ｇ１瓶,3851,
2290800G9025,アドエア２５０エアゾール１２０吸入用,サルメテロールキシナホ酸塩・フルチカゾンプロピオン酸エステル,１２．０ｇ１瓶,4207.3,
2290801G1029,シムビコートタービュヘイラー３０吸入,ブデソニド・ホルモテロールフマル酸塩水和物,３０吸入１キット,1242.2,
2290801G1037,ブデホル吸入粉末剤３０吸入「ＪＧ」,ブデソニド・ホルモテロールフマル酸塩水和物,３０吸入１キット,611.6,
2290801G1045,ブデホル吸入粉末剤３０吸入「ＭＹＬ」,ブデソニド・ホルモテロールフマル酸塩水和物,３０吸入１キット,611.6,
2290801G1053,ブデホル吸入粉末剤３０吸入「ニプロ」,ブデソニド・ホルモテロールフマル酸塩水和物,３０吸入１キット,746.3,
2290801G2025,シムビコートタービュヘイラー６０吸入,ブデソニド・ホルモテロールフマル酸塩水和物,６０吸入１キット,2042.3,
2290801G2033,ブデホル吸入粉末剤６０吸入「ＪＧ」,ブデソニド・ホルモテロールフマル酸塩水和物,６０吸入１キット,1176.1,
2290801G2041,ブデホル吸入粉末剤６０吸入「ＭＹＬ」,ブデソニド・ホルモテロールフマル酸塩水和物,６０吸入１キット,1176.1,
2290801G2050,ブデホル吸入粉末剤６０吸入「ニプロ」,ブデソニド・ホルモテロールフマル酸塩水和物,６０吸入１キット,1176.1,
2290802G1023,フルティフォーム５０エアゾール５６吸入用,フルチカゾンプロピオン酸エステル・ホルモテロールフマル酸塩水和物,５６吸入１瓶,1934.9,
2290802G2020,フルティフォーム１２５エアゾール５６吸入用,フルチカゾンプロピオン酸エステル・ホルモテロールフマル酸塩水和物,５６吸入１瓶,2095.2,
2290802G3026,フルティフォーム５０エアゾール１２０吸入用,フルチカゾンプロピオン酸エステル・ホルモテロールフマル酸塩水和物,１２０吸入１瓶,3998.7,
2290802G4022,フルティフォーム１２５エアゾール１２０吸入用,フルチカゾンプロピオン酸エステル・ホルモテロールフマル酸塩水和物,１２０吸入１瓶,4175.6,
2290803G1028,レルベア１００エリプタ１４吸入用,ビランテロールトリフェニル酢酸塩・フルチカゾンフランカルボン酸エステル,１４吸入１キット,2422.9,
2290803G2024,レルベア２００エリプタ１４吸入用,ビランテロールトリフェニル酢酸塩・フルチカゾンフランカルボン酸エステル,１４吸入１キット,2432.8,
2290803G3020,レルベア１００エリプタ３０吸入用,ビランテロールトリフェニル酢酸塩・フルチカゾンフランカルボン酸エステル,３０吸入１キット,4692.9,
2290803G4027,レルベア２００エリプタ３０吸入用,ビランテロールトリフェニル酢酸塩・フルチカゾンフランカルボン酸エステル,３０吸入１キット,5072.6,
2290803G5023,小児用レルベア５０エリプタ１４吸入用,ビランテロールトリフェニル酢酸塩・フルチカゾンフランカルボン酸エステル,１４吸入１キット,2367.4,
2290803G6020,小児用レルベア５０エリプタ３０吸入用,ビランテロールトリフェニル酢酸塩・フルチカゾンフランカルボン酸エステル,３０吸入１キット,4846.8,
2290804G1022,テリルジー１００エリプタ１４吸入用,フルチカゾンフランカルボン酸エステル・ウメクリジニウム臭化物・ビランテロールトリフェニル酢酸塩,１４吸入１キット,4020.7,
2290804G2029,テリルジー１００エリプタ３０吸入用,フルチカゾンフランカルボン酸エステル・ウメクリジニウム臭化物・ビランテロールトリフェニル酢酸塩,３０吸入１キット,8502.3,
2290804G3025,テリルジー２００エリプタ１４吸入用,フルチカゾンフランカルボン酸エステル・ウメクリジニウム臭化物・ビランテロールトリフェニル酢酸塩,１４吸入１キット,4568.8,
2290804G4021,テリルジー２００エリプタ３０吸入用,フルチカゾンフランカルボン酸エステル・ウメクリジニウム臭化物・ビランテロールトリフェニル酢酸塩,３０吸入１キット,9673.8,
2290805G1027,ビレーズトリエアロスフィア５６吸入,ブデソニド・グリコピロニウム臭化物・ホルモテロールフマル酸塩水和物,５６吸入１キット,4127.6,
2290805G2023,ビレーズトリエアロスフィア１２０吸入,ブデソニド・グリコピロニウム臭化物・ホルモテロールフマル酸塩水和物,１２０吸入１キット,8771.9,
2290806G1021,アテキュラ吸入用カプセル低用量,インダカテロール酢酸塩・モメタゾンフランカルボン酸エステル,１カプセル,113,
2290806G2028,アテキュラ吸入用カプセル中用量,インダカテロール酢酸塩・モメタゾンフランカルボン酸エステル,１カプセル,120.1,
2290806G3024,アテキュラ吸入用カプセル高用量,インダカテロール酢酸塩・モメタゾンフランカルボン酸エステル,１カプセル,137.1,
2290807G1026,エナジア吸入用カプセル中用量,インダカテロール酢酸塩・グリコピロニウム臭化物・モメタゾンフランカルボン酸エステル,１カプセル,290.3,
2290807G2022,エナジア吸入用カプセル高用量,インダカテロール酢酸塩・グリコピロニウム臭化物・モメタゾンフランカルボン酸エステル,１カプセル,331.5,
2357700X1019,グリセリン,グリセリン,１０ｍＬ,8.7,
2357700X1078,グリセリン「ケンエー」,グリセリン,１０ｍＬ,13.1,
2357700X1094,グリセリン「コザカイ・Ｍ」,グリセリン,１０ｍＬ,13.1,
2357700X1116,グリセリン　シオエ,グリセリン,１０ｍＬ,13.1,
2357700X1167,グリセリン「タイセイ」Ｍ,グリセリン,１０ｍＬ,13.1,
2357700X1213,グリセリン「東海」,グリセリン,１０ｍＬ,11.1,
2357700X1280,グリセリン（山善）,グリセリン,１０ｍＬ,13.1,
2357700X1299,グリセリン「ヤクハン」,グリセリン,１０ｍＬ,13.1,
2357700X1353,グリセリン「ニッコー」,グリセリン,１０ｍＬ,13.6,
2357700X1477,グリセリン「東豊」,グリセリン,１０ｍＬ,13.1,
2357701K1040,グリセリン浣腸「ヤマゼン」,グリセリン,５０％１０ｍＬ,11.4,
2357701K1091,グリセリン浣腸液５０％「東豊」,グリセリン,５０％１０ｍＬ,11.4,
2357701K1121,グリセリン浣腸液５０％「ケンエー」,グリセリン,５０％１０ｍＬ,11.4,
2357701K3043,グリセリン浣腸「オヲタ」小児用３０,グリセリン,５０％３０ｍＬ１個,102.8,
2357701K3051,グリセリン浣腸「ヤマゼン」,グリセリン,５０％３０ｍＬ１個,102.8,
2357701K3132,グリセリン浣腸液５０％「ムネ」３０ｍＬ,グリセリン,５０％３０ｍＬ１個,102.8,
2357701K3140,グリセリン浣腸液５０％「ケンエー」,グリセリン,５０％３０ｍＬ１個,110.1,
2357701K4112,グリセリン浣腸液５０％「ケンエー」,グリセリン,５０％４０ｍＬ１個,118.5,
2357701K5046,グリセリン浣腸液５０％「ケンエー」,グリセリン,５０％５０ｍＬ１個,122,
2357701K6050,グリセリン浣腸「オヲタ」６０,グリセリン,５０％６０ｍＬ１個,124.2,
2357701K6077,グリセリン浣腸「ヤマゼン」,グリセリン,５０％６０ｍＬ１個,124.2,
2357701K6220,グリセリン浣腸液５０％「ムネ」６０ｍＬ,グリセリン,５０％６０ｍＬ１個,124.2,
2357701K6239,グリセリン浣腸液５０％「ケンエー」,グリセリン,５０％６０ｍＬ１個,131.7,
2357701K8045,グリセリン浣腸「オヲタ」１２０,グリセリン,５０％１２０ｍＬ１個,156.8,
2357701K8061,グリセリン浣腸「ヤマゼン」,グリセリン,５０％１２０ｍＬ１個,156.8,
2357701K8185,グリセリン浣腸液５０％「ムネ」１２０ｍＬ,グリセリン,５０％１２０ｍＬ１個,156.8,
2357701K8193,グリセリン浣腸液５０％「ケンエー」,グリセリン,５０％１２０ｍＬ１個,166.5,
2357701K9041,グリセリン浣腸「オヲタ」１５０,グリセリン,５０％１５０ｍＬ１個,184.2,
2357701K9173,グリセリン浣腸液５０％「ムネ」１５０ｍＬ,グリセリン,５０％１５０ｍＬ１個,184.2,
2357701K9181,グリセリン浣腸液５０％「ケンエー」,グリセリン,５０％１５０ｍＬ１個,187.9,
2357701Y1043,グリセリン浣腸液５０％「ケンエー」,グリセリン,５０％９０ｍＬ１個,153.4,
2359700J1010,ビサコジル坐剤,ビサコジル,２ｍｇ１個,21,
2359700J2017,ビサコジル坐剤,ビサコジル,１０ｍｇ１個,21.6,
2359701X1018,メチルセルロース,メチルセルロース,１０ｇ,23.6,
2359800J1035,新レシカルボン坐剤,炭酸水素ナトリウム・無水リン酸二水素ナトリウム,１個,73.7,
2399700X1019,複方ヨード・グリセリン,複方ヨード・グリセリン,１０ｍＬ,11.3,
2399700X1060,複方ヨード・グリセリン「ケンエー」,複方ヨード・グリセリン,１０ｍＬ,19.2,
2399700X1078,複方ヨード・グリセリン（小堺）,複方ヨード・グリセリン,１０ｍＬ,19.2,
2399700X1213,複方ヨード・グリセリン（山善）,複方ヨード・グリセリン,１０ｍＬ,14.9,
2399700X1256,複方ヨード・グリセリン「ニッコー」,複方ヨード・グリセリン,１０ｍＬ,24.7,
2399702E1033,アクロマイシントローチ１５ｍｇ,テトラサイクリン塩酸塩,１５ｍｇ１錠,7.3,R9.3.31まで
2399706M1087,アフタゾロン口腔用軟膏０．１％,デキサメタゾン,０．１％１ｇ,66,
2399706M1095,デキサメタゾン軟膏口腔用０．１％「ＣＨ」,デキサメタゾン,０．１％１ｇ,35.3,
2399706M1125,デキサメタゾン口腔用軟膏０．１％「ＮＫ」,デキサメタゾン,０．１％１ｇ,35.3,
2399706M1133,デキサメタゾン口腔用軟膏０．１％「日医工」,デキサメタゾン,０．１％１ｇ,35.3,
2399707D1030,アフタッチ口腔用貼付剤２５μｇ,トリアムシノロンアセトニド,２５μｇ１錠,18.1,
2399707D2061,トリアムシノロンアセトニド口腔用貼付剤２５μｇ「大正」,トリアムシノロンアセトニド,２５μｇ１枚,28.4,
2399707M1057,オルテクサー口腔用軟膏０．１％,トリアムシノロンアセトニド,０．１％１ｇ,61.1,
2399708A1039,サルコートカプセル外用５０μｇ,ベクロメタゾンプロピオン酸エステル,５０μｇ１カプセル,25.7,
2399709E1043,セチルピリジニウム塩化物トローチ２ｍｇ「イワキ」,セチルピリジニウム塩化物水和物,２ｍｇ１錠,6.3,R9.3.31まで
2399710E1046,ＳＰトローチ０．２５ｍｇ「明治」,デカリニウム塩化物,０．２５ｍｇ１錠,6.3,
2399712E1045,オラドールＳトローチ０．５ｍｇ,ドミフェン臭化物,０．５ｍｇ１錠,8.9,
2399712E1053,オラドールトローチ０．５ｍｇ,ドミフェン臭化物,０．５ｍｇ１錠,8.9,
2399713E1066,アズノールＳＴ錠口腔用５ｍｇ,アズレンスルホン酸ナトリウム水和物,５ｍｇ１錠,9.6,
2399714J1018,ドンペリドン１０ｍｇ坐剤,ドンペリドン,１０ｍｇ１個,21.6,
2399714J1026,ナウゼリン坐剤１０,ドンペリドン,１０ｍｇ１個,28.6,
2399714J2014,ドンペリドン３０ｍｇ坐剤,ドンペリドン,３０ｍｇ１個,35.1,
2399714J2022,ナウゼリン坐剤３０,ドンペリドン,３０ｍｇ１個,44.9,
2399714J3029,ナウゼリン坐剤６０,ドンペリドン,６０ｍｇ１個,66.7,
2399715J1020,ペンタサ坐剤１ｇ,メサラジン,１ｇ１個,176.9,
2399715X1023,ペンタサ注腸１ｇ,メサラジン,１ｇ１個,325.8,
2399715X1040,メサラジン注腸１ｇ「ケンエー」,メサラジン,１ｇ１個,426.5,
2399716K1020,レクタブル２ｍｇ注腸フォーム１４回,ブデソニド,４８ｍｇ３０．８ｇ１瓶,3881.3,
2399800X1033,デスパコーワ口腔用クリーム,クロルヘキシジン塩酸塩・ジフェンヒドラミン配合剤,１ｇ,23.8,
2399801E1037,サリベートエアゾール,リン酸二カリウム・無機塩類配合剤,５０ｇ１個,335.9,
2399975X1013,チョウジ油,チョウジ油,１ｍＬ,9,
2419700R1030,デスモプレシン点鼻スプレー２．５μｇ「フェリング」,デスモプレシン酢酸塩水和物,１２５μｇ１瓶,1782.5,
2451700Q1016,アドレナリン液,アドレナリン,０．１％１ｍＬ,12,
2451700R1020,ネフィー点鼻液１ｍｇ,アドレナリン,１ｍｇ０．１ｍＬ１瓶,22975.3,
2451700R2026,ネフィー点鼻液２ｍｇ,アドレナリン,２ｍｇ０．１ｍＬ１瓶,24672.1,
2454700J1028,リンデロン坐剤０．５ｍｇ,ベタメタゾン,０．５ｍｇ１個,30.4,
2454700J2024,リンデロン坐剤１．０ｍｇ,ベタメタゾン,１ｍｇ１個,40.6,
2454701X1033,ステロネマ注腸３ｍｇ,ベタメタゾンリン酸エステルナトリウム,３．９５ｍｇ１個,265.3,
2454701X2030,ステロネマ注腸１．５ｍｇ,ベタメタゾンリン酸エステルナトリウム,１．９７５ｍｇ１個,247.1,
2473700M1020,ディビゲル１ｍｇ,エストラジオール,１ｍｇ１包,34.3,
2473700M2026,ル・エストロジェル０．０６％,エストラジオール,０．０６％１ｇ,19.1,
2473700S2076,エストラーナテープ０．７２ｍｇ,エストラジオール,（０．７２ｍｇ）９ｃ㎡１枚,66.1,
2473700S5024,エストラーナテープ０．０９ｍｇ,エストラジオール,（０．０９ｍｇ）１．１２５ｃ㎡１枚,86.5,
2473700S6020,エストラーナテープ０．１８ｍｇ,エストラジオール,（０．１８ｍｇ）２．２５ｃ㎡１枚,125.9,
2473700S7027,エストラーナテープ０．３６ｍｇ,エストラジオール,（０．３６ｍｇ）４．５ｃ㎡１枚,45,
2477700H1020,ウトロゲスタン腟用カプセル２００ｍｇ,プロゲステロン,２００ｍｇ１カプセル,361.2,
2477700H2027,ルティナス腟錠１００ｍｇ,プロゲステロン,１００ｍｇ１錠,361.2,
2477700H3023,ルテウム腟用坐剤４００ｍｇ,プロゲステロン,４００ｍｇ１個,541.9,
2477700H4020,ワンクリノン腟用ゲル９０ｍｇ,プロゲステロン,９０ｍｇ１管,1042.3,
2482800S1026,メノエイドコンビパッチ,エストラジオール・酢酸ノルエチステロン,１枚,224.2,
2492700R1022,バクスミー点鼻粉末剤３ｍｇ,グルカゴン,３ｍｇ１瓶,8235.6,
2499700H1036,プレグランディン腟坐剤１ｍｇ,ゲメプロスト,１ｍｇ１個,3929.7,
2499701R1010,ブセレリン酢酸塩１５．７５ｍｇ１０ｍＬ点鼻液,ブセレリン酢酸塩,１５．７５ｍｇ１０ｍＬ１瓶,4573.4,
2499702Q1043,ナサニール点鼻液０．２％,ナファレリン酢酸塩水和物,１０ｍｇ５ｍＬ１瓶,4386.7,
2519700Q1030,ウロマチックＳ泌尿器科用灌流液３％,Ｄ－ソルビトール,３％３Ｌ１袋,884.6,
2521701H1050,クロマイ腟錠１００ｍｇ,クロラムフェニコール,１００ｍｇ１錠,71.7,
2521701H1068,クロラムフェニコール腟錠１００ｍｇ「Ｆ」,クロラムフェニコール,１００ｍｇ１錠,71.7,
2529700X1015,プロテイン銀,プロテイン銀,１ｇ,114.5,
2529701H1058,エストリール腟錠０．５ｍｇ,エストリオール,０．５ｍｇ１錠,14.3,
2529701H2046,ホーリンＶ腟用錠１ｍｇ,エストリオール,１ｍｇ１錠,21.5,
2529702H1087,クロトリマゾール腟錠１００ｍｇ「Ｆ」,クロトリマゾール,１００ｍｇ１錠,23,
2529704J1045,フロリード腟坐剤１００ｍｇ,ミコナゾール硝酸塩,１００ｍｇ１個,35.4,
2529706H1050,チニダゾール腟錠２００ｍｇ「Ｆ」,チニダゾール,２００ｍｇ１個,49.3,R9.3.31まで
2529707H1063,フラジール腟錠２５０ｍｇ,メトロニダゾール,２５０ｍｇ１錠,54.3,
2529708J1051,イソコナゾール硝酸塩腟錠１００ｍｇ「Ｆ」,イソコナゾール硝酸塩,１００ｍｇ１個,38.4,
2529708J2058,アデスタン腟錠３００ｍｇ,イソコナゾール硝酸塩,３００ｍｇ１個,163.3,
2529708J2066,イソコナゾール硝酸塩腟錠３００ｍｇ「Ｆ」,イソコナゾール硝酸塩,３００ｍｇ１個,139.4,
2529709H1046,オキナゾール腟錠１００ｍｇ,オキシコナゾール硝酸塩,１００ｍｇ１錠,39.8,
2529709H1062,オキシコナゾール硝酸塩腟錠１００ｍｇ「Ｆ」,オキシコナゾール硝酸塩,１００ｍｇ１錠,35.1,
2529709H2042,オキナゾール腟錠６００ｍｇ,オキシコナゾール硝酸塩,６００ｍｇ１錠,261.4,
2529709H2069,オキシコナゾール硝酸塩腟錠６００ｍｇ「Ｆ」,オキシコナゾール硝酸塩,６００ｍｇ１錠,232.6,
2529710X1027,ミレーナ５２ｍｇ,レボノルゲストレル,１個,25833.5,
2559805J1020,プロクトセディル坐薬,ヒドロコルチゾン・フラジオマイシン配合剤,１個,35.1,
2559806M1021,プロクトセディル軟膏,ヒドロコルチゾン・フラジオマイシン配合剤,１ｇ,19,R9.3.31まで
2559806M1030,ヘモレックス軟膏,ヒドロコルチゾン・フラジオマイシン配合剤,１ｇ,21.3,
2559807J1020,ヘルミチンＳ坐剤,リドカイン配合剤,１個,27,
2559808M1020,強力ポステリザン（軟膏）,大腸菌死菌・ヒドロコルチゾン,１ｇ,20.1,
2559808M1039,ヘモポリゾン軟膏,大腸菌死菌・ヒドロコルチゾン,１ｇ,20.2,
2559811J1018,ロートエキス・タンニン坐剤,ロートエキス・タンニン,１個,25.9,
2559813J1033,ボラザＧ坐剤,トリベノシド・リドカイン,１個,35.6,
2559813M1021,ボラザＧ軟膏,トリベノシド・リドカイン,１ｇ,28.2,
2559814J1011,ジフルコルトロン吉草酸エステル・リドカイン坐剤,ジフルコルトロン吉草酸エステル・リドカイン,１個,21.6,
2590700S1025,ネオキシテープ７３．５ｍｇ,オキシブチニン塩酸塩,７３．５ｍｇ１枚,121.1,
2590701X1027,ジムソ膀胱内注入液５０％,ジメチルスルホキシド,５０％５０ｍＬ１瓶,11206.9,
2611700Q1038,次亜塩６％「ヨシダ」,次亜塩素酸ナトリウム,６％１０ｇ,7,
2611700Q1046,テキサント消毒液６％,次亜塩素酸ナトリウム,６％１０ｇ,7,
2611700Q2034,ハイポライト消毒液１０％,次亜塩素酸ナトリウム,１０％１０ｇ,7,
2611700Q3030,ヤクラックスＤ液１％,次亜塩素酸ナトリウム,１％１０ｇ,7,
2612700X1013,希ヨードチンキ,希ヨードチンキ,１０ｍＬ,16.5,
2612700X1072,希ヨードチンキ「ケンエー」,希ヨードチンキ,１０ｍＬ,16.5,
2612700X1080,希ヨードチンキ（小堺）,希ヨードチンキ,１０ｍＬ,16.5,
2612700X1153,希ヨードチンキ「タイセイ」,希ヨードチンキ,１０ｍＬ,16.5,
2612700X1315,希ヨードチンキ「ニッコー」,希ヨードチンキ,１０ｍＬ,17.3,
2612701N1033,産婦人科用イソジンクリーム５％,ポビドンヨード,５％１０ｇ,63.6,
2612701Q1099,ポピヨドンスクラブ７．５％,ポビドンヨード,７．５％１０ｍＬ,23.2,
2612701Q1102,イソジンスクラブ液７．５％,ポビドンヨード,７．５％１０ｍＬ,36.4,
2612701Q1137,ポビドンヨードスクラブ液７．５％「明治」,ポビドンヨード,７．５％１０ｍＬ,16.4,
2612701Q1145,ポビドンヨードスクラブ液７．５％「ケンエー」,ポビドンヨード,７．５％１０ｍＬ,16,
2612701Q2109,イソジンゲル１０％,ポビドンヨード,１０％１０ｇ,38.2,
2612701Q2117,ポピヨドンゲル１０％,ポビドンヨード,１０％１０ｇ,32.9,
2612701Q2168,ポビドンヨードゲル１０％「ケンエー」,ポビドンヨード,１０％１０ｇ,31.8,
2612701Q3113,ポビドンヨード液１０％「メタル」,ポビドンヨード,１０％１０ｍＬ,13.9,
2612701Q3318,イソジン液１０％,ポビドンヨード,１０％１０ｍＬ,24,
2612701Q3334,ポピヨドン液１０％,ポビドンヨード,１０％１０ｍＬ,13.9,
2612701Q3393,ポビドンヨード外用液１０％「東海」,ポビドンヨード,１０％１０ｍＬ,13,
2612701Q3407,ポピラール消毒液１０％,ポビドンヨード,１０％１０ｍＬ,13.9,
2612701Q3415,ポビドンヨード外用液１０％「オオサキ」,ポビドンヨード,１０％１０ｍＬ,10.9,
2612701Q3431,ポビドンヨード消毒用液１０％「ＮＰ」,ポビドンヨード,１０％１０ｍＬ,13,R9.3.31まで
2612701Q3440,ポビドンヨード外用液１０％「日新」,ポビドンヨード,１０％１０ｍＬ,12.1,
2612701Q3466,ポビドンヨード外用液１０％「明治」,ポビドンヨード,１０％１０ｍＬ,13,
2612701Q3474,ポビドンヨード消毒液１０％「ケンエー」,ポビドンヨード,１０％１０ｍＬ,13,
2612701Q3482,ポビドンヨード外用液１０％「イワキ」,ポビドンヨード,１０％１０ｍＬ,10.9,
2612701Q3490,ポビドンヨード消毒液１０％「カネイチ」,ポビドンヨード,１０％１０ｍＬ,13,
2612701Q3504,ポビドンヨード消毒液１０％「シオエ」,ポビドンヨード,１０％１０ｍＬ,13.9,
2612701Q4055,イソジンフィールド液１０％,ポビドンヨード,１０％１０ｍＬ,36.1,
2612701Q4063,ポピヨドンフィールド１０％,ポビドンヨード,１０％１０ｍＬ,18.6,
2612701Q4071,ポビドンヨードフィールド外用液１０％「明治」,ポビドンヨード,１０％１０ｍＬ,14.1,
2612701Q5027,ポビドンヨード液１０％消毒用アプリケータ「オーツカ」１０ｍＬ,ポビドンヨード,１０％１０ｍＬ１管,10.9,
2612701Q6023,ポビドンヨード液１０％消毒用アプリケータ「オーツカ」２５ｍＬ,ポビドンヨード,１０％２５ｍＬ１管,16.8,
2612701Q6031,ポビドンヨード液１０％消毒用カートリッジ「オーツカ」２５ｍＬ,ポビドンヨード,１０％２５ｍＬ１管,16.8,
2612702X1012,ヨウ素,ヨウ素,１ｇ,10.7,
2612703X1017,ヨードチンキ,ヨードチンキ,１０ｍＬ,18.1,
2612703X1076,ヨードチンキ「ケンエー」,ヨードチンキ,１０ｍＬ,18.1,
2612703X1084,ヨードチンキ（小堺）,ヨードチンキ,１０ｍＬ,18.1,
2612703X1149,ヨードチンキ「タイセイ」,ヨードチンキ,１０ｍＬ,18.1,
2612703X1300,ヨードチンキ「ニッコー」,ヨードチンキ,１０ｍＬ,21.5,
2612704Q1068,山善稀ヨーチン,希ヨードチンキ,１０ｍＬ,16.5,
2612705X1040,三丸ヨーチン,ヨードチンキ,１０ｍＬ,18.1,
2612706Q1032,プレポダインスクラブ０．７５％,ヨウ素,１０ｍＬ,21.9,
2612706Q2039,プレポダインソリューション１％,ヨウ素,１０ｍＬ,21.3,
2612706Q3035,プレポダインフィールド１％,ヨウ素,１０ｍＬ,29,
2612707X1015,ヨードホルム,ヨードホルム,１ｇ,19.3,
2614700X1018,オキシドール,オキシドール,１０ｍＬ,10.7,
2614701X1012,過マンガン酸カリウム,過マンガン酸カリウム,１０ｇ,15.7,
2615700X1015,イソプロパノール,イソプロパノール,１０ｍＬ,10.7,
2615700X1074,イソプロパノール（兼一）,イソプロパノール,１０ｍＬ,10.7,
2615700X1082,イソプロパノール「ケンエー」,イソプロパノール,１０ｍＬ,10.7,
2615700X1090,イソプロパノール「コザカイ・Ｍ」,イソプロパノール,１０ｍＬ,10.7,
2615700X1147,イソプロパノール「タイセイ」,イソプロパノール,１０ｍＬ,10.7,
2615700X1210,イソプロパノール「マルイシ」,イソプロパノール,１０ｍＬ,10.7,
2615700X1252,イソプロパノール（山善）,イソプロパノール,１０ｍＬ,10.7,
2615700X1295,イソプロパノール「ニッコー」,イソプロパノール,１０ｍＬ,10.7,
2615701Q1015,イソプロパノール５０％液,イソプロパノール,５０％１０ｍＬ,7,
2615701Q1074,５０％イソプロ消アル「ヤマゼン」,イソプロパノール,５０％１０ｍＬ,7,
2615701Q1090,５０％イソプロピルアルコール（丸石）,イソプロパノール,５０％１０ｍＬ,7,
2615701Q1147,５０％消毒用イソプロパノール「ニッコー」,イソプロパノール,５０％１０ｍＬ,7,
2615701Q1180,５０Ｖ／Ｖ％消毒用イソプロ「コザカイ」,イソプロパノール,５０％１０ｍＬ,7,
2615701Q1457,消毒用イソプロパノール液５０％「ヤクハン」,イソプロパノール,５０％１０ｍＬ,7,
2615701Q1473,イソプロパノール消毒液５０％「タイセイ」,イソプロパノール,５０％１０ｍＬ,7,
2615701Q1481,イソプロパノール消毒液５０％「ヨシダ」,イソプロパノール,５０％１０ｍＬ,7,
2615701Q1511,イソプロパノール消毒液５０％「カネイチ」,イソプロパノール,５０％１０ｍＬ,7,
2615701Q1520,イソプロパノール消毒液５０％「メタル」,イソプロパノール,５０％１０ｍＬ,7,
2615701Q1554,イソプロパノール消毒液５０％「ニプロ」,イソプロパノール,５０％１０ｍＬ,7,
2615701Q1562,イソプロパノール消毒液５０％「ケンエー」,イソプロパノール,５０％１０ｍＬ,7,
2615701Q1570,イソプロパノール消毒液５０％「東豊」,イソプロパノール,５０％１０ｍＬ,7,
2615701Q1589,イソプロパノール消毒液５０％「シオエ」,イソプロパノール,５０％１０ｍＬ,7,
2615701Q2011,イソプロパノール７０％液,イソプロパノール,７０％１０ｍＬ,7,
2615701Q2100,７０％消毒用イソプロパノール「ニッコー」,イソプロパノール,７０％１０ｍＬ,7,
2615701Q2119,７０％イソプロ消アル「ヤマゼン」,イソプロパノール,７０％１０ｍＬ,7,
2615701Q2127,７０％イソプロピルアルコール（丸石）,イソプロパノール,７０％１０ｍＬ,7,
2615701Q2283,イソプロパノール消毒液７０％「タイセイ」,イソプロパノール,７０％１０ｍＬ,7,
2615701Q2291,イソプロパノール消毒液７０％「ヨシダ」,イソプロパノール,７０％１０ｍＬ,7,
2615701Q2321,イソプロパノール消毒液７０％「カネイチ」,イソプロパノール,７０％１０ｍＬ,7,
2615701Q2330,イソプロパノール消毒液７０％「メタル」,イソプロパノール,７０％１０ｍＬ,7,
2615701Q2348,イソプロパノール消毒液７０％「ニプロ」,イソプロパノール,７０％１０ｍＬ,7,
2615701Q2356,イソプロパノール消毒液７０％「ケンエー」,イソプロパノール,７０％１０ｍＬ,7,
2615701Q2372,イソプロパノール消毒Ｂ液７０％「ケンエー」,イソプロパノール,７０％１０ｍＬ,7,
2615701Q2380,イソプロパノール消毒液７０％「シオエ」,イソプロパノール,７０％１０ｍＬ,7,
2615701Q2402,イソプロパノール消毒液７０％「ヤクハン」,イソプロパノール,７０％１０ｍＬ,7,
2615702X1014,エタノール,エタノール,１０ｍＬ,17.4,
2615702X1081,エタノール（兼一）,エタノール,１０ｍＬ,29.7,
2615702X1103,エタノール（小堺）,エタノール,１０ｍＬ,25.8,
2615702X1138,エタノール　シオエ,エタノール,１０ｍＬ,22.2,
2615702X1162,エタノール「タイセイ」,エタノール,１０ｍＬ,29.7,
2615702X1251,エタノール「マルイシ」,エタノール,１０ｍＬ,29.7,
2615702X1286,エタノール（山善）,エタノール,１０ｍＬ,29.7,
2615702X1308,エタノール「ヤクハン」,エタノール,１０ｍＬ,29.7,
2615702X1375,エタノール「ニッコー」,エタノール,１０ｍＬ,21,
2615702X1421,エタノール「ヨシダ」,エタノール,１０ｍＬ,29.7,
2615702X1430,エタノール「ケンエー」,エタノール,１０ｍＬ,29.7,
2615703X1019,消毒用エタノール,消毒用エタノール,１０ｍＬ,10.7,
2615703X1086,消毒用エタノール（兼一）,消毒用エタノール,１０ｍＬ,18.7,
2615703X1116,消毒用エタノール「コザカイ・Ｍ」,消毒用エタノール,１０ｍＬ,19.2,
2615703X1132,消毒用エタノール　シオエ,消毒用エタノール,１０ｍＬ,19.2,
2615703X1175,消毒用エタノール「タイセイ」,消毒用エタノール,１０ｍＬ,19.2,
2615703X1230,消毒用エタノール「メタル」,消毒用エタノール,１０ｍＬ,19.2,
2615703X1272,消毒用エタノール「マルイシ」,消毒用エタノール,１０ｍＬ,19.2,
2615703X1310,消毒用エタノール「ヤクハン」,消毒用エタノール,１０ｍＬ,19.2,
2615703X1329,消毒用エタノール「ヤマゼン」Ｍ,消毒用エタノール,１０ｍＬ,19.2,
2615703X1345,消毒用エタノール「イマヅ」,消毒用エタノール,１０ｍＬ,19.2,
2615703X1370,消毒用エタノール「タカスギ」,消毒用エタノール,１０ｍＬ,19.2,
2615703X1396,消毒用エタノール「ニッコー」,消毒用エタノール,１０ｍＬ,19.2,
2615703X1442,消毒用エタノール「ヨシダ」,消毒用エタノール,１０ｍＬ,19.2,
2615703X1450,消毒用エタノール「ケンエー」,消毒用エタノール,１０ｍＬ,19.2,
2615703X1507,サラヤ消毒用エタノール,消毒用エタノール,１０ｍＬ,19.2,
2615703X1523,消毒用エタノール「東豊」,消毒用エタノール,１０ｍＬ,19.2,
2615703X1558,消毒用エタノール「ＮＰ」,消毒用エタノール,１０ｍＬ,19.2,
2615704X1013,無水エタノール,無水エタノール,１０ｍＬ,20.6,
2615704X1099,無水エタノール「コザカイ・Ｍ」,無水エタノール,１０ｍＬ,25.1,
2615704X1110,無水エタノール　シオエ,無水エタノール,１０ｍＬ,23,
2615704X1153,無水エタノール「タイセイ」,無水エタノール,１０ｍＬ,25.1,
2615704X1196,無水エタノール「東海」,無水エタノール,１０ｍＬ,21.9,
2615704X1234,無水エタノール「マルイシ」,無水エタノール,１０ｍＬ,25.1,
2615704X1250,無水エタノール「ヤクハン」,無水エタノール,１０ｍＬ,25.1,
2615704X1277,無水エタノール（山善）,無水エタノール,１０ｍＬ,25.1,
2615704X1285,無水エタノール「イマヅ」,無水エタノール,１０ｍＬ,25.1,
2615704X1315,無水エタノール「ニッコー」,無水エタノール,１０ｍＬ,25.1,
2615704X1340,無水エタノール（ミツマル）,無水エタノール,１０ｍＬ,21.9,
2615704X1358,無水エタノール「ヨシダ」,無水エタノール,１０ｍＬ,25.1,
2615704X1366,無水エタノール「ケンエー」,無水エタノール,１０ｍＬ,25.1,
2615704X1412,無水エタノール「東豊」,無水エタノール,１０ｍＬ,25.1,
2615705Q1013,エタノール液,エタノール,１０ｍＬ,7.1,
2615705Q1021,消毒用エタノールＢ液「ケンエー」,エタノール,１０ｍＬ,11.1,
2615705Q1048,消毒用エタノール液ＩＰ,エタノール,１０ｍＬ,11.1,
2615705Q1056,消毒用エタノールＢ液ＩＰ,エタノール,１０ｍＬ,11.1,
2615705Q1072,消毒用エタライト液,エタノール,１０ｍＬ,11.1,
2615705Q1099,消エタ　コア,エタノール,１０ｍＬ,11.1,
2615705Q1102,消毒用エタＩＰ「メタル」,エタノール,１０ｍＬ,11.1,
2615705Q1170,消毒用エタライトＢ液,エタノール,１０ｍＬ,11.1,
2615705Q1200,エコ消エタ消毒液,エタノール,１０ｍＬ,11.1,
2615705Q1226,オー消エタ消毒液,エタノール,１０ｍＬ,11.1,
2616700Q1018,ベンザルコニウム塩化物液,ベンザルコニウム塩化物,１０％１０ｍＬ,10.7,
2616700Q1603,ベンザルコニウム塩化物消毒液１０ｗ／ｖ％「昭和」,ベンザルコニウム塩化物,１０％１０ｍＬ,10.3,
2616700Q1670,クレミール消毒液１０％,ベンザルコニウム塩化物,１０％１０ｍＬ,10.3,
2616700Q2014,ベンザルコニウム塩化物液,ベンザルコニウム塩化物,５０％１０ｍＬ,10,
2616700Q2162,ベンザルコニウム塩化物消毒液５０％「東海」,ベンザルコニウム塩化物,５０％１０ｍＬ,10.7,
2616700Q3010,濃ベンザルコニウム塩化物液５０,ベンザルコニウム塩化物,１０ｍＬ,10.7,
2616700Q3061,逆性石ケン液５０「ヨシダ」,ベンザルコニウム塩化物,１０ｍＬ,15.5,
2616700Q3142,ヂアミトール消毒用液５０Ｗ／Ｖ％,ベンザルコニウム塩化物,１０ｍＬ,15.5,
2616700Q3177,ベンザルコニウム塩化物消毒液５０％「ヤクハン」,ベンザルコニウム塩化物,１０ｍＬ,14.2,
2616700Q4017,ベンザルコニウム塩化物液,ベンザルコニウム塩化物,０．０２５％１０ｍＬ,10.7,
2616700Q5013,ベンザルコニウム塩化物液,ベンザルコニウム塩化物,０．０５％１０ｍＬ,10.7,
2616700Q6010,ベンザルコニウム塩化物液,ベンザルコニウム塩化物,０．１％１０ｍＬ,10.7,
2616700Q7016,ベンザルコニウム塩化物液,ベンザルコニウム塩化物,０．２％１０ｍＬ,10.7,
2616700Q8012,ベンザルコニウム塩化物液,ベンザルコニウム塩化物,０．０１％１０ｍＬ,10.7,
2616700Q9019,ベンザルコニウム塩化物液,ベンザルコニウム塩化物,０．０２％１０ｍＬ,10.7,
2616701Q1012,ベンゼトニウム塩化物液,ベンゼトニウム塩化物,１０％１０ｍＬ,12.7,
2616701Q2019,ベンゼトニウム塩化物液,ベンゼトニウム塩化物,０．０２％１０ｍＬ,10.7,
2616701Q3015,ベンゼトニウム塩化物液,ベンゼトニウム塩化物,０．０２５％１０ｍＬ,10.7,
2616701Q4011,ベンゼトニウム塩化物液,ベンゼトニウム塩化物,０．０５％１０ｍＬ,10.7,
2616701Q5018,ベンゼトニウム塩化物液,ベンゼトニウム塩化物,０．１％１０ｍＬ,10.7,
2616701Q6014,ベンゼトニウム塩化物液,ベンゼトニウム塩化物,０．２％１０ｍＬ,10.7,
2616701Q7010,ベンゼトニウム塩化物液,ベンゼトニウム塩化物,０．０１％１０ｍＬ,4.8,
2616701X1017,ベンゼトニウム塩化物,ベンゼトニウム塩化物,１０ｇ,9.6,
2616703Q1011,クレゾール石ケン液,クレゾール石ケン,１０ｍＬ,10.7,
2616703Q1151,クレゾール石ケン液「タイセイ」,クレゾール石ケン,１０ｍＬ,15,
2616706X1010,薬用石ケン,薬用石ケン,１０ｇ,57,
2616707Q1028,プリビーシー液０．０２％,ベンザルコニウム塩化物,０．０２％１０ｍＬ,7,
2616707Q2024,プリビーシー液０．０５％,ベンザルコニウム塩化物,０．０５％１０ｍＬ,7,
2616707Q3020,プリビーシー液０．１％,ベンザルコニウム塩化物,０．１％１０ｍＬ,7,
2616707Q3039,ヤクゾールＥ液０．１,ベンザルコニウム塩化物,０．１％１０ｍＬ,7,
2616707Q4027,ザルコニンＧ消毒液１０,ベンザルコニウム塩化物,１０％１０ｍＬ,7,
2619701X1019,クレオソート,クレオソート,１０ｇ,205,
2619702Q1035,ステリクロンＷエタノール液０．５,クロルヘキシジングルコン酸塩,０．５％１０ｍＬ,7,
2619702Q1060,マスキンＷ・エタノール液（０．５ｗ／ｖ％）,クロルヘキシジングルコン酸塩,０．５％１０ｍＬ,7,
2619702Q1078,０．５％ヘキザックアルコール液,クロルヘキシジングルコン酸塩,０．５％１０ｍＬ,7,
2619702Q1086,０．５％ラポテックアルコール液,クロルヘキシジングルコン酸塩,０．５％１０ｍＬ,7.8,
2619702Q1132,ステリクロンＷ液０．５,クロルヘキシジングルコン酸塩,０．５％１０ｍＬ,7,
2619702Q1159,０．５ｗ／ｖ％マスキン水,クロルヘキシジングルコン酸塩,０．５％１０ｍＬ,7.8,
2619702Q1167,０．５％ラポテックアルコール（Ｗ）液,クロルヘキシジングルコン酸塩,０．５％１０ｍＬ,7.8,
2619702Q1175,０．５％ヘキザック水Ｗ,クロルヘキシジングルコン酸塩,０．５％１０ｍＬ,7,
2619702Q1191,クロバインＡ,クロルヘキシジングルコン酸塩,０．５％１０ｍＬ,7,
2619702Q1213,０．５％グルコジンＷ水,クロルヘキシジングルコン酸塩,０．５％１０ｍＬ,7,
2619702Q1248,グルコジンＷ・エタノール液０．５％,クロルヘキシジングルコン酸塩,０．５％１０ｍＬ,7,
2619702Q1256,イワコールエタノール消毒液０．５％,クロルヘキシジングルコン酸塩,０．５％１０ｍＬ,7,
2619702Q1272,クロルヘキシジングルコン酸塩消毒用液ＥＷ０．５％「ＮＰ」,クロルヘキシジングルコン酸塩,０．５％１０ｍＬ,7,
2619702Q2023,ステリクロンＲエタノール液０．５,クロルヘキシジングルコン酸塩,０．５％１０ｍＬ,7,
2619702Q2040,マスキンＲ・エタノール液（０．５ｗ／ｖ％）,クロルヘキシジングルコン酸塩,０．５％１０ｍＬ,7,
2619702Q2082,ステリクロンＲ液０．５,クロルヘキシジングルコン酸塩,０．５％１０ｍＬ,7,
2619702Q2104,０．５％ヘキザック水Ｒ,クロルヘキシジングルコン酸塩,０．５％１０ｍＬ,7,
2619702Q2112,ステリクロンＢエタノール液０．５,クロルヘキシジングルコン酸塩,０．５％１０ｍＬ,7,
2619702Q2120,０．５％グルコジンＲ水,クロルヘキシジングルコン酸塩,０．５％１０ｍＬ,7,
2619702Q2180,グルコジンＲ・エタノール液０．５％,クロルヘキシジングルコン酸塩,０．５％１０ｍＬ,7,
2619702Q2198,クロルヘキシジングルコン酸塩エタノール消毒液０．５％Ｒ「カネイチ」,クロルヘキシジングルコン酸塩,０．５％１０ｍＬ,7,
2619702Q2201,クロルヘキシジングルコン酸塩エタノール消毒液０．５％「東海」,クロルヘキシジングルコン酸塩,０．５％１０ｍＬ,7,
2619702Q3054,クロヘキシン液５％,クロルヘキシジングルコン酸塩,５％１０ｍＬ,19.4,
2619702Q3070,グルコン酸クロルヘキシジン５％液「メタル」,クロルヘキシジングルコン酸塩,５％１０ｍＬ,17.7,
2619702Q3097,５％ヘキザック液,クロルヘキシジングルコン酸塩,５％１０ｍＬ,19.4,
2619702Q3100,５％クロルヘキシジン液「ヤマゼン」,クロルヘキシジングルコン酸塩,５％１０ｍＬ,16.2,
2619702Q3135,５％ヒビテン液,クロルヘキシジングルコン酸塩,５％１０ｍＬ,19.4,
2619702Q3160,マスキン液（５Ｗ／Ｖ％）,クロルヘキシジングルコン酸塩,５％１０ｍＬ,19.4,
2619702Q3194,ステリクロン液５,クロルヘキシジングルコン酸塩,５％１０ｍＬ,21.3,
2619702Q3216,ラポテック消毒液５％,クロルヘキシジングルコン酸塩,５％１０ｍＬ,19.4,
2619702Q3232,クロルヘキシジングルコン酸塩消毒用液５％「ＮＰ」,クロルヘキシジングルコン酸塩,５％１０ｍＬ,19.4,
2619702Q3259,クロルヘキシジングルコン酸塩消毒液５％「カネイチ」,クロルヘキシジングルコン酸塩,５％１０ｍＬ,16.2,
2619702Q3267,クロルヘキシジングルコン酸塩消毒液５％「シオエ」,クロルヘキシジングルコン酸塩,５％１０ｍＬ,19.4,
2619702Q3275,クロルヘキシジングルコン酸塩消毒液５％「日医工」,クロルヘキシジングルコン酸塩,５％１０ｍＬ,17.7,R9.3.31まで
2619702Q3283,クロルヘキシジングルコン酸塩消毒液５％「東海」,クロルヘキシジングルコン酸塩,５％１０ｍＬ,18.6,
2619702Q3291,クロルヘキシジングルコン酸塩消毒液５％「ヤクハン」,クロルヘキシジングルコン酸塩,５％１０ｍＬ,27.3,
2619702Q6029,ステリクロンＲ液０．０５,クロルヘキシジングルコン酸塩,０．０５％１０ｍＬ,7,
2619702Q6045,０．０５Ｗ／Ｖ％マスキン水,クロルヘキシジングルコン酸塩,０．０５％１０ｍＬ,7,
2619702Q6053,０．０５％グルコジンＲ水,クロルヘキシジングルコン酸塩,０．０５％１０ｍＬ,7,
2619702Q6070,０．０５％ヘキザック水Ｒ,クロルヘキシジングルコン酸塩,０．０５％１０ｍＬ,7,
2619702Q7025,ステリクロンＲ液０．１,クロルヘキシジングルコン酸塩,０．１％１０ｍＬ,7,
2619702Q8021,ステリクロンＷ液０．０２,クロルヘキシジングルコン酸塩,０．０２％１０ｍＬ,7,
2619702Q8030,０．０２ｗ／ｖ％マスキン水,クロルヘキシジングルコン酸塩,０．０２％１０ｍＬ,7,
2619702Q8048,０．０２％ヘキザック水Ｗ,クロルヘキシジングルコン酸塩,０．０２％１０ｍＬ,7,
2619702Q8056,０．０２％グルコジンＷ水,クロルヘキシジングルコン酸塩,０．０２％１０ｍＬ,7,
2619702X1021,ステリクロンＷ液０．１,クロルヘキシジングルコン酸塩,０．１％１０ｍＬ,7,
2619702X1030,０．１％ヘキザック水Ｗ,クロルヘキシジングルコン酸塩,０．１％１０ｍＬ,7,
2619702X1048,０．１ｗ／ｖ％マスキン水,クロルヘキシジングルコン酸塩,０．１％１０ｍＬ,7,
2619702X1056,０．１％グルコジンＷ水,クロルヘキシジングルコン酸塩,０．１％１０ｍＬ,7,
2619702X2028,ステリクロンＷ液０．０５,クロルヘキシジングルコン酸塩,０．０５％１０ｍＬ,7,
2619702X2036,０．０５％グルコジンＷ水,クロルヘキシジングルコン酸塩,０．０５％１０ｍＬ,7,
2619702X2044,０．０５％ヘキザック水Ｗ,クロルヘキシジングルコン酸塩,０．０５％１０ｍＬ,7,
2619704X1012,フェノール,フェノール,１０ｍＬ,11.8,
2619704X1063,フェノール「コザカイ・Ｍ」,フェノール,１０ｍＬ,12.5,
2619705X1017,液状フェノール,液状フェノール,１０ｍＬ,11.5,
2619705X1050,液状フェノール「ケンエー」,液状フェノール,１０ｍＬ,13.1,
2619705X1203,液状フェノール（山善）,液状フェノール,１０ｍＬ,13.1,
2619706X1011,消毒用フェノール,消毒用フェノール,１０ｍＬ,10.7,
2619707X1016,フェノール水,フェノール水,１０ｍＬ,10.7,
2619708X1010,ホルマリン,ホルマリン,１０ｍＬ,10.7,
2619711X1020,レゾルシン「純生」,レゾルシン,１０ｇ,180.9,
2619713Q1017,クロルヘキシジングルコン酸塩液,クロルヘキシジングルコン酸塩,２０％１０ｍＬ,45.8,
2619713Q1050,ステリクロン液２０,クロルヘキシジングルコン酸塩,２０％１０ｍＬ,49.7,
2619713Q1076,クロヘキシン液２０％,クロルヘキシジングルコン酸塩,２０％１０ｍＬ,49.7,
2619713Q1122,２０Ｗ／Ｖ％マスキン液,クロルヘキシジングルコン酸塩,２０％１０ｍＬ,49.7,
2619713Q1181,ヒビテン・グルコネート液２０％,クロルヘキシジングルコン酸塩,２０％１０ｍＬ,49.7,
2619713Q1190,ヘキザック消毒液２０％,クロルヘキシジングルコン酸塩,２０％１０ｍＬ,49.7,
2619714X1016,アクリノール水和物,アクリノール水和物,１ｇ,58.9,
2619715Q1016,消毒用フェノール水,消毒用フェノール水,１０ｍＬ,10.7,
2619716Q1010,アルキルジアミノエチルグリシン塩酸塩１０％液,アルキルジアミノエチルグリシン塩酸塩,１０％１０ｍＬ,7,
2619716Q3030,サテニジン液０．０５,アルキルジアミノエチルグリシン塩酸塩,０．０５％１０ｍＬ,7,
2619716Q6039,サテニジン液０．２,アルキルジアミノエチルグリシン塩酸塩,０．２％１０ｍＬ,7,
2619800X1020,エチコール（ニワトリ印消毒用アルコール）,エタノール,１０ｍＬ,7,
2619801X1025,東豊消アル,エタノール,１０ｍＬ,7,
2619803X1024,山善消アル,エタノール,１０ｍＬ,7,
2619805X1023,ネオ消アル「ヨシダ」,エタノール,１０ｍＬ,7,
2619805X1031,メタル消アル,エタノール,１０ｍＬ,7,
2619805X1066,消毒用マルオアルコール,エタノール,１０ｍＬ,7,
2619810X1059,消毒用ネオアルコール「ケンエー」,エタノール,１０ｍＬ,7,
2619810X1067,消毒用アルコール配合液「ＮＰ」,エタノール,１０ｍＬ,8,
2619813X1028,ネオ兼一消アルＡ,エタノール,１０ｍＬ,7,
2619817X1026,ネオ消アル（山善）,エタノール,１０ｍＬ,7,
2619819X1092,ハイポアルコール液２％「ヤクハン」,チオ硫酸ナトリウム水和物・エタノール,１０ｍＬ,7,
2619819X1106,ハイポエタノール液２％「ヨシダ」,チオ硫酸ナトリウム水和物・エタノール,１０ｍＬ,8.9,
2619819X1130,ハイポエタノール液２％「ケンエー」,チオ硫酸ナトリウム水和物・エタノール,１０ｍＬ,7,
2619819X1149,ハイポエタノール液２％「ニッコー」,チオ硫酸ナトリウム水和物・エタノール,１０ｍＬ,7,
2619820Q1031,ネオ消アル「ニッコー」,エタノール,１０ｍＬ,7,
2619821X1022,消毒用ミツマルアルコール,エタノール,１０ｍＬ,6.8,
2633705N1031,ゲーベンクリーム１％,スルファジアジン銀,１％１ｇ,12.8,
2634703X1014,テトラサイクリン塩酸塩,テトラサイクリン塩酸塩,１ｇ,178.8,
2634704M1047,アクロマイシン軟膏３％,テトラサイクリン塩酸塩,３０ｍｇ１ｇ,17.5,
2634705X1013,クロラムフェニコール,クロラムフェニコール,１ｇ,226.7,
2634706M1020,クロロマイセチン軟膏２％,クロラムフェニコール,２０ｍｇ１ｇ,8.2,
2634706Q1030,クロロマイセチン局所用液５％,クロラムフェニコール,５０ｍｇ１ｍＬ,31.2,R9.3.31まで
2634708M1037,フシジンレオ軟膏２％,フシジン酸ナトリウム,２０ｍｇ１ｇ,25,
2634710M1077,ゲンタシン軟膏０．１％,ゲンタマイシン硫酸塩,１ｍｇ１ｇ,11,
2634710M1085,ゲンタマイシン硫酸塩軟膏０．１％「イワキ」,ゲンタマイシン硫酸塩,１ｍｇ１ｇ,10.8,
2634710M1093,ゲンタマイシン硫酸塩軟膏０．１％「Ｆ」,ゲンタマイシン硫酸塩,１ｍｇ１ｇ,11,
2634710N1030,ゲンタシンクリーム０．１％,ゲンタマイシン硫酸塩,１ｍｇ１ｇ,11,
2634711S1046,ソフラチュール貼付剤１０ｃｍ,フラジオマイシン硫酸塩,（１０．８ｍｇ）１０ｃｍ×１０ｃｍ１枚,77.5,
2634711S2034,ソフラチュール貼付剤３０ｃｍ,フラジオマイシン硫酸塩,（３２．４ｍｇ）１０ｃｍ×３０ｃｍ１枚,192.9,
2634712X1013,ポリミキシンＢ硫酸塩,ポリミキシンＢ硫酸塩,５０万単位１瓶,349.9,
2634712X2010,ポリミキシンＢ硫酸塩,ポリミキシンＢ硫酸塩,３００万単位１瓶,1546.6,
2634713M1011,クリンダマイシンリン酸エステル１％ゲル,クリンダマイシンリン酸エステル,１％１ｇ,10.2,
2634713M1020,ダラシンＴゲル１％,クリンダマイシンリン酸エステル,１％１ｇ,19.6,
2634713M1054,クリンダマイシンリン酸エステルゲル１％「イワキ」,クリンダマイシンリン酸エステル,１％１ｇ,11.4,
2634713M1062,クリンダマイシンリン酸エステルゲル１％「サワイ」,クリンダマイシンリン酸エステル,１％１ｇ,20.9,
2634713Q1021,ダラシンＴローション１％,クリンダマイシンリン酸エステル,１％１ｍＬ,19.6,
2639700M1029,アクアチム軟膏１％,ナジフロキサシン,１％１ｇ,18.5,
2639700N1016,ナジフロキサシン１％クリーム,ナジフロキサシン,１％１ｇ,17,
2639700N1032,アクアチムクリーム１％,ナジフロキサシン,１％１ｇ,18.5,
2639700Q1012,ナジフロキサシン１％ローション,ナジフロキサシン,１％１ｍＬ,17,
2639700Q1055,アクアチムローション１％,ナジフロキサシン,１％１ｍＬ,18.5,R9.3.31まで
2639701N1029,ゼビアックス油性クリーム２％,オゼノキサシン,２％１ｇ,43.1,
2639701Q1025,ゼビアックスローション２％,オゼノキサシン,２％１ｇ,43.1,
2639802M1026,クロマイ－Ｐ軟膏,クロラムフェニコール・フラジオマイシン配合剤,１ｇ,16.6,
2639802M1034,ハイセチンＰ軟膏,クロラムフェニコール・フラジオマイシン配合剤,１ｇ,14,R9.3.31まで
2639804M1025,テラマイシン軟膏（ポリミキシンＢ含有）,オキシテトラサイクリン塩酸塩・ポリミキシンＢ硫酸塩,１ｇ,10.4,
2639805M1020,バラマイシン軟膏,バシトラシン・フラジオマイシン硫酸塩,（ＢＴＲＣ２５０単位ＦＲＭ２ｍｇ）１ｇ,7.4,
2641700X1015,サリチル酸メチル,サリチル酸メチル,１ｍＬ,5.9,
2642701X1017,ジフェンヒドラミン,ジフェンヒドラミン,５ｇ１管,312.2,
2642702N1029,レスタミンコーワクリーム１％,ジフェンヒドラミン,１％１０ｇ,19.2,
2643700X1010,アンモニア水,アンモニア水,１０ｍＬ,2.8,
2643700X1060,アンモニア水「ケンエー」,アンモニア水,１０ｍＬ,7.6,
2643700X1109,アンモニア水「タイセイ」,アンモニア水,１０ｍＬ,6.9,
2645700Q1109,カンフル精（山善）,カンフル,１０ｍＬ,15.2,
2645700Q1176,ｄｌ－カンフル精１０％「コザカイ」,カンフル,１０ｍＬ,15.2,
2645701X1019,ｄｌ－カンフル,ｄｌ－カンフル,１ｇ,10.8,
2645702X1013,ｄ－カンフル,ｄ－カンフル,１ｇ,9.3,
2646700M1155,テクスメテン軟膏０．１％,ジフルコルトロン吉草酸エステル,０．１％１ｇ,19.2,
2646700M1163,ネリゾナ軟膏０．１％,ジフルコルトロン吉草酸エステル,０．１％１ｇ,15.9,
2646700N1142,テクスメテン　ユニバーサル　クリーム０．１％,ジフルコルトロン吉草酸エステル,０．１％１ｇ,19.2,
2646700N1150,ネリゾナクリーム０．１％,ジフルコルトロン吉草酸エステル,０．１％１ｇ,15.9,
2646700N1169,ネリゾナユニバーサルクリーム０．１％,ジフルコルトロン吉草酸エステル,０．１％１ｇ,15.9,
2646701M2156,リンデロン－Ｖ軟膏０．１２％,ベタメタゾン吉草酸エステル,０．１２％１ｇ,14.3,
2646701M2180,ベトネベート軟膏０．１２％,ベタメタゾン吉草酸エステル,０．１２％１ｇ,17.8,
2646701M2199,ベタメタゾン吉草酸エステル軟膏０．１２％「トーワ」,ベタメタゾン吉草酸エステル,０．１２％１ｇ,6.7,
2646701M2202,ベタメタゾン吉草酸エステル軟膏０．１２％「イワキ」,ベタメタゾン吉草酸エステル,０．１２％１ｇ,8,
2646701N2011,ベタメタゾン吉草酸エステル０．１２％クリーム,ベタメタゾン吉草酸エステル,０．１２％１ｇ,6.3,
2646701N2135,リンデロン－Ｖクリーム０．１２％,ベタメタゾン吉草酸エステル,０．１２％１ｇ,14.3,
2646701N2160,ベトネベートクリーム０．１２％,ベタメタゾン吉草酸エステル,０．１２％１ｇ,17.8,
2646701Q1038,リンデロン－Ｖローション,ベタメタゾン吉草酸エステル,０．１２％１ｍＬ,14.3,
2646701Q1054,ベタメタゾン吉草酸エステルローション０．１２％「イワキ」,ベタメタゾン吉草酸エステル,０．１２％１ｍＬ,8,
2646703M1019,ベタメタゾンジプロピオン酸エステル０．０６４％軟膏,ベタメタゾンジプロピオン酸エステル,０．０６４％１ｇ,6.3,
2646703M1094,リンデロン－ＤＰ軟膏,ベタメタゾンジプロピオン酸エステル,０．０６４％１ｇ,8,
2646703M1132,デルモゾールＤＰ軟膏０．０６４％,ベタメタゾンジプロピオン酸エステル,０．０６４％１ｇ,8.3,
2646703M1175,ベタメタゾンジプロピオン酸エステル軟膏０．０６４％「ＹＤ」,ベタメタゾンジプロピオン酸エステル,０．０６４％１ｇ,8.3,
2646703M1183,ベタメタゾンジプロピオン酸エステル軟膏０．０６４％「テイコク」,ベタメタゾンジプロピオン酸エステル,０．０６４％１ｇ,8.3,
2646703N1073,リンデロン－ＤＰクリーム,ベタメタゾンジプロピオン酸エステル,０．０６４％１ｇ,8,
2646703N1111,デルモゾールＤＰクリーム０．０６４％,ベタメタゾンジプロピオン酸エステル,０．０６４％１ｇ,8.3,
2646703N1154,ベタメタゾンジプロピオン酸エステルクリーム０．０６４％「テイコク」,ベタメタゾンジプロピオン酸エステル,０．０６４％１ｇ,8.3,
2646703Q1029,リンデロン－ＤＰゾル,ベタメタゾンジプロピオン酸エステル,０．０６４％１ｇ,8,
2646703Q2033,デルモゾールＤＰローション０．０６４％,ベタメタゾンジプロピオン酸エステル,０．０６４％１ｍＬ,8.3,
2646704M2010,デキサメタゾン０．１％軟膏,デキサメタゾン,０．１％１ｇ,7.2,
2646704N1019,デキサメタゾン０．１％クリーム,デキサメタゾン,０．１％１ｇ,7.2,
2646704N1043,オイラゾンクリーム０．１％,デキサメタゾン,０．１％１ｇ,31.2,
2646704N2023,オイラゾンクリーム０．０５％,デキサメタゾン,０．０５％１ｇ,29.2,
2646704Q1015,デキサメタゾン０．１％ローション,デキサメタゾン,０．１％１ｇ,7.2,
2646705M1018,トリアムシノロンアセトニド０．１％軟膏,トリアムシノロンアセトニド,０．１％１ｇ,3.7,
2646705M1107,レダコート軟膏０．１％,トリアムシノロンアセトニド,０．１％１ｇ,14.6,
2646705N1072,レダコートクリーム０．１％,トリアムシノロンアセトニド,０．１％１ｇ,14.6,
2646708M1216,トプシム軟膏０．０５％,フルオシノニド,０．０５％１ｇ,10.8,
2646708M1283,フルオシノニド軟膏０．０５％「テイコク」,フルオシノニド,０．０５％１ｇ,10.2,
2646708N1238,トプシムＥクリーム０．０５％,フルオシノニド,０．０５％１ｇ,10.8,
2646708N1246,トプシムクリーム０．０５％,フルオシノニド,０．０５％１ｇ,10.8,
2646708N1319,フルオシノニドクリーム０．０５％「テイコク」,フルオシノニド,０．０５％１ｇ,10.2,
2646708Q1030,トプシムローション０．０５％,フルオシノニド,０．０５％１ｇ,10.8,
2646709M1121,フルコート軟膏０．０２５％,フルオシノロンアセトニド,０．０２５％１ｇ,14,
2646709M1156,フルオシノロンアセトニド軟膏０．０２５％「ＹＤ」,フルオシノロンアセトニド,０．０２５％１ｇ,10.8,
2646709N1100,フルコートクリーム０．０２５％,フルオシノロンアセトニド,０．０２５％１ｇ,14,
2646709Q1034,フルコート外用液０．０１％,フルオシノロンアセトニド,０．０１％１ｍＬ,15.4,
2646712M1204,プレドニゾロン軟膏０．５％「ＶＴＲＳ」,プレドニゾロン,０．５％１ｇ,8.9,
2646712N1072,プレドニゾロンクリーム０．５％「ＹＤ」,プレドニゾロン,０．５％１ｇ,8.9,
2646712N1080,プレドニゾロンクリーム０．５％「テイコク」,プレドニゾロン,０．５％１ｇ,8.9,
2646712N1099,プレドニゾロンクリーム０．５％「ＴＣＫ」,プレドニゾロン,０．５％１ｇ,8.9,
2646713M1012,クロベタゾールプロピオン酸エステル０．０５％軟膏,クロベタゾールプロピオン酸エステル,０．０５％１ｇ,11.7,
2646713M1195,グリジール軟膏０．０５％,クロベタゾールプロピオン酸エステル,０．０５％１ｇ,11.9,
2646713M1233,クロベタゾールプロピオン酸エステル軟膏０．０５％「ラクール」,クロベタゾールプロピオン酸エステル,０．０５％１ｇ,11.9,
2646713N1018,クロベタゾールプロピオン酸エステル０．０５％クリーム,クロベタゾールプロピオン酸エステル,０．０５％１ｇ,11.7,
2646713N1174,グリジールクリーム０．０５％,クロベタゾールプロピオン酸エステル,０．０５％１ｇ,11.9,R9.3.31まで
2646713N1204,クロベタゾールプロピオン酸エステルクリーム０．０５％「ラクール」,クロベタゾールプロピオン酸エステル,０．０５％１ｇ,11.9,
2646713Q1120,グリジールスカルプローション０．０５％,クロベタゾールプロピオン酸エステル,０．０５％１ｇ,14.4,
2646713Q1138,クロベタゾールプロピオン酸エステルローション０．０５％「ＭＹＫ」,クロベタゾールプロピオン酸エステル,０．０５％１ｇ,12.8,
2646713Q1146,クロベタゾールプロピオン酸エステルローション０．０５％「イワキ」,クロベタゾールプロピオン酸エステル,０．０５％１ｇ,14.4,
2646713Q1154,クロベタゾールプロピオン酸エステルローション０．０５％「ラクール」,クロベタゾールプロピオン酸エステル,０．０５％１ｇ,14.4,
2646713Q2029,コムクロシャンプー０．０５％,クロベタゾールプロピオン酸エステル,０．０５％１ｇ,15.4,
2646717M1096,ロコイド軟膏０．１％,ヒドロコルチゾン酪酸エステル,０．１％１ｇ,14.9,
2646717N1083,ロコイドクリーム０．１％,ヒドロコルチゾン酪酸エステル,０．１％１ｇ,14.9,
2646718M1040,ビスダーム軟膏０．１％,アムシノニド,０．１％１ｇ,23.4,
2646718N1045,ビスダームクリーム０．１％,アムシノニド,０．１％１ｇ,23.4,
2646720M1012,プレドニゾロン吉草酸エステル酢酸エステル０．３％軟膏,プレドニゾロン吉草酸エステル酢酸エステル,０．３％１ｇ,6.8,
2646720M1071,スピラゾン軟膏０．３％,プレドニゾロン吉草酸エステル酢酸エステル,０．３％１ｇ,14.7,
2646720M1080,リドメックスコーワ軟膏０．３％,プレドニゾロン吉草酸エステル酢酸エステル,０．３％１ｇ,14.7,
2646720M1098,プレドニゾロン吉草酸エステル酢酸エステル軟膏０．３％「ＹＤ」,プレドニゾロン吉草酸エステル酢酸エステル,０．３％１ｇ,14.7,
2646720N1018,プレドニゾロン吉草酸エステル酢酸エステル０．３％クリーム,プレドニゾロン吉草酸エステル酢酸エステル,０．３％１ｇ,6.8,
2646720N1085,スピラゾンクリーム０．３％,プレドニゾロン吉草酸エステル酢酸エステル,０．３％１ｇ,14.7,
2646720N1093,リドメックスコーワクリーム０．３％,プレドニゾロン吉草酸エステル酢酸エステル,０．３％１ｇ,14.7,
2646720N1107,プレドニゾロン吉草酸エステル酢酸エステルクリーム０．３％「ＹＤ」,プレドニゾロン吉草酸エステル酢酸エステル,０．３％１ｇ,14.7,
2646720Q1057,スピラゾンローション０．３％,プレドニゾロン吉草酸エステル酢酸エステル,０．３％１ｇ,14.7,
2646720Q1065,リドメックスコーワローション０．３％,プレドニゾロン吉草酸エステル酢酸エステル,０．３％１ｇ,14.7,
2646721M1068,パンデル軟膏０．１％,酪酸プロピオン酸ヒドロコルチゾン,０．１％１ｇ,14.3,
2646721N1071,パンデルクリーム０．１％,酪酸プロピオン酸ヒドロコルチゾン,０．１％１ｇ,14.3,
2646721Q1051,パンデルローション０．１％,酪酸プロピオン酸ヒドロコルチゾン,０．１％１ｍＬ,14.3,
2646722M1160,クロベタゾン酪酸エステル軟膏０．０５％「ＹＤ」,クロベタゾン酪酸エステル,０．０５％１ｇ,7.9,
2646722M1178,クロベタゾン酪酸エステル軟膏０．０５％「テイコク」,クロベタゾン酪酸エステル,０．０５％１ｇ,12,
2646722M1186,クロベタゾン酪酸エステル軟膏０．０５％「イワキ」,クロベタゾン酪酸エステル,０．０５％１ｇ,14.7,
2646722M1194,クロベタゾン酪酸エステル軟膏０．０５％「ラクール」,クロベタゾン酪酸エステル,０．０５％１ｇ,14.7,
2646722N1041,クロベタゾン酪酸エステルクリーム０．０５％「イワキ」,クロベタゾン酪酸エステル,０．０５％１ｇ,14.7,
2646722Q1064,クロベタゾン酪酸エステルローション０．０５％「イワキ」,クロベタゾン酪酸エステル,０．０５％１ｇ,14.7,
2646723M1172,ダイアコート軟膏０．０５％,ジフロラゾン酢酸エステル,０．０５％１ｇ,10.8,
2646723M1180,ジフロラゾン酢酸エステル軟膏０．０５％「ＹＤ」,ジフロラゾン酢酸エステル,０．０５％１ｇ,11.7,
2646723N1151,ダイアコートクリーム０．０５％,ジフロラゾン酢酸エステル,０．０５％１ｇ,10.8,
2646723N1160,ジフロラゾン酢酸エステルクリーム０．０５％「ＹＤ」,ジフロラゾン酢酸エステル,０．０５％１ｇ,11.7,
2646724M1045,ボアラ軟膏０．１２％,デキサメタゾン吉草酸エステル,０．１２％１ｇ,9.1,
2646724N1040,ボアラクリーム０．１２％,デキサメタゾン吉草酸エステル,０．１２％１ｇ,9.1,
2646725M1201,マイザー軟膏０．０５％,ジフルプレドナート,０．０５％１ｇ,9.6,
2646725M1228,ジフルプレドナート軟膏０．０５％「ＭＹＫ」,ジフルプレドナート,０．０５％１ｇ,13,
2646725M1236,ジフルプレドナート軟膏０．０５％「イワキ」,ジフルプレドナート,０．０５％１ｇ,13,
2646725N1150,マイザークリーム０．０５％,ジフルプレドナート,０．０５％１ｇ,9.6,R9.3.31まで
2646725N1169,ジフルプレドナートクリーム０．０５％「イワキ」,ジフルプレドナート,０．０５％１ｇ,13,
2646725Q1076,ジフルプレドナートローション０．０５％「ＭＹＫ」,ジフルプレドナート,０．０５％１ｇ,13,
2646725Q1084,ジフルプレドナートローション０．０５％「イワキ」,ジフルプレドナート,０．０５％１ｇ,13,
2646726M1010,デキサメタゾンプロピオン酸エステル０．１％軟膏,デキサメタゾンプロピオン酸エステル,０．１％１ｇ,6.5,
2646726M1095,メサデルム軟膏０．１％,デキサメタゾンプロピオン酸エステル,０．１％１ｇ,9.2,
2646726N1015,デキサメタゾンプロピオン酸エステル０．１％クリーム,デキサメタゾンプロピオン酸エステル,０．１％１ｇ,6.5,
2646726N1090,メサデルムクリーム０．１％,デキサメタゾンプロピオン酸エステル,０．１％１ｇ,9.2,
2646726Q1046,メサデルムローション０．１％,デキサメタゾンプロピオン酸エステル,０．１％１ｇ,9.2,
2646726Q1062,デキサメタゾンプロピオン酸エステルローション０．１％「ＭＹＫ」,デキサメタゾンプロピオン酸エステル,０．１％１ｇ,6.5,
2646727M1022,アルメタ軟膏,アルクロメタゾンプロピオン酸エステル,０．１％１ｇ,18,
2646727M1065,アルクロメタゾンプロピオン酸エステル軟膏０．１％「イワキ」,アルクロメタゾンプロピオン酸エステル,０．１％１ｇ,28.3,
2646729M1048,エクラー軟膏０．３％,デプロドンプロピオン酸エステル,０．３％１ｇ,11,
2646729N1043,エクラークリーム０．３％,デプロドンプロピオン酸エステル,０．３％１ｇ,11,
2646729Q1031,エクラーローション０．３％,デプロドンプロピオン酸エステル,０．３％１ｇ,11,
2646729S2035,エクラープラスター２０μｇ／ｃ㎡,デプロドンプロピオン酸エステル,（１．５ｍｇ）７．５ｃｍ×１０ｃｍ,33.8,
2646730M1016,ベタメタゾン酪酸エステルプロピオン酸エステル０．０５％軟膏,ベタメタゾン酪酸エステルプロピオン酸エステル,０．０５％１ｇ,18.1,
2646730M1032,サレックス軟膏０．０５％,ベタメタゾン酪酸エステルプロピオン酸エステル,０．０５％１ｇ,18.9,
2646730M1059,アンテベート軟膏０．０５％,ベタメタゾン酪酸エステルプロピオン酸エステル,０．０５％１ｇ,18.9,
2646730M1075,ベタメタゾン酪酸エステルプロピオン酸エステル軟膏０．０５％「ＭＹＫ」,ベタメタゾン酪酸エステルプロピオン酸エステル,０．０５％１ｇ,18.9,
2646730N1038,サレックスクリーム０．０５％,ベタメタゾン酪酸エステルプロピオン酸エステル,０．０５％１ｇ,18.9,
2646730N1054,アンテベートクリーム０．０５％,ベタメタゾン酪酸エステルプロピオン酸エステル,０．０５％１ｇ,18.9,
2646730N1062,ベタメタゾン酪酸エステルプロピオン酸エステルクリーム０．０５％「ＭＹＫ」,ベタメタゾン酪酸エステルプロピオン酸エステル,０．０５％１ｇ,18.9,
2646730Q1018,ベタメタゾン酪酸エステルプロピオン酸エステル０．０５％ローション,ベタメタゾン酪酸エステルプロピオン酸エステル,０．０５％１ｇ,18.1,
2646730Q1026,アンテベートローション０．０５％,ベタメタゾン酪酸エステルプロピオン酸エステル,０．０５％１ｇ,18.9,
2646730Q1050,ベタメタゾン酪酸エステルプロピオン酸エステルローション０．０５％「ＭＹＫ」,ベタメタゾン酪酸エステルプロピオン酸エステル,０．０５％１ｇ,18.9,
2646731M1029,フルメタ軟膏,モメタゾンフランカルボン酸エステル,０．１％１ｇ,15.1,
2646731M1061,モメタゾンフランカルボン酸エステル軟膏０．１％「イワキ」,モメタゾンフランカルボン酸エステル,０．１％１ｇ,20.1,
2646731N1024,フルメタクリーム,モメタゾンフランカルボン酸エステル,０．１％１ｇ,15.1,
2646731N1067,モメタゾンフランカルボン酸エステルクリーム０．１％「イワキ」,モメタゾンフランカルボン酸エステル,０．１％１ｇ,20.1,
2646731Q1020,フルメタローション,モメタゾンフランカルボン酸エステル,０．１％１ｇ,15.1,
2646731Q1063,モメタゾンフランカルボン酸エステルローション０．１％「イワキ」,モメタゾンフランカルボン酸エステル,０．１％１ｇ,20.1,
2647705M1023,テラ・コートリル軟膏,オキシテトラサイクリン塩酸塩・ヒドロコルチゾン,１ｇ,25.1,
2647707M1049,フルコートＦ軟膏,フルオシノロンアセトニド・フラジオマイシン硫酸塩,１ｇ,20.4,
2647708M1027,ベトネベートＮ軟膏,ベタメタゾン吉草酸エステル・フラジオマイシン硫酸塩,１ｇ,15.7,
2647708N1022,ベトネベートＮクリーム,ベタメタゾン吉草酸エステル・フラジオマイシン硫酸塩,１ｇ,15.7,
2647709M1064,デルモゾールＧ軟膏,ベタメタゾン吉草酸エステル・ゲンタマイシン硫酸塩,１ｇ,27.7,
2647709M1102,リンデロン－ＶＧ軟膏０．１２％,ベタメタゾン吉草酸エステル・ゲンタマイシン硫酸塩,１ｇ,27.7,
2647709M1110,ルリクールＶＧ軟膏０．１２％,ベタメタゾン吉草酸エステル・ゲンタマイシン硫酸塩,１ｇ,26.5,
2647709M1137,デキサンＶＧ軟膏０．１２％,ベタメタゾン吉草酸エステル・ゲンタマイシン硫酸塩,１ｇ,27.7,
2647709M1145,ベトノバールＧ軟膏０．１２％,ベタメタゾン吉草酸エステル・ゲンタマイシン硫酸塩,１ｇ,27.7,
2647709N1043,デルモゾールＧクリーム,ベタメタゾン吉草酸エステル・ゲンタマイシン硫酸塩,１ｇ,27.7,
2647709N1060,リンデロン－ＶＧクリーム０．１２％,ベタメタゾン吉草酸エステル・ゲンタマイシン硫酸塩,１ｇ,27.7,
2647709N1078,ベトノバールＧクリーム０．１２％,ベタメタゾン吉草酸エステル・ゲンタマイシン硫酸塩,１ｇ,27.7,
2647709Q1031,デルモゾールＧローション,ベタメタゾン吉草酸エステル・ゲンタマイシン硫酸塩,１ｍＬ,27.7,
2647709Q1040,リンデロン－ＶＧローション,ベタメタゾン吉草酸エステル・ゲンタマイシン硫酸塩,１ｍＬ,27.7,
2649700X1013,塩化亜鉛,塩化亜鉛,１ｇ,9.9,
2649701Q1021,石灰水（司生堂）,水酸化カルシウム,１０ｍＬ,7.3,
2649702X1012,硫酸亜鉛水和物,硫酸亜鉛水和物,１０ｇ,9.1,
2649703X1017,硫酸アルミニウムカリウム水和物,硫酸アルミニウムカリウム水和物,１０ｇ,10.1,
2649704M1015,亜鉛華軟膏,亜鉛華,１０ｇ,19.9,
2649704M1066,亜鉛華軟膏「コザカイ・Ｍ」,亜鉛華,１０ｇ,33,
2649704M1074,亜鉛華軟膏　シオエ,亜鉛華,１０ｇ,33,
2649704M1112,亜鉛華軟膏〈ハチ〉,亜鉛華,１０ｇ,25.5,
2649704M1171,亜鉛華軟膏「ニッコー」,亜鉛華,１０ｇ,33,
2649704M1180,亜鉛華軟膏「ヨシダ」,亜鉛華,１０ｇ,33,
2649704M1201,亜鉛華軟膏「東豊」,亜鉛華,１０ｇ,27,
2649704M1228,亜鉛華軟膏「日医工」,亜鉛華,１０ｇ,33,
2649705X1016,亜鉛華デンプン,亜鉛華デンプン,１０ｇ,21.1,
2649708X1010,酸化亜鉛,酸化亜鉛,１０ｇ,20.1,
2649708X1206,酸化亜鉛（山善）,酸化亜鉛,１０ｇ,22.5,
2649709X1014,チンク油,チンク油,１０ｇ,10.8,
2649709X1162,チンク油「東海」,チンク油,１０ｇ,15.5,
2649709X1278,チンク油「ニッコー」,チンク油,１０ｇ,23.3,
2649709X1308,チンク油「東豊」,チンク油,１０ｇ,20.7,
2649709X1324,チンク油「日医工」,チンク油,１０ｇ,23.3,
2649710M2025,亜鉛華（１０％）単軟膏「コザカイ・Ｍ」,亜鉛華,１０ｇ,26.7,
2649710M2033,亜鉛華（１０％）単軟膏シオエ,亜鉛華,１０ｇ,26.7,
2649710M2050,亜鉛華（１０％）単軟膏「ニッコー」,亜鉛華,１０ｇ,26.7,
2649710M2068,亜鉛華（１０％）単軟膏「ホエイ」,亜鉛華,１０ｇ,16.3,
2649710M2092,亜鉛華（１０％）単軟膏「ヨシダ」,亜鉛華,１０ｇ,26.7,
2649710S1036,ボチシート２０％,亜鉛華,５ｇ,15.8,
2649711Q1025,カンタリスチンキ（司生堂）,カンタリスチンキ,１ｍＬ,12.5,
2649712X1016,トウガラシチンキ,トウガラシチンキ,１０ｍＬ,26.9,
2649713X1010,イクタモール,イクタモール,１０ｇ,36.7,
2649715X1010,次没食子酸ビスマス,次没食子酸ビスマス,１ｇ,11.6,
2649716M1042,アズノール軟膏０．０３３％,ジメチルイソプロピルアズレン,０．０３３％１０ｇ,92,
2649719M1178,イドメシンコーワゲル１％,インドメタシン,１％１ｇ,3.5,R9.3.31まで
2649719N1092,イドメシンコーワクリーム１％,インドメタシン,１％１ｇ,3.5,R9.3.31まで
2649719N1106,インテバンクリーム１％,インドメタシン,１％１ｇ,3.3,
2649719Q1030,イドメシンコーワゾル１％,インドメタシン,１％１ｇ,3.5,R9.3.31まで
2649719Q2087,インテバン外用液１％,インドメタシン,１％１ｍＬ,3.3,
2649719S1010,インドメタシン（７０ｍｇ）１０ｃｍ×１４ｃｍ貼付剤,インドメタシン,１０ｃｍ×１４ｃｍ１枚,18.2,
2649719S1185,カトレップパップ７０ｍｇ,インドメタシン,１０ｃｍ×１４ｃｍ１枚,18.2,
2649719S1207,ハップスターＩＤ７０ｍｇ,インドメタシン,１０ｃｍ×１４ｃｍ１枚,18.2,
2649719S1215,アコニップパップ７０ｍｇ,インドメタシン,１０ｃｍ×１４ｃｍ１枚,18.2,
2649719S1223,インサイドパップ７０ｍｇ,インドメタシン,１０ｃｍ×１４ｃｍ１枚,18.2,
2649719S1240,インテナースパップ７０ｍｇ,インドメタシン,１０ｃｍ×１４ｃｍ１枚,18.2,
2649719S1290,ラクティオンパップ７０ｍｇ,インドメタシン,１０ｃｍ×１４ｃｍ１枚,18.2,
2649719S1304,インドメタシンパップ７０ｍｇ「ＹＤ」,インドメタシン,１０ｃｍ×１４ｃｍ１枚,17.6,R9.3.31まで
2649719S1312,コリフメシンパップ７０ｍｇ,インドメタシン,１０ｃｍ×１４ｃｍ１枚,18.2,
2649719S1371,イドメシンパップ７０ｍｇ,インドメタシン,１０ｃｍ×１４ｃｍ１枚,18.2,
2649720M1049,デルマクリンＡ軟膏１％,グリチルレチン酸,１％１ｇ,8.6,
2649720N1028,デルマクリンクリーム１％,グリチルレチン酸,１％１ｇ,8.6,
2649720N2024,ハイデルマートクリーム２％,グリチルレチン酸,２％１ｇ,9,
2649722N1027,オイラックスクリーム１０％,クロタミトン,１０％１０ｇ,58.1,
2649724M1039,ザーネ軟膏０．５％,ビタミンＡ油,５，０００単位１ｇ,1.9,
2649726M1046,ジルダザック軟膏３％,ベンダザック,３％１ｇ,16.1,
2649726M1070,ベンダザック軟膏３％「イワキ」,ベンダザック,３％１ｇ,16.2,
2649727M1040,コンベック軟膏５％,ウフェナマート,５％１ｇ,11.5,
2649727M1059,フエナゾール軟膏５％,ウフェナマート,５％１ｇ,12.9,
2649727N1046,コンベッククリーム５％,ウフェナマート,５％１ｇ,11.5,
2649727N1054,フエナゾールクリーム５％,ウフェナマート,５％１ｇ,12.9,
2649728M1061,ベシカム軟膏５％,イブプロフェンピコノール,５％１ｇ,11.6,
2649728M1070,スタデルム軟膏５％,イブプロフェンピコノール,５％１ｇ,10.8,
2649728N1067,ベシカムクリーム５％,イブプロフェンピコノール,５％１ｇ,11.6,
2649728N1075,スタデルムクリーム５％,イブプロフェンピコノール,５％１ｇ,10.8,
2649729N1053,セクタークリーム３％,ケトプロフェン,３％１ｇ,4.4,
2649729Q1041,セクターゲル３％,ケトプロフェン,３％１ｇ,4.4,
2649729Q2030,セクターローション３％,ケトプロフェン,３％１ｍＬ,4.4,
2649729S1014,ケトプロフェン（３０ｍｇ）１０ｃｍ×１４ｃｍ貼付剤,ケトプロフェン,１０ｃｍ×１４ｃｍ１枚,18.2,
2649729S1154,モーラスパップ３０ｍｇ,ケトプロフェン,１０ｃｍ×１４ｃｍ１枚,18.2,
2649729S2010,ケトプロフェン（２０ｍｇ）７ｃｍ×１０ｃｍ貼付剤,ケトプロフェン,７ｃｍ×１０ｃｍ１枚,13.1,
2649729S2169,モーラステープ２０ｍｇ,ケトプロフェン,７ｃｍ×１０ｃｍ１枚,18.1,
2649729S2185,ケトプロフェンテープ２０ｍｇ「ラクール」,ケトプロフェン,７ｃｍ×１０ｃｍ１枚,13.1,
2649729S2240,ケトプロフェンテープ２０ｍｇ「ＳＮ」,ケトプロフェン,７ｃｍ×１０ｃｍ１枚,18,
2649729S3017,ケトプロフェン（４０ｍｇ）１０ｃｍ×１４ｃｍ貼付剤,ケトプロフェン,１０ｃｍ×１４ｃｍ１枚,18.2,
2649729S3084,モーラステープＬ４０ｍｇ,ケトプロフェン,１０ｃｍ×１４ｃｍ１枚,26.6,
2649729S3092,ケトプロフェンテープ４０ｍｇ「ラクール」,ケトプロフェン,１０ｃｍ×１４ｃｍ１枚,18.2,
2649729S3173,ケトプロフェンテープ４０ｍｇ「ＳＮ」,ケトプロフェン,１０ｃｍ×１４ｃｍ１枚,25.7,
2649729S4030,モーラスパップ６０ｍｇ,ケトプロフェン,２０ｃｍ×１４ｃｍ１枚,20.1,
2649729S5028,モーラスパップＸＲ１２０ｍｇ,ケトプロフェン,１０ｃｍ×１４ｃｍ１枚,27.3,
2649729S5036,ケトプロフェンパップＸＲ１２０ｍｇ「テイコク」,ケトプロフェン,１０ｃｍ×１４ｃｍ１枚,18.2,
2649729S6024,モーラスパップＸＲ２４０ｍｇ,ケトプロフェン,２０ｃｍ×１４ｃｍ１枚,41.5,
2649731M1071,ナパゲルン軟膏３％,フェルビナク,３％１ｇ,4.4,
2649731M1098,フェルビナクスチック軟膏３％「三笠」,フェルビナク,３％１ｇ,4.5,
2649731N1034,ナパゲルンクリーム３％,フェルビナク,３％１ｇ,4.4,
2649731Q1065,ナパゲルンローション３％,フェルビナク,３％１ｍＬ,4.4,
2649731Q1081,フェルビナクローション３％「ラクール」,フェルビナク,３％１ｍＬ,2.6,
2649731R1036,フェルビナク外用ポンプスプレー３％「ラクール」,フェルビナク,３％１ｍＬ,5,
2649731S1011,フェルビナク（７０ｍｇ）１０ｃｍ×１４ｃｍ貼付剤,フェルビナク,１０ｃｍ×１４ｃｍ１枚,18.2,
2649731S1143,セルタッチパップ７０,フェルビナク,１０ｃｍ×１４ｃｍ１枚,18.2,
2649731S1232,セルタッチテープ７０,フェルビナク,１０ｃｍ×１４ｃｍ１枚,18.2,
2649731S1267,フェルビナクパップ７０ｍｇ「ラクール」,フェルビナク,１０ｃｍ×１４ｃｍ１枚,18.2,
2649731S1275,フェルビナクパップ７０ｍｇ「東光」,フェルビナク,１０ｃｍ×１４ｃｍ１枚,18.2,
2649731S1291,フェルビナクパップ７０ｍｇ「ユートク」,フェルビナク,１０ｃｍ×１４ｃｍ１枚,18.2,
2649731S2018,フェルビナク（３５ｍｇ）７ｃｍ×１０ｃｍ貼付剤,フェルビナク,７ｃｍ×１０ｃｍ１枚,13.1,
2649731S3022,セルタッチパップ１４０,フェルビナク,２０ｃｍ×１４ｃｍ１枚,18.2,
2649732S1130,アドフィードパップ４０ｍｇ,フルルビプロフェン,１０ｃｍ×１４ｃｍ１枚,18.2,
2649732S1164,ゼポラスパップ４０ｍｇ,フルルビプロフェン,１０ｃｍ×１４ｃｍ１枚,18.2,
2649732S2047,ゼポラステープ４０ｍｇ,フルルビプロフェン,１０ｃｍ×１４ｃｍ１枚,18.2,
2649732S2055,ヤクバンテープ４０ｍｇ,フルルビプロフェン,１０ｃｍ×１４ｃｍ１枚,18.2,
2649732S2071,フルルビプロフェンテープ４０ｍｇ「ＱＱ」,フルルビプロフェン,１０ｃｍ×１４ｃｍ１枚,18.2,
2649732S3043,ゼポラステープ２０ｍｇ,フルルビプロフェン,７ｃｍ×１０ｃｍ１枚,13.1,
2649732S3051,ヤクバンテープ２０ｍｇ,フルルビプロフェン,７ｃｍ×１０ｃｍ１枚,13.1,
2649732S3086,フルルビプロフェンテープ２０ｍｇ「ＱＱ」,フルルビプロフェン,７ｃｍ×１０ｃｍ１枚,13.1,
2649732S6026,ヤクバンテープ６０ｍｇ,フルルビプロフェン,１５ｃｍ×１４ｃｍ１枚,18.2,
2649734N1011,ジクロフェナクナトリウム１％クリーム,ジクロフェナクナトリウム,１％１ｇ,3.1,
2649734Q1050,ナボールゲル１％,ジクロフェナクナトリウム,１％１ｇ,5.3,
2649734Q1069,ボルタレンゲル１％,ジクロフェナクナトリウム,１％１ｇ,3.2,
2649734Q1093,ジクロフェナクＮａゲル１％「ラクール」,ジクロフェナクナトリウム,１％１ｇ,3.1,
2649734Q2022,ボルタレンローション１％,ジクロフェナクナトリウム,１％１ｇ,3.2,
2649734Q2049,ジクロフェナクＮａローション１％「ラクール」,ジクロフェナクナトリウム,１％１ｇ,3.1,
2649734S1015,ジクロフェナクナトリウム（１５ｍｇ）７ｃｍ×１０ｃｍ貼付剤,ジクロフェナクナトリウム,７ｃｍ×１０ｃｍ１枚,13.1,
2649734S1066,ナボールテープ１５ｍｇ,ジクロフェナクナトリウム,７ｃｍ×１０ｃｍ１枚,13.1,
2649734S1074,ボルタレンテープ１５ｍｇ,ジクロフェナクナトリウム,７ｃｍ×１０ｃｍ１枚,13.1,
2649734S2011,ジクロフェナクナトリウム（３０ｍｇ）１０ｃｍ×１４ｃｍ貼付剤,ジクロフェナクナトリウム,１０ｃｍ×１４ｃｍ１枚,18.2,
2649734S2062,ナボールテープＬ３０ｍｇ,ジクロフェナクナトリウム,１０ｃｍ×１４ｃｍ１枚,18.2,
2649734S2070,ボルタレンテープ３０ｍｇ,ジクロフェナクナトリウム,１０ｃｍ×１４ｃｍ１枚,18.2,
2649734S3042,ナボールパップ７０ｍｇ,ジクロフェナクナトリウム,７ｃｍ×１０ｃｍ１枚,13.1,
2649734S3077,ジクロフェナクＮａパップ７０ｍｇ「ラクール」,ジクロフェナクナトリウム,７ｃｍ×１０ｃｍ１枚,13.1,
2649734S4049,ナボールパップ１４０ｍｇ,ジクロフェナクナトリウム,１０ｃｍ×１４ｃｍ１枚,18.2,
2649734S4073,ジクロフェナクＮａパップ１４０ｍｇ「ラクール」,ジクロフェナクナトリウム,１０ｃｍ×１４ｃｍ１枚,18.2,
2649735Q1020,ロキソニンゲル１％,ロキソプロフェンナトリウム水和物,１％１ｇ,2.6,
2649735R1018,ロキソプロフェンナトリウム１％噴霧液,ロキソプロフェンナトリウム水和物,１％１ｇ,6.3,
2649735S1028,ロキソニンパップ１００ｍｇ,ロキソプロフェンナトリウム水和物,１０ｃｍ×１４ｃｍ１枚,18.2,
2649735S1036,ロキソプロフェンＮａパップ１００ｍｇ「ＪＧ」,ロキソプロフェンナトリウム水和物,１０ｃｍ×１４ｃｍ１枚,18.2,
2649735S1060,ロキソプロフェンＮａパップ１００ｍｇ「ＹＤ」,ロキソプロフェンナトリウム水和物,１０ｃｍ×１４ｃｍ１枚,18.2,
2649735S1079,ロキソプロフェンＮａパップ１００ｍｇ「杏林」,ロキソプロフェンナトリウム水和物,１０ｃｍ×１４ｃｍ１枚,18.2,
2649735S1095,ロキソプロフェンＮａパップ１００ｍｇ「タカタ」,ロキソプロフェンナトリウム水和物,１０ｃｍ×１４ｃｍ１枚,19.4,
2649735S1117,ロキソプロフェンＮａパップ１００ｍｇ「三笠」,ロキソプロフェンナトリウム水和物,１０ｃｍ×１４ｃｍ１枚,18.2,
2649735S1125,ロキソプロフェンナトリウムパップ１００ｍｇ「ケミファ」,ロキソプロフェンナトリウム水和物,１０ｃｍ×１４ｃｍ１枚,18.2,
2649735S1133,ロキソプロフェンナトリウムパップ１００ｍｇ「日医工」,ロキソプロフェンナトリウム水和物,１０ｃｍ×１４ｃｍ１枚,18.2,
2649735S1150,ロキソプロフェンＮａパップ１００ｍｇ「テイコク」,ロキソプロフェンナトリウム水和物,１０ｃｍ×１４ｃｍ１枚,18.2,
2649735S1176,ロキソプロフェンＮａパップ１００ｍｇ「ラクール」,ロキソプロフェンナトリウム水和物,１０ｃｍ×１４ｃｍ１枚,18.2,
2649735S2016,ロキソプロフェンナトリウム（５０ｍｇ）７ｃｍ×１０ｃｍ貼付剤,ロキソプロフェンナトリウム水和物,７ｃｍ×１０ｃｍ１枚,13.1,
2649735S2024,ロキソニンテープ５０ｍｇ,ロキソプロフェンナトリウム水和物,７ｃｍ×１０ｃｍ１枚,13.1,
2649735S2237,ロキソプロフェンナトリウムテープ５０ｍｇ「タイホウ」,ロキソプロフェンナトリウム水和物,７ｃｍ×１０ｃｍ１枚,13.1,R9.3.31まで
2649735S2261,ロキソプロフェンＮａテープ５０ｍｇ「三友」,ロキソプロフェンナトリウム水和物,７ｃｍ×１０ｃｍ１枚,13.1,
2649735S3012,ロキソプロフェンナトリウム（１００ｍｇ）１０ｃｍ×１４ｃｍ貼付剤,ロキソプロフェンナトリウム水和物,１０ｃｍ×１４ｃｍ１枚,18.2,
2649735S3020,ロキソニンテープ１００ｍｇ,ロキソプロフェンナトリウム水和物,１０ｃｍ×１４ｃｍ１枚,18.2,
2649735S3160,ロキソプロフェンＮａテープ１００ｍｇ「タカタ」,ロキソプロフェンナトリウム水和物,１０ｃｍ×１４ｃｍ１枚,19.4,
2649735S3233,ロキソプロフェンナトリウムテープ１００ｍｇ「タイホウ」,ロキソプロフェンナトリウム水和物,１０ｃｍ×１４ｃｍ１枚,18.2,R9.3.31まで
2649735S3268,ロキソプロフェンＮａテープ１００ｍｇ「三友」,ロキソプロフェンナトリウム水和物,１０ｃｍ×１４ｃｍ１枚,18.2,
2649735S4035,ロキソプロフェンＮａパップ２００ｍｇ「ラクール」,ロキソプロフェンナトリウム水和物,２０ｃｍ×１４ｃｍ１枚,22,
2649736Q1025,ワイキャンス外用液０．７１％,カンタリジン,０．７１％０．４５ｍＬ１管,14995.6,
2649800N1029,オイラックスＨクリーム,ヒドロコルチゾン・クロタミトン,１ｇ,14.4,
2649801M1028,グリメサゾン軟膏,デキサメタゾン・脱脂大豆乾留タール,１ｇ,19.3,
2649803X1015,アクリノール・チンク油,アクリノール・チンク油,１ｇ,6.6,
2649804X1010,フェノール・亜鉛華リニメント,フェノール・亜鉛華リニメント,１０ｇ,10.8,
2649804X1192,フェノール・亜鉛華リニメント「ニッコー」,フェノール・亜鉛華リニメント,１０ｇ,20.3,
2649804X1206,カチリ「ヨシダ」,フェノール・亜鉛華リニメント,１０ｇ,30.5,
2649805M1026,ユベラ軟膏,トコフェロール・ビタミンＡ油,１ｇ,5,
2649843S1039,ＭＳ温シップ「タイホウ」,パップ剤,１０ｇ,9.2,
2649843S1055,ＭＳ温シップ「タカミツ」,パップ剤,１０ｇ,9.2,
2649843S1071,ラクール温シップ,パップ剤,１０ｇ,9.2,
2649852M1020,エキザルベ,混合死菌製剤,１ｇ,29.8,
2649855Q1026,カラミンローション（丸石）,カラミン,１０ｍＬ,10.7,
2649858M1036,スチックゼノールＡ,サリチル酸メチル・グリチルレチン酸配合剤,１０ｇ,33.3,
2649865N1023,ゼスタッククリーム,副腎エキス・ヘパリン類似物質配合剤,１ｇ,6.3,
2649866M1022,強力レスタミンコーチゾンコーワ軟膏,ヒドロコルチゾン酢酸エステル・フラジオマイシン配合剤,１ｇ,11.5,
2649873M1030,ツムラ紫雲膏,紫雲膏,１ｇ,12.5,
2649895S1028,ＭＳ冷シップ「タイホウ」,パップ剤,１０ｇ,9.2,
2649895S1044,ＭＳ冷シップ「タカミツ」,パップ剤,１０ｇ,9.2,
2649895S1052,ラクール冷シップ,パップ剤,１０ｇ,9.2,
2649896S1022,ロコアテープ,エスフルルビプロフェン・ハッカ油,１０ｃｍ×１４ｃｍ１枚,30.1,
2649950M1143,ヒルドイドゲル０．３％,ヘパリン類似物質,１ｇ,10.3,
2649950M1208,ヘパリン類似物質ゲル０．３％「日医工」,ヘパリン類似物質,１ｇ,7.8,
2649950M1216,ヘパリン類似物質ゲル０．３％「ケンエー」,ヘパリン類似物質,１ｇ,6.3,
2649976X1012,タンニン酸,タンニン酸,１ｇ,11.5,
2652700X1043,サリチル酸「ケンエー」,サリチル酸,１０ｇ,23.8,
2652701M1025,５％サリチル酸ワセリン軟膏東豊,サリチル酸,５％１０ｇ,41.5,
2652701M2021,１０％サリチル酸ワセリン軟膏東豊,サリチル酸,１０％１０ｇ,43.1,
2653700X1016,チアントール,チアントール,１０ｇ,29.3,
2654700X1013,モクタール,モクタール,１０ｇ,24.9,
2655700N1176,エンペシドクリーム１％,クロトリマゾール,１％１ｇ,9.7,
2655700N1192,クロトリマゾールクリーム１％「イワキ」,クロトリマゾール,１％１ｇ,8.1,
2655702N1060,フロリードＤクリーム１％,ミコナゾール硝酸塩,１％１ｇ,8.8,
2655706N1041,オキナゾールクリーム１％,オキシコナゾール硝酸塩,１％１ｇ,9.9,
2655706Q1048,オキナゾール外用液１％,オキシコナゾール硝酸塩,１％１ｍＬ,9.9,
2655707N1038,エクセルダームクリーム１％,スルコナゾール硝酸塩,１％１ｇ,16.6,
2655707Q1034,エクセルダーム外用液１％,スルコナゾール硝酸塩,１％１ｍＬ,16.6,
2655708N1016,ビホナゾール１％クリーム,ビホナゾール,１％１ｇ,8.1,
2655708N1261,マイコスポールクリーム１％,ビホナゾール,１％１ｇ,12.8,
2655708N1318,ビホナゾールクリーム１％「イワキ」,ビホナゾール,１％１ｇ,10.9,
2655708Q1195,ビホナゾール外用液１％「イワキ」,ビホナゾール,１％１ｍＬ,10.9,
2655709N1053,ニゾラールクリーム２％,ケトコナゾール,２％１ｇ,14.5,
2655709N1070,ケトコナゾールクリーム２％「ＪＧ」,ケトコナゾール,２％１ｇ,12.5,
2655709N1088,ケトコナゾールクリーム２％「ＮＲ」,ケトコナゾール,２％１ｇ,10.8,
2655709N1096,ケトコナゾールクリーム２％「イワキ」,ケトコナゾール,２％１ｇ,12.5,
2655709N1100,ケトコナゾールクリーム２％「ＭＹＫ」,ケトコナゾール,２％１ｇ,12.5,
2655709Q1017,ケトコナゾール２％ローション,ケトコナゾール,２％１ｇ,12.5,
2655709Q1025,ニゾラールローション２％,ケトコナゾール,２％１ｇ,22.1,
2655709Q1076,ケトコナゾール外用液２％「ＮＲ」,ケトコナゾール,２％１ｇ,22.1,
2655709R1047,ケトコナゾール外用ポンプスプレー２％「ＮＲ」,ケトコナゾール,２％１ｇ,19,
2655710M1034,アスタット軟膏１％,ラノコナゾール,１％１ｇ,16.1,
2655710M1042,ラノコナゾール軟膏１％「イワキ」,ラノコナゾール,１％１ｇ,24.2,
2655710N1030,アスタットクリーム１％,ラノコナゾール,１％１ｇ,16.1,
2655710N1048,ラノコナゾールクリーム１％「イワキ」,ラノコナゾール,１％１ｇ,24.2,
2655710Q1036,アスタット外用液１％,ラノコナゾール,１％１ｍＬ,16.1,
2655710Q1044,ラノコナゾール外用液１％「イワキ」,ラノコナゾール,１％１ｍＬ,24.2,
2655711M1039,アトラント軟膏１％,ネチコナゾール塩酸塩,１％１ｇ,21.9,
2655711N1034,アトラントクリーム１％,ネチコナゾール塩酸塩,１％１ｇ,21.9,
2655711Q1030,アトラント外用液１％,ネチコナゾール塩酸塩,１％１ｍＬ,21.9,
2655712M1025,ルリコン軟膏１％,ルリコナゾール,１％１ｇ,28.2,
2655712M1033,ルリコナゾール軟膏１％「イワキ」,ルリコナゾール,１％１ｇ,14.9,
2655712N1020,ルリコンクリーム１％,ルリコナゾール,１％１ｇ,28.2,
2655712N1039,ルリコナゾールクリーム１％「イワキ」,ルリコナゾール,１％１ｇ,14.9,
2655712Q1027,ルリコン液１％,ルリコナゾール,１％１ｍＬ,28.2,
2659700X1010,イオウ,イオウ,１０ｇ,11.7,
2659705Q1018,トルナフタート液,トルナフタート,２％１ｍＬ,5.7,
2659708N1066,ボレークリーム１％,ブテナフィン塩酸塩,１％１ｇ,20.9,
2659708N1082,メンタックスクリーム１％,ブテナフィン塩酸塩,１％１ｇ,19.4,
2659708N1090,ブテナフィン塩酸塩クリーム１％「トーワ」,ブテナフィン塩酸塩,１％１ｇ,14,R9.3.31まで
2659708Q1054,ボレー外用液１％,ブテナフィン塩酸塩,１％１ｍＬ,20.9,
2659708Q1070,ブテナフィン塩酸塩液１％「トーワ」,ブテナフィン塩酸塩,１％１ｍＬ,14,R9.3.31まで
2659708R1050,ボレースプレー１％,ブテナフィン塩酸塩,１％１ｍＬ,36.7,
2659710N1012,テルビナフィン塩酸塩１％クリーム,テルビナフィン塩酸塩,１％１ｇ,10.8,
2659710N1152,ラミシールクリーム１％,テルビナフィン塩酸塩,１％１ｇ,15.8,
2659710Q1019,テルビナフィン塩酸塩１％液,テルビナフィン塩酸塩,１％１ｇ,10.8,
2659710Q1078,ラミシール外用液１％,テルビナフィン塩酸塩,１％１ｇ,15.8,
2659711N1033,ペキロンクリーム０．５％,アモロルフィン塩酸塩,０．５％１ｇ,20.5,
2659712N1020,ゼフナートクリーム２％,リラナフタート,２％１ｇ,22.7,
2659712Q1026,ゼフナート外用液２％,リラナフタート,２％１ｍＬ,22.7,
2659800M1011,イオウ・サリチル酸・チアントール軟膏,イオウ・サリチル酸・チアントール,１ｇ,3.2,
2661700X1018,酢酸,酢酸,１０ｍＬ,2.7,
2661700X1050,酢酸「ケンエー」,酢酸,１０ｍＬ,4.2,
2661700X1069,酢酸「コザカイ・Ｍ」,酢酸,１０ｍＬ,4.2,
2661700X1107,酢酸「タイセイ」,酢酸,１０ｍＬ,3.4,
2661700X1239,酢酸（山善）,酢酸,１０ｍＬ,6.3,
2661700X1271,酢酸「昭和」（Ｍ）,酢酸,１０ｍＬ,4.9,
2661700X1298,酢酸「ニッコー」,酢酸,１０ｍＬ,5.6,
2661700X1310,酢酸「ヨシダ」,酢酸,１０ｍＬ,4.9,
2661700X1352,酢酸「日医工」,酢酸,１０ｍＬ,4.2,
2661701X1012,サリチル酸絆創膏,サリチル酸絆創膏,２５ｃ㎡１枚,70.6,
2661702X1017,氷酢酸,氷酢酸,１０ｇ,8,
2661702X1068,氷酢酸「ケンエー」,氷酢酸,１０ｇ,8.1,
2661702X1084,氷酢酸（小堺）,氷酢酸,１０ｇ,10.2,
2661702X1130,氷酢酸「タイセイ」,氷酢酸,１０ｇ,8.1,
2661702X1327,氷酢酸「ニッコー」,氷酢酸,１０ｇ,8.3,
2661702X1408,氷酢酸「東豊」,氷酢酸,１０ｇ,10.2,
2662700X1015,カリ石ケン,カリ石ケン,１０ｇ,21.9,
2662701X1010,グリセリンカリ液,グリセリンカリ,１０ｍＬ,10.6,
2662701X1052,グリセリンカリ液「ケンエー」,グリセリンカリ,１０ｍＬ,10.8,
2662701X1206,グリセリンカリ液（山善）,グリセリンカリ,１０ｍＬ,11.1,
2662702X1014,水酸化カリウム,水酸化カリウム,１０ｇ,11.8,
2663700X1012,硝酸銀,硝酸銀,１ｇ,182.3,
2669700X1016,イオウ・カンフルローション,イオウ・カンフル,１０ｍＬ,27.2,
2669701M1073,パスタロンソフト軟膏１０％,尿素,１０％１ｇ,4.1,
2669701M2100,パスタロンソフト軟膏２０％,尿素,２０％１ｇ,4.3,
2669701N1010,尿素１０％クリーム,尿素,１０％１ｇ,2.9,
2669701N1044,ウレパールクリーム１０％,尿素,１０％１ｇ,4,
2669701N2040,パスタロンクリーム２０％,尿素,２０％１ｇ,4.3,R9.3.31まで
2669701N2067,ケラチナミンコーワクリーム２０％,尿素,２０％１ｇ,4.1,
2669701N2113,尿素クリーム２０％「ＳＵＮ」,尿素,２０％１ｇ,3.3,
2669701Q1040,ウレパールローション１０％,尿素,１０％１ｇ,4,R9.3.31まで
2669701Q1059,パスタロンローション１０％,尿素,１０％１ｇ,4.1,
2669702X1015,尿素,尿素,１０ｇ,7.7,
2679701Q1055,フロジン外用液５％,カルプロニウム塩化物,５％１ｍＬ,15.4,
2679701Q1080,カルプロニウム塩化物外用液５％「ＣＨ」,カルプロニウム塩化物,５％１ｍＬ,7.4,
2691700M1053,ボンアルファ軟膏２μｇ／ｇ,タカルシトール水和物,０．０００２％１ｇ,54.7,
2691700M2025,ボンアルファハイ軟膏２０μｇ／ｇ,タカルシトール水和物,０．００２％１ｇ,144.9,
2691700N1059,ボンアルファクリーム２μｇ／ｇ,タカルシトール水和物,０．０００２％１ｇ,54.7,
2691700Q1047,ボンアルファローション２μｇ／ｇ,タカルシトール水和物,０．０００２％１ｇ,54.7,
2691700Q2027,ボンアルファハイローション２０μｇ／ｇ,タカルシトール水和物,０．００２％１ｇ,144.9,
2691701M1031,ドボネックス軟膏５０μｇ／ｇ,カルシポトリオール,０．００５％１ｇ,71,
2691702M1036,オキサロール軟膏２５μｇ／ｇ,マキサカルシトール,０．００２５％１ｇ,39.2,
2691702M1052,マキサカルシトール軟膏２５μｇ／ｇ「イワキ」,マキサカルシトール,０．００２５％１ｇ,30.1,
2691702M1060,マキサカルシトール軟膏２５μｇ／ｇ「タカタ」,マキサカルシトール,０．００２５％１ｇ,30.1,
2691702Q1020,オキサロールローション２５μｇ／ｇ,マキサカルシトール,０．００２５％１ｇ,39.2,
2699701M1021,オクソラレン軟膏０．３％,メトキサレン,０．３％１ｇ,19.8,
2699701Q1023,オクソラレンローション０．３％,メトキサレン,０．３％１ｍＬ,19.8,
2699701Q2038,オクソラレンローション１％,メトキサレン,１％１ｍＬ,34.6,
2699702M1034,オルセノン軟膏０．２５％,トレチノイントコフェリル,０．２５％１ｇ,40.3,
2699703M1039,アクトシン軟膏３％,ブクラデシンナトリウム,３％１ｇ,45.5,
2699704M1025,カデックス軟膏０．９％,ヨウ素,０．９％１ｇ,50.2,
2699704M1033,ヨードコート軟膏０．９％,ヨウ素,０．９％１ｇ,45.4,
2699704M2021,カデックス軟膏分包４５ｍｇ,ヨウ素,０．９％１ｇ,50.2,
2699704M3028,カデックス軟膏分包１５３ｍｇ,ヨウ素,０．９％１ｇ,50.2,
2699705M1038,プロスタンディン軟膏０．００３％,アルプロスタジル　アルファデクス,０．００３％１ｇ,33.4,
2699709M1028,プロトピック軟膏０．１％,タクロリムス水和物,０．１％１ｇ,47,
2699709M1044,タクロリムス軟膏０．１％「ＰＰ」,タクロリムス水和物,０．１％１ｇ,31.1,R9.3.31まで
2699709M1052,タクロリムス軟膏０．１％「イワキ」,タクロリムス水和物,０．１％１ｇ,31.1,
2699709M1060,タクロリムス軟膏０．１％「タカタ」,タクロリムス水和物,０．１％１ｇ,22.4,
2699709M2024,プロトピック軟膏０．０３％小児用,タクロリムス水和物,０．０３％１ｇ,62,
2699710R1028,フィブラストスプレー２５０,トラフェルミン（遺伝子組換え）,２５０μｇ１瓶（溶解液付）,5551.8,
2699710R2024,フィブラストスプレー５００,トラフェルミン（遺伝子組換え）,５００μｇ１瓶（溶解液付）,6189.7,
2699711N1020,アダパレンクリーム０．１％「ニプロ」,アダパレン,０．１％１ｇ,17.9,
2699711Q1027,ディフェリンゲル０．１％,アダパレン,０．１％１ｇ,40.1,
2699711Q1035,アダパレンゲル０．１％「ＪＧ」,アダパレン,０．１％１ｇ,17.9,
2699711Q1043,アダパレンゲル０．１％「ＴＣＫ」,アダパレン,０．１％１ｇ,21.2,
2699711Q1051,アダパレンゲル０．１％「ＹＤ」,アダパレン,０．１％１ｇ,17.9,
2699711Q1078,アダパレンゲル０．１％「テイコク」,アダパレン,０．１％１ｇ,17.9,
2699711Q1086,アダパレンゲル０．１％「日新」,アダパレン,０．１％１ｇ,21.2,
2699711Q1094,アダパレンゲル０．１％「ニプロ」,アダパレン,０．１％１ｇ,17.9,
2699711Q1108,アダパレンゲル０．１％「イワキ」,アダパレン,０．１％１ｇ,21.2,
2699711Q1116,アダパレンゲル０．１％「東光」,アダパレン,０．１％１ｇ,17.9,
2699711Q1124,アダパレンゲル０．１％「ニットー」,アダパレン,０．１％１ｇ,17.9,
2699711Q1132,アダパレンゲル０．１％「ＫＭＰ」,アダパレン,０．１％１ｇ,17.9,
2699712Q1021,ベピオゲル２．５％,過酸化ベンゾイル,２．５％１ｇ,84.9,
2699712Q2028,ベピオローション２．５％,過酸化ベンゾイル,２．５％１ｇ,92.3,
2699712Q3024,ベピオウォッシュゲル５％,過酸化ベンゾイル,５％１ｇ,99.6,
2699713Q1026,ロゼックスゲル０．７５％,メトロニダゾール,０．７５％１ｇ,62,
2699713Q1034,メトロニダゾールゲル０．７５％「マルイシ」,メトロニダゾール,０．７５％１ｇ,33,
2699714M1029,コレクチム軟膏０．５％,デルゴシチニブ,０．５％１ｇ,141.2,
2699714M2025,コレクチム軟膏０．２５％,デルゴシチニブ,０．２５％１ｇ,135.8,
2699715M1023,モイゼルト軟膏０．３％,ジファミラスト,０．３％１ｇ,135.4,
2699715M2020,モイゼルト軟膏１％,ジファミラスト,１％１ｇ,145.1,
2699716Q1020,ネキソブリッド外用ゲル５ｇ,パイナップル茎搾汁精製物,５ｇ１瓶（混合用ゲル付）,162995.9,
2699717N1028,ブイタマークリーム１％,タピナロフ,１％１ｇ,300.8,
2699801V1017,精製白糖・ポビドンヨード軟膏,精製白糖・ポビドンヨード,１ｇ,7.2,
2699801V1050,スクロードパスタ,精製白糖・ポビドンヨード,１ｇ,9.7,
2699801V1165,ユーパスタ軟膏,精製白糖・ポビドンヨード,１ｇ,9.7,
2699802M1024,ドボベット軟膏,カルシポトリオール水和物・ベタメタゾンジプロピオン酸エステル,１ｇ,150.4,
2699802Q1026,ドボベットゲル,カルシポトリオール水和物・ベタメタゾンジプロピオン酸エステル,１ｇ,150.4,
2699802R1021,ドボベットフォーム,カルシポトリオール水和物・ベタメタゾンジプロピオン酸エステル,１ｇ,150.4,
2699803Q1020,デュアック配合ゲル,クリンダマイシンリン酸エステル水和物・過酸化ベンゾイル,１ｇ,95.9,
2699804M1023,マーデュオックス軟膏,マキサカルシトール・ベタメタゾン酪酸エステルプロピオン酸エステル,１ｇ,119.1,
2699805Q1020,エピデュオゲル,アダパレン・過酸化ベンゾイル,１ｇ,83.5,
3322701X1020,ゼルフォーム,ゼラチン,２ｃｍ×６ｃｍ×０．７ｃｍ１枚,177.5,
3322701X2027,ゼルフォーム,ゼラチン,８ｃｍ×１２．５ｃｍ×１ｃｍ１枚,1132.7,
3323701X3136,トロンビン経口・外用剤５千「Ｆ」,トロンビン,５，０００単位１瓶,754.9,
3323701X4124,トロンビン経口・外用剤１万「Ｆ」,トロンビン,１０，０００単位１瓶,1133.4,
3323701X5015,トロンビン,トロンビン,２０，０００単位１瓶,1728.6,
3323701X6011,トロンビン,トロンビン,５，０００単位１袋,959,
3323701X7018,トロンビン,トロンビン,１０，０００単位１袋,1381,
3323702Q2024,トロンビン液モチダ　ソフトボトル５千,トロンビン,５，０００単位５ｍＬ１キット,1015.3,
3323702Q3020,トロンビン液モチダ　ソフトボトル１万,トロンビン,１０，０００単位１０ｍＬ１キット,1454.6,
3326700X1033,アルト原末,アルギン酸ナトリウム,５００ｍｇ１管,195.5,
3326700X2030,アルト原末,アルギン酸ナトリウム,１ｇ１管,251.9,
3331700X1017,クエン酸ナトリウム水和物,クエン酸ナトリウム水和物,１０ｇ,16.7,
3331700X1092,クエン酸ナトリウム水和物原末「ニッコー」,クエン酸ナトリウム水和物,１０ｇ,18.1,
3339950M1013,ヘパリン類似物質軟膏,ヘパリン類似物質,１ｇ,6,
3339950M1137,ヒルドイドソフト軟膏０．３％,ヘパリン類似物質,１ｇ,17.7,
3339950M1153,ヘパリン類似物質油性クリーム０．３％「ニプロ」,ヘパリン類似物質,１ｇ,6.3,
3339950M1188,ヘパリン類似物質油性クリーム０．３％「日医工」,ヘパリン類似物質,１ｇ,6.3,
3339950M1200,ヘパリン類似物質油性クリーム０．３％「ケンエー」,ヘパリン類似物質,１ｇ,6.3,
3339950N1019,ヘパリン類似物質クリーム,ヘパリン類似物質,１ｇ,6,
3339950N1035,ヒルドイドクリーム０．３％,ヘパリン類似物質,１ｇ,17.7,
3339950N1051,ヘパリン類似物質クリーム０．３％「ＹＤ」,ヘパリン類似物質,１ｇ,6.3,
3339950N1094,ヘパリン類似物質クリーム０．３％「日医工」,ヘパリン類似物質,１ｇ,6.3,
3339950N1108,ヘパリン類似物質クリーム０．３％「ケンエー」,ヘパリン類似物質,１ｇ,6.3,
3339950Q1015,ヘパリン類似物質ローション,ヘパリン類似物質,１ｇ,6,
3339950Q1074,ヒルドイドローション０．３％,ヘパリン類似物質,１ｇ,17.7,
3339950Q1090,ヘパリン類似物質ローション０．３％「ＹＤ」,ヘパリン類似物質,１ｇ,6.3,
3339950Q1104,ヘパリン類似物質ローション０．３％「ニプロ」,ヘパリン類似物質,１ｇ,6.3,
3339950Q1112,ヘパリン類似物質ローション０．３％「ニットー」,ヘパリン類似物質,１ｇ,6.3,
3339950Q1139,ヘパリン類似物質ローション０．３％「日医工」,ヘパリン類似物質,１ｇ,6.3,
3339950R1045,ヘパリン類似物質外用スプレー０．３％「ＰＰ」,ヘパリン類似物質,１ｇ,6.3,
3339950R1053,ヘパリン類似物質外用スプレー０．３％「ＴＣＫ」,ヘパリン類似物質,１ｇ,9.5,
3339950R1061,ヘパリン類似物質外用スプレー０．３％「サトウ」,ヘパリン類似物質,１ｇ,6.3,
3339950R1070,ヘパリン類似物質外用スプレー０．３％「日新」,ヘパリン類似物質,１ｇ,9.5,
3339950R1096,ヘパリン類似物質外用スプレー０．３％「ＹＤ」,ヘパリン類似物質,１ｇ,6.3,
3339950R1100,ヘパリン類似物質外用スプレー０．３％「ニットー」,ヘパリン類似物質,１ｇ,6.3,
3339950R1118,ヘパリン類似物質外用スプレー０．３％「ニプロ」,ヘパリン類似物質,１ｇ,10.9,
3339950R1126,ヘパリン類似物質外用スプレー０．３％「日医工」,ヘパリン類似物質,１ｇ,6.3,
3339950R1142,ヘパリン類似物質外用泡状スプレー０．３％「ＰＰ」,ヘパリン類似物質,１ｇ,6.3,R9.3.31まで
3339950R1150,ヘパリン類似物質外用泡状スプレー０．３％「ニットー」,ヘパリン類似物質,１ｇ,6.3,
3339950R1169,ヘパリン類似物質外用泡状スプレー０．３％「日本臓器」,ヘパリン類似物質,１ｇ,6.3,R9.3.31まで
3339950R1177,ヒルドイドフォーム０．３％,ヘパリン類似物質,１ｇ,18.2,
3339950R1185,ヘパリン類似物質外用泡状スプレー０．３％「日医工」,ヘパリン類似物質,１ｇ,6.3,
3399800Q1033,アルスロマチック関節手術用灌流液,乳酸リンゲル,３Ｌ１袋,1062.5,
3959701M1035,ブロメライン軟膏５万単位／ｇ（ジェイドルフ）,ブロメライン,５０，０００単位１ｇ,15,
4219700X1020,ギリアデル脳内留置用剤７．７ｍｇ,カルムスチン,７．７ｍｇ１枚,163858,
4223701M1047,５－ＦＵ軟膏５％協和,フルオロウラシル,５％１ｇ,202.3,
4234700M1038,ブレオＳ軟膏５ｍｇ／ｇ,ブレオマイシン硫酸塩,５ｍｇ１ｇ,1055.4,
4291700Q1028,ラパリムスゲル０．２％,シロリムス,０．２％１ｇ,3926.4,
4300701G1028,クリプトン（８１ｍＫｒ）ジェネレータ,クリプトン（８１ｍＫｒ）,１患者当たり,42755.3,
4490700S1029,アレサガテープ４ｍｇ,エメダスチンフマル酸塩,４ｍｇ１枚,48.5,
4490700S2025,アレサガテープ８ｍｇ,エメダスチンフマル酸塩,８ｍｇ１枚,64.4,
4900700X1026,バイジュベックゲル,ベレマゲン　ゲペルパベク,２瓶１組,2955232.7,
6113700M1023,バンコマイシン眼軟膏１％,バンコマイシン塩酸塩,１％１ｇ,4157.3,
6119700M1035,バクトロバン鼻腔用軟膏２％,ムピロシンカルシウム水和物,２％１ｇ,518.7,
6123700G1026,トービイ吸入液３００ｍｇ,トブラマイシン,３００ｍｇ５ｍＬ１管,9045,
6132700J1022,エポセリン坐剤１２５,セフチゾキシムナトリウム,１２５ｍｇ１個,223.3,
6132700J2029,エポセリン坐剤２５０,セフチゾキシムナトリウム,２５０ｍｇ１個,248.2,
6169700G1025,アリケイス吸入液５９０ｍｇ,アミカシン硫酸塩,５９０ｍｇ８．４ｍＬ１瓶,38437.9,
6219700J1034,サラゾピリン坐剤５００ｍｇ,サラゾスルファピリジン,５００ｍｇ１個,119.8,
6250700M1014,ビダラビン３％軟膏,ビダラビン,３％１ｇ,69.8,
6250700M1189,アラセナ－Ａ軟膏３％,ビダラビン,３％１ｇ,104.7,
6250700N1036,アラセナ－Ａクリーム３％,ビダラビン,３％１ｇ,104.7,
6250700N1052,ビダラビンクリーム３％「マルホ」,ビダラビン,３％１ｇ,69.8,
6250701M1019,アシクロビル５％軟膏,アシクロビル,５％１ｇ,60.4,
6250701M1027,ゾビラックス軟膏５％,アシクロビル,５％１ｇ,90.6,
6250701N1049,ゾビラックスクリーム５％,アシクロビル,５％１ｇ,90.6,
6250701N1057,アシクロビルクリーム５％「ラクール」,アシクロビル,５％１ｇ,60.4,
6250702G1028,リレンザ,ザナミビル水和物,５ｍｇ１ブリスター,101.4,
6250703G1022,イナビル吸入粉末剤２０ｍｇ,ラニナミビルオクタン酸エステル水和物,２０ｍｇ１キット,1484.9,
6250703G2029,イナビル吸入懸濁用１６０ｍｇセット,ラニナミビルオクタン酸エステル水和物,１６０ｍｇ１瓶,3372.1,
6290701N1028,ベセルナクリーム５％,イミキモド,５％２５０ｍｇ１包,652.6,
6290702Q1029,クレナフィン爪外用液１０％,エフィナコナゾール,１０％１ｇ,1312.5,
6290702Q1037,エフィナコナゾール爪外用液１０％「科研」,エフィナコナゾール,１０％１ｇ,654.6,
6290702Q1045,エフィナコナゾール爪外用液１０％「サワイ」,エフィナコナゾール,１０％１ｇ,654.6,
6290702Q1053,エフィナコナゾール爪外用液１０％「トーワ」,エフィナコナゾール,１０％１ｇ,654.6,
6290703Q1023,ルコナック爪外用液５％,ルリコナゾール,５％１ｇ,593.7,
6290704D1026,オラビ錠口腔用５０ｍｇ,ミコナゾール,５０ｍｇ１錠,810.1,
6349800X1021,ベリプラストＰ　コンビセット　組織接着用,フィブリノゲン加第ⅩⅢ因子,０．５ｍＬ２キット１組,9699.4,
6349800X2028,ベリプラストＰ　コンビセット　組織接着用,フィブリノゲン加第ⅩⅢ因子,１ｍＬ２キット１組,12647.8,
6349800X3024,ベリプラストＰ　コンビセット　組織接着用,フィブリノゲン加第ⅩⅢ因子,３ｍＬ２キット１組,36514.9,
6349800X4020,ベリプラストＰ　コンビセット　組織接着用,フィブリノゲン加第ⅩⅢ因子,５ｍＬ２キット１組,63428.9,
6349801X1026,ボルヒール組織接着用,フィブリノゲン加第ⅩⅢ因子,０．５ｍＬ４瓶１組,10367.6,
6349801X2022,ボルヒール組織接着用,フィブリノゲン加第ⅩⅢ因子,１ｍＬ４瓶１組,15311.5,
6349801X3029,ボルヒール組織接着用,フィブリノゲン加第ⅩⅢ因子,２ｍＬ４瓶１組,29617.6,
6349801X4025,ボルヒール組織接着用,フィブリノゲン加第ⅩⅢ因子,３ｍＬ４瓶１組,36192,
6349801X5021,ボルヒール組織接着用,フィブリノゲン加第ⅩⅢ因子,５ｍＬ４瓶１組,61378.9,
6349802X1020,タコシール組織接着用シート,フィブリノゲン配合剤,３．０ｃｍ×２．５ｃｍ１枚,10398.7,
6349802X2027,タコシール組織接着用シート,フィブリノゲン配合剤,４．８ｃｍ×４．８ｃｍ１枚,29456.5,
6349802X3023,タコシール組織接着用シート,フィブリノゲン配合剤,９．５ｃｍ×４．８ｃｍ１枚,50429.7,
6391700X3020,イムノブラダー膀注用４０ｍｇ,乾燥ＢＣＧ膀胱内用（日本株）,４０ｍｇ１瓶（溶解液付）,10613.4,
6391700X4026,イムノブラダー膀注用８０ｍｇ,乾燥ＢＣＧ膀胱内用（日本株）,８０ｍｇ１瓶（溶解液付）,14643.3,
6429700Q1021,スミスリンローション５％,フェノトリン,５％１ｇ,69.5,
7113700X1016,タルク,タルク,１０ｇ,7.5,
7119700L1018,アラビアゴム末,アラビアゴム,１０ｇ,33.9,
7119700X1010,アラビアゴム,アラビアゴム,１０ｇ,25.1,
7119701X1014,カオリン,カオリン,１０ｇ,11.6,
7119702X1019,コレステロール,コレステロール,１ｇ,22.3,
7121700X1018,白色軟膏,白色軟膏,１０ｇ,20.6,
7121700X1050,白色軟膏（日興製薬）,白色軟膏,１０ｇ,23.4,
7121700X1131,白色軟膏「ヨシダ」,白色軟膏,１０ｇ,23.4,
7121701X1012,黄色ワセリン,黄色ワセリン,１０ｇ,8.5,
7121701X1098,黄色ワセリン（日興製薬）,黄色ワセリン,１０ｇ,27.4,
7121702X1017,親水ワセリン,親水ワセリン,１０ｇ,16.3,
7121702X1033,親水ワセリン（日興製薬）,親水ワセリン,１０ｇ,35.3,
7121703X1011,白色ワセリン,白色ワセリン,１０ｇ,20.9,
7121703X1089,白色ワセリン「ケンエー」,白色ワセリン,１０ｇ,31.6,
7121703X1100,白色ワセリン（小堺）,白色ワセリン,１０ｇ,31.6,
7121703X1135,白色ワセリン（シオエ）,白色ワセリン,１０ｇ,24.3,
7121703X1178,白色ワセリン（東豊）,白色ワセリン,１０ｇ,31.6,
7121703X1186,白色ワセリン（東洋製化）,白色ワセリン,１０ｇ,24.2,R9.3.31まで
7121703X1194,白色ワセリン（大成）,白色ワセリン,１０ｇ,31.6,
7121703X1216,白色ワセリン（日興製薬）,白色ワセリン,１０ｇ,31.6,
7121703X1291,白色ワセリン（山善）,白色ワセリン,１０ｇ,31.6,
7121703X1330,プロペト,白色ワセリン,１０ｇ,31.6,
7121703X1399,白色ワセリン「ヨシダ」,白色ワセリン,１０ｇ,31.6,
7121703X1402,白色ワセリン「日医工」,白色ワセリン,１０ｇ,31.6,
7121703X1410,白色ワセリン（ＶＴＲＳ）,白色ワセリン,１０ｇ,24.3,
7121704X1016,オリブ油,オリブ油,１０ｍＬ,16.6,
7121704X1091,オリブ油「ケンエー」,オリブ油,１０ｍＬ,28,
7121704X1148,オリブ油（シオエ）,オリブ油,１０ｍＬ,17.3,
7121704X1172,オリブ油「タイセイ」,オリブ油,１０ｍＬ,17.3,
7121704X1253,オリブ油（日興製薬）,オリブ油,１０ｍＬ,25.4,
7121704X1342,オリブ油（山善）,オリブ油,１０ｍＬ,18.2,
7121704X1407,オリブ油「ヨシダ」,オリブ油,１０ｍＬ,27,
7121704X1415,オリブ油「日医工」,オリブ油,１０ｍＬ,21.3,R9.3.31まで
7121704X1423,オリブ油「ヤクハン」,オリブ油,１０ｍＬ,21.3,
7121705X1010,カカオ脂,カカオ脂,１０ｇ,93.4,
7121706X1015,ゴマ油,ゴマ油,１０ｍＬ,28,
7121706X1066,ゴマ油（日興製薬）,ゴマ油,１０ｍＬ,29.6,
7121707X1010,サラシミツロウ,サラシミツロウ,１０ｇ,41.7,
7121707X1044,サラシミツロウ（東豊）,サラシミツロウ,１０ｇ,52.7,
7121708X1014,ダイズ油,ダイズ油,１０ｍＬ,17.8,
7121709X1019,単軟膏,単軟膏,１０ｇ,21.8,
7121709X1094,単軟膏（東豊）,単軟膏,１０ｇ,33.1,
7121709X1108,単軟膏（日興製薬）,単軟膏,１０ｇ,39,
7121709X1175,単軟膏「ヨシダ」,単軟膏,１０ｇ,39,
7121710X1011,ツバキ油,ツバキ油,１０ｍＬ,316.1,
7121711X1016,ミツロウ,ミツロウ,１０ｇ,45.1,
7121712X1010,ラッカセイ油,ラッカセイ油,１０ｍＬ,15.7,
7121713X1015,牛脂,牛脂,１０ｇ,10.8,
7121714X1010,セタノール,セタノール,１０ｇ,126.3,
7121715X1014,豚脂,豚脂,１０ｇ,11.3,
7121716X1019,パラフィン,パラフィン,１０ｇ,10.8,
7121717X1013,ステアリン酸,ステアリン酸,１０ｇ,36.8,
7121718X1018,流動パラフィン,流動パラフィン,１０ｍＬ,10.8,
7121718X1204,流動パラフィン「ニッコー」,流動パラフィン,１０ｍＬ,14.3,
7122700X1015,ラウリル硫酸ナトリウム,ラウリル硫酸ナトリウム,１０ｇ,28.9,
7122701X1010,加水ラノリン,加水ラノリン,１０ｇ,10.8,
7122702X1014,精製ラノリン,精製ラノリン,１０ｇ,32.6,
7122703X1019,吸水クリーム,吸水クリーム,１０ｇ,17.6,
7122703X1108,吸水クリーム「東豊」,吸水クリーム,１０ｇ,23.5,
7122703X1116,吸水クリーム「ニッコー」,吸水クリーム,１０ｇ,24.7,
7122704X1013,親水クリーム,親水クリーム,１０ｇ,8.3,
7122704X1242,親水クリーム「コザカイ・Ｍ」,親水クリーム,１０ｇ,29.4,
7122704X1250,親水クリーム「東豊」,親水クリーム,１０ｇ,22.4,
7122704X1269,親水クリーム「ニッコー」,親水クリーム,１０ｇ,29.4,
7122704X1277,親水クリーム「シオエ」,親水クリーム,１０ｇ,29.4,
7122704X1285,親水クリーム「ホエイ」,親水クリーム,１０ｇ,14.7,
7122704X1293,親水クリーム「ヨシダ」,親水クリーム,１０ｇ,29.4,
7123700M1016,マクロゴール軟膏,マクロゴール,１０ｇ,27.7,
7123700M1040,マクロゴール軟膏（東豊）,マクロゴール,１０ｇ,29.3,
7123700M1059,マクロゴール軟膏（日興製薬）,マクロゴール,１０ｇ,30,
7123700M1105,ソルバノン,マクロゴール,１０ｇ,27.9,
7123700M1113,ソルベース,マクロゴール,１０ｇ,27.9,
7123700M1130,マクロゴール軟膏「ヨシダ」,マクロゴール,１０ｇ,30,
7123701X1017,マクロゴール４００,マクロゴール４００,１０ｍＬ,17.8,
7123701X1041,マクロゴール４００（東豊）,マクロゴール４００,１０ｍＬ,18.1,
7123701X1076,マクロゴール４００（丸石）,マクロゴール４００,１０ｍＬ,18.1,
7123702X1011,マクロゴール１５００,マクロゴール１５００,１０ｇ,17.8,
7123702X1054,マクロゴール１５００（日興製薬）,マクロゴール１５００,１０ｇ,19.5,
7123703X1016,マクロゴール４０００,マクロゴール４０００,１０ｇ,24.3,
7123703X1067,マクロゴール４０００（丸石）,マクロゴール４０００,１０ｇ,51,
7123704X1010,マクロゴール６０００,マクロゴール６０００,１０ｇ,20.6,
7129700X1016,ベントナイト,ベントナイト,１００ｇ,26,
7129801X1027,プラスチベース,ポリエチレン樹脂・流動パラフィン,１０ｇ,100.4,
7131700X1014,滅菌精製水（容器入り）,滅菌精製水（容器入り）,１０ｍＬ,2.7,
7131700X1049,滅菌精製水「ケンエー」,滅菌精製水（容器入り）,１０ｍＬ,4.9,
7131700X1057,滅菌精製水（日興製薬）,滅菌精製水（容器入り）,１０ｍＬ,5.1,
7131700X1065,滅菌精製水（光）,滅菌精製水（容器入り）,１０ｍＬ,4.3,
7131700X1081,滅菌精製水（ヤクハン）,滅菌精製水（容器入り）,１０ｍＬ,4.3,
7131700X1111,滅菌精製水（大成）,滅菌精製水（容器入り）,１０ｍＬ,3.5,
7131700X1146,滅菌精製水（シオエ）,滅菌精製水（容器入り）,１０ｍＬ,5.1,
7131700X1154,滅菌精製水「ヨシダ」,滅菌精製水（容器入り）,１０ｍＬ,4.4,
7134700X1016,エーテル,エーテル,１０ｍＬ,28.9,
7139700X1012,プロピレングリコール,プロピレングリコール,１０ｍＬ,10.8,
7139700X1047,プロピレングリコール（丸石）,プロピレングリコール,１０ｍＬ,10.9,R9.3.31まで
7139703X1016,石油ベンジン,石油ベンジン,１０ｍＬ,8.1,
7139703X1024,石油ベンジン（金田直）,石油ベンジン,１０ｍＬ,9.5,
7149700X1019,ユーカリ油,ユーカリ油,１ｍＬ,8.5,
7149701X1013,ラベンダー油,ラベンダー油,１ｍＬ,21,
7149703X1012,ローズ油,ローズ油,１ｍＬ,54,
7190700X1023,ホスコＥ－７５,ウイテプゾール,１０ｇ,34,R9.3.31まで
7190700X1031,ホスコＨ－１５,ウイテプゾール,１０ｇ,34,R9.3.31まで
7190701X1010,塩化ナトリウム,塩化ナトリウム,１０ｇ,8.4,
7190701X1036,塩化ナトリウム「オーツカ」,塩化ナトリウム,１０ｇ,9.1,
7190701X1095,塩化ナトリウム（山善）,塩化ナトリウム,１０ｇ,9.1,
7190702X1014,塩酸,塩酸,１０ｍＬ,8.5,
7190702X1057,塩酸「司生堂」,塩酸,１０ｍＬ,11.6,
7190703X1019,酢酸ナトリウム水和物,酢酸ナトリウム水和物,１０ｇ,9.7,
7190704X1013,チオ硫酸ナトリウム水和物,チオ硫酸ナトリウム水和物,１０ｇ,11.4,
7212701W1021,エネマスター注腸散,硫酸バリウム,９８．１％１０ｇ,14.7,
7290703T1039,フローレス眼検査用試験紙０．７ｍｇ,フルオレセイン,１枚,28.6,
7290704G1035,ゼノンコールド,キセノンガス（非放射性）,８Ｌ１容器,30975,
7290706T1024,パッチテスト試薬,パッチテスト用塩類,１ｍＬ又は１ｇ,814.2,
7290707T2025,パッチテストパネル（Ｓ）,パッチテスト用アレルゲン類,２枚１組,15739.1,
7290708G1025,プロボコリン吸入粉末溶解用１００ｍｇ,メタコリン塩化物,１００ｍｇ１瓶,7514.9,
7290708G1033,ケンブラン吸入粉末溶解用１００ｍｇ,メタコリン塩化物,１００ｍｇ１瓶,7514.9,
7311700X1012,パラオキシ安息香酸エチル,パラオキシ安息香酸エチル,１ｇ,10.7,
7311701X1017,パラオキシ安息香酸ブチル,パラオキシ安息香酸ブチル,１ｇ,10.4,
7311702X1011,パラオキシ安息香酸プロピル,パラオキシ安息香酸プロピル,１ｇ,20.1,
7319700Q1032,アンソッコウチンキ（小堺）,安息香,１０ｍＬ,22.1,
7319700Q1040,安息香チンキ（司生堂）,安息香,１０ｍＬ,22.1,
7451700X1013,カンテン,カンテン,１ｇ,11,
7990701X1021,ゼルフィルム,ゼラチンフィルム,１０ｃｍ×１２．５ｃｍ１枚,5419.5,
7990702X1026,眼科用ゼルフィルム,ゼラチンフィルム,２．５ｃｍ×５ｃｍ１枚,399.1,
7990712S1022,ニコチネルＴＴＳ１０,ニコチン,（１７．５ｍｇ）１０ｃ㎡１枚,166.2,
7990712S2029,ニコチネルＴＴＳ２０,ニコチン,（３５ｍｇ）２０ｃ㎡１枚,175.5,
7990712S3025,ニコチネルＴＴＳ３０,ニコチン,（５２．５ｍｇ）３０ｃ㎡１枚,179.8,
8114700J1023,アンペック坐剤１０ｍｇ,モルヒネ塩酸塩水和物,１０ｍｇ１個,356,
8114700J2020,アンペック坐剤２０ｍｇ,モルヒネ塩酸塩水和物,２０ｍｇ１個,612.9,
8114700J3026,アンペック坐剤３０ｍｇ,モルヒネ塩酸塩水和物,３０ｍｇ１個,866.3,
8121700X1012,コカイン塩酸塩,コカイン塩酸塩,１ｇ,4341.7,
8219700S5026,デュロテップＭＴパッチ２．１ｍｇ,フェンタニル,２．１ｍｇ１枚,1567.4,
8219700S5034,フェンタニル３日用テープ２．１ｍｇ「ＨＭＴ」,フェンタニル,２．１ｍｇ１枚,1649.6,
8219700S5069,フェンタニル３日用テープ２．１ｍｇ「トーワ」,フェンタニル,２．１ｍｇ１枚,1649.6,
8219700S5077,フェンタニル３日用テープ２．１ｍｇ「テイコク」,フェンタニル,２．１ｍｇ１枚,1649.6,
8219700S5085,フェンタニル３日用テープ２．１ｍｇ「ユートク」,フェンタニル,２．１ｍｇ１枚,1104.8,
8219700S6022,デュロテップＭＴパッチ４．２ｍｇ,フェンタニル,４．２ｍｇ１枚,2778.2,
8219700S6030,フェンタニル３日用テープ４．２ｍｇ「ＨＭＴ」,フェンタニル,４．２ｍｇ１枚,2868.4,
8219700S6065,フェンタニル３日用テープ４．２ｍｇ「トーワ」,フェンタニル,４．２ｍｇ１枚,2868.4,
8219700S6073,フェンタニル３日用テープ４．２ｍｇ「テイコク」,フェンタニル,４．２ｍｇ１枚,2868.4,
8219700S6081,フェンタニル３日用テープ４．２ｍｇ「ユートク」,フェンタニル,４．２ｍｇ１枚,2092.7,
8219700S7029,デュロテップＭＴパッチ８．４ｍｇ,フェンタニル,８．４ｍｇ１枚,5504.7,
8219700S7037,フェンタニル３日用テープ８．４ｍｇ「ＨＭＴ」,フェンタニル,８．４ｍｇ１枚,5592.9,
8219700S7061,フェンタニル３日用テープ８．４ｍｇ「トーワ」,フェンタニル,８．４ｍｇ１枚,5592.9,
8219700S7070,フェンタニル３日用テープ８．４ｍｇ「テイコク」,フェンタニル,８．４ｍｇ１枚,5592.9,
8219700S7088,フェンタニル３日用テープ８．４ｍｇ「ユートク」,フェンタニル,８．４ｍｇ１枚,3694.1,
8219700S8025,デュロテップＭＴパッチ１２．６ｍｇ,フェンタニル,１２．６ｍｇ１枚,7461.6,
8219700S8033,フェンタニル３日用テープ１２．６ｍｇ「ＨＭＴ」,フェンタニル,１２．６ｍｇ１枚,7790.6,
8219700S8068,フェンタニル３日用テープ１２．６ｍｇ「トーワ」,フェンタニル,１２．６ｍｇ１枚,7790.6,
8219700S8076,フェンタニル３日用テープ１２．６ｍｇ「テイコク」,フェンタニル,１２．６ｍｇ１枚,7790.6,
8219700S8084,フェンタニル３日用テープ１２．６ｍｇ「ユートク」,フェンタニル,１２．６ｍｇ１枚,5643.5,
8219700S9021,デュロテップＭＴパッチ１６．８ｍｇ,フェンタニル,１６．８ｍｇ１枚,8956.6,
8219700S9030,フェンタニル３日用テープ１６．８ｍｇ「ＨＭＴ」,フェンタニル,１６．８ｍｇ１枚,9294.8,
8219700S9064,フェンタニル３日用テープ１６．８ｍｇ「トーワ」,フェンタニル,１６．８ｍｇ１枚,9294.8,
8219700S9072,フェンタニル３日用テープ１６．８ｍｇ「テイコク」,フェンタニル,１６．８ｍｇ１枚,9294.8,
8219700S9080,フェンタニル３日用テープ１６．８ｍｇ「ユートク」,フェンタニル,１６．８ｍｇ１枚,7405,
8219700T1026,ワンデュロパッチ０．８４ｍｇ,フェンタニル,０．８４ｍｇ１枚,444.7,
8219700T1042,フェンタニル１日用テープ０．８４ｍｇ「ユートク」,フェンタニル,０．８４ｍｇ１枚,253.8,
8219700T2022,ワンデュロパッチ１．７ｍｇ,フェンタニル,１．７ｍｇ１枚,831,
8219700T2049,フェンタニル１日用テープ１．７ｍｇ「ユートク」,フェンタニル,１．７ｍｇ１枚,462.4,
8219700T3029,ワンデュロパッチ３．４ｍｇ,フェンタニル,３．４ｍｇ１枚,1526.2,
8219700T3045,フェンタニル１日用テープ３．４ｍｇ「ユートク」,フェンタニル,３．４ｍｇ１枚,874.4,
8219700T4025,ワンデュロパッチ５ｍｇ,フェンタニル,５ｍｇ１枚,2136.4,
8219700T4041,フェンタニル１日用テープ５ｍｇ「ユートク」,フェンタニル,５ｍｇ１枚,1249.6,
8219700T5021,ワンデュロパッチ６．７ｍｇ,フェンタニル,６．７ｍｇ１枚,2927.1,
8219700T5048,フェンタニル１日用テープ６．７ｍｇ「ユートク」,フェンタニル,６．７ｍｇ１枚,1575.1,
8219700T6010,フェンタニル１．３８ｍｇ貼付剤,フェンタニル,１．３８ｍｇ１枚,781.3,
8219700T7016,フェンタニル２．７５ｍｇ貼付剤,フェンタニル,２．７５ｍｇ１枚,2092.7,
8219700T8012,フェンタニル５．５ｍｇ貼付剤,フェンタニル,５．５ｍｇ１枚,4004.1,
8219700T9019,フェンタニル８．２５ｍｇ貼付剤,フェンタニル,８．２５ｍｇ１枚,5643.5,
8219700U1013,フェンタニル１１ｍｇ貼付剤,フェンタニル,１１ｍｇ１枚,7405,
8219701S1017,フェンタニルクエン酸塩１ｍｇ貼付剤,フェンタニルクエン酸塩,１ｍｇ１枚,237.4,
8219701S1025,フェントステープ１ｍｇ,フェンタニルクエン酸塩,１ｍｇ１枚,483.6,
8219701S2013,フェンタニルクエン酸塩２ｍｇ貼付剤,フェンタニルクエン酸塩,２ｍｇ１枚,448.8,
8219701S2021,フェントステープ２ｍｇ,フェンタニルクエン酸塩,２ｍｇ１枚,900.5,
8219701S2030,フェンタニルクエン酸塩１日用テープ２ｍｇ「第一三共」,フェンタニルクエン酸塩,２ｍｇ１枚,456.8,
8219701S3010,フェンタニルクエン酸塩４ｍｇ貼付剤,フェンタニルクエン酸塩,４ｍｇ１枚,856.6,
8219701S3028,フェントステープ４ｍｇ,フェンタニルクエン酸塩,４ｍｇ１枚,1673.7,
8219701S4016,フェンタニルクエン酸塩６ｍｇ貼付剤,フェンタニルクエン酸塩,６ｍｇ１枚,1198.7,
8219701S4024,フェントステープ６ｍｇ,フェンタニルクエン酸塩,６ｍｇ１枚,2520.2,
8219701S4032,フェンタニルクエン酸塩１日用テープ６ｍｇ「第一三共」,フェンタニルクエン酸塩,６ｍｇ１枚,1227,
8219701S5012,フェンタニルクエン酸塩８ｍｇ貼付剤,フェンタニルクエン酸塩,８ｍｇ１枚,1598.8,
8219701S5020,フェントステープ８ｍｇ,フェンタニルクエン酸塩,８ｍｇ１枚,3246.3,
8219701S6019,フェンタニルクエン酸塩０．５ｍｇ貼付剤,フェンタニルクエン酸塩,０．５ｍｇ１枚,130,
8219701S6027,フェントステープ０．５ｍｇ,フェンタニルクエン酸塩,０．５ｍｇ１枚,262.7,
2710803U1044,オーラ注歯科用カートリッジ１．８ｍＬ,リドカイン塩酸塩・アドレナリン酒石酸水素塩,１．８ｍＬ１管,83.3,
2710803U2032,オーラ注歯科用カートリッジ１．０ｍＬ,リドカイン塩酸塩・アドレナリン酒石酸水素塩,１ｍＬ１管,79.6,
2710806U1021,歯科用キシロカインカートリッジ,リドカイン塩酸塩・アドレナリン,１．８ｍＬ１管,83.3,
2710806U1030,キシレステシンＡ注射液（カートリッジ）,リドカイン塩酸塩・アドレナリン,１．８ｍＬ１管,83.3,
2710806U1056,エピリド配合注歯科用カートリッジ１．８ｍＬ,リドカイン塩酸塩・アドレナリン,１．８ｍＬ１管,83.3,
2710806U3024,エピリド配合注歯科用カートリッジ１．０ｍＬ,リドカイン塩酸塩・アドレナリン,１ｍＬ１管,82.6,
2710810U3020,スキャンドネストカートリッジ３％,メピバカイン塩酸塩,３％１．８ｍＬ１管,165.4,
2710813U1030,歯科用シタネスト－オクタプレシンカートリッジ,プロピトカイン塩酸塩・フェリプレシン,１．８ｍＬ１管,71.7,
2710816P1030,ビーゾカイン歯科用ゼリー２０％,アミノ安息香酸エチル,１ｇ,67.9,
2710816Q1043,ジンジカインゲル２０％,アミノ安息香酸エチル,１ｇ,67.9,
2710816Q1051,ハリケインゲル歯科用２０％,アミノ安息香酸エチル,１ｇ,67.9,
2710816Q1060,ハリケインリキッド歯科用２０％,アミノ安息香酸エチル,１ｇ,67.9,
2710818V1020,ネオザロカインパスタ,アミノ安息香酸エチル・パラブチルアミノ安息香酸ジエチルアミノエチル塩酸塩,１ｇ,103.3,
2710819M1029,プロネスパスタアロマ,アミノ安息香酸エチル・ジブカイン塩酸塩配合剤,１ｇ,89.9,
2710821U1026,セプトカイン配合注カートリッジ,アルチカイン塩酸塩・アドレナリン酒石酸水素塩,１．７ｍＬ１管,191.2,
2760803M1038,テトラサイクリン・プレステロン歯科用軟膏,エピジヒドロコレステリン・テトラサイクリン塩酸塩,１ｇ,251.6,
2760804M1024,ペリオクリン歯科用軟膏,ミノサイクリン塩酸塩,１０ｍｇ０．５ｇ１シリンジ,501.4,
2760804M1059,ミノサイクリン塩酸塩歯科用軟膏２％「昭和」,ミノサイクリン塩酸塩,１０ｍｇ０．５ｇ１シリンジ,491.9,
2760806D1031,オキシテトラコーン歯科用挿入剤５ｍｇ,オキシテトラサイクリン塩酸塩,５ｍｇ１個,17.2,
2760808B1030,デンターグル含嗽用散２０ｍｇ／包,フラジオマイシン硫酸塩,ＦＲＭ２０ｍｇ１包,20.8,
2790810M1037,ヒノポロン口腔用軟膏,ヒドロコルチゾン酢酸エステル・ヒノキチオール配合剤,１ｇ,175.9,
2790818V1039,サージカルパック口腔用,酸化亜鉛・チョウジ油,散剤（液剤を含む）１ｇ,66.6,
2790820Q1032,ベンゼトニウム塩化物うがい液０．２％「ＫＹＳ」,ベンゼトニウム塩化物,１ｍＬ,4.1,
2790820Q1040,ネオステリングリーンうがい液０．２％,ベンゼトニウム塩化物,１ｍＬ,5.4,
2790821P1023,歯科用ＴＤゼット・ゼリー,塩化アルミニウム・セチルピリジニウム配合剤,１ｇ,310.2,
2790821Q1037,歯科用ＴＤゼット液,塩化アルミニウム・セチルピリジニウム配合剤,１ｍＬ,299.2,
2790823U1026,リグロス歯科用液キット６００μｇ,トラフェルミン（遺伝子組換え）,６００μｇ１キット,21053.7,
2790823U2022,リグロス歯科用液キット１２００μｇ,トラフェルミン（遺伝子組換え）,１，２００μｇ１キット,28317.8,
